codmun;coduf;regiao;estado;municipio;populacao;latitude;longitude
110000.0;11;Norte;RO;;;;
110001.0;11;Norte;RO;Alta Floresta D'Oeste;22945.0;;
110002.0;11;Norte;RO;Ariquemes;107863.0;;
110003.0;11;Norte;RO;Cabixi;5312.0;;
110004.0;11;Norte;RO;Cacoal;85359.0;;
110005.0;11;Norte;RO;Cerejeiras;16323.0;;
110006.0;11;Norte;RO;Colorado do Oeste;15882.0;;
110007.0;11;Norte;RO;Corumbiara;7391.0;;
110008.0;11;Norte;RO;Costa Marques;18331.0;;
110009.0;11;Norte;RO;Espigão D'Oeste;32374.0;;
110010.0;11;Norte;RO;Guajará-Mirim;46174.0;;
110011.0;11;Norte;RO;Jaru;51775.0;;
110012.0;11;Norte;RO;Ji-Paraná;128969.0;;
110013.0;11;Norte;RO;Machadinho D'Oeste;39991.0;;
110014.0;11;Norte;RO;Nova Brasilândia D'Oeste;20474.0;;
110015.0;11;Norte;RO;Ouro Preto do Oeste;36035.0;;
110018.0;11;Norte;RO;Pimenta Bueno;36660.0;;
110020.0;11;Norte;RO;Porto Velho;529544.0;;
110025.0;11;Norte;RO;Presidente Médici;18986.0;;
110026.0;11;Norte;RO;Rio Crespo;3764.0;;
110028.0;11;Norte;RO;Rolim de Moura;55058.0;;
110029.0;11;Norte;RO;Santa Luzia D'Oeste;6495.0;;
110030.0;11;Norte;RO;Vilhena;99854.0;;
110032.0;11;Norte;RO;São Miguel do Guaporé;23005.0;;
110033.0;11;Norte;RO;Nova Mamoré;30583.0;;
110034.0;11;Norte;RO;Alvorada D'Oeste;14411.0;;
110037.0;11;Norte;RO;Alto Alegre dos Parecis;13241.0;;
110040.0;11;Norte;RO;Alto Paraíso;21428.0;;
110045.0;11;Norte;RO;Buritis;39654.0;;
110050.0;11;Norte;RO;Novo Horizonte do Oeste;8538.0;;
110060.0;11;Norte;RO;Cacaulândia;6230.0;;
110070.0;11;Norte;RO;Campo Novo de Rondônia;14139.0;;
110080.0;11;Norte;RO;Candeias do Jamari;26693.0;;
110090.0;11;Norte;RO;Castanheiras;3052.0;;
110092.0;11;Norte;RO;Chupinguaia;11182.0;;
110094.0;11;Norte;RO;Cujubim;25215.0;;
110100.0;11;Norte;RO;Governador Jorge Teixeira;7767.0;;
110110.0;11;Norte;RO;Itapuã do Oeste;10458.0;;
110120.0;11;Norte;RO;Ministro Andreazza;9660.0;;
110130.0;11;Norte;RO;Mirante da Serra;10947.0;;
110140.0;11;Norte;RO;Monte Negro;15852.0;;
110143.0;11;Norte;RO;Nova União;6970.0;;
110145.0;11;Norte;RO;Parecis;6074.0;;
110146.0;11;Norte;RO;Pimenteiras do Oeste;2169.0;;
110147.0;11;Norte;RO;Primavera de Rondônia;2856.0;;
110148.0;11;Norte;RO;São Felipe D'Oeste;5172.0;;
110149.0;11;Norte;RO;São Francisco do Guaporé;20266.0;;
110150.0;11;Norte;RO;Seringueiras;11856.0;;
110155.0;11;Norte;RO;Teixeirópolis;4308.0;;
110160.0;11;Norte;RO;Theobroma;10444.0;;
110170.0;11;Norte;RO;Urupá;11467.0;;
110175.0;11;Norte;RO;Vale do Anari;11204.0;;
110180.0;11;Norte;RO;Vale do Paraíso;6825.0;;
120001.0;12;Norte;AC;Acrelândia;15256.0;;
120005.0;12;Norte;AC;Assis Brasil;7417.0;;
120010.0;12;Norte;AC;Brasiléia;26278.0;;
120013.0;12;Norte;AC;Bujari;10266.0;;
120017.0;12;Norte;AC;Capixaba;11733.0;;
120020.0;12;Norte;AC;Cruzeiro do Sul;88376.0;;
120025.0;12;Norte;AC;Epitaciolândia;18411.0;;
120030.0;12;Norte;AC;Feijó;34780.0;;
120032.0;12;Norte;AC;Jordão;8317.0;;
120033.0;12;Norte;AC;Mâncio Lima;18977.0;;
120034.0;12;Norte;AC;Manoel Urbano;9459.0;;
120035.0;12;Norte;AC;Marechal Thaumaturgo;18867.0;;
120038.0;12;Norte;AC;Plácido de Castro;19761.0;;
120039.0;12;Norte;AC;Porto Walter;11982.0;;
120040.0;12;Norte;AC;Rio Branco;407319.0;;
120042.0;12;Norte;AC;Rodrigues Alves;18930.0;;
120043.0;12;Norte;AC;Santa Rosa do Purus;6540.0;;
120045.0;12;Norte;AC;Senador Guiomard;23024.0;;
120050.0;12;Norte;AC;Sena Madureira;45848.0;;
120060.0;12;Norte;AC;Tarauacá;42567.0;;
120070.0;12;Norte;AC;Xapuri;19323.0;;
120080.0;12;Norte;AC;Porto Acre;18504.0;;
130002.0;13;Norte;AM;Alvarães;16041.0;;
130006.0;13;Norte;AM;Amaturá;11536.0;;
130008.0;13;Norte;AM;Anamã;13614.0;;
130010.0;13;Norte;AM;Anori;21010.0;;
130014.0;13;Norte;AM;Apuí;21973.0;;
130020.0;13;Norte;AM;Atalaia do Norte;19921.0;;
130030.0;13;Norte;AM;Autazes;39565.0;;
130040.0;13;Norte;AM;Barcelos;27502.0;;
130050.0;13;Norte;AM;Barreirinha;32041.0;;
130060.0;13;Norte;AM;Benjamin Constant;42984.0;;
130063.0;13;Norte;AM;Beruri;19679.0;;
130068.0;13;Norte;AM;Boa Vista do Ramos;19207.0;;
130070.0;13;Norte;AM;Boca do Acre;34308.0;;
130080.0;13;Norte;AM;Borba;41161.0;;
130083.0;13;Norte;AM;Caapiranga;13081.0;;
130090.0;13;Norte;AM;Canutama;15629.0;;
130100.0;13;Norte;AM;Carauari;28294.0;;
130110.0;13;Norte;AM;Careiro;37869.0;;
130115.0;13;Norte;AM;Careiro da Várzea;30225.0;;
130120.0;13;Norte;AM;Coari;85097.0;;
130130.0;13;Norte;AM;Codajás;28637.0;;
130140.0;13;Norte;AM;Eirunepé;35273.0;;
130150.0;13;Norte;AM;Envira;20033.0;;
130160.0;13;Norte;AM;Fonte Boa;17609.0;;
130165.0;13;Norte;AM;Guajará;16678.0;;
130170.0;13;Norte;AM;Humaitá;55080.0;;
130180.0;13;Norte;AM;Ipixuna;29689.0;;
130185.0;13;Norte;AM;Iranduba;48296.0;;
130190.0;13;Norte;AM;Itacoatiara;101337.0;;
130195.0;13;Norte;AM;Itamarati;7851.0;;
130200.0;13;Norte;AM;Itapiranga;9148.0;;
130210.0;13;Norte;AM;Japurá;2755.0;;
130220.0;13;Norte;AM;Juruá;14712.0;;
130230.0;13;Norte;AM;Jutaí;14317.0;;
130240.0;13;Norte;AM;Lábrea;46069.0;;
130250.0;13;Norte;AM;Manacapuru;97377.0;;
130255.0;13;Norte;AM;Manaquiri;32105.0;;
130260.0;13;Norte;AM;Manaus;2182763.0;;
130270.0;13;Norte;AM;Manicoré;55751.0;;
130280.0;13;Norte;AM;Maraã;18224.0;;
130290.0;13;Norte;AM;Maués;63905.0;;
130300.0;13;Norte;AM;Nhamundá;21173.0;;
130310.0;13;Norte;AM;Nova Olinda do Norte;37378.0;;
130320.0;13;Norte;AM;Novo Airão;19454.0;;
130330.0;13;Norte;AM;Novo Aripuanã;25644.0;;
130340.0;13;Norte;AM;Parintins;114273.0;;
130350.0;13;Norte;AM;Pauini;19426.0;;
130353.0;13;Norte;AM;Presidente Figueiredo;36279.0;;
130356.0;13;Norte;AM;Rio Preto da Eva;33347.0;;
130360.0;13;Norte;AM;Santa Isabel do Rio Negro;25156.0;;
130370.0;13;Norte;AM;Santo Antônio do Içá;21602.0;;
130380.0;13;Norte;AM;São Gabriel da Cachoeira;45564.0;;
130390.0;13;Norte;AM;São Paulo de Olivença;39299.0;;
130395.0;13;Norte;AM;São Sebastião do Uatumã;14020.0;;
130400.0;13;Norte;AM;Silves;9171.0;;
130406.0;13;Norte;AM;Tabatinga;65844.0;;
130410.0;13;Norte;AM;Tapauá;17156.0;;
130420.0;13;Norte;AM;Tefé;59849.0;;
130423.0;13;Norte;AM;Tonantins;18755.0;;
130426.0;13;Norte;AM;Uarini;13540.0;;
130430.0;13;Norte;AM;Urucará;16256.0;;
130440.0;13;Norte;AM;Urucurituba;23065.0;;
140000.0;14;Norte;RR;;;;
140002.0;14;Norte;RR;Amajari;12796.0;;
140005.0;14;Norte;RR;Alto Alegre;15510.0;;
140010.0;14;Norte;RR;Boa Vista;399213.0;;
140015.0;14;Norte;RR;Bonfim;12409.0;;
140017.0;14;Norte;RR;Cantá;18335.0;;
140020.0;14;Norte;RR;Caracaraí;21926.0;;
140023.0;14;Norte;RR;Caroebe;10169.0;;
140028.0;14;Norte;RR;Iracema;11950.0;;
140030.0;14;Norte;RR;Mucajaí;17853.0;;
140040.0;14;Norte;RR;Normandia;11290.0;;
140045.0;14;Norte;RR;Pacaraima;17401.0;;
140047.0;14;Norte;RR;Rorainópolis;30163.0;;
140050.0;14;Norte;RR;São João da Baliza;8201.0;;
140060.0;14;Norte;RR;São Luiz;7986.0;;
140070.0;14;Norte;RR;Uiramutã;10559.0;;
150010.0;15;Norte;PA;Abaetetuba;157698.0;;
150013.0;15;Norte;PA;Abel Figueiredo;7434.0;;
150020.0;15;Norte;PA;Acará;55591.0;;
150030.0;15;Norte;PA;Afuá;39218.0;;
150034.0;15;Norte;PA;Água Azul do Norte;27430.0;;
150040.0;15;Norte;PA;Alenquer;56789.0;;
150050.0;15;Norte;PA;Almeirim;34109.0;;
150060.0;15;Norte;PA;Altamira;114594.0;;
150070.0;15;Norte;PA;Anajás;29277.0;;
150080.0;15;Norte;PA;Ananindeua;530598.0;;
150085.0;15;Norte;PA;Anapu;27890.0;;
150090.0;15;Norte;PA;Augusto Corrêa;45998.0;;
150095.0;15;Norte;PA;Aurora do Pará;31338.0;;
150100.0;15;Norte;PA;Aveiro;16388.0;;
150110.0;15;Norte;PA;Bagre;30673.0;;
150120.0;15;Norte;PA;Baião;47446.0;;
150125.0;15;Norte;PA;Bannach;3286.0;;
150130.0;15;Norte;PA;Barcarena;124680.0;;
150140.0;15;Norte;PA;Belém;1492745.0;;
150145.0;15;Norte;PA;Belterra;17732.0;;
150150.0;15;Norte;PA;Benevides;62737.0;;
150157.0;15;Norte;PA;Bom Jesus do Tocantins;16981.0;;
150160.0;15;Norte;PA;Bonito;16286.0;;
150170.0;15;Norte;PA;Bragança;127686.0;;
150172.0;15;Norte;PA;Brasil Novo;15086.0;;
150175.0;15;Norte;PA;Brejo Grande do Araguaia;7380.0;;
150178.0;15;Norte;PA;Breu Branco;66046.0;;
150180.0;15;Norte;PA;Breves;102701.0;;
150190.0;15;Norte;PA;Bujaru;29132.0;;
150195.0;15;Norte;PA;Cachoeira do Piriá;33900.0;;
150200.0;15;Norte;PA;Cachoeira do Arari;23767.0;;
150210.0;15;Norte;PA;Cametá;137890.0;;
150215.0;15;Norte;PA;Canaã dos Carajás;37085.0;;
150220.0;15;Norte;PA;Capanema;69027.0;;
150230.0;15;Norte;PA;Capitão Poço;54303.0;;
150240.0;15;Norte;PA;Castanhal;200793.0;;
150250.0;15;Norte;PA;Chaves;23717.0;;
150260.0;15;Norte;PA;Colares;12085.0;;
150270.0;15;Norte;PA;Conceição do Araguaia;47864.0;;
150275.0;15;Norte;PA;Concórdia do Pará;33318.0;;
150276.0;15;Norte;PA;Cumaru do Norte;13473.0;;
150277.0;15;Norte;PA;Curionópolis;17929.0;;
150280.0;15;Norte;PA;Curralinho;34448.0;;
150285.0;15;Norte;PA;Curuá;14393.0;;
150290.0;15;Norte;PA;Curuçá;40066.0;;
150293.0;15;Norte;PA;Dom Eliseu;59719.0;;
150295.0;15;Norte;PA;Eldorado do Carajás;33808.0;;
150300.0;15;Norte;PA;Faro;7194.0;;
150304.0;15;Norte;PA;Floresta do Araguaia;20304.0;;
150307.0;15;Norte;PA;Garrafão do Norte;26066.0;;
150309.0;15;Norte;PA;Goianésia do Pará;40475.0;;
150310.0;15;Norte;PA;Gurupá;33376.0;;
150320.0;15;Norte;PA;Igarapé-Açu;38807.0;;
150330.0;15;Norte;PA;Igarapé-Miri;62698.0;;
150340.0;15;Norte;PA;Inhangapi;11711.0;;
150345.0;15;Norte;PA;Ipixuna do Pará;64053.0;;
150350.0;15;Norte;PA;Irituia;32550.0;;
150360.0;15;Norte;PA;Itaituba;101247.0;;
150370.0;15;Norte;PA;Itupiranga;53269.0;;
150375.0;15;Norte;PA;Jacareacanga;8239.0;;
150380.0;15;Norte;PA;Jacundá;59155.0;;
150390.0;15;Norte;PA;Juruti;57943.0;;
150400.0;15;Norte;PA;Limoeiro do Ajuru;28935.0;;
150405.0;15;Norte;PA;Mãe do Rio;30077.0;;
150410.0;15;Norte;PA;Magalhães Barata;8548.0;;
150420.0;15;Norte;PA;Marabá;279349.0;;
150430.0;15;Norte;PA;Maracanã;29473.0;;
150440.0;15;Norte;PA;Marapanim;28336.0;;
150442.0;15;Norte;PA;Marituba;131521.0;;
150445.0;15;Norte;PA;Medicilândia;31597.0;;
150450.0;15;Norte;PA;Melgaço;27654.0;;
150460.0;15;Norte;PA;Mocajuba;31136.0;;
150470.0;15;Norte;PA;Moju;82094.0;;
150475.0;15;Norte;PA;Mojuí dos Campos;16084.0;;
150480.0;15;Norte;PA;Monte Alegre;58032.0;;
150490.0;15;Norte;PA;Muaná;40349.0;;
150495.0;15;Norte;PA;Nova Esperança do Piriá;21368.0;;
150497.0;15;Norte;PA;Nova Ipixuna;16678.0;;
150500.0;15;Norte;PA;Nova Timboteua;15363.0;;
150503.0;15;Norte;PA;Novo Progresso;25762.0;;
150506.0;15;Norte;PA;Novo Repartimento;75919.0;;
150510.0;15;Norte;PA;Óbidos;52137.0;;
150520.0;15;Norte;PA;Oeiras do Pará;32512.0;;
150530.0;15;Norte;PA;Oriximiná;73096.0;;
150540.0;15;Norte;PA;Ourém;17842.0;;
150543.0;15;Norte;PA;Ourilândia do Norte;32832.0;;
150548.0;15;Norte;PA;Pacajá;47706.0;;
150549.0;15;Norte;PA;Palestina do Pará;7589.0;;
150550.0;15;Norte;PA;Paragominas;113145.0;;
150553.0;15;Norte;PA;Parauapebas;208273.0;;
150555.0;15;Norte;PA;Pau D'Arco;5483.0;;
150560.0;15;Norte;PA;Peixe-Boi;8077.0;;
150563.0;15;Norte;PA;Piçarra;12981.0;;
150565.0;15;Norte;PA;Placas;30982.0;;
150570.0;15;Norte;PA;Ponta de Pedras;31082.0;;
150580.0;15;Norte;PA;Portel;62043.0;;
150590.0;15;Norte;PA;Porto de Moz;41135.0;;
150600.0;15;Norte;PA;Prainha;29866.0;;
150610.0;15;Norte;PA;Primavera;10825.0;;
150611.0;15;Norte;PA;Quatipuru;13608.0;;
150613.0;15;Norte;PA;Redenção;84787.0;;
150616.0;15;Norte;PA;Rio Maria;18193.0;;
150618.0;15;Norte;PA;Rondon do Pará;52357.0;;
150619.0;15;Norte;PA;Rurópolis;50510.0;;
150620.0;15;Norte;PA;Salinópolis;40675.0;;
150630.0;15;Norte;PA;Salvaterra;23752.0;;
150635.0;15;Norte;PA;Santa Bárbara do Pará;21079.0;;
150640.0;15;Norte;PA;Santa Cruz do Arari;10128.0;;
150650.0;15;Norte;PA;Santa Izabel do Pará;70801.0;;
150655.0;15;Norte;PA;Santa Luzia do Pará;19848.0;;
150658.0;15;Norte;PA;Santa Maria das Barreiras;21449.0;;
150660.0;15;Norte;PA;Santa Maria do Pará;24861.0;;
150670.0;15;Norte;PA;Santana do Araguaia;72817.0;;
150680.0;15;Norte;PA;Santarém;304589.0;;
150690.0;15;Norte;PA;Santarém Novo;6709.0;;
150700.0;15;Norte;PA;Santo Antônio do Tauá;31482.0;;
150710.0;15;Norte;PA;São Caetano de Odivelas;18050.0;;
150715.0;15;Norte;PA;São Domingos do Araguaia;25557.0;;
150720.0;15;Norte;PA;São Domingos do Capim;31989.0;;
150730.0;15;Norte;PA;São Félix do Xingu;128481.0;;
150740.0;15;Norte;PA;São Francisco do Pará;15882.0;;
150745.0;15;Norte;PA;São Geraldo do Araguaia;24847.0;;
150746.0;15;Norte;PA;São João da Ponta;6139.0;;
150747.0;15;Norte;PA;São João de Pirabas;23045.0;;
150750.0;15;Norte;PA;São João do Araguaia;13996.0;;
150760.0;15;Norte;PA;São Miguel do Guamá;58986.0;;
150770.0;15;Norte;PA;São Sebastião da Boa Vista;26640.0;;
150775.0;15;Norte;PA;Sapucaia;5930.0;;
150780.0;15;Norte;PA;Senador José Porfírio;11658.0;;
150790.0;15;Norte;PA;Soure;25374.0;;
150795.0;15;Norte;PA;Tailândia;106339.0;;
150796.0;15;Norte;PA;Terra Alta;11720.0;;
150797.0;15;Norte;PA;Terra Santa;18769.0;;
150800.0;15;Norte;PA;Tomé-Açu;63447.0;;
150803.0;15;Norte;PA;Tracuateua;30959.0;;
150805.0;15;Norte;PA;Trairão;18989.0;;
150808.0;15;Norte;PA;Tucumã;39602.0;;
150810.0;15;Norte;PA;Tucuruí;113659.0;;
150812.0;15;Norte;PA;Ulianópolis;59210.0;;
150815.0;15;Norte;PA;Uruará;45476.0;;
150820.0;15;Norte;PA;Vigia;53686.0;;
150830.0;15;Norte;PA;Viseu;61403.0;;
150835.0;15;Norte;PA;Vitória do Xingu;15134.0;;
150840.0;15;Norte;PA;Xinguara;44751.0;;
160005.0;16;Norte;AP;Serra do Navio;5397.0;;
160010.0;16;Norte;AP;Amapá;9109.0;;
160015.0;16;Norte;AP;Pedra Branca do Amapari;16502.0;;
160020.0;16;Norte;AP;Calçoene;11117.0;;
160021.0;16;Norte;AP;Cutias;5983.0;;
160023.0;16;Norte;AP;Ferreira Gomes;7780.0;;
160025.0;16;Norte;AP;Itaubal;5503.0;;
160027.0;16;Norte;AP;Laranjal do Jari;50410.0;;
160030.0;16;Norte;AP;Macapá;503327.0;;
160040.0;16;Norte;AP;Mazagão;21632.0;;
160050.0;16;Norte;AP;Oiapoque;27270.0;;
160053.0;16;Norte;AP;Porto Grande;21971.0;;
160055.0;16;Norte;AP;Pracuúba;5120.0;;
160060.0;16;Norte;AP;Santana;121364.0;;
160070.0;16;Norte;AP;Tartarugalzinho;17315.0;;
160080.0;16;Norte;AP;Vitória do Jari;15931.0;;
170000.0;17;Norte;TO;;;;
170025.0;17;Norte;TO;Abreulândia;2579.0;;
170030.0;17;Norte;TO;Aguiarnópolis;6733.0;;
170035.0;17;Norte;TO;Aliança do Tocantins;5390.0;;
170040.0;17;Norte;TO;Almas;7055.0;;
170070.0;17;Norte;TO;Alvorada;8412.0;;
170100.0;17;Norte;TO;Ananás;9549.0;;
170105.0;17;Norte;TO;Angico;3433.0;;
170110.0;17;Norte;TO;Aparecida do Rio Negro;4795.0;;
170130.0;17;Norte;TO;Aragominas;5758.0;;
170190.0;17;Norte;TO;Araguacema;7086.0;;
170200.0;17;Norte;TO;Araguaçu;8517.0;;
170210.0;17;Norte;TO;Araguaína;180470.0;;
170215.0;17;Norte;TO;Araguanã;5729.0;;
170220.0;17;Norte;TO;Araguatins;35761.0;;
170230.0;17;Norte;TO;Arapoema;6643.0;;
170240.0;17;Norte;TO;Arraias;10567.0;;
170255.0;17;Norte;TO;Augustinópolis;18412.0;;
170270.0;17;Norte;TO;Aurora do Tocantins;3757.0;;
170290.0;17;Norte;TO;Axixá do Tocantins;9756.0;;
170300.0;17;Norte;TO;Babaçulândia;10664.0;;
170305.0;17;Norte;TO;Bandeirantes do Tocantins;3553.0;;
170307.0;17;Norte;TO;Barra do Ouro;4591.0;;
170310.0;17;Norte;TO;Barrolândia;5632.0;;
170320.0;17;Norte;TO;Bernardo Sayão;4459.0;;
170330.0;17;Norte;TO;Bom Jesus do Tocantins;4894.0;;
170360.0;17;Norte;TO;Brasilândia do Tocantins;2201.0;;
170370.0;17;Norte;TO;Brejinho de Nazaré;5497.0;;
170380.0;17;Norte;TO;Buriti do Tocantins;11348.0;;
170382.0;17;Norte;TO;Cachoeirinha;2275.0;;
170384.0;17;Norte;TO;Campos Lindos;10116.0;;
170386.0;17;Norte;TO;Cariri do Tocantins;4382.0;;
170388.0;17;Norte;TO;Carmolândia;2580.0;;
170389.0;17;Norte;TO;Carrasco Bonito;4095.0;;
170390.0;17;Norte;TO;Caseara;5369.0;;
170410.0;17;Norte;TO;Centenário;2905.0;;
170460.0;17;Norte;TO;Chapada de Areia;1406.0;;
170510.0;17;Norte;TO;Chapada da Natividade;3333.0;;
170550.0;17;Norte;TO;Colinas do Tocantins;35424.0;;
170555.0;17;Norte;TO;Combinado;4852.0;;
170560.0;17;Norte;TO;Conceição do Tocantins;4105.0;;
170600.0;17;Norte;TO;Couto Magalhães;5588.0;;
170610.0;17;Norte;TO;Cristalândia;7289.0;;
170625.0;17;Norte;TO;Crixás do Tocantins;1722.0;;
170650.0;17;Norte;TO;Darcinópolis;6097.0;;
170700.0;17;Norte;TO;Dianópolis;22139.0;;
170710.0;17;Norte;TO;Divinópolis do Tocantins;6900.0;;
170720.0;17;Norte;TO;Dois Irmãos do Tocantins;7198.0;;
170730.0;17;Norte;TO;Dueré;4686.0;;
170740.0;17;Norte;TO;Esperantina;10996.0;;
170755.0;17;Norte;TO;Fátima;3835.0;;
170765.0;17;Norte;TO;Figueirópolis;5263.0;;
170770.0;17;Norte;TO;Filadélfia;8856.0;;
170820.0;17;Norte;TO;Formoso do Araguaia;18440.0;;
170825.0;17;Norte;TO;Tabocão;2589.0;;
170830.0;17;Norte;TO;Goianorte;5123.0;;
170900.0;17;Norte;TO;Goiatins;13019.0;;
170930.0;17;Norte;TO;Guaraí;25923.0;;
170950.0;17;Norte;TO;Gurupi;86647.0;;
170980.0;17;Norte;TO;Ipueiras;2015.0;;
171050.0;17;Norte;TO;Itacajá;7433.0;;
171070.0;17;Norte;TO;Itaguatins;5864.0;;
171090.0;17;Norte;TO;Itapiratins;3777.0;;
171110.0;17;Norte;TO;Itaporã do Tocantins;2427.0;;
171150.0;17;Norte;TO;Jaú do Tocantins;3849.0;;
171180.0;17;Norte;TO;Juarina;2193.0;;
171190.0;17;Norte;TO;Lagoa da Confusão;13357.0;;
171195.0;17;Norte;TO;Lagoa do Tocantins;4316.0;;
171200.0;17;Norte;TO;Lajeado;3134.0;;
171215.0;17;Norte;TO;Lavandeira;1923.0;;
171240.0;17;Norte;TO;Lizarda;3740.0;;
171245.0;17;Norte;TO;Luzinópolis;3108.0;;
171250.0;17;Norte;TO;Marianópolis do Tocantins;5175.0;;
171270.0;17;Norte;TO;Mateiros;2684.0;;
171280.0;17;Norte;TO;Maurilândia do Tocantins;3426.0;;
171320.0;17;Norte;TO;Miracema do Tocantins;18248.0;;
171330.0;17;Norte;TO;Miranorte;13434.0;;
171360.0;17;Norte;TO;Monte do Carmo;7947.0;;
171370.0;17;Norte;TO;Monte Santo do Tocantins;2279.0;;
171380.0;17;Norte;TO;Palmeiras do Tocantins;6658.0;;
171395.0;17;Norte;TO;Muricilândia;3551.0;;
171420.0;17;Norte;TO;Natividade;9244.0;;
171430.0;17;Norte;TO;Nazaré;3898.0;;
171488.0;17;Norte;TO;Nova Olinda;11819.0;;
171500.0;17;Norte;TO;Nova Rosalândia;4260.0;;
171510.0;17;Norte;TO;Novo Acordo;4342.0;;
171515.0;17;Norte;TO;Novo Alegre;2332.0;;
171525.0;17;Norte;TO;Novo Jardim;2722.0;;
171550.0;17;Norte;TO;Oliveira de Fátima;1112.0;;
171570.0;17;Norte;TO;Palmeirante;6026.0;;
171575.0;17;Norte;TO;Palmeirópolis;7659.0;;
171610.0;17;Norte;TO;Paraíso do Tocantins;51252.0;;
171620.0;17;Norte;TO;Paranã;10449.0;;
171630.0;17;Norte;TO;Pau D'Arco;4849.0;;
171650.0;17;Norte;TO;Pedro Afonso;13578.0;;
171660.0;17;Norte;TO;Peixe;11749.0;;
171665.0;17;Norte;TO;Pequizeiro;5477.0;;
171670.0;17;Norte;TO;Colméia;8205.0;;
171700.0;17;Norte;TO;Pindorama do Tocantins;4447.0;;
171720.0;17;Norte;TO;Piraquê;3028.0;;
171750.0;17;Norte;TO;Pium;7654.0;;
171780.0;17;Norte;TO;Ponte Alta do Bom Jesus;4596.0;;
171790.0;17;Norte;TO;Ponte Alta do Tocantins;8039.0;;
171800.0;17;Norte;TO;Porto Alegre do Tocantins;3139.0;;
171820.0;17;Norte;TO;Porto Nacional;53010.0;;
171830.0;17;Norte;TO;Praia Norte;8432.0;;
171840.0;17;Norte;TO;Presidente Kennedy;3684.0;;
171845.0;17;Norte;TO;Pugmil;2688.0;;
171850.0;17;Norte;TO;Recursolândia;4293.0;;
171855.0;17;Norte;TO;Riachinho;4645.0;;
171865.0;17;Norte;TO;Rio da Conceição;2130.0;;
171870.0;17;Norte;TO;Rio dos Bois;2834.0;;
171875.0;17;Norte;TO;Rio Sono;6478.0;;
171880.0;17;Norte;TO;Sampaio;4711.0;;
171884.0;17;Norte;TO;Sandolândia;3375.0;;
171886.0;17;Norte;TO;Santa Fé do Araguaia;7512.0;;
171888.0;17;Norte;TO;Santa Maria do Tocantins;3434.0;;
171889.0;17;Norte;TO;Santa Rita do Tocantins;2365.0;;
171890.0;17;Norte;TO;Santa Rosa do Tocantins;4829.0;;
171900.0;17;Norte;TO;Santa Tereza do Tocantins;2866.0;;
172000.0;17;Norte;TO;Santa Terezinha do Tocantins;2529.0;;
172010.0;17;Norte;TO;São Bento do Tocantins;5324.0;;
172015.0;17;Norte;TO;São Félix do Tocantins;1585.0;;
172020.0;17;Norte;TO;São Miguel do Tocantins;12139.0;;
172025.0;17;Norte;TO;São Salvador do Tocantins;3082.0;;
172030.0;17;Norte;TO;São Sebastião do Tocantins;4805.0;;
172049.0;17;Norte;TO;São Valério;3960.0;;
172065.0;17;Norte;TO;Silvanópolis;5403.0;;
172080.0;17;Norte;TO;Sítio Novo do Tocantins;9029.0;;
172085.0;17;Norte;TO;Sucupira;1966.0;;
172090.0;17;Norte;TO;Taguatinga;16683.0;;
172093.0;17;Norte;TO;Taipas do Tocantins;2148.0;;
172097.0;17;Norte;TO;Talismã;2793.0;;
172100.0;17;Norte;TO;Palmas;299127.0;;
172110.0;17;Norte;TO;Tocantínia;7545.0;;
172120.0;17;Norte;TO;Tocantinópolis;22870.0;;
172125.0;17;Norte;TO;Tupirama;1891.0;;
172130.0;17;Norte;TO;Tupiratins;2671.0;;
172208.0;17;Norte;TO;Wanderlândia;11683.0;;
172210.0;17;Norte;TO;Xambioá;11540.0;;
210000.0;21;Nordeste;MA;;;;
210005.0;21;Nordeste;MA;Açailândia;112445.0;-4.94714;-47.5004
210010.0;21;Nordeste;MA;Afonso Cunha;6524.0;-4.13631;-43.3275
210015.0;21;Nordeste;MA;Água Doce do Maranhão;12571.0;-2.84048;-42.1189
210020.0;21;Nordeste;MA;Alcântara;22097.0;-2.39574;-44.4062
210030.0;21;Nordeste;MA;Aldeias Altas;26532.0;-4.62621;-43.4689
210040.0;21;Nordeste;MA;Altamira do Maranhão;8128.0;-4.16598;-45.4706
210043.0;21;Nordeste;MA;Alto Alegre do Maranhão;27053.0;-4.213;-44.446
210047.0;21;Nordeste;MA;Alto Alegre do Pindaré;31919.0;-3.66689;-45.8421
210050.0;21;Nordeste;MA;Alto Parnaíba;11190.0;-9.10273;-45.9303
210055.0;21;Nordeste;MA;Amapá do Maranhão;6962.0;-1.67524;-46.0024
210060.0;21;Nordeste;MA;Amarante do Maranhão;41435.0;-5.56913;-46.7473
210070.0;21;Nordeste;MA;Anajatuba;26803.0;-3.26269;-44.6126
210080.0;21;Nordeste;MA;Anapurus;15732.0;-3.67577;-43.1014
210083.0;21;Nordeste;MA;Apicum-Açu;17239.0;-1.45862;-45.0864
210087.0;21;Nordeste;MA;Araguanã;15426.0;-2.94644;-45.6589
210090.0;21;Nordeste;MA;Araioses;46440.0;-2.89091;-41.905
210095.0;21;Nordeste;MA;Arame;32701.0;-4.88347;-46.0032
210100.0;21;Nordeste;MA;Arari;29848.0;-3.45214;-44.7665
210110.0;21;Nordeste;MA;Axixá;12130.0;-2.83939;-44.062
210120.0;21;Nordeste;MA;Bacabal;104949.0;-4.22447;-44.7832
210125.0;21;Nordeste;MA;Bacabeira;17055.0;-2.96452;-44.3164
210130.0;21;Nordeste;MA;Bacuri;18582.0;-1.6965;-45.1328
210135.0;21;Nordeste;MA;Bacurituba;5644.0;-2.71;-44.7329
210140.0;21;Nordeste;MA;Balsas;94887.0;-7.53214;-46.0372
210150.0;21;Nordeste;MA;Barão de Grajaú;18820.0;-6.74463;-43.0261
210160.0;21;Nordeste;MA;Barra do Corda;88212.0;-5.49682;-45.2485
210170.0;21;Nordeste;MA;Barreirinhas;62528.0;-2.75863;-42.8232
210173.0;21;Nordeste;MA;Belágua;7469.0;-3.15485;-43.5122
210177.0;21;Nordeste;MA;Bela Vista do Maranhão;11209.0;-3.72618;-45.3075
210180.0;21;Nordeste;MA;Benedito Leite;5632.0;-7.21037;-44.5577
210190.0;21;Nordeste;MA;Bequimão;21280.0;-2.44162;-44.7842
210193.0;21;Nordeste;MA;Bernardo do Mearim;6043.0;-4.62666;-44.7608
210197.0;21;Nordeste;MA;Boa Vista do Gurupi;9287.0;-1.77614;-46.3002
210200.0;21;Nordeste;MA;Bom Jardim;41630.0;-3.54129;-45.606
210203.0;21;Nordeste;MA;Bom Jesus das Selvas;34028.0;-4.47638;-46.8641
210207.0;21;Nordeste;MA;Bom Lugar;16294.0;-4.37311;-45.0326
210210.0;21;Nordeste;MA;Brejo;36397.0;-3.67796;-42.7527
210215.0;21;Nordeste;MA;Brejo de Areia;9188.0;-4.334;-45.581
210220.0;21;Nordeste;MA;Buriti;28678.0;-3.94169;-42.9179
210230.0;21;Nordeste;MA;Buriti Bravo;23884.0;-5.83239;-43.8353
210232.0;21;Nordeste;MA;Buriticupu;72358.0;-4.32375;-46.4409
210235.0;21;Nordeste;MA;Buritirana;15430.0;-5.59823;-47.0131
210237.0;21;Nordeste;MA;Cachoeira Grande;9431.0;-2.93074;-44.0528
210240.0;21;Nordeste;MA;Cajapió;11177.0;-2.87326;-44.6741
210250.0;21;Nordeste;MA;Cajari;19379.0;-3.32742;-45.0145
210255.0;21;Nordeste;MA;Campestre do Maranhão;14374.0;-6.17075;-47.3625
210260.0;21;Nordeste;MA;Cândido Mendes;20178.0;-1.43265;-45.7161
210270.0;21;Nordeste;MA;Cantanhede;21995.0;-3.63757;-44.383
210275.0;21;Nordeste;MA;Capinzal do Norte;10934.0;-4.7236;-44.328
210280.0;21;Nordeste;MA;Carolina;24322.0;-7.33584;-47.4634
210290.0;21;Nordeste;MA;Carutapera;23807.0;-1.19696;-46.0085
210300.0;21;Nordeste;MA;Caxias;164880.0;-4.86505;-43.3617
210310.0;21;Nordeste;MA;Cedral;10675.0;-2.00027;-44.5281
210312.0;21;Nordeste;MA;Central do Maranhão;8673.0;-2.19831;-44.8254
210315.0;21;Nordeste;MA;Centro do Guilherme;13458.0;-2.44891;-46.0345
210317.0;21;Nordeste;MA;Centro Novo do Maranhão;21622.0;-2.12696;-46.1228
210320.0;21;Nordeste;MA;Chapadinha;79675.0;-3.73875;-43.3538
210325.0;21;Nordeste;MA;Cidelândia;14697.0;-5.17465;-47.7781
210330.0;21;Nordeste;MA;Codó;122859.0;-4.45562;-43.8924
210340.0;21;Nordeste;MA;Coelho Neto;49435.0;-4.25245;-43.0108
210350.0;21;Nordeste;MA;Colinas;41178.0;-6.03199;-44.2543
210355.0;21;Nordeste;MA;Conceição do Lago-Açu;16237.0;-3.85142;-44.8895
210360.0;21;Nordeste;MA;Coroatá;65296.0;-4.13442;-44.1244
210370.0;21;Nordeste;MA;Cururupu;32695.0;-1.81475;-44.8644
210375.0;21;Nordeste;MA;Davinópolis;12908.0;-5.54637;-47.4217
210380.0;21;Nordeste;MA;Dom Pedro;23350.0;-5.03518;-44.4409
210390.0;21;Nordeste;MA;Duque Bacelar;11349.0;-4.15002;-42.9477
210400.0;21;Nordeste;MA;Esperantinópolis;17241.0;-4.87938;-44.6926
210405.0;21;Nordeste;MA;Estreito;41946.0;-6.56077;-47.4431
210407.0;21;Nordeste;MA;Feira Nova do Maranhão;8504.0;-6.96508;-46.6786
210408.0;21;Nordeste;MA;Fernando Falcão;10360.0;-6.16207;-44.8979
210409.0;21;Nordeste;MA;Formosa da Serra Negra;19089.0;-6.44017;-46.1916
210410.0;21;Nordeste;MA;Fortaleza dos Nogueiras;12631.0;-6.95983;-46.1749
210420.0;21;Nordeste;MA;Fortuna;15552.0;-5.72792;-44.1565
210430.0;21;Nordeste;MA;Godofredo Viana;11819.0;-1.40259;-45.7795
210440.0;21;Nordeste;MA;Gonçalves Dias;17934.0;-5.1475;-44.3013
210450.0;21;Nordeste;MA;Governador Archer;10840.0;-5.02078;-44.2754
210455.0;21;Nordeste;MA;Governador Edison Lobão;18296.0;-5.74973;-47.3646
210460.0;21;Nordeste;MA;Governador Eugênio Barros;16828.0;-5.31897;-44.2469
210462.0;21;Nordeste;MA;Governador Luiz Rocha;7807.0;-5.47835;-44.0774
210465.0;21;Nordeste;MA;Governador Newton Bello;10180.0;-3.43245;-45.6619
210467.0;21;Nordeste;MA;Governador Nunes Freire;25577.0;-2.12899;-45.8777
210470.0;21;Nordeste;MA;Graça Aranha;6262.0;-5.40547;-44.3358
210480.0;21;Nordeste;MA;Grajaú;69527.0;-5.81367;-46.1462
210490.0;21;Nordeste;MA;Guimarães;12030.0;-2.12755;-44.602
210500.0;21;Nordeste;MA;Humberto de Campos;28717.0;-2.59828;-43.4649
210510.0;21;Nordeste;MA;Icatu;27113.0;-2.77206;-44.0501
210515.0;21;Nordeste;MA;Igarapé do Meio;14177.0;-3.65771;-45.2114
210520.0;21;Nordeste;MA;Igarapé Grande;11320.0;-4.6625;-44.8558
210530.0;21;Nordeste;MA;Imperatriz;258682.0;-5.51847;-47.4777
210535.0;21;Nordeste;MA;Itaipava do Grajaú;16057.0;-5.14252;-45.7877
210540.0;21;Nordeste;MA;Itapecuru Mirim;68203.0;-3.40202;-44.3508
210542.0;21;Nordeste;MA;Itinga do Maranhão;26000.0;-4.45293;-47.5235
210545.0;21;Nordeste;MA;Jatobá;10153.0;-5.82282;-44.2153
210547.0;21;Nordeste;MA;Jenipapo dos Vieiras;16515.0;-5.36237;-45.6356
210550.0;21;Nordeste;MA;João Lisboa;23632.0;-5.44363;-47.4064
210560.0;21;Nordeste;MA;Joselândia;16168.0;-4.98611;-44.6958
210565.0;21;Nordeste;MA;Junco do Maranhão;3432.0;-1.83888;-46.09
210570.0;21;Nordeste;MA;Lago da Pedra;50266.0;-4.56974;-45.1319
210580.0;21;Nordeste;MA;Lago do Junco;10840.0;-4.609;-45.049
210590.0;21;Nordeste;MA;Lago Verde;16257.0;-3.94661;-44.826
210592.0;21;Nordeste;MA;Lagoa do Mato;11250.0;-6.05023;-43.5333
210594.0;21;Nordeste;MA;Lago dos Rodrigues;8873.0;-4.61173;-44.9798
210596.0;21;Nordeste;MA;Lagoa Grande do Maranhão;11394.0;-4.98893;-45.3816
210598.0;21;Nordeste;MA;Lajeado Novo;7550.0;-6.18539;-47.0293
210600.0;21;Nordeste;MA;Lima Campos;11893.0;-4.51837;-44.4646
210610.0;21;Nordeste;MA;Loreto;12157.0;-7.08111;-45.1451
210620.0;21;Nordeste;MA;Luís Domingues;6951.0;-1.27492;-45.867
210630.0;21;Nordeste;MA;Magalhães de Almeida;19826.0;-3.39232;-42.2117
210632.0;21;Nordeste;MA;Maracaçumé;21395.0;-2.04918;-45.9587
210635.0;21;Nordeste;MA;Marajá do Sena;7792.0;-4.62806;-45.4531
210637.0;21;Nordeste;MA;Maranhãozinho;16265.0;-2.24078;-45.8507
210640.0;21;Nordeste;MA;Mata Roma;16829.0;-3.62035;-43.1112
210650.0;21;Nordeste;MA;Matinha;23370.0;-3.09849;-45.035
210660.0;21;Nordeste;MA;Matões;33782.0;-5.51359;-43.2018
210663.0;21;Nordeste;MA;Matões do Norte;16745.0;-3.6244;-44.5468
210667.0;21;Nordeste;MA;Milagres do Maranhão;8464.0;-3.57443;-42.6131
210670.0;21;Nordeste;MA;Mirador;21015.0;-6.37454;-44.3683
210675.0;21;Nordeste;MA;Miranda do Norte;28381.0;-3.56313;-44.5814
210680.0;21;Nordeste;MA;Mirinzal;14962.0;-2.07094;-44.7787
210690.0;21;Nordeste;MA;Monção;33434.0;-3.48125;-45.2496
210700.0;21;Nordeste;MA;Montes Altos;9160.0;-5.83067;-47.0673
210710.0;21;Nordeste;MA;Morros;19433.0;-2.85379;-44.0357
210720.0;21;Nordeste;MA;Nina Rodrigues;14454.0;-3.46788;-43.9134
210725.0;21;Nordeste;MA;Nova Colinas;5384.0;-7.12263;-46.2607
210730.0;21;Nordeste;MA;Nova Iorque;4683.0;-6.73047;-44.0471
210735.0;21;Nordeste;MA;Nova Olinda do Maranhão;20928.0;-2.84227;-45.6953
210740.0;21;Nordeste;MA;Olho d'Água das Cunhãs;19505.0;-4.13417;-45.1163
210745.0;21;Nordeste;MA;Olinda Nova do Maranhão;14701.0;-2.99295;-44.9897
210750.0;21;Nordeste;MA;Paço do Lumiar;122197.0;-2.51657;-44.1019
210760.0;21;Nordeste;MA;Palmeirândia;19722.0;-2.64433;-44.8933
210770.0;21;Nordeste;MA;Paraibano;21386.0;-6.4264;-43.9792
210780.0;21;Nordeste;MA;Parnarama;34907.0;-5.67365;-43.1011
210790.0;21;Nordeste;MA;Passagem Franca;19019.0;-6.17745;-43.7755
210800.0;21;Nordeste;MA;Pastos Bons;19472.0;-6.60296;-44.0745
210805.0;21;Nordeste;MA;Paulino Neves;16035.0;-2.72094;-42.5258
210810.0;21;Nordeste;MA;Paulo Ramos;21040.0;-4.44485;-45.2398
210820.0;21;Nordeste;MA;Pedreiras;39229.0;-4.56482;-44.6006
210825.0;21;Nordeste;MA;Pedro do Rosário;25144.0;-2.97272;-45.3493
210830.0;21;Nordeste;MA;Penalva;38470.0;-3.27674;-45.1768
210840.0;21;Nordeste;MA;Peri Mirim;14318.0;-2.57676;-44.8504
210845.0;21;Nordeste;MA;Peritoró;23196.0;-4.37459;-44.3369
210850.0;21;Nordeste;MA;Pindaré-Mirim;32941.0;-3.60985;-45.342
210860.0;21;Nordeste;MA;Pinheiro;83387.0;-2.52224;-45.0788
210870.0;21;Nordeste;MA;Pio XII;21485.0;-3.89315;-45.1759
210880.0;21;Nordeste;MA;Pirapemas;18625.0;-3.72041;-44.2216
210890.0;21;Nordeste;MA;Poção de Pedras;17873.0;-4.74626;-44.9432
210900.0;21;Nordeste;MA;Porto Franco;23885.0;-6.34149;-47.3962
210905.0;21;Nordeste;MA;Porto Rico do Maranhão;5975.0;-1.85925;-44.5842
210910.0;21;Nordeste;MA;Presidente Dutra;47804.0;-5.2898;-44.495
210920.0;21;Nordeste;MA;Presidente Juscelino;12734.0;-2.91872;-44.0715
210923.0;21;Nordeste;MA;Presidente Médici;7015.0;-2.38991;-45.82
210927.0;21;Nordeste;MA;Presidente Sarney;18918.0;-2.58799;-45.3595
210930.0;21;Nordeste;MA;Presidente Vargas;11193.0;-3.40787;-44.0234
210940.0;21;Nordeste;MA;Primeira Cruz;15315.0;-2.50568;-43.4232
210945.0;21;Nordeste;MA;Raposa;30761.0;-2.4254;-44.0973
210950.0;21;Nordeste;MA;Riachão;20195.0;-7.35819;-46.6225
210955.0;21;Nordeste;MA;Ribamar Fiquene;7791.0;-5.93067;-47.3888
210960.0;21;Nordeste;MA;Rosário;42740.0;-2.93444;-44.2531
210970.0;21;Nordeste;MA;Sambaíba;5671.0;-7.13447;-45.3515
210975.0;21;Nordeste;MA;Santa Filomena do Maranhão;7773.0;-5.49671;-44.5638
210980.0;21;Nordeste;MA;Santa Helena;42130.0;-2.24426;-45.29
210990.0;21;Nordeste;MA;Santa Inês;89044.0;-3.65112;-45.3774
211000.0;21;Nordeste;MA;Santa Luzia;72667.0;-4.06873;-45.69
211003.0;21;Nordeste;MA;Santa Luzia do Paruá;25254.0;-2.51123;-45.7801
211010.0;21;Nordeste;MA;Santa Quitéria do Maranhão;25642.0;-3.49308;-42.5688
211020.0;21;Nordeste;MA;Santa Rita;37855.0;-3.14241;-44.3211
211023.0;21;Nordeste;MA;Santana do Maranhão;13386.0;-3.109;-42.4064
211027.0;21;Nordeste;MA;Santo Amaro do Maranhão;15846.0;-2.50068;-43.238
211030.0;21;Nordeste;MA;Santo Antônio dos Lopes;14528.0;-4.86613;-44.3653
211040.0;21;Nordeste;MA;São Benedito do Rio Preto;18663.0;-3.33515;-43.5287
211050.0;21;Nordeste;MA;São Bento;45211.0;-2.69781;-44.8289
211060.0;21;Nordeste;MA;São Bernardo;28507.0;-3.37223;-42.4191
211065.0;21;Nordeste;MA;São Domingos do Azeitão;7392.0;-6.81471;-44.6509
211070.0;21;Nordeste;MA;São Domingos do Maranhão;34376.0;-5.58095;-44.3822
211080.0;21;Nordeste;MA;São Félix de Balsas;4585.0;-7.07535;-44.8092
211085.0;21;Nordeste;MA;São Francisco do Brejão;11798.0;-5.12584;-47.389
211090.0;21;Nordeste;MA;São Francisco do Maranhão;12210.0;-6.25159;-42.8668
211100.0;21;Nordeste;MA;São João Batista;20665.0;-2.95398;-44.7953
211102.0;21;Nordeste;MA;São João do Carú;15808.0;-3.5503;-46.2507
211105.0;21;Nordeste;MA;São João do Paraíso;11177.0;-6.45634;-47.0594
211107.0;21;Nordeste;MA;São João do Soter;18543.0;-5.10821;-43.8163
211110.0;21;Nordeste;MA;São João dos Patos;25929.0;-6.4934;-43.7036
211120.0;21;Nordeste;MA;São José de Ribamar;177687.0;-2.54704;-44.0597
211125.0;21;Nordeste;MA;São José dos Basílios;7641.0;-5.05493;-44.5809
211130.0;21;Nordeste;MA;São Luís;1101884.0;-2.53874;-44.2825
211140.0;21;Nordeste;MA;São Luís Gonzaga do Maranhão;18856.0;-4.38541;-44.6654
211150.0;21;Nordeste;MA;São Mateus do Maranhão;41529.0;-4.03736;-44.4707
211153.0;21;Nordeste;MA;São Pedro da Água Branca;12690.0;-5.08472;-48.4291
211157.0;21;Nordeste;MA;São Pedro dos Crentes;4668.0;-6.82389;-46.5319
211160.0;21;Nordeste;MA;São Raimundo das Mangabeiras;18868.0;-7.02183;-45.4809
211163.0;21;Nordeste;MA;São Raimundo do Doca Bezerra;5237.0;-5.11053;-45.0696
211167.0;21;Nordeste;MA;São Roberto;6719.0;-5.0231;-45.001
211170.0;21;Nordeste;MA;São Vicente Ferrer;22247.0;-2.89487;-44.8681
211172.0;21;Nordeste;MA;Satubinha;13914.0;-4.04913;-45.2457
211174.0;21;Nordeste;MA;Senador Alexandre Costa;11141.0;-5.25096;-44.0533
211176.0;21;Nordeste;MA;Senador La Rocque;14293.0;-5.4461;-47.2959
211178.0;21;Nordeste;MA;Serrano do Maranhão;10253.0;-1.85229;-45.1207
211180.0;21;Nordeste;MA;Sítio Novo;18081.0;-5.87601;-46.7033
211190.0;21;Nordeste;MA;Sucupira do Norte;10636.0;-6.47839;-44.1919
211195.0;21;Nordeste;MA;Sucupira do Riachão;5660.0;-6.40858;-43.5455
211200.0;21;Nordeste;MA;Tasso Fragoso;8521.0;-8.4662;-45.7536
211210.0;21;Nordeste;MA;Timbiras;29124.0;-4.25597;-43.932
211220.0;21;Nordeste;MA;Timon;169107.0;-5.09769;-42.8329
211223.0;21;Nordeste;MA;Trizidela do Vale;21998.0;-4.538;-44.628
211227.0;21;Nordeste;MA;Tufilândia;5840.0;-3.67355;-45.6238
211230.0;21;Nordeste;MA;Tuntum;41832.0;-5.25476;-44.6444
211240.0;21;Nordeste;MA;Turiaçu;35604.0;-1.65893;-45.3798
211245.0;21;Nordeste;MA;Turilândia;25619.0;-2.21638;-45.3044
211250.0;21;Nordeste;MA;Tutóia;58860.0;-2.76141;-42.2755
211260.0;21;Nordeste;MA;Urbano Santos;33122.0;-3.20642;-43.3878
211270.0;21;Nordeste;MA;Vargem Grande;56510.0;-3.53639;-43.917
211280.0;21;Nordeste;MA;Viana;52441.0;-3.20451;-44.9912
211285.0;21;Nordeste;MA;Vila Nova dos Martírios;13392.0;-5.18889;-48.1336
211290.0;21;Nordeste;MA;Vitória do Mearim;32764.0;-3.45125;-44.8643
211300.0;21;Nordeste;MA;Vitorino Freire;31523.0;-4.28184;-45.2505
211400.0;21;Nordeste;MA;Zé Doca;51714.0;-3.27014;-45.6553
220000.0;22;Nordeste;PI;;;;
220005.0;22;Nordeste;PI;Acauã;7084.0;-8.21954;-41.0831
220010.0;22;Nordeste;PI;Agricolândia;5139.0;-5.79676;-42.6664
220020.0;22;Nordeste;PI;Água Branca;17411.0;-5.88856;-42.637
220025.0;22;Nordeste;PI;Alagoinha do Piauí;7651.0;-7.00039;-40.9282
220027.0;22;Nordeste;PI;Alegrete do Piauí;4915.0;-7.24196;-40.8566
220030.0;22;Nordeste;PI;Alto Longá;14304.0;-5.25634;-42.2096
220040.0;22;Nordeste;PI;Altos;40524.0;-5.03888;-42.4612
220045.0;22;Nordeste;PI;Alvorada do Gurguéia;5419.0;-8.42418;-43.777
220050.0;22;Nordeste;PI;Amarante;17598.0;-6.24304;-42.8433
220060.0;22;Nordeste;PI;Angical do Piauí;6788.0;-6.08786;-42.74
220070.0;22;Nordeste;PI;Anísio de Abreu;9880.0;-9.18564;-43.0494
220080.0;22;Nordeste;PI;Antônio Almeida;3164.0;-7.21276;-44.1889
220090.0;22;Nordeste;PI;Aroazes;5835.0;-6.11022;-41.7822
220095.0;22;Nordeste;PI;Aroeiras do Itaim;2551.0;-7.24502;-41.5325
220100.0;22;Nordeste;PI;Arraial;4727.0;-6.65075;-42.5418
220105.0;22;Nordeste;PI;Assunção do Piauí;7846.0;-5.865;-41.0389
220110.0;22;Nordeste;PI;Avelino Lopes;11289.0;-10.1345;-43.9563
220115.0;22;Nordeste;PI;Baixa Grande do Ribeiro;11586.0;-7.84903;-45.219
220117.0;22;Nordeste;PI;Barra D'Alcântara;3951.0;-6.51645;-42.1146
220120.0;22;Nordeste;PI;Barras;47066.0;-4.24468;-42.2922
220130.0;22;Nordeste;PI;Barreiras do Piauí;3348.0;-9.9296;-45.4702
220140.0;22;Nordeste;PI;Barro Duro;7032.0;-5.81673;-42.5147
220150.0;22;Nordeste;PI;Batalha;26857.0;-4.0223;-42.0787
220155.0;22;Nordeste;PI;Bela Vista do Piauí;4015.0;-7.98809;-41.8675
220157.0;22;Nordeste;PI;Belém do Piauí;3566.0;-7.36652;-40.9688
220160.0;22;Nordeste;PI;Beneditinos;10467.0;-5.45676;-42.3638
220170.0;22;Nordeste;PI;Bertolínia;5501.0;-7.63338;-43.9498
220173.0;22;Nordeste;PI;Betânia do Piauí;6205.0;-8.14376;-40.7989
220177.0;22;Nordeste;PI;Boa Hora;6781.0;-4.41404;-42.1357
220180.0;22;Nordeste;PI;Bocaina;4500.0;-6.94124;-41.3168
220190.0;22;Nordeste;PI;Bom Jesus;25179.0;-9.07124;-44.359
220191.0;22;Nordeste;PI;Bom Princípio do Piauí;5630.0;-3.19631;-41.6403
220192.0;22;Nordeste;PI;Bonfim do Piauí;5670.0;-9.1605;-42.8865
220194.0;22;Nordeste;PI;Boqueirão do Piauí;6407.0;-4.48181;-42.1212
220196.0;22;Nordeste;PI;Brasileira;8329.0;-4.1337;-41.7859
220198.0;22;Nordeste;PI;Brejo do Piauí;3875.0;-8.20314;-42.8229
220200.0;22;Nordeste;PI;Buriti dos Lopes;19781.0;-3.18259;-41.8695
220202.0;22;Nordeste;PI;Buriti dos Montes;8244.0;-5.30584;-41.0933
220205.0;22;Nordeste;PI;Cabeceiras do Piauí;10586.0;-4.4773;-42.3069
220207.0;22;Nordeste;PI;Cajazeiras do Piauí;3559.0;-6.79667;-42.3903
220208.0;22;Nordeste;PI;Cajueiro da Praia;7642.0;-2.93111;-41.3408
220209.0;22;Nordeste;PI;Caldeirão Grande do Piauí;5776.0;-7.3314;-40.6366
220210.0;22;Nordeste;PI;Campinas do Piauí;5613.0;-7.6593;-41.8775
220211.0;22;Nordeste;PI;Campo Alegre do Fidalgo;5045.0;-8.38236;-41.8344
220213.0;22;Nordeste;PI;Campo Grande do Piauí;5943.0;-7.12827;-41.0315
220217.0;22;Nordeste;PI;Campo Largo do Piauí;7279.0;-3.80441;-42.64
220220.0;22;Nordeste;PI;Campo Maior;46833.0;-4.8217;-42.1641
220225.0;22;Nordeste;PI;Canavieira;3950.0;-7.68821;-43.7233
220230.0;22;Nordeste;PI;Canto do Buriti;21187.0;-8.1111;-42.9517
220240.0;22;Nordeste;PI;Capitão de Campos;11417.0;-4.457;-41.944
220245.0;22;Nordeste;PI;Capitão Gervásio Oliveira;4100.0;-8.49655;-41.814
220250.0;22;Nordeste;PI;Caracol;10916.0;-9.27933;-43.329
220253.0;22;Nordeste;PI;Caraúbas do Piauí;5868.0;-3.47525;-41.8425
220255.0;22;Nordeste;PI;Caridade do Piauí;5067.0;-7.73435;-40.9848
220260.0;22;Nordeste;PI;Castelo do Piauí;19716.0;-5.31869;-41.5499
220265.0;22;Nordeste;PI;Caxingó;5424.0;-3.41904;-41.8955
220270.0;22;Nordeste;PI;Cocal;27787.0;-3.47279;-41.5546
220271.0;22;Nordeste;PI;Cocal de Telha;4891.0;-4.5571;-41.9587
220272.0;22;Nordeste;PI;Cocal dos Alves;6153.0;-3.62047;-41.4402
220273.0;22;Nordeste;PI;Coivaras;4020.0;-5.09224;-42.208
220275.0;22;Nordeste;PI;Colônia do Gurguéia;6484.0;-8.1837;-43.794
220277.0;22;Nordeste;PI;Colônia do Piauí;7656.0;-7.22651;-42.1756
220280.0;22;Nordeste;PI;Conceição do Canindé;4803.0;-7.87638;-41.5942
220285.0;22;Nordeste;PI;Coronel José Dias;4682.0;-8.81397;-42.5232
220290.0;22;Nordeste;PI;Corrente;26644.0;-10.4333;-45.1633
220300.0;22;Nordeste;PI;Cristalândia do Piauí;8294.0;-10.6443;-45.1893
220310.0;22;Nordeste;PI;Cristino Castro;10423.0;-8.82273;-44.223
220320.0;22;Nordeste;PI;Curimatá;11388.0;-10.0326;-44.3002
220323.0;22;Nordeste;PI;Currais;4954.0;-9.01175;-44.4062
220325.0;22;Nordeste;PI;Curralinhos;4443.0;-5.60825;-42.8376
220327.0;22;Nordeste;PI;Curral Novo do Piauí;5343.0;-7.8313;-40.8957
220330.0;22;Nordeste;PI;Demerval Lobão;13817.0;-5.35875;-42.6776
220335.0;22;Nordeste;PI;Dirceu Arcoverde;7011.0;-9.33939;-42.4348
220340.0;22;Nordeste;PI;Dom Expedito Lopes;6904.0;-6.95332;-41.6396
220342.0;22;Nordeste;PI;Domingos Mourão;4355.0;-4.2495;-41.2683
220345.0;22;Nordeste;PI;Dom Inocêncio;9556.0;-9.00516;-41.9697
220350.0;22;Nordeste;PI;Elesbão Veloso;14602.0;-6.19947;-42.1355
220360.0;22;Nordeste;PI;Eliseu Martins;4915.0;-8.09629;-43.6705
220370.0;22;Nordeste;PI;Esperantina;39737.0;-3.88863;-42.2324
220375.0;22;Nordeste;PI;Fartura do Piauí;5307.0;-9.48342;-42.7912
220380.0;22;Nordeste;PI;Flores do Piauí;4463.0;-7.78793;-42.918
220385.0;22;Nordeste;PI;Floresta do Piauí;2558.0;-7.46682;-41.7883
220390.0;22;Nordeste;PI;Floriano;59935.0;-6.77182;-43.0241
220400.0;22;Nordeste;PI;Francinópolis;5348.0;-6.39334;-42.2591
220410.0;22;Nordeste;PI;Francisco Ayres;4348.0;-6.62606;-42.6881
220415.0;22;Nordeste;PI;Francisco Macedo;3184.0;-7.331;-40.788
220420.0;22;Nordeste;PI;Francisco Santos;9319.0;-6.99491;-41.1288
220430.0;22;Nordeste;PI;Fronteiras;11625.0;-7.08173;-40.6146
220435.0;22;Nordeste;PI;Geminiano;5442.0;-7.15476;-41.3409
220440.0;22;Nordeste;PI;Gilbués;10690.0;-9.83001;-45.3423
220450.0;22;Nordeste;PI;Guadalupe;10499.0;-6.78285;-43.5594
220455.0;22;Nordeste;PI;Guaribas;4562.0;-9.38647;-43.6943
220460.0;22;Nordeste;PI;Hugo Napoleão;3877.0;-5.9886;-42.5598
220465.0;22;Nordeste;PI;Ilha Grande;9426.0;-2.85774;-41.8186
220470.0;22;Nordeste;PI;Inhuma;15308.0;-6.665;-41.7041
220480.0;22;Nordeste;PI;Ipiranga do Piauí;9811.0;-6.82421;-41.7381
220490.0;22;Nordeste;PI;Isaías Coelho;8549.0;-7.73597;-41.6735
220500.0;22;Nordeste;PI;Itainópolis;11530.0;-7.44336;-41.4687
220510.0;22;Nordeste;PI;Itaueira;11019.0;-7.59989;-43.0249
220515.0;22;Nordeste;PI;Jacobina do Piauí;5741.0;-7.93063;-41.2075
220520.0;22;Nordeste;PI;Jaicós;19104.0;-7.36229;-41.1371
220525.0;22;Nordeste;PI;Jardim do Mulato;4504.0;-6.099;-42.63
220527.0;22;Nordeste;PI;Jatobá do Piauí;4865.0;-4.77025;-41.817
220530.0;22;Nordeste;PI;Jerumenha;4452.0;-7.09128;-43.5033
220535.0;22;Nordeste;PI;João Costa;3008.0;-8.50736;-42.4264
220540.0;22;Nordeste;PI;Joaquim Pires;14354.0;-3.50164;-42.1865
220545.0;22;Nordeste;PI;Joca Marques;5443.0;-3.4804;-42.4255
220550.0;22;Nordeste;PI;José de Freitas;39208.0;-4.75146;-42.5746
220551.0;22;Nordeste;PI;Juazeiro do Piauí;5478.0;-5.17459;-41.6976
220552.0;22;Nordeste;PI;Júlio Borges;5627.0;-10.3225;-44.2381
220553.0;22;Nordeste;PI;Jurema;4763.0;-9.21992;-43.1337
220554.0;22;Nordeste;PI;Lagoinha do Piauí;2845.0;-5.83074;-42.6223
220555.0;22;Nordeste;PI;Lagoa Alegre;8542.0;-4.51539;-42.6309
220556.0;22;Nordeste;PI;Lagoa do Barro do Piauí;4655.0;-8.47673;-41.5342
220557.0;22;Nordeste;PI;Lagoa de São Francisco;6758.0;-4.38505;-41.5969
220558.0;22;Nordeste;PI;Lagoa do Piauí;4064.0;-5.41864;-42.6437
220559.0;22;Nordeste;PI;Lagoa do Sítio;5177.0;-6.50766;-41.5653
220560.0;22;Nordeste;PI;Landri Sales;5295.0;-7.25922;-43.9364
220570.0;22;Nordeste;PI;Luís Correia;30311.0;-2.88438;-41.6641
220580.0;22;Nordeste;PI;Luzilândia;25486.0;-3.4683;-42.3718
220585.0;22;Nordeste;PI;Madeiro;8310.0;-3.48624;-42.4981
220590.0;22;Nordeste;PI;Manoel Emídio;5349.0;-8.01234;-43.8755
220595.0;22;Nordeste;PI;Marcolândia;8492.0;-7.44169;-40.6602
220600.0;22;Nordeste;PI;Marcos Parente;4549.0;-7.11565;-43.8926
220605.0;22;Nordeste;PI;Massapê do Piauí;6441.0;-7.47469;-41.1103
220610.0;22;Nordeste;PI;Matias Olímpio;10936.0;-3.71492;-42.5507
220620.0;22;Nordeste;PI;Miguel Alves;33760.0;-4.16857;-42.8963
220630.0;22;Nordeste;PI;Miguel Leão;1246.0;-5.68077;-42.7436
220635.0;22;Nordeste;PI;Milton Brandão;6613.0;-4.68295;-41.4173
220640.0;22;Nordeste;PI;Monsenhor Gil;10564.0;-5.562;-42.6075
220650.0;22;Nordeste;PI;Monsenhor Hipólito;7749.0;-6.99275;-41.026
220660.0;22;Nordeste;PI;Monte Alegre do Piauí;10613.0;-9.75364;-45.3037
220665.0;22;Nordeste;PI;Morro Cabeça no Tempo;4532.0;-9.71891;-43.9072
220667.0;22;Nordeste;PI;Morro do Chapéu do Piauí;6796.0;-3.73337;-42.3024
220669.0;22;Nordeste;PI;Murici dos Portelas;9159.0;-3.319;-42.094
220670.0;22;Nordeste;PI;Nazaré do Piauí;7339.0;-6.97023;-42.6773
220672.0;22;Nordeste;PI;Nazária;8570.0;-5.35128;-42.8153
220675.0;22;Nordeste;PI;Nossa Senhora de Nazaré;4870.0;-4.63019;-42.173
220680.0;22;Nordeste;PI;Nossa Senhora dos Remédios;8692.0;-3.97574;-42.6184
220690.0;22;Nordeste;PI;Novo Oriente do Piauí;6565.0;-6.44901;-41.9261
220695.0;22;Nordeste;PI;Novo Santo Antônio;2991.0;-5.28749;-41.9325
220700.0;22;Nordeste;PI;Oeiras;37029.0;-7.01915;-42.1283
220710.0;22;Nordeste;PI;Olho D'Água do Piauí;2459.0;-5.84125;-42.5594
220720.0;22;Nordeste;PI;Padre Marcos;6868.0;-7.35101;-40.8997
220730.0;22;Nordeste;PI;Paes Landim;4129.0;-7.77375;-42.2474
220735.0;22;Nordeste;PI;Pajeú do Piauí;3389.0;-7.85508;-42.8248
220740.0;22;Nordeste;PI;Palmeira do Piauí;5043.0;-8.73076;-44.2466
220750.0;22;Nordeste;PI;Palmeirais;14539.0;-5.97086;-43.056
220755.0;22;Nordeste;PI;Paquetá;3945.0;-7.10303;-41.7
220760.0;22;Nordeste;PI;Parnaguá;10791.0;-10.2166;-44.63
220770.0;22;Nordeste;PI;Parnaíba;153078.0;-2.90585;-41.7754
220775.0;22;Nordeste;PI;Passagem Franca do Piauí;4313.0;-5.86036;-42.4436
220777.0;22;Nordeste;PI;Patos do Piauí;6392.0;-7.67231;-41.2408
220779.0;22;Nordeste;PI;Pau D'Arco do Piauí;4045.0;-5.26072;-42.3908
220780.0;22;Nordeste;PI;Paulistana;20523.0;-8.13436;-41.1431
220785.0;22;Nordeste;PI;Pavussu;3677.0;-7.96059;-43.2284
220790.0;22;Nordeste;PI;Pedro II;38742.0;-4.42585;-41.4482
220793.0;22;Nordeste;PI;Pedro Laurentino;2536.0;-8.06807;-42.2847
220795.0;22;Nordeste;PI;Nova Santa Rita;4374.0;-8.09707;-42.0471
220800.0;22;Nordeste;PI;Picos;78222.0;-7.07721;-41.467
220810.0;22;Nordeste;PI;Pimenteiras;12127.0;-6.23839;-41.4113
220820.0;22;Nordeste;PI;Pio IX;18425.0;-6.83002;-40.6083
220830.0;22;Nordeste;PI;Piracuruca;28791.0;-3.93335;-41.7088
220840.0;22;Nordeste;PI;Piripiri;63742.0;-4.27157;-41.7716
220850.0;22;Nordeste;PI;Porto;12568.0;-3.88815;-42.6998
220855.0;22;Nordeste;PI;Porto Alegre do Piauí;2710.0;-6.96423;-44.1837
220860.0;22;Nordeste;PI;Prata do Piauí;3151.0;-5.67265;-42.2046
220865.0;22;Nordeste;PI;Queimada Nova;8992.0;-8.57064;-41.4106
220870.0;22;Nordeste;PI;Redenção do Gurguéia;8778.0;-9.47937;-44.5811
220880.0;22;Nordeste;PI;Regeneração;17978.0;-6.23115;-42.6842
220885.0;22;Nordeste;PI;Riacho Frio;4312.0;-10.1244;-44.9503
220887.0;22;Nordeste;PI;Ribeira do Piauí;4477.0;-7.69028;-42.7128
220890.0;22;Nordeste;PI;Ribeiro Gonçalves;7341.0;-7.55651;-45.2447
220900.0;22;Nordeste;PI;Rio Grande do Piauí;6432.0;-7.78029;-43.1369
220910.0;22;Nordeste;PI;Santa Cruz do Piauí;6240.0;-7.1785;-41.7609
220915.0;22;Nordeste;PI;Santa Cruz dos Milagres;4019.0;-5.80581;-41.9506
220920.0;22;Nordeste;PI;Santa Filomena;6253.0;-9.11228;-45.9116
220930.0;22;Nordeste;PI;Santa Luz;5860.0;-8.9488;-44.1296
220935.0;22;Nordeste;PI;Santana do Piauí;4634.0;-6.94696;-41.5178
220937.0;22;Nordeste;PI;Santa Rosa do Piauí;5257.0;-6.79581;-42.2814
220940.0;22;Nordeste;PI;Santo Antônio de Lisboa;6415.0;-6.98676;-41.2252
220945.0;22;Nordeste;PI;Santo Antônio dos Milagres;2161.0;-6.04647;-42.7123
220950.0;22;Nordeste;PI;Santo Inácio do Piauí;3798.0;-7.42072;-41.9063
220955.0;22;Nordeste;PI;São Braz do Piauí;4448.0;-9.05797;-43.0076
220960.0;22;Nordeste;PI;São Félix do Piauí;2942.0;-5.93485;-42.1172
220965.0;22;Nordeste;PI;São Francisco de Assis do Piauí;5755.0;-8.23599;-41.6873
220970.0;22;Nordeste;PI;São Francisco do Piauí;6423.0;-7.2463;-42.541
220975.0;22;Nordeste;PI;São Gonçalo do Gurguéia;3041.0;-10.0319;-45.3092
220980.0;22;Nordeste;PI;São Gonçalo do Piauí;5015.0;-5.99393;-42.7095
220985.0;22;Nordeste;PI;São João da Canabrava;4608.0;-6.81203;-41.3415
220987.0;22;Nordeste;PI;São João da Fronteira;6042.0;-3.95497;-41.2569
220990.0;22;Nordeste;PI;São João da Serra;6139.0;-5.51081;-41.8923
220995.0;22;Nordeste;PI;São João da Varjota;4840.0;-6.94082;-41.8889
220997.0;22;Nordeste;PI;São João do Arraial;7989.0;-3.8186;-42.4459
221000.0;22;Nordeste;PI;São João do Piauí;20601.0;-8.35466;-42.2559
221005.0;22;Nordeste;PI;São José do Divino;5346.0;-3.81411;-41.8308
221010.0;22;Nordeste;PI;São José do Peixe;3745.0;-7.48554;-42.5672
221020.0;22;Nordeste;PI;São José do Piauí;6705.0;-6.87194;-41.4731
221030.0;22;Nordeste;PI;São Julião;6363.0;-7.08391;-40.8246
221035.0;22;Nordeste;PI;São Lourenço do Piauí;4573.0;-9.16463;-42.5496
221037.0;22;Nordeste;PI;São Luis do Piauí;2644.0;-6.81936;-41.3175
221038.0;22;Nordeste;PI;São Miguel da Baixa Grande;2452.0;-5.85646;-42.1934
221039.0;22;Nordeste;PI;São Miguel do Fidalgo;3039.0;-7.59713;-42.3676
221040.0;22;Nordeste;PI;São Miguel do Tapuio;17662.0;-5.49729;-41.3165
221050.0;22;Nordeste;PI;São Pedro do Piauí;14291.0;-5.92078;-42.7192
221060.0;22;Nordeste;PI;São Raimundo Nonato;34710.0;-9.01241;-42.6987
221062.0;22;Nordeste;PI;Sebastião Barros;3469.0;-10.817;-44.8337
221063.0;22;Nordeste;PI;Sebastião Leal;4294.0;-7.56803;-44.06
221065.0;22;Nordeste;PI;Sigefredo Pacheco;10041.0;-4.91665;-41.7311
221070.0;22;Nordeste;PI;Simões;14633.0;-7.59109;-40.8137
221080.0;22;Nordeste;PI;Simplício Mendes;12711.0;-7.85294;-41.9075
221090.0;22;Nordeste;PI;Socorro do Piauí;4569.0;-7.86773;-42.4922
221093.0;22;Nordeste;PI;Sussuapara;6730.0;-7.03687;-41.3767
221095.0;22;Nordeste;PI;Tamboril do Piauí;2919.0;-8.40937;-42.9211
221097.0;22;Nordeste;PI;Tanque do Piauí;2765.0;-6.59787;-42.2795
221100.0;22;Nordeste;PI;Teresina;864845.0;-5.09194;-42.8034
221110.0;22;Nordeste;PI;União;44485.0;-4.58571;-42.8583
221120.0;22;Nordeste;PI;Uruçuí;21558.0;-7.23944;-44.5577
221130.0;22;Nordeste;PI;Valença do Piauí;20918.0;-6.40301;-41.7375
221135.0;22;Nordeste;PI;Várzea Branca;4947.0;-9.238;-42.9692
221140.0;22;Nordeste;PI;Várzea Grande;4391.0;-6.54899;-42.248
221150.0;22;Nordeste;PI;Vera Mendes;3077.0;-7.59748;-41.4673
221160.0;22;Nordeste;PI;Vila Nova do Piauí;2971.0;-7.13272;-40.9345
221170.0;22;Nordeste;PI;Wall Ferraz;4462.0;-7.23151;-41.905
230000.0;23;Nordeste;CE;;;;
230010.0;23;Nordeste;CE;Abaiara;11737.0;-7.34588;-39.0416
230015.0;23;Nordeste;CE;Acarape;14929.0;-4.22083;-38.7055
230020.0;23;Nordeste;CE;Acaraú;62641.0;-2.88769;-40.1183
230030.0;23;Nordeste;CE;Acopiara;54270.0;-6.08911;-39.448
230040.0;23;Nordeste;CE;Aiuaba;17399.0;-6.57122;-40.1178
230050.0;23;Nordeste;CE;Alcântaras;11714.0;-3.58537;-40.5479
230060.0;23;Nordeste;CE;Altaneira;7586.0;-6.99837;-39.7356
230070.0;23;Nordeste;CE;Alto Santo;17146.0;-5.50894;-38.2743
230075.0;23;Nordeste;CE;Amontada;43452.0;-3.36017;-39.8288
230080.0;23;Nordeste;CE;Antonina do Norte;7353.0;-6.76919;-39.987
230090.0;23;Nordeste;CE;Apuiarés;14600.0;-3.94506;-39.4359
230100.0;23;Nordeste;CE;Aquiraz;80271.0;-3.89929;-38.3896
230110.0;23;Nordeste;CE;Aracati;74547.0;-4.55826;-37.7679
230120.0;23;Nordeste;CE;Aracoiaba;26469.0;-4.36872;-38.8125
230125.0;23;Nordeste;CE;Ararendá;10935.0;-4.74567;-40.831
230130.0;23;Nordeste;CE;Araripe;21600.0;-7.21319;-40.1359
230140.0;23;Nordeste;CE;Aratuba;11847.0;-4.41229;-39.0471
230150.0;23;Nordeste;CE;Arneiroz;7840.0;-6.3165;-40.1653
230160.0;23;Nordeste;CE;Assaré;23417.0;-6.8669;-39.8689
230170.0;23;Nordeste;CE;Aurora;24654.0;-6.93349;-38.9742
230180.0;23;Nordeste;CE;Baixio;6288.0;-6.71945;-38.7134
230185.0;23;Nordeste;CE;Banabuiú;18197.0;-5.30454;-38.9132
230190.0;23;Nordeste;CE;Barbalha;60781.0;-7.2982;-39.3021
230195.0;23;Nordeste;CE;Barreira;22425.0;-4.28921;-38.6429
230200.0;23;Nordeste;CE;Barro;22680.0;-7.17188;-38.7741
230205.0;23;Nordeste;CE;Barroquinha;15017.0;-3.02051;-41.1358
230210.0;23;Nordeste;CE;Baturité;35750.0;-4.32598;-38.8812
230220.0;23;Nordeste;CE;Beberibe;53573.0;-4.17741;-38.1271
230230.0;23;Nordeste;CE;Bela Cruz;32591.0;-3.04996;-40.1671
230240.0;23;Nordeste;CE;Boa Viagem;54470.0;-5.11258;-39.7337
230250.0;23;Nordeste;CE;Brejo Santo;49477.0;-7.48469;-38.9799
230260.0;23;Nordeste;CE;Camocim;63661.0;-2.9005;-40.8544
230270.0;23;Nordeste;CE;Campos Sales;27426.0;-7.06761;-40.3687
230280.0;23;Nordeste;CE;Canindé;76997.0;-4.35162;-39.3155
230290.0;23;Nordeste;CE;Capistrano;17738.0;-4.45569;-38.9048
230300.0;23;Nordeste;CE;Caridade;22547.0;-4.22514;-39.1912
230310.0;23;Nordeste;CE;Cariré;18448.0;-3.94858;-40.476
230320.0;23;Nordeste;CE;Caririaçu;26965.0;-7.02808;-39.2828
230330.0;23;Nordeste;CE;Cariús;18699.0;-6.52428;-39.4916
230340.0;23;Nordeste;CE;Carnaubal;17606.0;-4.15985;-40.9413
230350.0;23;Nordeste;CE;Cascavel;71743.0;-4.12967;-38.2412
230360.0;23;Nordeste;CE;Catarina;20698.0;-6.12291;-39.8736
230365.0;23;Nordeste;CE;Catunda;10342.0;-4.64336;-40.2
230370.0;23;Nordeste;CE;Caucaia;361400.0;-3.72797;-38.6619
230380.0;23;Nordeste;CE;Cedro;25557.0;-6.60034;-39.0609
230390.0;23;Nordeste;CE;Chaval;13069.0;-3.03571;-41.2435
230393.0;23;Nordeste;CE;Choró;13521.0;-4.83906;-39.1344
230395.0;23;Nordeste;CE;Chorozinho;20264.0;-4.28873;-38.4986
230400.0;23;Nordeste;CE;Coreaú;23136.0;-3.5415;-40.6587
230410.0;23;Nordeste;CE;Crateús;75074.0;-5.16768;-40.6536
230420.0;23;Nordeste;CE;Crato;132123.0;-7.2153;-39.4103
230423.0;23;Nordeste;CE;Croatá;18063.0;-4.40481;-40.9022
230425.0;23;Nordeste;CE;Cruz;24827.0;-2.91813;-40.176
230426.0;23;Nordeste;CE;Deputado Irapuan Pinheiro;9625.0;-5.91485;-39.257
230427.0;23;Nordeste;CE;Ereré;7198.0;-6.02751;-38.3461
230428.0;23;Nordeste;CE;Eusébio;53618.0;-3.8925;-38.4559
230430.0;23;Nordeste;CE;Farias Brito;19450.0;-6.92146;-39.5651
230435.0;23;Nordeste;CE;Forquilha;24218.0;-3.79945;-40.2634
230440.0;23;Nordeste;CE;Fortaleza;2669342.0;-3.71664;-38.5423
230445.0;23;Nordeste;CE;Fortim;16480.0;-4.45126;-37.7981
230450.0;23;Nordeste;CE;Frecheirinha;14072.0;-3.75557;-40.818
230460.0;23;Nordeste;CE;General Sampaio;7618.0;-4.04351;-39.454
230465.0;23;Nordeste;CE;Graça;14399.0;-4.04422;-40.749
230470.0;23;Nordeste;CE;Granja;54748.0;-3.12788;-40.8372
230480.0;23;Nordeste;CE;Granjeiro;4844.0;-6.88134;-39.2144
230490.0;23;Nordeste;CE;Groaíras;11068.0;-3.91787;-40.3852
230495.0;23;Nordeste;CE;Guaiúba;26064.0;-4.04057;-38.6404
230500.0;23;Nordeste;CE;Guaraciaba do Norte;40642.0;-4.15814;-40.7476
230510.0;23;Nordeste;CE;Guaramiranga;5193.0;-4.26248;-38.932
230520.0;23;Nordeste;CE;Hidrolândia;19978.0;-4.40958;-40.4056
230523.0;23;Nordeste;CE;Horizonte;67337.0;-4.1209;-38.4707
230526.0;23;Nordeste;CE;Ibaretama;13353.0;-4.80376;-38.7501
230530.0;23;Nordeste;CE;Ibiapina;24997.0;-3.92403;-40.8911
230533.0;23;Nordeste;CE;Ibicuitinga;12525.0;-4.96999;-38.6362
230535.0;23;Nordeste;CE;Icapuí;19934.0;-4.71206;-37.3531
230540.0;23;Nordeste;CE;Icó;68018.0;-6.39627;-38.8554
230550.0;23;Nordeste;CE;Iguatu;102498.0;-6.36281;-39.2892
230560.0;23;Nordeste;CE;Independência;26178.0;-5.38789;-40.3085
230565.0;23;Nordeste;CE;Ipaporanga;11593.0;-4.89764;-40.7537
230570.0;23;Nordeste;CE;Ipaumirim;12463.0;-6.78265;-38.7179
230580.0;23;Nordeste;CE;Ipu;41964.0;-4.31748;-40.7059
230590.0;23;Nordeste;CE;Ipueiras;38166.0;-4.53802;-40.7118
230600.0;23;Nordeste;CE;Iracema;14297.0;-5.8124;-38.2919
230610.0;23;Nordeste;CE;Irauçuba;24156.0;-3.74737;-39.7843
230620.0;23;Nordeste;CE;Itaiçaba;7827.0;-4.67146;-37.833
230625.0;23;Nordeste;CE;Itaitinga;37980.0;-3.96577;-38.5298
230630.0;23;Nordeste;CE;Itapajé;52675.0;-3.68314;-39.5855
230640.0;23;Nordeste;CE;Itapipoca;129358.0;-3.49933;-39.5836
230650.0;23;Nordeste;CE;Itapiúna;20382.0;-4.55516;-38.9281
230655.0;23;Nordeste;CE;Itarema;41826.0;-2.9248;-39.9167
230660.0;23;Nordeste;CE;Itatira;21647.0;-4.52608;-39.6202
230670.0;23;Nordeste;CE;Jaguaretama;18162.0;-5.6051;-38.7639
230680.0;23;Nordeste;CE;Jaguaribara;11401.0;-5.67765;-38.5359
230690.0;23;Nordeste;CE;Jaguaribe;34682.0;-5.90213;-38.6227
230700.0;23;Nordeste;CE;Jaguaruana;33705.0;-4.83151;-37.781
230710.0;23;Nordeste;CE;Jardim;27174.0;-7.57599;-39.2826
230720.0;23;Nordeste;CE;Jati;8111.0;-7.6797;-39.0029
230725.0;23;Nordeste;CE;Jijoca de Jericoacoara;19816.0;-2.79331;-40.5127
230730.0;23;Nordeste;CE;Juazeiro do Norte;274207.0;-7.19621;-39.3076
230740.0;23;Nordeste;CE;Jucás;24833.0;-6.51523;-39.5187
230750.0;23;Nordeste;CE;Lavras da Mangabeira;31508.0;-6.7448;-38.9706
230760.0;23;Nordeste;CE;Limoeiro do Norte;59540.0;-5.14392;-38.0847
230763.0;23;Nordeste;CE;Madalena;19691.0;-4.84601;-39.5725
230765.0;23;Nordeste;CE;Maracanaú;227886.0;-3.86699;-38.6259
230770.0;23;Nordeste;CE;Maranguape;128978.0;-3.89143;-38.6829
230780.0;23;Nordeste;CE;Marco;27361.0;-3.1285;-40.1582
230790.0;23;Nordeste;CE;Martinópole;11233.0;-3.2252;-40.6896
230800.0;23;Nordeste;CE;Massapê;38737.0;-3.52364;-40.3423
230810.0;23;Nordeste;CE;Mauriti;47962.0;-7.38597;-38.7708
230820.0;23;Nordeste;CE;Meruoca;15057.0;-3.53974;-40.4531
230830.0;23;Nordeste;CE;Milagres;27512.0;-7.29749;-38.9378
230835.0;23;Nordeste;CE;Milhã;13155.0;-5.67252;-39.1875
230837.0;23;Nordeste;CE;Miraíma;13818.0;-3.56867;-39.9663
230840.0;23;Nordeste;CE;Missão Velha;35393.0;-7.23522;-39.143
230850.0;23;Nordeste;CE;Mombaça;43797.0;-5.73844;-39.63
230860.0;23;Nordeste;CE;Monsenhor Tabosa;17234.0;-4.79102;-40.0646
230870.0;23;Nordeste;CE;Morada Nova;61890.0;-5.09736;-38.3702
230880.0;23;Nordeste;CE;Moraújo;8724.0;-3.46311;-40.6776
230890.0;23;Nordeste;CE;Morrinhos;22534.0;-3.23426;-40.1233
230900.0;23;Nordeste;CE;Mucambo;14537.0;-3.90271;-40.7452
230910.0;23;Nordeste;CE;Mulungu;10823.0;-4.30294;-38.9951
230920.0;23;Nordeste;CE;Nova Olinda;15565.0;-7.08415;-39.6713
230930.0;23;Nordeste;CE;Nova Russas;32328.0;-4.70581;-40.5621
230940.0;23;Nordeste;CE;Novo Oriente;28607.0;-5.52552;-40.7713
230945.0;23;Nordeste;CE;Ocara;25703.0;-4.48523;-38.5933
230950.0;23;Nordeste;CE;Orós;21427.0;-6.25182;-38.9053
230960.0;23;Nordeste;CE;Pacajus;72203.0;-4.17107;-38.465
230970.0;23;Nordeste;CE;Pacatuba;83432.0;-3.9784;-38.6183
230980.0;23;Nordeste;CE;Pacoti;12261.0;-4.22492;-38.922
230990.0;23;Nordeste;CE;Pacujá;6533.0;-3.98327;-40.6989
231000.0;23;Nordeste;CE;Palhano;9386.0;-4.73672;-37.9655
231010.0;23;Nordeste;CE;Palmácia;13322.0;-4.13831;-38.8446
231020.0;23;Nordeste;CE;Paracuru;35076.0;-3.41436;-39.03
231025.0;23;Nordeste;CE;Paraipaba;32744.0;-3.43799;-39.1479
231030.0;23;Nordeste;CE;Parambu;31521.0;-6.20768;-40.6905
231040.0;23;Nordeste;CE;Paramoti;12226.0;-4.08815;-39.2417
231050.0;23;Nordeste;CE;Pedra Branca;43258.0;-5.45341;-39.7078
231060.0;23;Nordeste;CE;Penaforte;9077.0;-7.82163;-39.0707
231070.0;23;Nordeste;CE;Pentecoste;37751.0;-3.79274;-39.2692
231080.0;23;Nordeste;CE;Pereiro;16307.0;-6.03576;-38.4624
231085.0;23;Nordeste;CE;Pindoretama;20567.0;-4.01584;-38.3061
231090.0;23;Nordeste;CE;Piquet Carneiro;16959.0;-5.80025;-39.417
231095.0;23;Nordeste;CE;Pires Ferreira;10951.0;-4.23922;-40.6442
231100.0;23;Nordeste;CE;Poranga;12336.0;-4.74672;-40.9205
231110.0;23;Nordeste;CE;Porteiras;14996.0;-7.52265;-39.114
231120.0;23;Nordeste;CE;Potengi;11045.0;-7.09154;-40.0233
231123.0;23;Nordeste;CE;Potiretama;6419.0;-5.71287;-38.1578
231126.0;23;Nordeste;CE;Quiterianópolis;21084.0;-5.8425;-40.7002
231130.0;23;Nordeste;CE;Quixadá;87728.0;-4.9663;-39.0155
231135.0;23;Nordeste;CE;Quixelô;16178.0;-6.24637;-39.2011
231140.0;23;Nordeste;CE;Quixeramobim;81082.0;-5.19067;-39.2889
231150.0;23;Nordeste;CE;Quixeré;22149.0;-5.07148;-37.9802
231160.0;23;Nordeste;CE;Redenção;29053.0;-4.21587;-38.7277
231170.0;23;Nordeste;CE;Reriutaba;18491.0;-4.14191;-40.5759
231180.0;23;Nordeste;CE;Russas;78194.0;-4.92673;-37.9721
231190.0;23;Nordeste;CE;Saboeiro;15819.0;-6.5346;-39.9017
231195.0;23;Nordeste;CE;Salitre;16554.0;-7.28398;-40.45
231200.0;23;Nordeste;CE;Santana do Acaraú;32452.0;-3.46144;-40.2118
231210.0;23;Nordeste;CE;Santana do Cariri;17700.0;-7.17613;-39.7302
231220.0;23;Nordeste;CE;Santa Quitéria;43703.0;-4.32608;-40.1523
231230.0;23;Nordeste;CE;São Benedito;47903.0;-4.04713;-40.8596
231240.0;23;Nordeste;CE;São Gonçalo do Amarante;48422.0;-3.60515;-38.9726
231250.0;23;Nordeste;CE;São João do Jaguaribe;7645.0;-5.27516;-38.2694
231260.0;23;Nordeste;CE;São Luís do Curu;13000.0;-3.66976;-39.2391
231270.0;23;Nordeste;CE;Senador Pompeu;25496.0;-5.58244;-39.3704
231280.0;23;Nordeste;CE;Senador Sá;7623.0;-3.35305;-40.4662
231290.0;23;Nordeste;CE;Sobral;208935.0;-3.68913;-40.3482
231300.0;23;Nordeste;CE;Solonópole;18324.0;-5.71894;-39.0107
231310.0;23;Nordeste;CE;Tabuleiro do Norte;30697.0;-5.24353;-38.1282
231320.0;23;Nordeste;CE;Tamboril;26251.0;-4.83136;-40.3196
231325.0;23;Nordeste;CE;Tarrafas;8592.0;-6.67838;-39.753
231330.0;23;Nordeste;CE;Tauá;58859.0;-5.98585;-40.2968
231335.0;23;Nordeste;CE;Tejuçuoca;19187.0;-3.98831;-39.5799
231340.0;23;Nordeste;CE;Tianguá;75946.0;-3.72965;-40.9923
231350.0;23;Nordeste;CE;Trairi;55918.0;-3.26932;-39.2681
231355.0;23;Nordeste;CE;Tururu;16271.0;-3.58413;-39.4297
231360.0;23;Nordeste;CE;Ubajara;34792.0;-3.85448;-40.9204
231370.0;23;Nordeste;CE;Umari;7733.0;-6.63893;-38.7008
231375.0;23;Nordeste;CE;Umirim;19825.0;-3.67654;-39.3465
231380.0;23;Nordeste;CE;Uruburetama;21850.0;-3.62316;-39.5107
231390.0;23;Nordeste;CE;Uruoca;13840.0;-3.30819;-40.5628
231395.0;23;Nordeste;CE;Varjota;18420.0;-4.19387;-40.4741
231400.0;23;Nordeste;CE;Várzea Alegre;40721.0;-6.78264;-39.2942
231410.0;23;Nordeste;CE;Viçosa do Ceará;60889.0;-3.5667;-41.0916
240000.0;24;Nordeste;RN;;;;
240010.0;24;Nordeste;RN;Acari;11136.0;-6.4282;-36.6347
240020.0;24;Nordeste;RN;Açu;58017.0;-5.58362;-36.914
240030.0;24;Nordeste;RN;Afonso Bezerra;11035.0;-5.49229;-36.5075
240040.0;24;Nordeste;RN;Água Nova;3252.0;-6.20351;-38.2941
240050.0;24;Nordeste;RN;Alexandria;13577.0;-6.40533;-38.0142
240060.0;24;Nordeste;RN;Almino Afonso;4735.0;-6.1475;-37.7636
240070.0;24;Nordeste;RN;Alto do Rodrigues;14529.0;-5.28186;-36.75
240080.0;24;Nordeste;RN;Angicos;11714.0;-5.65792;-36.6094
240090.0;24;Nordeste;RN;Antônio Martins;7145.0;-6.21367;-37.8834
240100.0;24;Nordeste;RN;Apodi;35845.0;-5.65349;-37.7946
240110.0;24;Nordeste;RN;Areia Branca;27774.0;-4.95254;-37.1252
240120.0;24;Nordeste;RN;Arês;14306.0;-6.18831;-35.1608
240130.0;24;Nordeste;RN;Campo Grande;9655.0;-5.86206;-37.3135
240140.0;24;Nordeste;RN;Baía Formosa;9271.0;-6.37161;-35.0033
240145.0;24;Nordeste;RN;Baraúna;28374.0;-5.06977;-37.6129
240150.0;24;Nordeste;RN;Barcelona;3998.0;-5.94284;-35.9247
240160.0;24;Nordeste;RN;Bento Fernandes;5497.0;-5.69906;-35.813
240165.0;24;Nordeste;RN;Bodó;2223.0;-5.98027;-36.4167
240170.0;24;Nordeste;RN;Bom Jesus;10210.0;-5.98648;-35.5792
240180.0;24;Nordeste;RN;Brejinho;12699.0;-6.18566;-35.3591
240185.0;24;Nordeste;RN;Caiçara do Norte;6549.0;-5.07091;-36.0717
240190.0;24;Nordeste;RN;Caiçara do Rio do Vento;3684.0;-5.76541;-35.9938
240200.0;24;Nordeste;RN;Caicó;67952.0;-6.45441;-37.1067
240210.0;24;Nordeste;RN;Campo Redondo;11217.0;-6.23829;-36.1888
240220.0;24;Nordeste;RN;Canguaretama;34276.0;-6.37193;-35.1281
240230.0;24;Nordeste;RN;Caraúbas;20493.0;-5.78387;-37.5586
240240.0;24;Nordeste;RN;Carnaúba dos Dantas;8180.0;-6.55015;-36.5868
240250.0;24;Nordeste;RN;Carnaubais;10759.0;-5.34181;-36.8335
240260.0;24;Nordeste;RN;Ceará-Mirim;73497.0;-5.64323;-35.4247
240270.0;24;Nordeste;RN;Cerro Corá;11179.0;-6.03503;-36.3503
240280.0;24;Nordeste;RN;Coronel Ezequiel;5506.0;-6.3748;-36.2223
240290.0;24;Nordeste;RN;Coronel João Pessoa;4912.0;-6.24974;-38.4441
240300.0;24;Nordeste;RN;Cruzeta;7998.0;-6.40894;-36.7782
240310.0;24;Nordeste;RN;Currais Novos;44786.0;-6.25484;-36.5146
240320.0;24;Nordeste;RN;Doutor Severiano;7076.0;-6.08082;-38.3794
240325.0;24;Nordeste;RN;Parnamirim;261469.0;-5.91116;-35.271
240330.0;24;Nordeste;RN;Encanto;5638.0;-6.10691;-38.3033
240340.0;24;Nordeste;RN;Equador;6045.0;-6.93835;-36.717
240350.0;24;Nordeste;RN;Espírito Santo;10505.0;-6.33563;-35.3052
240360.0;24;Nordeste;RN;Extremoz;28583.0;-5.70143;-35.3048
240370.0;24;Nordeste;RN;Felipe Guerra;5985.0;-5.59274;-37.6875
240375.0;24;Nordeste;RN;Fernando Pedroza;3054.0;-5.69096;-36.5282
240380.0;24;Nordeste;RN;Florânia;9116.0;-6.12264;-36.8226
240390.0;24;Nordeste;RN;Francisco Dantas;2824.0;-6.07234;-38.1212
240400.0;24;Nordeste;RN;Frutuoso Gomes;4068.0;-6.15669;-37.8375
240410.0;24;Nordeste;RN;Galinhos;2786.0;-5.0909;-36.2754
240420.0;24;Nordeste;RN;Goianinha;26328.0;-6.26486;-35.1943
240430.0;24;Nordeste;RN;Governador Dix-Sept Rosado;13037.0;-5.44887;-37.5183
240440.0;24;Nordeste;RN;Grossos;10383.0;-4.98068;-37.1621
240450.0;24;Nordeste;RN;Guamaré;15659.0;-5.10619;-36.3222
240460.0;24;Nordeste;RN;Ielmo Marinho;13766.0;-5.82447;-35.55
240470.0;24;Nordeste;RN;Ipanguaçu;15491.0;-5.48984;-36.8501
240480.0;24;Nordeste;RN;Ipueira;2241.0;-6.80596;-37.2045
240485.0;24;Nordeste;RN;Itajá;7548.0;-5.63894;-36.8712
240490.0;24;Nordeste;RN;Itaú;5878.0;-5.8363;-37.9912
240500.0;24;Nordeste;RN;Jaçanã;9133.0;-6.41856;-36.2031
240510.0;24;Nordeste;RN;Jandaíra;6878.0;-5.35211;-36.1278
240520.0;24;Nordeste;RN;Janduís;5268.0;-6.01474;-37.4048
240530.0;24;Nordeste;RN;Januário Cicco;10181.0;-6.16566;-35.6219
240540.0;24;Nordeste;RN;Japi;5055.0;-6.46544;-35.9346
240550.0;24;Nordeste;RN;Jardim de Angicos;2612.0;-5.64999;-35.9713
240560.0;24;Nordeste;RN;Jardim de Piranhas;14837.0;-6.37665;-37.3496
240570.0;24;Nordeste;RN;Jardim do Seridó;12396.0;-6.58047;-36.7736
240580.0;24;Nordeste;RN;João Câmara;34955.0;-5.54094;-35.8122
240590.0;24;Nordeste;RN;João Dias;2654.0;-6.27215;-37.7885
240600.0;24;Nordeste;RN;José da Penha;5951.0;-6.31095;-38.2823
240610.0;24;Nordeste;RN;Jucurutu;18295.0;-6.0306;-37.009
240615.0;24;Nordeste;RN;Jundiá;3898.0;-6.26866;-35.3495
240620.0;24;Nordeste;RN;Lagoa d'Anta;6769.0;-6.39493;-35.5949
240630.0;24;Nordeste;RN;Lagoa de Pedras;7544.0;-6.15082;-35.4299
240640.0;24;Nordeste;RN;Lagoa de Velhos;2732.0;-6.0119;-35.8729
240650.0;24;Nordeste;RN;Lagoa Nova;15614.0;-6.09339;-36.4703
240660.0;24;Nordeste;RN;Lagoa Salgada;8245.0;-6.12295;-35.4724
240670.0;24;Nordeste;RN;Lajes;11277.0;-5.69322;-36.247
240680.0;24;Nordeste;RN;Lajes Pintadas;4759.0;-6.14943;-36.1171
240690.0;24;Nordeste;RN;Lucrécia;3996.0;-6.10525;-37.8134
240700.0;24;Nordeste;RN;Luís Gomes;10116.0;-6.40588;-38.3899
240710.0;24;Nordeste;RN;Macaíba;80792.0;-5.85229;-35.3552
240720.0;24;Nordeste;RN;Macau;31814.0;-5.10795;-36.6318
240725.0;24;Nordeste;RN;Major Sales;4020.0;-6.39949;-38.324
240730.0;24;Nordeste;RN;Marcelino Vieira;8347.0;-6.2846;-38.1642
240740.0;24;Nordeste;RN;Martins;8725.0;-6.08279;-37.908
240750.0;24;Nordeste;RN;Maxaranguape;12371.0;-5.52181;-35.2631
240760.0;24;Nordeste;RN;Messias Targino;4601.0;-6.07194;-37.5158
240770.0;24;Nordeste;RN;Montanhas;11251.0;-6.48522;-35.2842
240780.0;24;Nordeste;RN;Monte Alegre;22451.0;-6.07063;-35.3253
240790.0;24;Nordeste;RN;Monte das Gameleiras;2105.0;-6.43698;-35.7831
240800.0;24;Nordeste;RN;Mossoró;297378.0;-5.18374;-37.3474
240810.0;24;Nordeste;RN;Natal;884122.0;-5.79357;-35.1986
240820.0;24;Nordeste;RN;Nísia Floresta;27602.0;-6.09329;-35.1991
240830.0;24;Nordeste;RN;Nova Cruz;37343.0;-6.47511;-35.4286
240840.0;24;Nordeste;RN;Olho d'Água do Borges;4258.0;-5.9486;-37.7047
240850.0;24;Nordeste;RN;Ouro Branco;4812.0;-6.6958;-36.9428
240860.0;24;Nordeste;RN;Paraná;4254.0;-6.47565;-38.3057
240870.0;24;Nordeste;RN;Paraú;3768.0;-5.76893;-37.1032
240880.0;24;Nordeste;RN;Parazinho;5237.0;-5.22276;-35.8398
240890.0;24;Nordeste;RN;Parelhas;21477.0;-6.68491;-36.6566
240895.0;24;Nordeste;RN;Rio do Fogo;10848.0;-5.2765;-35.3794
240910.0;24;Nordeste;RN;Passa e Fica;13277.0;-6.43018;-35.6442
240920.0;24;Nordeste;RN;Passagem;3089.0;-6.27268;-35.37
240930.0;24;Nordeste;RN;Patu;12755.0;-6.10656;-37.6356
240933.0;24;Nordeste;RN;Santa Maria;5551.0;-5.83802;-35.6914
240940.0;24;Nordeste;RN;Pau dos Ferros;30394.0;-6.10498;-38.2077
240950.0;24;Nordeste;RN;Pedra Grande;3237.0;-5.14988;-35.876
240960.0;24;Nordeste;RN;Pedra Preta;2458.0;-5.57352;-36.1084
240970.0;24;Nordeste;RN;Pedro Avelino;6716.0;-5.5161;-36.3867
240980.0;24;Nordeste;RN;Pedro Velho;14806.0;-6.4356;-35.2195
240990.0;24;Nordeste;RN;Pendências;15129.0;-5.2564;-36.7095
241000.0;24;Nordeste;RN;Pilões;3838.0;-6.26364;-38.0461
241010.0;24;Nordeste;RN;Poço Branco;15413.0;-5.62233;-35.6635
241020.0;24;Nordeste;RN;Portalegre;7867.0;-6.02064;-37.9865
241025.0;24;Nordeste;RN;Porto do Mangue;6437.0;-5.05441;-36.7887
241030.0;24;Nordeste;RN;Serra Caiada;10395.0;-6.10478;-35.7113
241040.0;24;Nordeste;RN;Pureza;9621.0;-5.46393;-35.5554
241050.0;24;Nordeste;RN;Rafael Fernandes;5098.0;-6.18987;-38.2211
241060.0;24;Nordeste;RN;Rafael Godeiro;3201.0;-6.07244;-37.716
241070.0;24;Nordeste;RN;Riacho da Cruz;3579.0;-5.92654;-37.949
241080.0;24;Nordeste;RN;Riacho de Santana;4204.0;-6.25139;-38.3116
241090.0;24;Nordeste;RN;Riachuelo;8128.0;-5.82156;-35.8215
241100.0;24;Nordeste;RN;Rodolfo Fernandes;4467.0;-5.78393;-38.0579
241105.0;24;Nordeste;RN;Tibau;4106.0;-4.83729;-37.2554
241110.0;24;Nordeste;RN;Ruy Barbosa;3600.0;-5.88745;-35.933
241120.0;24;Nordeste;RN;Santa Cruz;39674.0;-6.22475;-36.0193
241140.0;24;Nordeste;RN;Santana do Matos;12791.0;-5.94605;-36.6578
241142.0;24;Nordeste;RN;Santana do Seridó;2680.0;-6.76643;-36.7312
241150.0;24;Nordeste;RN;Santo Antônio;24136.0;-6.31195;-35.4739
241160.0;24;Nordeste;RN;São Bento do Norte;2747.0;-5.09259;-35.9587
241170.0;24;Nordeste;RN;São Bento do Trairí;4449.0;-6.33798;-36.0863
241180.0;24;Nordeste;RN;São Fernando;3584.0;-6.37975;-37.1864
241190.0;24;Nordeste;RN;São Francisco do Oeste;4228.0;-5.97472;-38.1519
241200.0;24;Nordeste;RN;São Gonçalo do Amarante;102400.0;-5.79068;-35.3257
241210.0;24;Nordeste;RN;São João do Sabugi;6193.0;-6.71387;-37.2027
241220.0;24;Nordeste;RN;São José de Mipibu;43899.0;-6.0773;-35.2417
241230.0;24;Nordeste;RN;São José do Campestre;12856.0;-6.31087;-35.7067
241240.0;24;Nordeste;RN;São José do Seridó;4634.0;-6.44002;-36.8746
241250.0;24;Nordeste;RN;São Miguel;23519.0;-6.20283;-38.4947
241255.0;24;Nordeste;RN;São Miguel do Gostoso;10282.0;-5.12302;-35.6354
241260.0;24;Nordeste;RN;São Paulo do Potengi;17579.0;-5.8994;-35.7642
241270.0;24;Nordeste;RN;São Pedro;5971.0;-5.90559;-35.6317
241280.0;24;Nordeste;RN;São Rafael;8202.0;-5.79791;-36.8778
241290.0;24;Nordeste;RN;São Tomé;11055.0;-5.96404;-36.0798
241300.0;24;Nordeste;RN;São Vicente;6424.0;-6.21893;-36.6827
241310.0;24;Nordeste;RN;Senador Elói de Souza;6086.0;-6.03334;-35.6978
241320.0;24;Nordeste;RN;Senador Georgino Avelino;4440.0;-6.1576;-35.1299
241330.0;24;Nordeste;RN;Serra de São Bento;5762.0;-6.41762;-35.7033
241335.0;24;Nordeste;RN;Serra do Mel;11938.0;-5.17725;-37.0242
241340.0;24;Nordeste;RN;Serra Negra do Norte;8078.0;-6.66031;-37.3996
241350.0;24;Nordeste;RN;Serrinha;6229.0;-6.28181;-35.5
241355.0;24;Nordeste;RN;Serrinha dos Pintos;4800.0;-6.11087;-37.9548
241360.0;24;Nordeste;RN;Severiano Melo;2440.0;-5.77666;-37.957
241370.0;24;Nordeste;RN;Sítio Novo;5522.0;-6.11132;-35.909
241380.0;24;Nordeste;RN;Taboleiro Grande;2566.0;-5.91948;-38.0367
241390.0;24;Nordeste;RN;Taipu;12279.0;-5.63058;-35.5918
241400.0;24;Nordeste;RN;Tangará;15727.0;-6.19649;-35.7989
241410.0;24;Nordeste;RN;Tenente Ananias;10786.0;-6.45823;-38.182
241415.0;24;Nordeste;RN;Tenente Laurentino Cruz;5952.0;-6.1378;-36.7135
241420.0;24;Nordeste;RN;Tibau do Sul;14180.0;-6.19176;-35.0866
241430.0;24;Nordeste;RN;Timbaúba dos Batistas;2414.0;-6.45768;-37.2745
241440.0;24;Nordeste;RN;Touros;33287.0;-5.20182;-35.4621
241445.0;24;Nordeste;RN;Triunfo Potiguar;3237.0;-5.85408;-37.1786
241450.0;24;Nordeste;RN;Umarizal;10555.0;-5.98238;-37.818
241460.0;24;Nordeste;RN;Upanema;14659.0;-5.63761;-37.2635
241470.0;24;Nordeste;RN;Várzea;5500.0;-6.34641;-35.3732
241475.0;24;Nordeste;RN;Venha-Ver;4177.0;-6.32016;-38.4896
241480.0;24;Nordeste;RN;Vera Cruz;12481.0;-6.04399;-35.428
241490.0;24;Nordeste;RN;Viçosa;1718.0;-5.98253;-37.9462
241500.0;24;Nordeste;RN;Vila Flor;3170.0;-6.31287;-35.067
250000.0;25;Nordeste;PB;;;;
250010.0;25;Nordeste;PB;Água Branca;10234.0;-7.51144;-37.6357
250020.0;25;Nordeste;PB;Aguiar;5640.0;-7.0918;-38.1681
250030.0;25;Nordeste;PB;Alagoa Grande;28496.0;-7.03943;-35.6206
250040.0;25;Nordeste;PB;Alagoa Nova;20849.0;-7.05377;-35.7591
250050.0;25;Nordeste;PB;Alagoinha;14489.0;-6.94657;-35.5332
250053.0;25;Nordeste;PB;Alcantil;5492.0;-7.73668;-36.0511
250057.0;25;Nordeste;PB;Algodão de Jandaíra;2567.0;-6.89292;-36.0129
250060.0;25;Nordeste;PB;Alhandra;19588.0;-7.42977;-34.9057
250070.0;25;Nordeste;PB;São João do Rio do Peixe;18034.0;-6.72195;-38.4468
250073.0;25;Nordeste;PB;Amparo;2238.0;-7.55502;-37.0628
250077.0;25;Nordeste;PB;Aparecida;8347.0;-6.78466;-38.0803
250080.0;25;Nordeste;PB;Araçagi;16987.0;-6.84374;-35.3737
250090.0;25;Nordeste;PB;Arara;13470.0;-6.82813;-35.7552
250100.0;25;Nordeste;PB;Araruna;20312.0;-6.54848;-35.7498
250110.0;25;Nordeste;PB;Areia;22819.0;-6.96396;-35.6977
250115.0;25;Nordeste;PB;Areia de Baraúnas;2128.0;-7.11702;-36.9404
250120.0;25;Nordeste;PB;Areial;6998.0;-7.04789;-35.9313
250130.0;25;Nordeste;PB;Aroeiras;19153.0;-7.54473;-35.7066
250135.0;25;Nordeste;PB;Assunção;3990.0;-7.07231;-36.725
250140.0;25;Nordeste;PB;Baía da Traição;8993.0;-6.69209;-34.9381
250150.0;25;Nordeste;PB;Bananeiras;21318.0;-6.74775;-35.6246
250153.0;25;Nordeste;PB;Baraúna;4892.0;-6.63484;-36.2601
250157.0;25;Nordeste;PB;Barra de Santana;8359.0;-7.51809;-35.9913
250160.0;25;Nordeste;PB;Barra de Santa Rosa;15384.0;-6.71816;-36.0671
250170.0;25;Nordeste;PB;Barra de São Miguel;6036.0;-7.74603;-36.3209
250180.0;25;Nordeste;PB;Bayeux;96880.0;-7.1238;-34.9293
250190.0;25;Nordeste;PB;Belém;17676.0;-6.74261;-35.5166
250200.0;25;Nordeste;PB;Belém do Brejo do Cruz;7342.0;-6.18515;-37.5348
250205.0;25;Nordeste;PB;Bernardino Batista;3501.0;-6.44572;-38.5521
250210.0;25;Nordeste;PB;Boa Ventura;5366.0;-7.40982;-38.2113
250215.0;25;Nordeste;PB;Boa Vista;7051.0;-7.26365;-36.2357
250220.0;25;Nordeste;PB;Bom Jesus;2561.0;-6.81601;-38.6453
250230.0;25;Nordeste;PB;Bom Sucesso;4975.0;-6.44176;-37.9234
250240.0;25;Nordeste;PB;Bonito de Santa Fé;11917.0;-7.31341;-38.5133
250250.0;25;Nordeste;PB;Boqueirão;17804.0;-7.487;-36.1309
250260.0;25;Nordeste;PB;Igaracy;6117.0;-7.17184;-38.1478
250270.0;25;Nordeste;PB;Borborema;5263.0;-6.80199;-35.6187
250280.0;25;Nordeste;PB;Brejo do Cruz;14122.0;-6.34185;-37.4943
250290.0;25;Nordeste;PB;Brejo dos Santos;6449.0;-6.37065;-37.8253
250300.0;25;Nordeste;PB;Caaporã;21828.0;-7.51351;-34.9055
250310.0;25;Nordeste;PB;Cabaceiras;5611.0;-7.48899;-36.287
250320.0;25;Nordeste;PB;Cabedelo;67736.0;-6.98731;-34.8284
250330.0;25;Nordeste;PB;Cachoeira dos Índios;10244.0;-6.91353;-38.676
250340.0;25;Nordeste;PB;Cacimba de Areia;3682.0;-7.12128;-37.1563
250350.0;25;Nordeste;PB;Cacimba de Dentro;17187.0;-6.6386;-35.7778
250355.0;25;Nordeste;PB;Cacimbas;7173.0;-7.20721;-37.0604
250360.0;25;Nordeste;PB;Caiçara;7201.0;-6.62115;-35.4581
250370.0;25;Nordeste;PB;Cajazeiras;61993.0;-6.88004;-38.5577
250375.0;25;Nordeste;PB;Cajazeirinhas;3193.0;-6.96016;-37.8009
250380.0;25;Nordeste;PB;Caldas Brandão;6014.0;-7.1025;-35.3272
250390.0;25;Nordeste;PB;Camalaú;6013.0;-7.88503;-36.8242
250400.0;25;Nordeste;PB;Campina Grande;409731.0;-7.22196;-35.8731
250403.0;25;Nordeste;PB;Capim;6523.0;-6.91624;-35.1673
250407.0;25;Nordeste;PB;Caraúbas;4162.0;-7.72049;-36.492
250410.0;25;Nordeste;PB;Carrapateira;2659.0;-7.03414;-38.3399
250415.0;25;Nordeste;PB;Casserengue;7468.0;-6.77954;-35.8179
250420.0;25;Nordeste;PB;Catingueira;4932.0;-7.12008;-37.6064
250430.0;25;Nordeste;PB;Catolé do Rocha;30546.0;-6.34062;-37.747
250435.0;25;Nordeste;PB;Caturité;4852.0;-7.41659;-36.0306
250440.0;25;Nordeste;PB;Conceição;18982.0;-7.55106;-38.5014
250450.0;25;Nordeste;PB;Condado;6654.0;-6.89831;-37.606
250460.0;25;Nordeste;PB;Conde;24670.0;-7.25746;-34.8999
250470.0;25;Nordeste;PB;Congo;4786.0;-7.79078;-36.6581
250480.0;25;Nordeste;PB;Coremas;15445.0;-7.00712;-37.9346
250485.0;25;Nordeste;PB;Coxixola;1921.0;-7.62365;-36.6064
250490.0;25;Nordeste;PB;Cruz do Espírito Santo;17319.0;-7.13902;-35.0857
250500.0;25;Nordeste;PB;Cubati;7797.0;-6.86686;-36.3619
250510.0;25;Nordeste;PB;Cuité;20338.0;-6.47647;-36.1515
250520.0;25;Nordeste;PB;Cuitegi;6803.0;-6.89058;-35.5215
250523.0;25;Nordeste;PB;Cuité de Mamanguape;6353.0;-6.91292;-35.2502
250527.0;25;Nordeste;PB;Curral de Cima;5227.0;-6.72325;-35.2639
250530.0;25;Nordeste;PB;Curral Velho;2516.0;-7.53075;-38.1962
250535.0;25;Nordeste;PB;Damião;5330.0;-6.63161;-35.9101
250540.0;25;Nordeste;PB;Desterro;8297.0;-7.287;-37.0925
250550.0;25;Nordeste;PB;Vista Serrana;3798.0;-6.7303;-37.5704
250560.0;25;Nordeste;PB;Diamante;6552.0;-7.41738;-38.2615
250570.0;25;Nordeste;PB;Dona Inês;10453.0;-6.61566;-35.6205
250580.0;25;Nordeste;PB;Duas Estradas;3596.0;-6.68499;-35.418
250590.0;25;Nordeste;PB;Emas;3522.0;-7.09964;-37.7163
250600.0;25;Nordeste;PB;Esperança;33007.0;-7.02278;-35.8597
250610.0;25;Nordeste;PB;Fagundes;11253.0;-7.34454;-35.7931
250620.0;25;Nordeste;PB;Frei Martinho;2989.0;-6.39759;-36.4526
250625.0;25;Nordeste;PB;Gado Bravo;8316.0;-7.58279;-35.7899
250630.0;25;Nordeste;PB;Guarabira;58833.0;-6.85064;-35.485
250640.0;25;Nordeste;PB;Gurinhém;14129.0;-7.1233;-35.4222
250650.0;25;Nordeste;PB;Gurjão;3428.0;-7.24833;-36.4923
250660.0;25;Nordeste;PB;Ibiara;5929.0;-7.47957;-38.4059
250670.0;25;Nordeste;PB;Imaculada;11819.0;-7.3889;-37.5079
250680.0;25;Nordeste;PB;Ingá;18103.0;-7.28144;-35.605
250690.0;25;Nordeste;PB;Itabaiana;24477.0;-7.33167;-35.3317
250700.0;25;Nordeste;PB;Itaporanga;24692.0;-7.30202;-38.1504
250710.0;25;Nordeste;PB;Itapororoca;18664.0;-6.82374;-35.2406
250720.0;25;Nordeste;PB;Itatuba;10962.0;-7.38115;-35.638
250730.0;25;Nordeste;PB;Jacaraú;14431.0;-6.61453;-35.289
250740.0;25;Nordeste;PB;Jericó;7739.0;-6.54577;-37.8036
250750.0;25;Nordeste;PB;João Pessoa;809015.0;-7.11509;-34.8641
250760.0;25;Nordeste;PB;Juarez Távora;7936.0;-7.1713;-35.5686
250770.0;25;Nordeste;PB;Juazeirinho;18171.0;-7.06092;-36.5793
250780.0;25;Nordeste;PB;Junco do Seridó;7150.0;-6.99269;-36.7166
250790.0;25;Nordeste;PB;Juripiranga;10756.0;-7.36176;-35.2321
250800.0;25;Nordeste;PB;Juru;9867.0;-7.52983;-37.815
250810.0;25;Nordeste;PB;Lagoa;4666.0;-6.58572;-37.9127
250820.0;25;Nordeste;PB;Lagoa de Dentro;7719.0;-6.67213;-35.3706
250830.0;25;Nordeste;PB;Lagoa Seca;27503.0;-7.15535;-35.8491
250840.0;25;Nordeste;PB;Lastro;2737.0;-6.50603;-38.1742
250850.0;25;Nordeste;PB;Livramento;7256.0;-7.37113;-36.9491
250855.0;25;Nordeste;PB;Logradouro;4332.0;-6.61191;-35.4384
250860.0;25;Nordeste;PB;Lucena;13080.0;-6.90258;-34.8748
250870.0;25;Nordeste;PB;Mãe d'Água;4009.0;-7.25201;-37.4322
250880.0;25;Nordeste;PB;Malta;5759.0;-6.89719;-37.5221
250890.0;25;Nordeste;PB;Mamanguape;44882.0;-6.8337;-35.1213
250900.0;25;Nordeste;PB;Manaíra;10955.0;-7.70331;-38.1523
250905.0;25;Nordeste;PB;Marcação;8558.0;-6.76535;-35.0087
250910.0;25;Nordeste;PB;Mari;21837.0;-7.05942;-35.318
250915.0;25;Nordeste;PB;Marizópolis;6617.0;-6.82748;-38.3528
250920.0;25;Nordeste;PB;Massaranduba;13918.0;-7.18995;-35.7848
250930.0;25;Nordeste;PB;Mataraca;8434.0;-6.59673;-35.0531
250933.0;25;Nordeste;PB;Matinhas;4500.0;-7.12486;-35.7669
250937.0;25;Nordeste;PB;Mato Grosso;2908.0;-6.54018;-37.7279
250939.0;25;Nordeste;PB;Maturéia;6569.0;-7.26188;-37.351
250940.0;25;Nordeste;PB;Mogeiro;13284.0;-7.28517;-35.4832
250950.0;25;Nordeste;PB;Montadas;5669.0;-7.08848;-35.9592
250960.0;25;Nordeste;PB;Monte Horebe;4816.0;-7.20402;-38.5838
250970.0;25;Nordeste;PB;Monteiro;33222.0;-7.88363;-37.1184
250980.0;25;Nordeste;PB;Mulungu;9902.0;-7.02525;-35.46
250990.0;25;Nordeste;PB;Natuba;10454.0;-7.63514;-35.5586
251000.0;25;Nordeste;PB;Nazarezinho;7301.0;-6.9114;-38.322
251010.0;25;Nordeste;PB;Nova Floresta;10638.0;-6.45056;-36.2057
251020.0;25;Nordeste;PB;Nova Olinda;5949.0;-7.47232;-38.0382
251030.0;25;Nordeste;PB;Nova Palmeira;4906.0;-6.67122;-36.422
251040.0;25;Nordeste;PB;Olho d'Água;6526.0;-7.22118;-37.7406
251050.0;25;Nordeste;PB;Olivedos;3932.0;-6.98434;-36.241
251060.0;25;Nordeste;PB;Ouro Velho;3039.0;-7.61604;-37.1519
251065.0;25;Nordeste;PB;Parari;1771.0;-7.30975;-36.6522
251070.0;25;Nordeste;PB;Passagem;2419.0;-7.13467;-37.0433
251080.0;25;Nordeste;PB;Patos;107605.0;-7.01743;-37.2747
251090.0;25;Nordeste;PB;Paulista;12347.0;-6.59138;-37.6185
251100.0;25;Nordeste;PB;Pedra Branca;3801.0;-7.42169;-38.0689
251110.0;25;Nordeste;PB;Pedra Lavrada;7843.0;-6.74997;-36.4758
251120.0;25;Nordeste;PB;Pedras de Fogo;28458.0;-7.39107;-35.1065
251130.0;25;Nordeste;PB;Piancó;16075.0;-7.19282;-37.9289
251140.0;25;Nordeste;PB;Picuí;18703.0;-6.50845;-36.3497
251150.0;25;Nordeste;PB;Pilar;11917.0;-7.26403;-35.2523
251160.0;25;Nordeste;PB;Pilões;6635.0;-6.86827;-35.613
251170.0;25;Nordeste;PB;Pilõezinhos;4976.0;-6.84277;-35.531
251180.0;25;Nordeste;PB;Pirpirituba;10579.0;-6.77922;-35.4906
251190.0;25;Nordeste;PB;Pitimbu;19065.0;-7.4664;-34.8151
251200.0;25;Nordeste;PB;Pocinhos;18564.0;-7.06658;-36.0668
251203.0;25;Nordeste;PB;Poço Dantas;3888.0;-6.39876;-38.4909
251207.0;25;Nordeste;PB;Poço de José de Moura;4307.0;-6.56401;-38.5111
251210.0;25;Nordeste;PB;Pombal;32801.0;-6.76606;-37.8003
251220.0;25;Nordeste;PB;Prata;4209.0;-7.68826;-37.0801
251230.0;25;Nordeste;PB;Princesa Isabel;23345.0;-7.73175;-37.9886
251240.0;25;Nordeste;PB;Puxinanã;13680.0;-7.15479;-35.9543
251250.0;25;Nordeste;PB;Queimadas;43967.0;-7.35029;-35.9031
251260.0;25;Nordeste;PB;Quixaba;1956.0;-7.0224;-37.1458
251270.0;25;Nordeste;PB;Remígio;19621.0;-6.94992;-35.8011
251272.0;25;Nordeste;PB;Pedro Régis;6089.0;-6.63323;-35.2966
251274.0;25;Nordeste;PB;Riachão;3588.0;-6.54269;-35.661
251275.0;25;Nordeste;PB;Riachão do Bacamarte;4521.0;-7.25347;-35.6693
251276.0;25;Nordeste;PB;Riachão do Poço;4509.0;-7.14173;-35.2914
251278.0;25;Nordeste;PB;Riacho de Santo Antônio;1948.0;-7.68023;-36.157
251280.0;25;Nordeste;PB;Riacho dos Cavalos;8526.0;-6.44067;-37.6483
251290.0;25;Nordeste;PB;Rio Tinto;24176.0;-6.80383;-35.0776
251300.0;25;Nordeste;PB;Salgadinho;3885.0;-7.10098;-36.8458
251310.0;25;Nordeste;PB;Salgado de São Félix;12140.0;-7.35337;-35.4305
251315.0;25;Nordeste;PB;Santa Cecília;6558.0;-7.7389;-35.8764
251320.0;25;Nordeste;PB;Santa Cruz;6583.0;-6.5237;-38.0617
251330.0;25;Nordeste;PB;Santa Helena;5889.0;-6.7176;-38.6427
251335.0;25;Nordeste;PB;Santa Inês;3595.0;-7.621;-38.554
251340.0;25;Nordeste;PB;Santa Luzia;15382.0;-6.86092;-36.9178
251350.0;25;Nordeste;PB;Santana de Mangueira;5162.0;-7.54705;-38.3236
251360.0;25;Nordeste;PB;Santana dos Garrotes;7031.0;-7.38162;-37.9819
251365.0;25;Nordeste;PB;Joca Claudino;2636.0;-6.48362;-38.4764
251370.0;25;Nordeste;PB;Santa Rita;136586.0;-7.11724;-34.9753
251380.0;25;Nordeste;PB;Santa Teresinha;4573.0;-7.07964;-37.4435
251385.0;25;Nordeste;PB;Santo André;2521.0;-7.22016;-36.6213
251390.0;25;Nordeste;PB;São Bento;34031.0;-6.48529;-37.4488
251392.0;25;Nordeste;PB;São Bentinho;4529.0;-6.88596;-37.7243
251394.0;25;Nordeste;PB;São Domingos do Cariri;2615.0;-7.63273;-36.4374
251396.0;25;Nordeste;PB;São Domingos;3073.0;-6.80313;-37.9488
251398.0;25;Nordeste;PB;São Francisco;3392.0;-6.60773;-38.0968
251400.0;25;Nordeste;PB;São João do Cariri;4199.0;-7.38168;-36.5345
251410.0;25;Nordeste;PB;São João do Tigre;4422.0;-8.07703;-36.8547
251420.0;25;Nordeste;PB;São José da Lagoa Tapada;7630.0;-6.93646;-38.1622
251430.0;25;Nordeste;PB;São José de Caiana;6359.0;-7.24636;-38.2989
251440.0;25;Nordeste;PB;São José de Espinharas;4682.0;-6.83974;-37.3214
251445.0;25;Nordeste;PB;São José dos Ramos;5957.0;-7.25238;-35.3725
251450.0;25;Nordeste;PB;São José de Piranhas;20251.0;-7.1187;-38.502
251455.0;25;Nordeste;PB;São José de Princesa;4003.0;-7.73633;-38.0894
251460.0;25;Nordeste;PB;São José do Bonfim;3557.0;-7.1607;-37.3036
251465.0;25;Nordeste;PB;São José do Brejo do Cruz;1801.0;-6.21054;-37.3601
251470.0;25;Nordeste;PB;São José do Sabugi;4141.0;-6.76295;-36.7972
251480.0;25;Nordeste;PB;São José dos Cordeiros;3628.0;-7.38775;-36.8085
251490.0;25;Nordeste;PB;São Mamede;7724.0;-6.92386;-37.0954
251500.0;25;Nordeste;PB;São Miguel de Taipu;7368.0;-7.24764;-35.2016
251510.0;25;Nordeste;PB;São Sebastião de Lagoa de Roça;11661.0;-7.11034;-35.8678
251520.0;25;Nordeste;PB;São Sebastião do Umbuzeiro;3489.0;-8.15289;-37.0138
251530.0;25;Nordeste;PB;Sapé;52625.0;-7.09359;-35.228
251540.0;25;Nordeste;PB;São Vicente do Seridó;10775.0;-6.85426;-36.4122
251550.0;25;Nordeste;PB;Serra Branca;13699.0;-7.48034;-36.666
251560.0;25;Nordeste;PB;Serra da Raiz;3148.0;-6.68527;-35.4379
251570.0;25;Nordeste;PB;Serra Grande;2909.0;-7.20957;-38.3647
251580.0;25;Nordeste;PB;Serra Redonda;7041.0;-7.18622;-35.6842
251590.0;25;Nordeste;PB;Serraria;6099.0;-6.81569;-35.6282
251593.0;25;Nordeste;PB;Sertãozinho;5024.0;-6.75127;-35.4372
251597.0;25;Nordeste;PB;Sobrado;7783.0;-7.14429;-35.2357
251600.0;25;Nordeste;PB;Solânea;26407.0;-6.75161;-35.6636
251610.0;25;Nordeste;PB;Soledade;14989.0;-7.05829;-36.3668
251615.0;25;Nordeste;PB;Sossêgo;3555.0;-6.77067;-36.2538
251620.0;25;Nordeste;PB;Sousa;69444.0;-6.75148;-38.2311
251630.0;25;Nordeste;PB;Sumé;16966.0;-7.66206;-36.884
251640.0;25;Nordeste;PB;Tacima;10911.0;-6.48759;-35.6367
251650.0;25;Nordeste;PB;Taperoá;15376.0;-7.20629;-36.8245
251660.0;25;Nordeste;PB;Tavares;14726.0;-7.62697;-37.8712
251670.0;25;Nordeste;PB;Teixeira;15161.0;-7.22104;-37.2525
251675.0;25;Nordeste;PB;Tenório;3058.0;-6.93855;-36.6273
251680.0;25;Nordeste;PB;Triunfo;9455.0;-6.5713;-38.5986
251690.0;25;Nordeste;PB;Uiraúna;15242.0;-6.51504;-38.4128
251700.0;25;Nordeste;PB;Umbuzeiro;9907.0;-7.69199;-35.6582
251710.0;25;Nordeste;PB;Várzea;2810.0;-6.76189;-36.9913
251720.0;25;Nordeste;PB;Vieirópolis;5348.0;-6.50684;-38.2567
251740.0;25;Nordeste;PB;Zabelê;2240.0;-8.07901;-37.1057
260000.0;26;Nordeste;PE;;;;
260005.0;26;Nordeste;PE;Abreu e Lima;99990.0;-7.90072;-34.8984
260010.0;26;Nordeste;PE;Afogados da Ingazeira;37259.0;-7.74312;-37.631
260020.0;26;Nordeste;PE;Afrânio;19635.0;-8.51136;-41.0095
260030.0;26;Nordeste;PE;Agrestina;24885.0;-8.45966;-35.9447
260040.0;26;Nordeste;PE;Água Preta;36771.0;-8.70609;-35.5263
260050.0;26;Nordeste;PE;Águas Belas;43443.0;-9.11125;-37.1226
260060.0;26;Nordeste;PE;Alagoinha;14636.0;-8.4665;-36.7788
260070.0;26;Nordeste;PE;Aliança;38386.0;-7.60398;-35.2227
260080.0;26;Nordeste;PE;Altinho;22972.0;-8.48482;-36.0644
260090.0;26;Nordeste;PE;Amaraji;22829.0;-8.37691;-35.4501
260100.0;26;Nordeste;PE;Angelim;11150.0;-8.88429;-36.2902
260105.0;26;Nordeste;PE;Araçoiaba;20524.0;-7.78391;-35.0809
260110.0;26;Nordeste;PE;Araripina;84418.0;-7.57073;-40.494
260120.0;26;Nordeste;PE;Arcoverde;74338.0;-8.41519;-37.0577
260130.0;26;Nordeste;PE;Barra de Guabiraba;14385.0;-8.42075;-35.6585
260140.0;26;Nordeste;PE;Barreiros;42659.0;-8.81605;-35.1832
260150.0;26;Nordeste;PE;Belém de Maria;12073.0;-8.62504;-35.8335
260160.0;26;Nordeste;PE;Belém do São Francisco;20729.0;-8.75046;-38.9623
260170.0;26;Nordeste;PE;Belo Jardim;76439.0;-8.3313;-36.4258
260180.0;26;Nordeste;PE;Betânia;12719.0;-8.26787;-38.0345
260190.0;26;Nordeste;PE;Bezerros;60798.0;-8.2328;-35.796
260200.0;26;Nordeste;PE;Bodocó;38146.0;-7.77759;-39.9338
260210.0;26;Nordeste;PE;Bom Conselho;48554.0;-9.16919;-36.6857
260220.0;26;Nordeste;PE;Bom Jardim;39184.0;-7.79695;-35.5784
260230.0;26;Nordeste;PE;Bonito;38134.0;-8.47163;-35.7292
260240.0;26;Nordeste;PE;Brejão;8993.0;-9.02915;-36.566
260250.0;26;Nordeste;PE;Brejinho;7487.0;-7.34694;-37.2865
260260.0;26;Nordeste;PE;Brejo da Madre de Deus;50742.0;-8.14933;-36.3741
260270.0;26;Nordeste;PE;Buenos Aires;13155.0;-7.72449;-35.3182
260280.0;26;Nordeste;PE;Buíque;58378.0;-8.61954;-37.1606
260290.0;26;Nordeste;PE;Cabo de Santo Agostinho;207048.0;-8.28218;-35.0253
260300.0;26;Nordeste;PE;Cabrobó;34221.0;-8.50548;-39.3094
260310.0;26;Nordeste;PE;Cachoeirinha;20380.0;-8.48668;-36.2402
260320.0;26;Nordeste;PE;Caetés;28739.0;-8.7803;-36.6268
260330.0;26;Nordeste;PE;Calçado;11053.0;-8.73108;-36.3366
260340.0;26;Nordeste;PE;Calumbi;5750.0;-7.93551;-38.1482
260345.0;26;Nordeste;PE;Camaragibe;157828.0;-8.02351;-34.9782
260350.0;26;Nordeste;PE;Camocim de São Félix;18765.0;-8.35865;-35.7653
260360.0;26;Nordeste;PE;Camutanga;8551.0;-7.40545;-35.2664
260370.0;26;Nordeste;PE;Canhotinho;24804.0;-8.87652;-36.1979
260380.0;26;Nordeste;PE;Capoeiras;20048.0;-8.73423;-36.6306
260390.0;26;Nordeste;PE;Carnaíba;19551.0;-7.79342;-37.7946
260392.0;26;Nordeste;PE;Carnaubeira da Penha;12932.0;-8.31799;-38.7512
260400.0;26;Nordeste;PE;Carpina;83641.0;-7.84566;-35.2514
260410.0;26;Nordeste;PE;Caruaru;361118.0;-8.28455;-35.9699
260415.0;26;Nordeste;PE;Casinhas;14341.0;-7.74084;-35.7206
260420.0;26;Nordeste;PE;Catende;42892.0;-8.67509;-35.7024
260430.0;26;Nordeste;PE;Cedro;11807.0;-7.71179;-39.2367
260440.0;26;Nordeste;PE;Chã de Alegria;13518.0;-8.00679;-35.204
260450.0;26;Nordeste;PE;Chã Grande;21698.0;-8.23827;-35.4571
260460.0;26;Nordeste;PE;Condado;26421.0;-7.58787;-35.0999
260470.0;26;Nordeste;PE;Correntes;18207.0;-9.12117;-36.3244
260480.0;26;Nordeste;PE;Cortês;12578.0;-8.47443;-35.5468
260490.0;26;Nordeste;PE;Cumaru;10906.0;-8.00827;-35.6957
260500.0;26;Nordeste;PE;Cupira;24107.0;-8.62432;-35.9518
260510.0;26;Nordeste;PE;Custódia;37111.0;-8.08546;-37.6443
260515.0;26;Nordeste;PE;Dormentes;18908.0;-8.44116;-40.7662
260520.0;26;Nordeste;PE;Escada;68875.0;-8.35672;-35.2241
260530.0;26;Nordeste;PE;Exu;31825.0;-7.50364;-39.7238
260540.0;26;Nordeste;PE;Feira Nova;22131.0;-7.94704;-35.3801
260545.0;26;Nordeste;PE;Fernando de Noronha;3061.0;-3.8396;-32.4107
260550.0;26;Nordeste;PE;Ferreiros;12123.0;-7.44666;-35.2373
260560.0;26;Nordeste;PE;Flores;22624.0;-7.85842;-37.9715
260570.0;26;Nordeste;PE;Floresta;32873.0;-8.60307;-38.5687
260580.0;26;Nordeste;PE;Frei Miguelinho;15457.0;-7.93918;-35.9113
260590.0;26;Nordeste;PE;Gameleira;31052.0;-8.5798;-35.3846
260600.0;26;Nordeste;PE;Garanhuns;139788.0;-8.88243;-36.4966
260610.0;26;Nordeste;PE;Glória do Goitá;30604.0;-8.00568;-35.2904
260620.0;26;Nordeste;PE;Goiana;79758.0;-7.5606;-34.9959
260630.0;26;Nordeste;PE;Granito;7486.0;-7.70711;-39.615
260640.0;26;Nordeste;PE;Gravatá;84074.0;-8.21118;-35.5675
260650.0;26;Nordeste;PE;Iati;19197.0;-9.04559;-36.8498
260660.0;26;Nordeste;PE;Ibimirim;29235.0;-8.54026;-37.7032
260670.0;26;Nordeste;PE;Ibirajuba;7762.0;-8.57633;-36.1812
260680.0;26;Nordeste;PE;Igarassu;117019.0;-7.82881;-34.9013
260690.0;26;Nordeste;PE;Iguaracy;12228.0;-7.83222;-37.5082
260700.0;26;Nordeste;PE;Inajá;23247.0;-8.90206;-37.8351
260710.0;26;Nordeste;PE;Ingazeira;4548.0;-7.66909;-37.4576
260720.0;26;Nordeste;PE;Ipojuca;96204.0;-8.39303;-35.0609
260730.0;26;Nordeste;PE;Ipubi;30854.0;-7.64505;-40.1476
260740.0;26;Nordeste;PE;Itacuruba;4918.0;-8.82231;-38.6975
260750.0;26;Nordeste;PE;Itaíba;26349.0;-8.94569;-37.4173
260760.0;26;Nordeste;PE;Ilha de Itamaracá;26258.0;-7.74766;-34.8303
260765.0;26;Nordeste;PE;Itambé;36447.0;-7.41403;-35.0963
260770.0;26;Nordeste;PE;Itapetim;13616.0;-7.37178;-37.1863
260775.0;26;Nordeste;PE;Itapissuma;26651.0;-7.76798;-34.8971
260780.0;26;Nordeste;PE;Itaquitinga;16955.0;-7.66373;-35.1002
260790.0;26;Nordeste;PE;Jaboatão dos Guararapes;702298.0;-8.11298;-35.015
260795.0;26;Nordeste;PE;Jaqueira;11656.0;-8.72618;-35.7942
260800.0;26;Nordeste;PE;Jataúba;17150.0;-7.97668;-36.4943
260805.0;26;Nordeste;PE;Jatobá;14796.0;-9.17476;-38.2607
260810.0;26;Nordeste;PE;João Alfredo;33822.0;-7.86565;-35.5787
260820.0;26;Nordeste;PE;Joaquim Nabuco;16023.0;-8.62281;-35.5288
260825.0;26;Nordeste;PE;Jucati;11424.0;-8.70195;-36.4871
260830.0;26;Nordeste;PE;Jupi;14836.0;-8.70904;-36.4126
260840.0;26;Nordeste;PE;Jurema;15378.0;-8.70714;-36.1347
260845.0;26;Nordeste;PE;Lagoa do Carro;18071.0;-7.84383;-35.3108
260850.0;26;Nordeste;PE;Lagoa de Itaenga;21429.0;-7.93005;-35.2874
260860.0;26;Nordeste;PE;Lagoa do Ouro;13145.0;-9.12567;-36.4584
260870.0;26;Nordeste;PE;Lagoa dos Gatos;16290.0;-8.6602;-35.904
260875.0;26;Nordeste;PE;Lagoa Grande;25601.0;-8.99452;-40.2767
260880.0;26;Nordeste;PE;Lajedo;40288.0;-8.65791;-36.3293
260890.0;26;Nordeste;PE;Limoeiro;56250.0;-7.8726;-35.4402
260900.0;26;Nordeste;PE;Macaparana;25376.0;-7.55564;-35.4425
260910.0;26;Nordeste;PE;Machados;16088.0;-7.68827;-35.5114
260915.0;26;Nordeste;PE;Manari;21434.0;-8.9649;-37.6313
260920.0;26;Nordeste;PE;Maraial;11345.0;-8.79062;-35.8266
260930.0;26;Nordeste;PE;Mirandiba;15390.0;-8.12113;-38.7388
260940.0;26;Nordeste;PE;Moreno;62784.0;-8.10871;-35.0835
260950.0;26;Nordeste;PE;Nazaré da Mata;32471.0;-7.74149;-35.2193
260960.0;26;Nordeste;PE;Olinda;392482.0;-8.01017;-34.8545
260970.0;26;Nordeste;PE;Orobó;23884.0;-7.74553;-35.5956
260980.0;26;Nordeste;PE;Orocó;14991.0;-8.61026;-39.6026
260990.0;26;Nordeste;PE;Ouricuri;69459.0;-7.87918;-40.08
261000.0;26;Nordeste;PE;Palmares;63250.0;-8.68423;-35.589
261010.0;26;Nordeste;PE;Palmeirina;7693.0;-9.0109;-36.3242
261020.0;26;Nordeste;PE;Panelas;26474.0;-8.66121;-36.0125
261030.0;26;Nordeste;PE;Paranatama;11523.0;-8.91875;-36.6549
261040.0;26;Nordeste;PE;Parnamirim;22010.0;-8.08729;-39.5795
261050.0;26;Nordeste;PE;Passira;28933.0;-7.9971;-35.5813
261060.0;26;Nordeste;PE;Paudalho;56506.0;-7.90287;-35.1716
261070.0;26;Nordeste;PE;Paulista;331774.0;-7.93401;-34.8684
261080.0;26;Nordeste;PE;Pedra;22617.0;-8.49641;-36.94
261090.0;26;Nordeste;PE;Pesqueira;67395.0;-8.35797;-36.6978
261100.0;26;Nordeste;PE;Petrolândia;36548.0;-9.06863;-38.3027
261110.0;26;Nordeste;PE;Petrolina;349145.0;-9.38866;-40.5027
261120.0;26;Nordeste;PE;Poção;11302.0;-8.18726;-36.7111
261130.0;26;Nordeste;PE;Pombos;27091.0;-8.13982;-35.3967
261140.0;26;Nordeste;PE;Primavera;14966.0;-8.32999;-35.3544
261150.0;26;Nordeste;PE;Quipapá;26037.0;-8.81175;-36.0137
261153.0;26;Nordeste;PE;Quixaba;6813.0;-7.70734;-37.8446
261160.0;26;Nordeste;PE;Recife;1645727.0;-8.04666;-34.8771
261170.0;26;Nordeste;PE;Riacho das Almas;20546.0;-8.13742;-35.8648
261180.0;26;Nordeste;PE;Ribeirão;47415.0;-8.50957;-35.3698
261190.0;26;Nordeste;PE;Rio Formoso;23535.0;-8.6592;-35.1532
261200.0;26;Nordeste;PE;Sairé;9932.0;-8.32864;-35.6967
261210.0;26;Nordeste;PE;Salgadinho;10919.0;-7.9269;-35.6503
261220.0;26;Nordeste;PE;Salgueiro;60930.0;-8.07373;-39.1247
261230.0;26;Nordeste;PE;Saloá;15843.0;-8.9723;-36.691
261240.0;26;Nordeste;PE;Sanharó;26462.0;-8.36097;-36.5696
261245.0;26;Nordeste;PE;Santa Cruz;15398.0;-8.24153;-40.3434
261247.0;26;Nordeste;PE;Santa Cruz da Baixa Verde;12592.0;-7.81339;-38.1476
261250.0;26;Nordeste;PE;Santa Cruz do Capibaribe;107937.0;-7.94802;-36.2061
261255.0;26;Nordeste;PE;Santa Filomena;14477.0;-8.16688;-40.6079
261260.0;26;Nordeste;PE;Santa Maria da Boa Vista;41931.0;-8.79766;-39.8241
261270.0;26;Nordeste;PE;Santa Maria do Cambucá;14137.0;-7.83676;-35.8941
261280.0;26;Nordeste;PE;Santa Terezinha;11815.0;-7.37696;-37.4787
261290.0;26;Nordeste;PE;São Benedito do Sul;15895.0;-8.8166;-35.9453
261300.0;26;Nordeste;PE;São Bento do Una;59504.0;-8.52637;-36.4465
261310.0;26;Nordeste;PE;São Caitano;37245.0;-8.33763;-36.2869
261320.0;26;Nordeste;PE;São João;22793.0;-8.87576;-36.3653
261330.0;26;Nordeste;PE;São Joaquim do Monte;21356.0;-8.43196;-35.8035
261340.0;26;Nordeste;PE;São José da Coroa Grande;21298.0;-8.88937;-35.1515
261350.0;26;Nordeste;PE;São José do Belmonte;33959.0;-7.85723;-38.7577
261360.0;26;Nordeste;PE;São José do Egito;33951.0;-7.46945;-37.274
261370.0;26;Nordeste;PE;São Lourenço da Mata;113230.0;-8.00684;-35.0124
261380.0;26;Nordeste;PE;São Vicente Férrer;18018.0;-7.58969;-35.4808
261390.0;26;Nordeste;PE;Serra Talhada;86350.0;-7.98178;-38.289
261400.0;26;Nordeste;PE;Serrita;19165.0;-7.94041;-39.2951
261410.0;26;Nordeste;PE;Sertânia;35907.0;-8.06847;-37.2684
261420.0;26;Nordeste;PE;Sirinhaém;45865.0;-8.58778;-35.1126
261430.0;26;Nordeste;PE;Moreilândia;11270.0;-7.61931;-39.546
261440.0;26;Nordeste;PE;Solidão;6007.0;-7.59472;-37.6445
261450.0;26;Nordeste;PE;Surubim;65089.0;-7.84746;-35.7481
261460.0;26;Nordeste;PE;Tabira;28534.0;-7.58366;-37.5377
261470.0;26;Nordeste;PE;Tacaimbó;12874.0;-8.30867;-36.3
261480.0;26;Nordeste;PE;Tacaratu;25765.0;-9.09798;-38.1504
261485.0;26;Nordeste;PE;Tamandaré;23388.0;-8.75665;-35.1033
261500.0;26;Nordeste;PE;Taquaritinga do Norte;28775.0;-7.89446;-36.0423
261510.0;26;Nordeste;PE;Terezinha;7169.0;-9.05621;-36.6272
261520.0;26;Nordeste;PE;Terra Nova;10096.0;-8.22244;-39.3825
261530.0;26;Nordeste;PE;Timbaúba;53022.0;-7.50484;-35.3119
261540.0;26;Nordeste;PE;Toritama;45219.0;-8.00955;-36.0637
261550.0;26;Nordeste;PE;Tracunhaém;13769.0;-7.80228;-35.2314
261560.0;26;Nordeste;PE;Trindade;30521.0;-7.759;-40.2647
261570.0;26;Nordeste;PE;Triunfo;15254.0;-7.83272;-38.0978
261580.0;26;Nordeste;PE;Tupanatinga;27304.0;-8.74798;-37.3445
261590.0;26;Nordeste;PE;Tuparetama;8202.0;-7.6003;-37.3165
261600.0;26;Nordeste;PE;Venturosa;18482.0;-8.57885;-36.8742
261610.0;26;Nordeste;PE;Verdejante;9534.0;-7.92235;-38.9701
261618.0;26;Nordeste;PE;Vertente do Lério;7618.0;-7.77084;-35.8491
261620.0;26;Nordeste;PE;Vertentes;20731.0;-7.90158;-35.9681
261630.0;26;Nordeste;PE;Vicência;32643.0;-7.65655;-35.3139
261640.0;26;Nordeste;PE;Vitória de Santo Antão;138757.0;-8.12819;-35.2976
261650.0;26;Nordeste;PE;Xexéu;14725.0;-8.8046;-35.6212
270000.0;27;Nordeste;AL;;;;
270010.0;27;Nordeste;AL;Água Branca;20196.0;-9.262;-37.938
270020.0;27;Nordeste;AL;Anadia;17545.0;-9.68489;-36.3078
270030.0;27;Nordeste;AL;Arapiraca;231747.0;-9.75487;-36.6615
270040.0;27;Nordeste;AL;Atalaia;47185.0;-9.5119;-36.0086
270050.0;27;Nordeste;AL;Barra de Santo Antônio;15932.0;-9.4023;-35.5101
270060.0;27;Nordeste;AL;Barra de São Miguel;8322.0;-9.83842;-35.9057
270070.0;27;Nordeste;AL;Batalha;18232.0;-9.6742;-37.133
270080.0;27;Nordeste;AL;Belém;4344.0;-9.57047;-36.4904
270090.0;27;Nordeste;AL;Belo Monte;6704.0;-9.82272;-37.277
270100.0;27;Nordeste;AL;Boca da Mata;27281.0;-9.64308;-36.2125
270110.0;27;Nordeste;AL;Branquinha;10494.0;-9.23342;-36.0162
270120.0;27;Nordeste;AL;Cacimbinhas;10858.0;-9.40121;-36.9911
270130.0;27;Nordeste;AL;Cajueiro;21264.0;-9.3994;-36.1559
270135.0;27;Nordeste;AL;Campestre;6936.0;-8.84723;-35.5685
270140.0;27;Nordeste;AL;Campo Alegre;57063.0;-9.78451;-36.3525
270150.0;27;Nordeste;AL;Campo Grande;9558.0;-9.95542;-36.7926
270160.0;27;Nordeste;AL;Canapi;17722.0;-9.11932;-37.5967
270170.0;27;Nordeste;AL;Capela;17053.0;-9.41504;-36.0826
270180.0;27;Nordeste;AL;Carneiros;9081.0;-9.48476;-37.3773
270190.0;27;Nordeste;AL;Chã Preta;7311.0;-9.2556;-36.2983
270200.0;27;Nordeste;AL;Coité do Nóia;10693.0;-9.63348;-36.5845
270210.0;27;Nordeste;AL;Colônia Leopoldina;21698.0;-8.91806;-35.7214
270220.0;27;Nordeste;AL;Coqueiro Seco;5845.0;-9.63715;-35.7994
270230.0;27;Nordeste;AL;Coruripe;56933.0;-10.1276;-36.1717
270235.0;27;Nordeste;AL;Craíbas;24219.0;-9.6178;-36.7697
270240.0;27;Nordeste;AL;Delmiro Gouveia;52016.0;-9.38534;-37.9987
270250.0;27;Nordeste;AL;Dois Riachos;11075.0;-9.38465;-37.0965
270255.0;27;Nordeste;AL;Estrela de Alagoas;18205.0;-9.39089;-36.7644
270260.0;27;Nordeste;AL;Feira Grande;22166.0;-9.89859;-36.6815
270270.0;27;Nordeste;AL;Feliz Deserto;4754.0;-10.2935;-36.3028
270280.0;27;Nordeste;AL;Flexeiras;12790.0;-9.27281;-35.7139
270290.0;27;Nordeste;AL;Girau do Ponciano;40917.0;-9.88404;-36.8316
270300.0;27;Nordeste;AL;Ibateguara;15616.0;-8.97823;-35.9373
270310.0;27;Nordeste;AL;Igaci;25631.0;-9.53768;-36.6372
270320.0;27;Nordeste;AL;Igreja Nova;24499.0;-10.1235;-36.6597
270330.0;27;Nordeste;AL;Inhapi;18385.0;-9.22594;-37.7509
270340.0;27;Nordeste;AL;Jacaré dos Homens;5253.0;-9.63545;-37.2076
270350.0;27;Nordeste;AL;Jacuípe;7021.0;-8.83951;-35.4591
270360.0;27;Nordeste;AL;Japaratinga;8361.0;-9.08746;-35.2634
270370.0;27;Nordeste;AL;Jaramataia;5770.0;-9.66224;-37.0046
270375.0;27;Nordeste;AL;Jequiá da Praia;11580.0;-10.0133;-36.0142
270380.0;27;Nordeste;AL;Joaquim Gomes;23993.0;-9.1328;-35.7474
270390.0;27;Nordeste;AL;Jundiá;4155.0;-8.93297;-35.5669
270400.0;27;Nordeste;AL;Junqueiro;24727.0;-9.90696;-36.4803
270410.0;27;Nordeste;AL;Lagoa da Canoa;17852.0;-9.83291;-36.7413
270420.0;27;Nordeste;AL;Limoeiro de Anadia;28635.0;-9.74098;-36.5121
270430.0;27;Nordeste;AL;Maceió;1018948.0;-9.66599;-35.735
270440.0;27;Nordeste;AL;Major Isidoro;19804.0;-9.53009;-36.992
270450.0;27;Nordeste;AL;Maragogi;32704.0;-9.00744;-35.2267
270460.0;27;Nordeste;AL;Maravilha;9163.0;-9.23045;-37.3524
270470.0;27;Nordeste;AL;Marechal Deodoro;51901.0;-9.70971;-35.8967
270480.0;27;Nordeste;AL;Maribondo;13264.0;-9.58353;-36.3045
270490.0;27;Nordeste;AL;Mar Vermelho;3514.0;-9.44739;-36.3881
270500.0;27;Nordeste;AL;Mata Grande;25216.0;-9.11824;-37.7323
270510.0;27;Nordeste;AL;Matriz de Camaragibe;24642.0;-9.15437;-35.5243
270520.0;27;Nordeste;AL;Messias;17856.0;-9.39384;-35.8392
270530.0;27;Nordeste;AL;Minador do Negrão;5329.0;-9.31236;-36.8696
270540.0;27;Nordeste;AL;Monteirópolis;7159.0;-9.60357;-37.2505
270550.0;27;Nordeste;AL;Murici;28236.0;-9.30682;-35.9428
270560.0;27;Nordeste;AL;Novo Lino;12690.0;-8.94191;-35.664
270570.0;27;Nordeste;AL;Olho d'Água das Flores;21688.0;-9.53686;-37.2971
270580.0;27;Nordeste;AL;Olho d'Água do Casado;9373.0;-9.50357;-37.8301
270590.0;27;Nordeste;AL;Olho d'Água Grande;5123.0;-10.0572;-36.8101
270600.0;27;Nordeste;AL;Olivença;11624.0;-9.51954;-37.1954
270610.0;27;Nordeste;AL;Ouro Branco;11496.0;-9.15884;-37.3556
270620.0;27;Nordeste;AL;Palestina;5011.0;-9.67493;-37.339
270630.0;27;Nordeste;AL;Palmeira dos Índios;73218.0;-9.40568;-36.6328
270640.0;27;Nordeste;AL;Pão de Açúcar;24399.0;-9.74032;-37.4403
270642.0;27;Nordeste;AL;Pariconha;10533.0;-9.25634;-37.9988
270644.0;27;Nordeste;AL;Paripueira;13176.0;-9.46313;-35.552
270650.0;27;Nordeste;AL;Passo de Camaragibe;15245.0;-9.24511;-35.4745
270660.0;27;Nordeste;AL;Paulo Jacinto;7564.0;-9.36792;-36.3672
270670.0;27;Nordeste;AL;Penedo;63683.0;-10.2874;-36.5819
270680.0;27;Nordeste;AL;Piaçabuçu;17827.0;-10.406;-36.434
270690.0;27;Nordeste;AL;Pilar;35111.0;-9.60135;-35.9543
270700.0;27;Nordeste;AL;Pindoba;2908.0;-9.47382;-36.2918
270710.0;27;Nordeste;AL;Piranhas;25039.0;-9.624;-37.757
270720.0;27;Nordeste;AL;Poço das Trincheiras;14386.0;-9.30742;-37.2889
270730.0;27;Nordeste;AL;Porto Calvo;27165.0;-9.05195;-35.3987
270740.0;27;Nordeste;AL;Porto de Pedras;7786.0;-9.16006;-35.3049
270750.0;27;Nordeste;AL;Porto Real do Colégio;20066.0;-10.1849;-36.8376
270760.0;27;Nordeste;AL;Quebrangulo;11294.0;-9.32001;-36.4692
270770.0;27;Nordeste;AL;Rio Largo;75120.0;-9.47783;-35.8394
270780.0;27;Nordeste;AL;Roteiro;6664.0;-9.83503;-35.9782
270790.0;27;Nordeste;AL;Santa Luzia do Norte;7296.0;-9.6037;-35.8232
270800.0;27;Nordeste;AL;Santana do Ipanema;47654.0;-9.36999;-37.248
270810.0;27;Nordeste;AL;Santana do Mundaú;10740.0;-9.17141;-36.2176
270820.0;27;Nordeste;AL;São Brás;6961.0;-10.1141;-36.8522
270830.0;27;Nordeste;AL;São José da Laje;23927.0;-9.01278;-36.0515
270840.0;27;Nordeste;AL;São José da Tapera;32260.0;-9.55768;-37.3831
270850.0;27;Nordeste;AL;São Luís do Quitunde;34555.0;-9.31816;-35.5606
270860.0;27;Nordeste;AL;São Miguel dos Campos;61251.0;-9.78301;-36.0971
270870.0;27;Nordeste;AL;São Miguel dos Milagres;7951.0;-9.26493;-35.3763
270880.0;27;Nordeste;AL;São Sebastião;34152.0;-9.93043;-36.559
270890.0;27;Nordeste;AL;Satuba;13828.0;-9.56911;-35.8227
270895.0;27;Nordeste;AL;Senador Rui Palmeira;13870.0;-9.46986;-37.4576
270900.0;27;Nordeste;AL;Tanque d'Arca;6162.0;-9.53379;-36.4366
270910.0;27;Nordeste;AL;Taquarana;19980.0;-9.64529;-36.4928
270915.0;27;Nordeste;AL;Teotônio Vilela;44169.0;-9.91656;-36.3492
270920.0;27;Nordeste;AL;Traipu;27715.0;-9.96262;-37.0071
270930.0;27;Nordeste;AL;União dos Palmares;65611.0;-9.15921;-36.0223
270940.0;27;Nordeste;AL;Viçosa;25733.0;-9.36763;-36.2431
280000.0;28;Nordeste;SE;;;;
280010.0;28;Nordeste;SE;Amparo de São Francisco;2374.0;-10.1348;-36.935
280020.0;28;Nordeste;SE;Aquidabã;21563.0;-10.278;-37.0148
280030.0;28;Nordeste;SE;Aracaju;657013.0;-10.9091;-37.0677
280040.0;28;Nordeste;SE;Arauá;10056.0;-11.2614;-37.6201
280050.0;28;Nordeste;SE;Areia Branca;18542.0;-10.758;-37.3251
280060.0;28;Nordeste;SE;Barra dos Coqueiros;30407.0;-10.8996;-37.0323
280067.0;28;Nordeste;SE;Boquim;26816.0;-11.1397;-37.6195
280070.0;28;Nordeste;SE;Brejo Grande;8309.0;-10.4297;-36.4611
280100.0;28;Nordeste;SE;Campo do Brito;18109.0;-10.7392;-37.4954
280110.0;28;Nordeste;SE;Canhoba;4008.0;-10.1365;-36.9806
280120.0;28;Nordeste;SE;Canindé de São Francisco;29900.0;-9.64882;-37.7923
280130.0;28;Nordeste;SE;Capela;34213.0;-10.5069;-37.0628
280140.0;28;Nordeste;SE;Carira;22082.0;-10.3524;-37.7002
280150.0;28;Nordeste;SE;Carmópolis;16634.0;-10.6449;-36.9887
280160.0;28;Nordeste;SE;Cedro de São João;5897.0;-10.2534;-36.8856
280170.0;28;Nordeste;SE;Cristinápolis;17874.0;-11.4668;-37.7585
280190.0;28;Nordeste;SE;Cumbe;3987.0;-10.352;-37.1846
280200.0;28;Nordeste;SE;Divina Pastora;5138.0;-10.6782;-37.1506
280210.0;28;Nordeste;SE;Estância;69184.0;-11.2659;-37.4484
280220.0;28;Nordeste;SE;Feira Nova;5584.0;-10.2616;-37.3147
280230.0;28;Nordeste;SE;Frei Paulo;15421.0;-10.5513;-37.5279
280240.0;28;Nordeste;SE;Gararu;11604.0;-9.9722;-37.0869
280250.0;28;Nordeste;SE;General Maynard;3346.0;-10.6835;-36.9838
280260.0;28;Nordeste;SE;Gracho Cardoso;5818.0;-10.2252;-37.2006
280270.0;28;Nordeste;SE;Ilha das Flores;8520.0;-10.4425;-36.5479
280280.0;28;Nordeste;SE;Indiaroba;17957.0;-11.5157;-37.515
280290.0;28;Nordeste;SE;Itabaiana;95427.0;-10.6826;-37.4273
280300.0;28;Nordeste;SE;Itabaianinha;41928.0;-11.2693;-37.7875
280310.0;28;Nordeste;SE;Itabi;4903.0;-10.1248;-37.1056
280320.0;28;Nordeste;SE;Itaporanga d'Ajuda;34356.0;-10.99;-37.3078
280330.0;28;Nordeste;SE;Japaratuba;18743.0;-10.5849;-36.9418
280340.0;28;Nordeste;SE;Japoatã;13434.0;-10.3477;-36.8045
280350.0;28;Nordeste;SE;Lagarto;104408.0;-10.9136;-37.6689
280360.0;28;Nordeste;SE;Laranjeiras;29826.0;-10.7981;-37.1731
280370.0;28;Nordeste;SE;Macambira;6919.0;-10.6619;-37.5413
280380.0;28;Nordeste;SE;Malhada dos Bois;3682.0;-10.3418;-36.9252
280390.0;28;Nordeste;SE;Malhador;12618.0;-10.6649;-37.3004
280400.0;28;Nordeste;SE;Maruim;17213.0;-10.7308;-37.0856
280410.0;28;Nordeste;SE;Moita Bonita;11335.0;-10.5769;-37.3512
280420.0;28;Nordeste;SE;Monte Alegre de Sergipe;15031.0;-10.0256;-37.5616
280430.0;28;Nordeste;SE;Muribeca;7625.0;-10.4271;-36.9588
280440.0;28;Nordeste;SE;Neópolis;18719.0;-10.3215;-36.585
280445.0;28;Nordeste;SE;Nossa Senhora Aparecida;8796.0;-10.3944;-37.4517
280450.0;28;Nordeste;SE;Nossa Senhora da Glória;36924.0;-10.2158;-37.4211
280460.0;28;Nordeste;SE;Nossa Senhora das Dores;26629.0;-10.4854;-37.1963
280470.0;28;Nordeste;SE;Nossa Senhora de Lourdes;6483.0;-10.0772;-37.0615
280480.0;28;Nordeste;SE;Nossa Senhora do Socorro;183628.0;-10.8468;-37.1231
280490.0;28;Nordeste;SE;Pacatuba;14428.0;-10.4538;-36.6531
280500.0;28;Nordeste;SE;Pedra Mole;3261.0;-10.6134;-37.6922
280510.0;28;Nordeste;SE;Pedrinhas;9602.0;-11.1902;-37.6775
280520.0;28;Nordeste;SE;Pinhão;6576.0;-10.5677;-37.7242
280530.0;28;Nordeste;SE;Pirambu;9280.0;-10.7215;-36.8544
280540.0;28;Nordeste;SE;Poço Redondo;34775.0;-9.80616;-37.6833
280550.0;28;Nordeste;SE;Poço Verde;23728.0;-10.7151;-38.1813
280560.0;28;Nordeste;SE;Porto da Folha;28596.0;-9.91626;-37.2842
280570.0;28;Nordeste;SE;Propriá;29626.0;-10.2138;-36.8442
280580.0;28;Nordeste;SE;Riachão do Dantas;19805.0;-11.0729;-37.731
280590.0;28;Nordeste;SE;Riachuelo;10213.0;-10.735;-37.1966
280600.0;28;Nordeste;SE;Ribeirópolis;18652.0;-10.5357;-37.438
280610.0;28;Nordeste;SE;Rosário do Catete;10855.0;-10.6904;-37.0357
280620.0;28;Nordeste;SE;Salgado;19998.0;-11.0288;-37.4804
280630.0;28;Nordeste;SE;Santa Luzia do Itanhy;14035.0;-11.3536;-37.4586
280640.0;28;Nordeste;SE;Santana do São Francisco;7780.0;-10.2922;-36.6105
280650.0;28;Nordeste;SE;Santa Rosa de Lima;3913.0;-10.6434;-37.1931
280660.0;28;Nordeste;SE;Santo Amaro das Brotas;12102.0;-10.7892;-37.0564
280670.0;28;Nordeste;SE;São Cristóvão;90072.0;-11.0084;-37.2044
280680.0;28;Nordeste;SE;São Domingos;11137.0;-10.7916;-37.5685
280690.0;28;Nordeste;SE;São Francisco;3724.0;-10.3442;-36.8869
280700.0;28;Nordeste;SE;São Miguel do Aleixo;3930.0;-10.3847;-37.3836
280710.0;28;Nordeste;SE;Simão Dias;40484.0;-10.7387;-37.8097
280720.0;28;Nordeste;SE;Siriri;8893.0;-10.5965;-37.1131
280730.0;28;Nordeste;SE;Telha;3227.0;-10.2064;-36.8818
280740.0;28;Nordeste;SE;Tobias Barreto;52191.0;-11.1798;-37.9995
280750.0;28;Nordeste;SE;Tomar do Geru;13536.0;-11.3694;-37.8433
280760.0;28;Nordeste;SE;Umbaúba;25294.0;-11.3809;-37.6623
290000.0;29;Nordeste;BA;;;;
290010.0;29;Nordeste;BA;Abaíra;8739.0;-13.2488;-41.6619
290020.0;29;Nordeste;BA;Abaré;20086.0;-8.72073;-39.1162
290030.0;29;Nordeste;BA;Acajutiba;15159.0;-11.6575;-38.0197
290035.0;29;Nordeste;BA;Adustina;17040.0;-10.5437;-38.1113
290040.0;29;Nordeste;BA;Água Fria;16970.0;-11.8618;-38.7639
290050.0;29;Nordeste;BA;Érico Cardoso;10610.0;-13.4215;-42.1352
290060.0;29;Nordeste;BA;Aiquara;4446.0;-14.1269;-39.8937
290070.0;29;Nordeste;BA;Alagoinhas;151596.0;-12.1335;-38.4208
290080.0;29;Nordeste;BA;Alcobaça;22470.0;-17.5195;-39.2036
290090.0;29;Nordeste;BA;Almadina;5464.0;-14.7089;-39.6415
290100.0;29;Nordeste;BA;Amargosa;37241.0;-13.0215;-39.602
290110.0;29;Nordeste;BA;Amélia Rodrigues;25102.0;-12.3914;-38.7563
290115.0;29;Nordeste;BA;América Dourada;16094.0;-11.4429;-41.439
290120.0;29;Nordeste;BA;Anagé;22005.0;-14.6151;-41.1356
290130.0;29;Nordeste;BA;Andaraí;13143.0;-12.8049;-41.3297
290135.0;29;Nordeste;BA;Andorinha;14595.0;-10.3482;-39.8391
290140.0;29;Nordeste;BA;Angical;13977.0;-12.0063;-44.7003
290150.0;29;Nordeste;BA;Anguera;11221.0;-12.1462;-39.2462
290160.0;29;Nordeste;BA;Antas;19291.0;-10.3856;-38.3401
290170.0;29;Nordeste;BA;Antônio Cardoso;11683.0;-12.4335;-39.1176
290180.0;29;Nordeste;BA;Antônio Gonçalves;11798.0;-10.5767;-40.2785
290190.0;29;Nordeste;BA;Aporá;17731.0;-11.6577;-38.0814
290195.0;29;Nordeste;BA;Apuarema;7330.0;-13.8542;-39.7501
290200.0;29;Nordeste;BA;Aracatu;13135.0;-14.428;-41.4648
290205.0;29;Nordeste;BA;Araçás;12177.0;-12.22;-38.2027
290210.0;29;Nordeste;BA;Araci;54379.0;-11.3253;-38.9584
290220.0;29;Nordeste;BA;Aramari;11397.0;-12.0884;-38.4969
290225.0;29;Nordeste;BA;Arataca;11019.0;-15.2651;-39.419
290230.0;29;Nordeste;BA;Aratuípe;8825.0;-13.0716;-39.0038
290240.0;29;Nordeste;BA;Aurelino Leal;11531.0;-14.321;-39.329
290250.0;29;Nordeste;BA;Baianópolis;13877.0;-12.3016;-44.5388
290260.0;29;Nordeste;BA;Baixa Grande;20468.0;-11.9519;-40.169
290265.0;29;Nordeste;BA;Banzaê;13229.0;-10.5788;-38.6212
290270.0;29;Nordeste;BA;Barra;53578.0;-11.0859;-43.1459
290280.0;29;Nordeste;BA;Barra da Estiva;20598.0;-13.6237;-41.3347
290290.0;29;Nordeste;BA;Barra do Choça;31603.0;-14.8654;-40.5791
290300.0;29;Nordeste;BA;Barra do Mendes;13865.0;-11.81;-42.059
290310.0;29;Nordeste;BA;Barra do Rocha;5714.0;-14.2;-39.5991
290320.0;29;Nordeste;BA;Barreiras;155439.0;-12.1439;-44.9968
290323.0;29;Nordeste;BA;Barro Alto;14931.0;-11.7605;-41.9054
290327.0;29;Nordeste;BA;Barrocas;15978.0;-11.5272;-39.0776
290330.0;29;Nordeste;BA;Barro Preto;5591.0;-14.7948;-39.476
290340.0;29;Nordeste;BA;Belmonte;23328.0;-15.8608;-38.8758
290350.0;29;Nordeste;BA;Belo Campo;17211.0;-15.0334;-41.2652
290360.0;29;Nordeste;BA;Biritinga;15979.0;-11.6072;-38.8051
290370.0;29;Nordeste;BA;Boa Nova;12633.0;-14.3598;-40.2064
290380.0;29;Nordeste;BA;Boa Vista do Tupim;18576.0;-12.6498;-40.6064
290390.0;29;Nordeste;BA;Bom Jesus da Lapa;69148.0;-13.2506;-43.4108
290395.0;29;Nordeste;BA;Bom Jesus da Serra;9880.0;-14.3663;-40.5126
290400.0;29;Nordeste;BA;Boninal;14368.0;-12.7069;-41.8286
290405.0;29;Nordeste;BA;Bonito;16764.0;-11.9668;-41.2647
290410.0;29;Nordeste;BA;Boquira;21508.0;-12.8205;-42.7324
290420.0;29;Nordeste;BA;Botuporã;10211.0;-13.3772;-42.5163
290430.0;29;Nordeste;BA;Brejões;14295.0;-13.1039;-39.7988
290440.0;29;Nordeste;BA;Brejolândia;10557.0;-12.4815;-43.9679
290450.0;29;Nordeste;BA;Brotas de Macaúbas;10231.0;-11.9915;-42.6326
290460.0;29;Nordeste;BA;Brumado;67195.0;-14.2021;-41.6696
290470.0;29;Nordeste;BA;Buerarema;18349.0;-14.9595;-39.3028
290475.0;29;Nordeste;BA;Buritirama;21174.0;-10.7171;-43.6302
290480.0;29;Nordeste;BA;Caatiba;6758.0;-14.9699;-40.4092
290485.0;29;Nordeste;BA;Cabaceiras do Paraguaçu;18807.0;-12.5317;-39.1902
290490.0;29;Nordeste;BA;Cachoeira;33470.0;-12.5994;-38.9587
290500.0;29;Nordeste;BA;Caculé;23170.0;-14.5003;-42.2229
290510.0;29;Nordeste;BA;Caém;9213.0;-11.0677;-40.432
290515.0;29;Nordeste;BA;Caetanos;14542.0;-14.3347;-40.9175
290520.0;29;Nordeste;BA;Caetité;50975.0;-14.0684;-42.4861
290530.0;29;Nordeste;BA;Cafarnaum;18437.0;-11.6914;-41.4688
290540.0;29;Nordeste;BA;Cairu;18176.0;-13.4904;-39.0465
290550.0;29;Nordeste;BA;Caldeirão Grande;13327.0;-11.0208;-40.2956
290560.0;29;Nordeste;BA;Camacan;31988.0;-15.4142;-39.4919
290570.0;29;Nordeste;BA;Camaçari;299132.0;-12.6996;-38.3263
290580.0;29;Nordeste;BA;Camamu;35316.0;-13.9398;-39.1071
290590.0;29;Nordeste;BA;Campo Alegre de Lourdes;28798.0;-9.52221;-43.0126
290600.0;29;Nordeste;BA;Campo Formoso;71206.0;-10.5105;-40.32
290610.0;29;Nordeste;BA;Canápolis;9711.0;-13.0725;-44.201
290620.0;29;Nordeste;BA;Canarana;26176.0;-11.6858;-41.7677
290630.0;29;Nordeste;BA;Canavieiras;31099.0;-15.6722;-38.9536
290640.0;29;Nordeste;BA;Candeal;8258.0;-11.8049;-39.1203
290650.0;29;Nordeste;BA;Candeias;87076.0;-12.6716;-38.5472
290660.0;29;Nordeste;BA;Candiba;14319.0;-14.4097;-42.8667
290670.0;29;Nordeste;BA;Cândido Sales;25189.0;-15.4993;-41.2414
290680.0;29;Nordeste;BA;Cansanção;34834.0;-10.6647;-39.4944
290682.0;29;Nordeste;BA;Canudos;16668.0;-9.90014;-39.1471
290685.0;29;Nordeste;BA;Capela do Alto Alegre;11637.0;-11.6658;-39.8349
290687.0;29;Nordeste;BA;Capim Grosso;30662.0;-11.3797;-40.0089
290689.0;29;Nordeste;BA;Caraíbas;8951.0;-14.7177;-41.2603
290690.0;29;Nordeste;BA;Caravelas;22016.0;-17.7268;-39.2597
290700.0;29;Nordeste;BA;Cardeal da Silva;9295.0;-11.9472;-37.9469
290710.0;29;Nordeste;BA;Carinhanha;29018.0;-14.2985;-43.7724
290720.0;29;Nordeste;BA;Casa Nova;71969.0;-9.16408;-40.974
290730.0;29;Nordeste;BA;Castro Alves;26264.0;-12.7579;-39.4248
290740.0;29;Nordeste;BA;Catolândia;3577.0;-12.31;-44.8648
290750.0;29;Nordeste;BA;Catu;54704.0;-12.3513;-38.3791
290755.0;29;Nordeste;BA;Caturama;9329.0;-13.3239;-42.2904
290760.0;29;Nordeste;BA;Central;17266.0;-11.1376;-42.1116
290770.0;29;Nordeste;BA;Chorrochó;11177.0;-8.9695;-39.0979
290780.0;29;Nordeste;BA;Cícero Dantas;32515.0;-10.5897;-38.3794
290790.0;29;Nordeste;BA;Cipó;17300.0;-11.1032;-38.5179
290800.0;29;Nordeste;BA;Coaraci;16993.0;-14.637;-39.5556
290810.0;29;Nordeste;BA;Cocos;18777.0;-14.1814;-44.5352
290820.0;29;Nordeste;BA;Conceição da Feira;22581.0;-12.5078;-38.9978
290830.0;29;Nordeste;BA;Conceição do Almeida;17247.0;-12.7836;-39.1715
290840.0;29;Nordeste;BA;Conceição do Coité;66612.0;-11.56;-39.2808
290850.0;29;Nordeste;BA;Conceição do Jacuípe;33153.0;-12.3268;-38.7684
290860.0;29;Nordeste;BA;Conde;25837.0;-11.8179;-37.6131
290870.0;29;Nordeste;BA;Condeúba;17247.0;-14.9022;-41.9718
290880.0;29;Nordeste;BA;Contendas do Sincorá;4066.0;-13.7537;-41.048
290890.0;29;Nordeste;BA;Coração de Maria;22605.0;-12.2333;-38.7487
290900.0;29;Nordeste;BA;Cordeiros;8614.0;-15.0356;-41.9308
290910.0;29;Nordeste;BA;Coribe;14194.0;-13.8232;-44.4586
290920.0;29;Nordeste;BA;Coronel João Sá;15895.0;-10.2847;-37.9198
290930.0;29;Nordeste;BA;Correntina;32137.0;-13.3477;-44.6333
290940.0;29;Nordeste;BA;Cotegipe;13782.0;-12.0228;-44.2566
290950.0;29;Nordeste;BA;Cravolândia;5349.0;-13.3531;-39.8031
290960.0;29;Nordeste;BA;Crisópolis;21103.0;-11.5059;-38.1515
290970.0;29;Nordeste;BA;Cristópolis;13910.0;-12.2249;-44.4214
290980.0;29;Nordeste;BA;Cruz das Almas;63239.0;-12.6675;-39.1008
290990.0;29;Nordeste;BA;Curaçá;34700.0;-8.98458;-39.8997
291000.0;29;Nordeste;BA;Dário Meira;10710.0;-14.4229;-39.9031
291005.0;29;Nordeste;BA;Dias d'Ávila;81089.0;-12.6187;-38.2926
291010.0;29;Nordeste;BA;Dom Basílio;12199.0;-13.7565;-41.7677
291020.0;29;Nordeste;BA;Dom Macedo Costa;4058.0;-12.9016;-39.1923
291030.0;29;Nordeste;BA;Elísio Medrado;8122.0;-12.9417;-39.5191
291040.0;29;Nordeste;BA;Encruzilhada;17006.0;-15.5302;-40.9124
291050.0;29;Nordeste;BA;Entre Rios;41780.0;-11.9392;-38.0871
291060.0;29;Nordeste;BA;Esplanada;37237.0;-11.7942;-37.9432
291070.0;29;Nordeste;BA;Euclides da Cunha;60585.0;-10.5078;-39.0153
291072.0;29;Nordeste;BA;Eunápolis;113380.0;-16.3715;-39.5821
291075.0;29;Nordeste;BA;Fátima;17890.0;-10.616;-38.2239
291077.0;29;Nordeste;BA;Feira da Mata;5665.0;-14.2044;-44.2744
291080.0;29;Nordeste;BA;Feira de Santana;614872.0;-12.2664;-38.9663
291085.0;29;Nordeste;BA;Filadélfia;16377.0;-10.7405;-40.1437
291090.0;29;Nordeste;BA;Firmino Alves;5617.0;-14.9823;-39.9269
291100.0;29;Nordeste;BA;Floresta Azul;10629.0;-14.8629;-39.6579
291110.0;29;Nordeste;BA;Formosa do Rio Preto;25591.0;-11.0328;-45.193
291120.0;29;Nordeste;BA;Gandu;32403.0;-13.7441;-39.4747
291125.0;29;Nordeste;BA;Gavião;4463.0;-11.4688;-39.7757
291130.0;29;Nordeste;BA;Gentio do Ouro;11233.0;-11.4342;-42.5077
291140.0;29;Nordeste;BA;Glória;15221.0;-9.34382;-38.2544
291150.0;29;Nordeste;BA;Gongogi;7128.0;-14.3195;-39.469
291160.0;29;Nordeste;BA;Governador Mangabeira;20722.0;-12.5994;-39.0412
291165.0;29;Nordeste;BA;Guajeru;6937.0;-14.5467;-41.9381
291170.0;29;Nordeste;BA;Guanambi;84481.0;-14.2231;-42.7799
291180.0;29;Nordeste;BA;Guaratinga;20843.0;-16.5833;-39.7847
291185.0;29;Nordeste;BA;Heliópolis;13031.0;-10.6825;-38.2907
291190.0;29;Nordeste;BA;Iaçu;24305.0;-12.7666;-40.2056
291200.0;29;Nordeste;BA;Ibiassucê;9224.0;-14.2711;-42.257
291210.0;29;Nordeste;BA;Ibicaraí;21689.0;-14.8579;-39.5914
291220.0;29;Nordeste;BA;Ibicoara;19571.0;-13.4059;-41.284
291230.0;29;Nordeste;BA;Ibicuí;16198.0;-14.845;-39.9879
291240.0;29;Nordeste;BA;Ibipeba;18211.0;-11.6438;-42.0195
291250.0;29;Nordeste;BA;Ibipitanga;14902.0;-12.8804;-42.4856
291260.0;29;Nordeste;BA;Ibiquera;4044.0;-12.6444;-40.9338
291270.0;29;Nordeste;BA;Ibirapitanga;23375.0;-14.1649;-39.3787
291280.0;29;Nordeste;BA;Ibirapuã;8637.0;-17.6832;-40.1129
291290.0;29;Nordeste;BA;Ibirataia;15312.0;-14.0643;-39.6459
291300.0;29;Nordeste;BA;Ibitiara;16339.0;-12.6502;-42.2179
291310.0;29;Nordeste;BA;Ibititá;17113.0;-11.5414;-41.9748
291320.0;29;Nordeste;BA;Ibotirama;26927.0;-12.1779;-43.2167
291330.0;29;Nordeste;BA;Ichu;6206.0;-11.7431;-39.1905
291340.0;29;Nordeste;BA;Igaporã;15640.0;-13.774;-42.7155
291345.0;29;Nordeste;BA;Igrapiúna;13226.0;-13.8295;-39.1361
291350.0;29;Nordeste;BA;Iguaí;26916.0;-14.7528;-40.0894
291360.0;29;Nordeste;BA;Ilhéus;162327.0;-14.793;-39.046
291370.0;29;Nordeste;BA;Inhambupe;39926.0;-11.781;-38.355
291380.0;29;Nordeste;BA;Ipecaetá;14487.0;-12.3028;-39.3069
291390.0;29;Nordeste;BA;Ipiaú;45873.0;-14.1226;-39.7353
291400.0;29;Nordeste;BA;Ipirá;59595.0;-12.1561;-39.7359
291410.0;29;Nordeste;BA;Ipupiara;9865.0;-11.8219;-42.6179
291420.0;29;Nordeste;BA;Irajuba;7260.0;-13.2563;-40.0848
291430.0;29;Nordeste;BA;Iramaia;8537.0;-13.2902;-40.9595
291440.0;29;Nordeste;BA;Iraquara;25216.0;-12.2429;-41.6155
291450.0;29;Nordeste;BA;Irará;29034.0;-12.0504;-38.7631
291460.0;29;Nordeste;BA;Irecê;72967.0;-11.3033;-41.8535
291465.0;29;Nordeste;BA;Itabela;30584.0;-16.5732;-39.5593
291470.0;29;Nordeste;BA;Itaberaba;64489.0;-12.5242;-40.3059
291480.0;29;Nordeste;BA;Itabuna;213223.0;-14.7876;-39.2781
291490.0;29;Nordeste;BA;Itacaré;28296.0;-14.2784;-38.9959
291500.0;29;Nordeste;BA;Itaeté;16056.0;-12.9831;-40.9677
291510.0;29;Nordeste;BA;Itagi;12351.0;-14.1615;-40.0131
291520.0;29;Nordeste;BA;Itagibá;14579.0;-14.2782;-39.8449
291530.0;29;Nordeste;BA;Itagimirim;6869.0;-16.0819;-39.6133
291535.0;29;Nordeste;BA;Itaguaçu da Bahia;14429.0;-11.0147;-42.3997
291540.0;29;Nordeste;BA;Itaju do Colônia;6682.0;-15.1366;-39.7283
291550.0;29;Nordeste;BA;Itajuípe;20491.0;-14.6788;-39.3698
291560.0;29;Nordeste;BA;Itamaraju;64486.0;-17.0378;-39.5386
291570.0;29;Nordeste;BA;Itamari;8035.0;-13.7782;-39.683
291580.0;29;Nordeste;BA;Itambé;23049.0;-15.2429;-40.63
291590.0;29;Nordeste;BA;Itanagra;6441.0;-12.2614;-38.0436
291600.0;29;Nordeste;BA;Itanhém;19405.0;-17.1642;-40.3321
291610.0;29;Nordeste;BA;Itaparica;22228.0;-12.8932;-38.68
291620.0;29;Nordeste;BA;Itapé;8761.0;-14.8876;-39.4239
291630.0;29;Nordeste;BA;Itapebi;10259.0;-15.9551;-39.5329
291640.0;29;Nordeste;BA;Itapetinga;76147.0;-15.2475;-40.2482
291650.0;29;Nordeste;BA;Itapicuru;35576.0;-11.3088;-38.2262
291660.0;29;Nordeste;BA;Itapitanga;10313.0;-14.4139;-39.5657
291670.0;29;Nordeste;BA;Itaquara;8319.0;-13.4459;-39.9378
291680.0;29;Nordeste;BA;Itarantim;19747.0;-15.6528;-40.065
291685.0;29;Nordeste;BA;Itatim;14487.0;-12.7099;-39.6952
291690.0;29;Nordeste;BA;Itiruçu;12576.0;-13.529;-40.1472
291700.0;29;Nordeste;BA;Itiúba;36089.0;-10.6948;-39.8446
291710.0;29;Nordeste;BA;Itororó;20382.0;-15.11;-40.0684
291720.0;29;Nordeste;BA;Ituaçu;18962.0;-13.8107;-41.3003
291730.0;29;Nordeste;BA;Ituberá;28602.0;-13.7249;-39.1481
291733.0;29;Nordeste;BA;Iuiu;10994.0;-14.4054;-43.5595
291735.0;29;Nordeste;BA;Jaborandi;8385.0;-13.6071;-44.4255
291740.0;29;Nordeste;BA;Jacaraci;14842.0;-14.8541;-42.4329
291750.0;29;Nordeste;BA;Jacobina;80518.0;-11.1812;-40.5117
291760.0;29;Nordeste;BA;Jaguaquara;54423.0;-13.5248;-39.964
291770.0;29;Nordeste;BA;Jaguarari;33570.0;-10.2569;-40.1999
291780.0;29;Nordeste;BA;Jaguaripe;18788.0;-13.1109;-38.8939
291790.0;29;Nordeste;BA;Jandaíra;10709.0;-11.5616;-37.7853
291800.0;29;Nordeste;BA;Jequié;155966.0;-13.8509;-40.0877
291810.0;29;Nordeste;BA;Jeremoabo;40463.0;-10.0685;-38.3471
291820.0;29;Nordeste;BA;Jiquiriçá;14537.0;-13.2621;-39.5737
291830.0;29;Nordeste;BA;Jitaúna;11166.0;-14.0131;-39.8969
291835.0;29;Nordeste;BA;João Dourado;25188.0;-11.3486;-41.6548
291840.0;29;Nordeste;BA;Juazeiro;216707.0;-9.41622;-40.5033
291845.0;29;Nordeste;BA;Jucuruçu;9126.0;-16.8488;-40.1641
291850.0;29;Nordeste;BA;Jussara;15284.0;-11.0431;-41.9702
291855.0;29;Nordeste;BA;Jussari;5833.0;-15.192;-39.491
291860.0;29;Nordeste;BA;Jussiape;6186.0;-13.5155;-41.5882
291870.0;29;Nordeste;BA;Lafaiete Coutinho;3724.0;-13.6541;-40.2119
291875.0;29;Nordeste;BA;Lagoa Real;15665.0;-14.0334;-42.1328
291880.0;29;Nordeste;BA;Laje;23840.0;-13.1673;-39.4213
291890.0;29;Nordeste;BA;Lajedão;3955.0;-17.6056;-40.3383
291900.0;29;Nordeste;BA;Lajedinho;3783.0;-12.3529;-40.9048
291905.0;29;Nordeste;BA;Lajedo do Tabocal;8562.0;-13.4663;-40.2204
291910.0;29;Nordeste;BA;Lamarão;8307.0;-11.773;-38.887
291915.0;29;Nordeste;BA;Lapão;27223.0;-11.3851;-41.8286
291920.0;29;Nordeste;BA;Lauro de Freitas;198440.0;-12.8978;-38.321
291930.0;29;Nordeste;BA;Lençóis;11409.0;-12.5616;-41.3928
291940.0;29;Nordeste;BA;Licínio de Almeida;12388.0;-14.6842;-42.5095
291950.0;29;Nordeste;BA;Livramento de Nossa Senhora;45732.0;-13.6369;-41.8432
291955.0;29;Nordeste;BA;Luís Eduardo Magalhães;87519.0;-12.0956;-45.7866
291960.0;29;Nordeste;BA;Macajuba;11348.0;-12.1326;-40.3571
291970.0;29;Nordeste;BA;Macarani;18755.0;-15.5646;-40.4209
291980.0;29;Nordeste;BA;Macaúbas;49826.0;-13.0186;-42.6945
291990.0;29;Nordeste;BA;Macururé;7824.0;-9.16226;-39.0518
291992.0;29;Nordeste;BA;Madre de Deus;21093.0;-12.7446;-38.6153
291995.0;29;Nordeste;BA;Maetinga;3161.0;-14.6623;-41.4915
292000.0;29;Nordeste;BA;Maiquinique;10112.0;-15.624;-40.2587
292010.0;29;Nordeste;BA;Mairi;18676.0;-11.7107;-40.1437
292020.0;29;Nordeste;BA;Malhada;16845.0;-14.3371;-43.7686
292030.0;29;Nordeste;BA;Malhada de Pedras;8393.0;-14.3847;-41.8842
292040.0;29;Nordeste;BA;Manoel Vitorino;13240.0;-14.1476;-40.2399
292045.0;29;Nordeste;BA;Mansidão;13643.0;-10.7227;-44.0428
292050.0;29;Nordeste;BA;Maracás;20834.0;-13.4355;-40.4323
292060.0;29;Nordeste;BA;Maragogipe;44677.0;-12.776;-38.9175
292070.0;29;Nordeste;BA;Maraú;20570.0;-14.1035;-39.0137
292080.0;29;Nordeste;BA;Marcionílio Souza;10406.0;-13.0064;-40.5295
292090.0;29;Nordeste;BA;Mascote;13822.0;-15.5542;-39.3016
292100.0;29;Nordeste;BA;Mata de São João;46583.0;-12.5307;-38.3009
292105.0;29;Nordeste;BA;Matina;12201.0;-13.9109;-42.8439
292110.0;29;Nordeste;BA;Medeiros Neto;22688.0;-17.3707;-40.2238
292120.0;29;Nordeste;BA;Miguel Calmon;26023.0;-11.4299;-40.6031
292130.0;29;Nordeste;BA;Milagres;10950.0;-12.8646;-39.8611
292140.0;29;Nordeste;BA;Mirangaba;18338.0;-10.961;-40.574
292145.0;29;Nordeste;BA;Mirante;8641.0;-14.2385;-40.7718
292150.0;29;Nordeste;BA;Monte Santo;49418.0;-10.4374;-39.3321
292160.0;29;Nordeste;BA;Morpará;8519.0;-11.5569;-43.2766
292170.0;29;Nordeste;BA;Morro do Chapéu;35413.0;-11.5488;-41.1565
292180.0;29;Nordeste;BA;Mortugaba;12042.0;-15.0225;-42.3727
292190.0;29;Nordeste;BA;Mucugê;9062.0;-13.0053;-41.3703
292200.0;29;Nordeste;BA;Mucuri;41748.0;-18.0754;-39.5565
292205.0;29;Nordeste;BA;Mulungu do Morro;10889.0;-11.9648;-41.6374
292210.0;29;Nordeste;BA;Mundo Novo;26776.0;-11.8541;-40.4714
292220.0;29;Nordeste;BA;Muniz Ferreira;7422.0;-13.0092;-39.1092
292225.0;29;Nordeste;BA;Muquém do São Francisco;11348.0;-12.065;-43.5497
292230.0;29;Nordeste;BA;Muritiba;29399.0;-12.6329;-38.9921
292240.0;29;Nordeste;BA;Mutuípe;22221.0;-13.2284;-39.5044
292250.0;29;Nordeste;BA;Nazaré;28525.0;-13.0235;-39.0108
292260.0;29;Nordeste;BA;Nilo Peçanha;13997.0;-13.604;-39.1091
292265.0;29;Nordeste;BA;Nordestina;13130.0;-10.8192;-39.4297
292270.0;29;Nordeste;BA;Nova Canaã;16462.0;-14.7912;-40.1458
292273.0;29;Nordeste;BA;Nova Fátima;7812.0;-11.6031;-39.6302
292275.0;29;Nordeste;BA;Nova Ibiá;6591.0;-13.812;-39.6182
292280.0;29;Nordeste;BA;Nova Itarana;8226.0;-13.0241;-40.0653
292285.0;29;Nordeste;BA;Nova Redenção;9118.0;-12.815;-41.0748
292290.0;29;Nordeste;BA;Nova Soure;26947.0;-11.2329;-38.4871
292300.0;29;Nordeste;BA;Nova Viçosa;43376.0;-17.8926;-39.3743
292303.0;29;Nordeste;BA;Novo Horizonte;12385.0;-12.8083;-42.1682
292305.0;29;Nordeste;BA;Novo Triunfo;15440.0;-10.3182;-38.4014
292310.0;29;Nordeste;BA;Olindina;28229.0;-11.3497;-38.3379
292320.0;29;Nordeste;BA;Oliveira dos Brejinhos;21825.0;-12.3132;-42.8969
292330.0;29;Nordeste;BA;Ouriçangas;8564.0;-12.0175;-38.6166
292335.0;29;Nordeste;BA;Ourolândia;17451.0;-10.9578;-41.0756
292340.0;29;Nordeste;BA;Palmas de Monte Alto;21750.0;-14.2676;-43.1609
292350.0;29;Nordeste;BA;Palmeiras;9019.0;-12.5059;-41.5809
292360.0;29;Nordeste;BA;Paramirim;21607.0;-13.4388;-42.2395
292370.0;29;Nordeste;BA;Paratinga;32000.0;-12.687;-43.1798
292380.0;29;Nordeste;BA;Paripiranga;28989.0;-10.6859;-37.8626
292390.0;29;Nordeste;BA;Pau Brasil;9831.0;-15.4572;-39.6458
292400.0;29;Nordeste;BA;Paulo Afonso;117782.0;-9.3983;-38.2216
292405.0;29;Nordeste;BA;Pé de Serra;13578.0;-11.8313;-39.611
292410.0;29;Nordeste;BA;Pedrão;7347.0;-12.1491;-38.6487
292420.0;29;Nordeste;BA;Pedro Alexandre;16667.0;-10.012;-37.8932
292430.0;29;Nordeste;BA;Piatã;17123.0;-13.1465;-41.7702
292440.0;29;Nordeste;BA;Pilão Arcado;35048.0;-10.0051;-42.4936
292450.0;29;Nordeste;BA;Pindaí;16260.0;-14.4921;-42.686
292460.0;29;Nordeste;BA;Pindobaçu;20150.0;-10.7433;-40.3675
292465.0;29;Nordeste;BA;Pintadas;10437.0;-11.8117;-39.9009
292467.0;29;Nordeste;BA;Piraí do Norte;10023.0;-13.759;-39.3836
292470.0;29;Nordeste;BA;Piripá;10707.0;-14.9444;-41.7168
292480.0;29;Nordeste;BA;Piritiba;24755.0;-11.73;-40.5587
292490.0;29;Nordeste;BA;Planaltino;9322.0;-13.2618;-40.3695
292500.0;29;Nordeste;BA;Planalto;26265.0;-14.6654;-40.4718
292510.0;29;Nordeste;BA;Poções;46871.0;-14.5234;-40.3634
292520.0;29;Nordeste;BA;Pojuca;39519.0;-12.4303;-38.3374
292525.0;29;Nordeste;BA;Ponto Novo;14914.0;-10.8653;-40.1311
292530.0;29;Nordeste;BA;Porto Seguro;148686.0;-16.4435;-39.0643
292540.0;29;Nordeste;BA;Potiraguá;7224.0;-15.5943;-39.8638
292550.0;29;Nordeste;BA;Prado;28174.0;-17.3364;-39.2227
292560.0;29;Nordeste;BA;Presidente Dutra;15142.0;-11.2923;-41.9843
292570.0;29;Nordeste;BA;Presidente Jânio Quadros;12338.0;-14.6885;-41.6798
292575.0;29;Nordeste;BA;Presidente Tancredo Neves;27719.0;-13.4471;-39.4203
292580.0;29;Nordeste;BA;Queimadas;25439.0;-10.9736;-39.6293
292590.0;29;Nordeste;BA;Quijingue;27580.0;-10.7505;-39.2137
292593.0;29;Nordeste;BA;Quixabeira;8972.0;-11.4031;-40.12
292595.0;29;Nordeste;BA;Rafael Jambeiro;22621.0;-12.4053;-39.5007
292600.0;29;Nordeste;BA;Remanso;41008.0;-9.61944;-42.0848
292610.0;29;Nordeste;BA;Retirolândia;14396.0;-11.4832;-39.4234
292620.0;29;Nordeste;BA;Riachão das Neves;22339.0;-11.7508;-44.9143
292630.0;29;Nordeste;BA;Riachão do Jacuípe;33436.0;-11.8067;-39.3818
292640.0;29;Nordeste;BA;Riacho de Santana;35421.0;-13.6059;-42.9397
292650.0;29;Nordeste;BA;Ribeira do Amparo;14592.0;-11.0421;-38.4242
292660.0;29;Nordeste;BA;Ribeira do Pombal;53807.0;-10.8373;-38.5382
292665.0;29;Nordeste;BA;Ribeirão do Largo;5812.0;-15.4508;-40.7441
292670.0;29;Nordeste;BA;Rio de Contas;12989.0;-13.5852;-41.8048
292680.0;29;Nordeste;BA;Rio do Antônio;15371.0;-14.4071;-42.0721
292690.0;29;Nordeste;BA;Rio do Pires;11655.0;-13.1185;-42.2902
292700.0;29;Nordeste;BA;Rio Real;40732.0;-11.4814;-37.9332
292710.0;29;Nordeste;BA;Rodelas;9331.0;-8.85021;-38.78
292720.0;29;Nordeste;BA;Ruy Barbosa;30814.0;-12.2816;-40.4931
292730.0;29;Nordeste;BA;Salinas da Margarida;15667.0;-12.873;-38.7562
292740.0;29;Nordeste;BA;Salvador;2872347.0;-12.9718;-38.5011
292750.0;29;Nordeste;BA;Santa Bárbara;20791.0;-11.9515;-38.9681
292760.0;29;Nordeste;BA;Santa Brígida;14213.0;-9.73227;-38.1209
292770.0;29;Nordeste;BA;Santa Cruz Cabrália;27778.0;-16.2825;-39.0295
292780.0;29;Nordeste;BA;Santa Cruz da Vitória;6315.0;-14.964;-39.8115
292790.0;29;Nordeste;BA;Santa Inês;10631.0;-13.2793;-39.814
292800.0;29;Nordeste;BA;Santaluz;37348.0;-11.2508;-39.375
292805.0;29;Nordeste;BA;Santa Luzia;12597.0;-15.4342;-39.3287
292810.0;29;Nordeste;BA;Santa Maria da Vitória;39845.0;-13.3859;-44.2011
292820.0;29;Nordeste;BA;Santana;26614.0;-12.9792;-44.0506
292830.0;29;Nordeste;BA;Santanópolis;8943.0;-12.0311;-38.8694
292840.0;29;Nordeste;BA;Santa Rita de Cássia;28338.0;-11.0063;-44.5255
292850.0;29;Nordeste;BA;Santa Terezinha;10405.0;-12.7697;-39.5215
292860.0;29;Nordeste;BA;Santo Amaro;60069.0;-12.5472;-38.7137
292870.0;29;Nordeste;BA;Santo Antônio de Jesus;101512.0;-12.9614;-39.2584
292880.0;29;Nordeste;BA;Santo Estêvão;52850.0;-12.428;-39.2505
292890.0;29;Nordeste;BA;São Desidério;33742.0;-12.3572;-44.9769
292895.0;29;Nordeste;BA;São Domingos;9058.0;-11.4649;-39.5268
292900.0;29;Nordeste;BA;São Félix;14740.0;-12.6104;-38.9727
292905.0;29;Nordeste;BA;São Félix do Coribe;15391.0;-13.4019;-44.1837
292910.0;29;Nordeste;BA;São Felipe;21074.0;-12.8394;-39.0893
292920.0;29;Nordeste;BA;São Francisco do Conde;39802.0;-12.6183;-38.6786
292925.0;29;Nordeste;BA;São Gabriel;18793.0;-11.2175;-41.8843
292930.0;29;Nordeste;BA;São Gonçalo dos Campos;37550.0;-12.4331;-38.9663
292935.0;29;Nordeste;BA;São José da Vitória;5657.0;-15.0787;-39.3437
292937.0;29;Nordeste;BA;São José do Jacuípe;10462.0;-11.4137;-39.8669
292940.0;29;Nordeste;BA;São Miguel das Matas;11675.0;-13.0434;-39.4578
292950.0;29;Nordeste;BA;São Sebastião do Passé;44300.0;-12.5123;-38.4905
292960.0;29;Nordeste;BA;Sapeaçu;17398.0;-12.7208;-39.1824
292970.0;29;Nordeste;BA;Sátiro Dias;17273.0;-11.5929;-38.5938
292975.0;29;Nordeste;BA;Saubara;12043.0;-12.7387;-38.7625
292980.0;29;Nordeste;BA;Saúde;12913.0;-10.9428;-40.4155
292990.0;29;Nordeste;BA;Seabra;44091.0;-12.4169;-41.7722
293000.0;29;Nordeste;BA;Sebastião Laranjeiras;11434.0;-14.571;-42.9434
293010.0;29;Nordeste;BA;Senhor do Bonfim;79015.0;-10.4594;-40.1865
293015.0;29;Nordeste;BA;Serra do Ramalho;31472.0;-13.5659;-43.5929
293020.0;29;Nordeste;BA;Sento Sé;40684.0;-9.74138;-41.8786
293030.0;29;Nordeste;BA;Serra Dourada;17386.0;-12.759;-43.9504
293040.0;29;Nordeste;BA;Serra Preta;14878.0;-12.156;-39.3305
293050.0;29;Nordeste;BA;Serrinha;80861.0;-11.6584;-39.01
293060.0;29;Nordeste;BA;Serrolândia;13397.0;-11.4085;-40.2983
293070.0;29;Nordeste;BA;Simões Filho;134377.0;-12.7866;-38.4029
293075.0;29;Nordeste;BA;Sítio do Mato;13012.0;-13.0801;-43.4689
293076.0;29;Nordeste;BA;Sítio do Quinto;9986.0;-10.3545;-38.2213
293077.0;29;Nordeste;BA;Sobradinho;23191.0;-9.45024;-40.8145
293080.0;29;Nordeste;BA;Souto Soares;16979.0;-12.088;-41.6427
293090.0;29;Nordeste;BA;Tabocas do Brejo Velho;12518.0;-12.7026;-44.0075
293100.0;29;Nordeste;BA;Tanhaçu;20403.0;-14.0197;-41.2473
293105.0;29;Nordeste;BA;Tanque Novo;17366.0;-13.5485;-42.4934
293110.0;29;Nordeste;BA;Tanquinho;7918.0;-11.968;-39.1033
293120.0;29;Nordeste;BA;Taperoá;21074.0;-13.5321;-39.1009
293130.0;29;Nordeste;BA;Tapiramutá;17010.0;-11.8475;-40.7927
293135.0;29;Nordeste;BA;Teixeira de Freitas;160487.0;-17.5399;-39.74
293140.0;29;Nordeste;BA;Teodoro Sampaio;7425.0;-12.295;-38.6347
293150.0;29;Nordeste;BA;Teofilândia;22518.0;-11.4827;-38.9913
293160.0;29;Nordeste;BA;Teolândia;14943.0;-13.5896;-39.484
293170.0;29;Nordeste;BA;Terra Nova;13033.0;-12.3888;-38.6238
293180.0;29;Nordeste;BA;Tremedal;16394.0;-14.9736;-41.4142
293190.0;29;Nordeste;BA;Tucano;50687.0;-10.9584;-38.7894
293200.0;29;Nordeste;BA;Uauá;24240.0;-9.83325;-39.4794
293210.0;29;Nordeste;BA;Ubaíra;19895.0;-13.2714;-39.666
293220.0;29;Nordeste;BA;Ubaitaba;19056.0;-14.303;-39.3222
293230.0;29;Nordeste;BA;Ubatã;27035.0;-14.2063;-39.5207
293240.0;29;Nordeste;BA;Uibaí;13887.0;-11.3394;-42.1354
293245.0;29;Nordeste;BA;Umburanas;19222.0;-10.7339;-41.3234
293250.0;29;Nordeste;BA;Una;19002.0;-15.2791;-39.0765
293260.0;29;Nordeste;BA;Urandi;16658.0;-14.7678;-42.6498
293270.0;29;Nordeste;BA;Uruçuca;20519.0;-14.5963;-39.2851
293280.0;29;Nordeste;BA;Utinga;19178.0;-12.0783;-41.0954
293290.0;29;Nordeste;BA;Valença;96562.0;-13.3669;-39.073
293300.0;29;Nordeste;BA;Valente;28473.0;-11.4062;-39.457
293305.0;29;Nordeste;BA;Várzea da Roça;14104.0;-11.6005;-40.1328
293310.0;29;Nordeste;BA;Várzea do Poço;9170.0;-11.5273;-40.3149
293315.0;29;Nordeste;BA;Várzea Nova;12697.0;-11.2557;-40.9432
293317.0;29;Nordeste;BA;Varzedo;8838.0;-12.9672;-39.3919
293320.0;29;Nordeste;BA;Vera Cruz;43223.0;-12.9568;-38.6153
293325.0;29;Nordeste;BA;Vereda;6205.0;-17.2183;-40.0974
293330.0;29;Nordeste;BA;Vitória da Conquista;338480.0;-14.8615;-40.8442
293340.0;29;Nordeste;BA;Wagner;9345.0;-12.2819;-41.1715
293345.0;29;Nordeste;BA;Wanderley;12238.0;-12.1144;-43.8958
293350.0;29;Nordeste;BA;Wenceslau Guimarães;21101.0;-13.6908;-39.4762
293360.0;29;Nordeste;BA;Xique-Xique;46483.0;-10.823;-42.7245
310000.0;31;Sudeste;MG;;;;
310010.0;31;Sudeste;MG;Abadia dos Dourados;6989.0;-18.4831;-47.3916
310020.0;31;Sudeste;MG;Abaeté;23237.0;-19.1551;-45.4444
310030.0;31;Sudeste;MG;Abre Campo;13454.0;-20.2996;-42.4743
310040.0;31;Sudeste;MG;Acaiaca;3994.0;-20.359;-43.1439
310050.0;31;Sudeste;MG;Açucena;9470.0;-19.0671;-42.5419
310060.0;31;Sudeste;MG;Água Boa;13735.0;-17.9914;-42.3806
310070.0;31;Sudeste;MG;Água Comprida;1999.0;-20.0576;-48.1069
310080.0;31;Sudeste;MG;Aguanil;4486.0;-20.9439;-45.3915
310090.0;31;Sudeste;MG;Águas Formosas;19207.0;-17.0802;-40.9384
310100.0;31;Sudeste;MG;Águas Vermelhas;13539.0;-15.7431;-41.4571
310110.0;31;Sudeste;MG;Aimorés;25167.0;-19.5007;-41.0746
310120.0;31;Sudeste;MG;Aiuruoca;6003.0;-21.9736;-44.6042
310130.0;31;Sudeste;MG;Alagoa;2674.0;-22.171;-44.6413
310140.0;31;Sudeste;MG;Albertina;3007.0;-22.2018;-46.6139
310150.0;31;Sudeste;MG;Além Paraíba;35362.0;-21.8797;-42.7176
310160.0;31;Sudeste;MG;Alfenas;79996.0;-21.4256;-45.9477
310163.0;31;Sudeste;MG;Alfredo Vasconcelos;6907.0;-21.1535;-43.7718
310170.0;31;Sudeste;MG;Almenara;41896.0;-16.1785;-40.6942
310180.0;31;Sudeste;MG;Alpercata;7424.0;-18.974;-41.97
310190.0;31;Sudeste;MG;Alpinópolis;19853.0;-20.8631;-46.3878
310200.0;31;Sudeste;MG;Alterosa;14466.0;-21.2488;-46.1387
310205.0;31;Sudeste;MG;Alto Caparaó;5847.0;-20.431;-41.8738
310210.0;31;Sudeste;MG;Alto Rio Doce;11000.0;-21.0281;-43.4067
310220.0;31;Sudeste;MG;Alvarenga;3907.0;-19.4174;-41.7317
310230.0;31;Sudeste;MG;Alvinópolis;15203.0;-20.1098;-43.0535
310240.0;31;Sudeste;MG;Alvorada de Minas;3606.0;-18.7334;-43.3638
310250.0;31;Sudeste;MG;Amparo do Serra;4713.0;-20.5051;-42.8009
310260.0;31;Sudeste;MG;Andradas;41077.0;-22.0695;-46.5724
310270.0;31;Sudeste;MG;Cachoeira de Pajeú;9412.0;-15.9688;-41.4948
310280.0;31;Sudeste;MG;Andrelândia;12224.0;-21.7411;-44.3117
310285.0;31;Sudeste;MG;Angelândia;8520.0;-17.7279;-42.2641
310290.0;31;Sudeste;MG;Antônio Carlos;11445.0;-21.321;-43.7451
310300.0;31;Sudeste;MG;Antônio Dias;9318.0;-19.6491;-42.8732
310310.0;31;Sudeste;MG;Antônio Prado de Minas;1598.0;-21.0192;-42.1109
310320.0;31;Sudeste;MG;Araçaí;2347.0;-19.1955;-44.2493
310330.0;31;Sudeste;MG;Aracitaba;2063.0;-21.3446;-43.3736
310340.0;31;Sudeste;MG;Araçuaí;36708.0;-16.8523;-42.0637
310350.0;31;Sudeste;MG;Araguari;117267.0;-18.6456;-48.1934
310360.0;31;Sudeste;MG;Arantina;2795.0;-21.9102;-44.2555
310370.0;31;Sudeste;MG;Araponga;8439.0;-20.6686;-42.5178
310375.0;31;Sudeste;MG;Araporã;6869.0;-18.4357;-49.1847
310380.0;31;Sudeste;MG;Arapuá;2834.0;-19.0268;-46.1484
310390.0;31;Sudeste;MG;Araújos;9273.0;-19.9405;-45.1671
310400.0;31;Sudeste;MG;Araxá;106229.0;-19.5902;-46.9438
310410.0;31;Sudeste;MG;Arceburgo;10772.0;-21.359;-46.9401
310420.0;31;Sudeste;MG;Arcos;40092.0;-20.2863;-45.5373
310430.0;31;Sudeste;MG;Areado;15070.0;-21.3572;-46.1421
310440.0;31;Sudeste;MG;Argirita;2727.0;-21.6083;-42.8292
310445.0;31;Sudeste;MG;Aricanduva;5231.0;-17.8666;-42.5533
310450.0;31;Sudeste;MG;Arinos;17875.0;-15.9187;-46.1043
310460.0;31;Sudeste;MG;Astolfo Dutra;14179.0;-21.3184;-42.8572
310470.0;31;Sudeste;MG;Ataléia;12868.0;-18.0438;-41.1149
310480.0;31;Sudeste;MG;Augusto de Lima;4869.0;-18.0997;-44.2655
310490.0;31;Sudeste;MG;Baependi;19148.0;-21.957;-44.8874
310500.0;31;Sudeste;MG;Baldim;7826.0;-19.2832;-43.9613
310510.0;31;Sudeste;MG;Bambuí;23829.0;-20.0166;-45.9754
310520.0;31;Sudeste;MG;Bandeira;4795.0;-15.8783;-40.5622
310530.0;31;Sudeste;MG;Bandeira do Sul;5746.0;-21.7308;-46.3833
310540.0;31;Sudeste;MG;Barão de Cocais;32485.0;-19.9389;-43.4755
310550.0;31;Sudeste;MG;Barão de Monte Alto;5397.0;-21.2444;-42.2372
310560.0;31;Sudeste;MG;Barbacena;137313.0;-21.2214;-43.7703
310570.0;31;Sudeste;MG;Barra Longa;5131.0;-20.2869;-43.0402
310590.0;31;Sudeste;MG;Barroso;20810.0;-21.1907;-43.972
310600.0;31;Sudeste;MG;Bela Vista de Minas;10255.0;-19.8302;-43.0922
310610.0;31;Sudeste;MG;Belmiro Braga;3429.0;-21.944;-43.4084
310620.0;31;Sudeste;MG;Belo Horizonte;2512070.0;-19.9102;-43.9266
310630.0;31;Sudeste;MG;Belo Oriente;26700.0;-19.2199;-42.4828
310640.0;31;Sudeste;MG;Belo Vale;7715.0;-20.4077;-44.0275
310650.0;31;Sudeste;MG;Berilo;11932.0;-16.9567;-42.4606
310660.0;31;Sudeste;MG;Bertópolis;4604.0;-17.059;-40.58
310665.0;31;Sudeste;MG;Berizal;4735.0;-15.61;-41.7432
310670.0;31;Sudeste;MG;Betim;439340.0;-19.9668;-44.2008
310680.0;31;Sudeste;MG;Bias Fortes;3379.0;-21.602;-43.7574
310690.0;31;Sudeste;MG;Bicas;14494.0;-21.7232;-43.056
310700.0;31;Sudeste;MG;Biquinhas;2515.0;-18.7754;-45.4974
310710.0;31;Sudeste;MG;Boa Esperança;40127.0;-21.0927;-45.5612
310720.0;31;Sudeste;MG;Bocaina de Minas;5090.0;-22.1697;-44.3972
310730.0;31;Sudeste;MG;Bocaiúva;49979.0;-17.1135;-43.8104
310740.0;31;Sudeste;MG;Bom Despacho;50605.0;-19.7386;-45.2622
310750.0;31;Sudeste;MG;Bom Jardim de Minas;6474.0;-21.9479;-44.1885
310760.0;31;Sudeste;MG;Bom Jesus da Penha;4217.0;-21.0148;-46.5174
310770.0;31;Sudeste;MG;Bom Jesus do Amparo;6083.0;-19.7054;-43.4782
310780.0;31;Sudeste;MG;Bom Jesus do Galho;14935.0;-19.836;-42.3165
310790.0;31;Sudeste;MG;Bom Repouso;10547.0;-22.4675;-46.144
310800.0;31;Sudeste;MG;Bom Sucesso;17603.0;-21.0329;-44.7537
310810.0;31;Sudeste;MG;Bonfim;6868.0;-20.3302;-44.2366
310820.0;31;Sudeste;MG;Bonfinópolis de Minas;5493.0;-16.568;-45.9839
310825.0;31;Sudeste;MG;Bonito de Minas;11230.0;-15.3231;-44.7543
310830.0;31;Sudeste;MG;Borda da Mata;19412.0;-22.2707;-46.1653
310840.0;31;Sudeste;MG;Botelhos;14971.0;-21.6412;-46.391
310850.0;31;Sudeste;MG;Botumirim;6319.0;-16.8657;-43.0086
310855.0;31;Sudeste;MG;Brasilândia de Minas;16538.0;-16.9999;-46.0081
310860.0;31;Sudeste;MG;Brasília de Minas;32347.0;-16.2104;-44.4299
310870.0;31;Sudeste;MG;Brás Pires;4333.0;-20.8419;-43.2406
310880.0;31;Sudeste;MG;Braúnas;4801.0;-19.0562;-42.7099
310890.0;31;Sudeste;MG;Brazópolis;14459.0;-22.4743;-45.6166
310900.0;31;Sudeste;MG;Brumadinho;40103.0;-20.151;-44.2007
310910.0;31;Sudeste;MG;Bueno Brandão;11001.0;-22.4383;-46.3491
310920.0;31;Sudeste;MG;Buenópolis;10365.0;-17.8744;-44.1775
310925.0;31;Sudeste;MG;Bugre;3982.0;-19.4231;-42.2552
310930.0;31;Sudeste;MG;Buritis;24841.0;-15.6218;-46.4221
310940.0;31;Sudeste;MG;Buritizeiro;28056.0;-17.3656;-44.9606
310945.0;31;Sudeste;MG;Cabeceira Grande;6949.0;-16.0335;-47.0862
310950.0;31;Sudeste;MG;Cabo Verde;14075.0;-21.4699;-46.3919
310960.0;31;Sudeste;MG;Cachoeira da Prata;3603.0;-19.521;-44.4544
310970.0;31;Sudeste;MG;Cachoeira de Minas;11547.0;-22.3511;-45.7809
310980.0;31;Sudeste;MG;Cachoeira Dourada;2692.0;-18.5161;-49.5039
310990.0;31;Sudeste;MG;Caetanópolis;11624.0;-19.2971;-44.4189
311000.0;31;Sudeste;MG;Caeté;44718.0;-19.8826;-43.6704
311010.0;31;Sudeste;MG;Caiana;5496.0;-20.6956;-41.9292
311020.0;31;Sudeste;MG;Cajuri;3987.0;-20.7903;-42.7925
311030.0;31;Sudeste;MG;Caldas;14480.0;-21.9183;-46.3843
311040.0;31;Sudeste;MG;Camacho;2901.0;-20.6294;-45.1593
311050.0;31;Sudeste;MG;Camanducaia;21770.0;-22.7515;-46.1494
311060.0;31;Sudeste;MG;Cambuí;29551.0;-22.6115;-46.0572
311070.0;31;Sudeste;MG;Cambuquira;12814.0;-21.854;-45.2896
311080.0;31;Sudeste;MG;Campanário;3721.0;-18.2427;-41.7355
311090.0;31;Sudeste;MG;Campanha;16665.0;-21.836;-45.4004
311100.0;31;Sudeste;MG;Campestre;21055.0;-21.7079;-46.2381
311110.0;31;Sudeste;MG;Campina Verde;19745.0;-19.5382;-49.4862
311115.0;31;Sudeste;MG;Campo Azul;3817.0;-16.5028;-44.8096
311120.0;31;Sudeste;MG;Campo Belo;54029.0;-20.8932;-45.2699
311130.0;31;Sudeste;MG;Campo do Meio;11655.0;-21.1127;-45.8273
311140.0;31;Sudeste;MG;Campo Florido;8151.0;-19.7631;-48.5716
311150.0;31;Sudeste;MG;Campos Altos;15461.0;-19.6914;-46.1725
311160.0;31;Sudeste;MG;Campos Gerais;28774.0;-21.237;-45.7569
311170.0;31;Sudeste;MG;Canaã;4563.0;-20.6869;-42.6167
311180.0;31;Sudeste;MG;Canápolis;12150.0;-18.7212;-49.2035
311190.0;31;Sudeste;MG;Cana Verde;5603.0;-21.0232;-45.1801
311200.0;31;Sudeste;MG;Candeias;14886.0;-20.7692;-45.2765
311205.0;31;Sudeste;MG;Cantagalo;4525.0;-18.5248;-42.6223
311210.0;31;Sudeste;MG;Caparaó;5438.0;-20.5289;-41.9061
311220.0;31;Sudeste;MG;Capela Nova;4653.0;-20.9179;-43.622
311230.0;31;Sudeste;MG;Capelinha;37784.0;-17.6888;-42.5147
311240.0;31;Sudeste;MG;Capetinga;6920.0;-20.6163;-47.0571
311250.0;31;Sudeste;MG;Capim Branco;9754.0;-19.5471;-44.1304
311260.0;31;Sudeste;MG;Capinópolis;16173.0;-18.6862;-49.5706
311265.0;31;Sudeste;MG;Capitão Andrade;5468.0;-19.0748;-41.8614
311270.0;31;Sudeste;MG;Capitão Enéas;15234.0;-16.3265;-43.7084
311280.0;31;Sudeste;MG;Capitólio;8632.0;-20.6164;-46.0493
311290.0;31;Sudeste;MG;Caputira;9298.0;-20.1703;-42.2683
311300.0;31;Sudeste;MG;Caraí;23685.0;-17.1862;-41.7004
311310.0;31;Sudeste;MG;Caranaíba;3183.0;-20.8707;-43.7417
311320.0;31;Sudeste;MG;Carandaí;25501.0;-20.9566;-43.811
311330.0;31;Sudeste;MG;Carangola;33000.0;-20.7343;-42.0313
311340.0;31;Sudeste;MG;Caratinga;92062.0;-19.7868;-42.1292
311350.0;31;Sudeste;MG;Carbonita;9405.0;-17.5255;-43.0137
311360.0;31;Sudeste;MG;Careaçu;6757.0;-22.0424;-45.696
311370.0;31;Sudeste;MG;Carlos Chagas;18837.0;-17.6973;-40.7723
311380.0;31;Sudeste;MG;Carmésia;2632.0;-19.0877;-43.1382
311390.0;31;Sudeste;MG;Carmo da Cachoeira;12170.0;-21.4633;-45.2201
311400.0;31;Sudeste;MG;Carmo da Mata;11476.0;-20.5575;-44.8735
311410.0;31;Sudeste;MG;Carmo de Minas;14859.0;-22.1204;-45.1307
311420.0;31;Sudeste;MG;Carmo do Cajuru;22478.0;-20.1912;-44.7664
311430.0;31;Sudeste;MG;Carmo do Paranaíba;30329.0;-18.991;-46.3167
311440.0;31;Sudeste;MG;Carmo do Rio Claro;21225.0;-20.9736;-46.1149
311450.0;31;Sudeste;MG;Carmópolis de Minas;19355.0;-20.5396;-44.6336
311455.0;31;Sudeste;MG;Carneirinho;10027.0;-19.6987;-50.6894
311460.0;31;Sudeste;MG;Carrancas;4047.0;-21.4898;-44.6446
311470.0;31;Sudeste;MG;Carvalhópolis;3579.0;-21.7735;-45.8421
311480.0;31;Sudeste;MG;Carvalhos;4478.0;-22.0;-44.4632
311490.0;31;Sudeste;MG;Casa Grande;2257.0;-20.7925;-43.9343
311500.0;31;Sudeste;MG;Cascalho Rico;3075.0;-18.5772;-47.8716
311510.0;31;Sudeste;MG;Cássia;17740.0;-20.5831;-46.9201
311520.0;31;Sudeste;MG;Conceição da Barra de Minas;3954.0;-21.1316;-44.4729
311530.0;31;Sudeste;MG;Cataguases;75123.0;-21.3924;-42.6896
311535.0;31;Sudeste;MG;Catas Altas;5376.0;-20.0734;-43.4061
311540.0;31;Sudeste;MG;Catas Altas da Noruega;3641.0;-20.6901;-43.4939
311545.0;31;Sudeste;MG;Catuji;6311.0;-17.3018;-41.5276
311547.0;31;Sudeste;MG;Catuti;4986.0;-15.3616;-42.9627
311550.0;31;Sudeste;MG;Caxambu;21656.0;-21.9753;-44.9319
311560.0;31;Sudeste;MG;Cedro do Abaeté;1164.0;-19.1458;-45.712
311570.0;31;Sudeste;MG;Central de Minas;7032.0;-18.7612;-41.3143
311580.0;31;Sudeste;MG;Centralina;10350.0;-18.5852;-49.2014
311590.0;31;Sudeste;MG;Chácara;3154.0;-21.6733;-43.215
311600.0;31;Sudeste;MG;Chalé;5704.0;-20.0453;-41.6897
311610.0;31;Sudeste;MG;Chapada do Norte;15356.0;-17.0881;-42.5392
311615.0;31;Sudeste;MG;Chapada Gaúcha;13680.0;-15.3014;-45.6116
311620.0;31;Sudeste;MG;Chiador;2687.0;-21.9996;-43.0617
311630.0;31;Sudeste;MG;Cipotânea;6787.0;-20.9026;-43.3629
311640.0;31;Sudeste;MG;Claraval;4843.0;-20.397;-47.2768
311650.0;31;Sudeste;MG;Claro dos Poções;7551.0;-17.082;-44.2061
311660.0;31;Sudeste;MG;Cláudio;28617.0;-20.4437;-44.7673
311670.0;31;Sudeste;MG;Coimbra;7556.0;-20.8535;-42.8008
311680.0;31;Sudeste;MG;Coluna;8873.0;-18.2311;-42.8352
311690.0;31;Sudeste;MG;Comendador Gomes;3111.0;-19.6973;-49.0789
311700.0;31;Sudeste;MG;Comercinho;6929.0;-16.2963;-41.7945
311710.0;31;Sudeste;MG;Conceição da Aparecida;10292.0;-21.096;-46.2049
311720.0;31;Sudeste;MG;Conceição das Pedras;2812.0;-22.1576;-45.4562
311730.0;31;Sudeste;MG;Conceição das Alagoas;27893.0;-19.9172;-48.3839
311740.0;31;Sudeste;MG;Conceição de Ipanema;4574.0;-19.9326;-41.6908
311750.0;31;Sudeste;MG;Conceição do Mato Dentro;17842.0;-19.0344;-43.4221
311760.0;31;Sudeste;MG;Conceição do Pará;5507.0;-19.7456;-44.8945
311770.0;31;Sudeste;MG;Conceição do Rio Verde;13638.0;-21.8778;-45.087
311780.0;31;Sudeste;MG;Conceição dos Ouros;11638.0;-22.4078;-45.7996
311783.0;31;Sudeste;MG;Cônego Marinho;7642.0;-15.2892;-44.4181
311787.0;31;Sudeste;MG;Confins;6730.0;-19.6282;-43.9931
311790.0;31;Sudeste;MG;Congonhal;11950.0;-22.1488;-46.043
311800.0;31;Sudeste;MG;Congonhas;54762.0;-20.4958;-43.851
311810.0;31;Sudeste;MG;Congonhas do Norte;5045.0;-18.8021;-43.6767
311820.0;31;Sudeste;MG;Conquista;6939.0;-19.9312;-47.5492
311830.0;31;Sudeste;MG;Conselheiro Lafaiete;128589.0;-20.6634;-43.7846
311840.0;31;Sudeste;MG;Conselheiro Pena;22921.0;-19.1789;-41.4736
311850.0;31;Sudeste;MG;Consolação;1783.0;-22.5493;-45.9255
311860.0;31;Sudeste;MG;Contagem;663855.0;-19.9321;-44.0539
311870.0;31;Sudeste;MG;Coqueiral;9159.0;-21.1858;-45.4366
311880.0;31;Sudeste;MG;Coração de Jesus;26602.0;-16.6841;-44.3635
311890.0;31;Sudeste;MG;Cordisburgo;8890.0;-19.1224;-44.3224
311900.0;31;Sudeste;MG;Cordislândia;3538.0;-21.7891;-45.6999
311910.0;31;Sudeste;MG;Corinto;23731.0;-18.369;-44.4542
311920.0;31;Sudeste;MG;Coroaci;9991.0;-18.6156;-42.2791
311930.0;31;Sudeste;MG;Coromandel;27974.0;-18.4734;-47.1933
311940.0;31;Sudeste;MG;Coronel Fabriciano;109855.0;-19.5179;-42.6276
311950.0;31;Sudeste;MG;Coronel Murta;9222.0;-16.6148;-42.184
311960.0;31;Sudeste;MG;Coronel Pacheco;3086.0;-21.5898;-43.256
311970.0;31;Sudeste;MG;Coronel Xavier Chaves;3434.0;-21.0277;-44.2206
311980.0;31;Sudeste;MG;Córrego Danta;3215.0;-19.8198;-45.9032
311990.0;31;Sudeste;MG;Córrego do Bom Jesus;3704.0;-22.6269;-46.0241
311995.0;31;Sudeste;MG;Córrego Fundo;6337.0;-20.4474;-45.5617
312000.0;31;Sudeste;MG;Córrego Novo;2771.0;-19.8361;-42.3988
312010.0;31;Sudeste;MG;Couto de Magalhães de Minas;4410.0;-18.0727;-43.4648
312015.0;31;Sudeste;MG;Crisólita;6704.0;-17.2381;-40.9184
312020.0;31;Sudeste;MG;Cristais;12798.0;-20.8733;-45.5167
312030.0;31;Sudeste;MG;Cristália;5971.0;-16.716;-42.8571
312040.0;31;Sudeste;MG;Cristiano Otoni;5150.0;-20.8324;-43.8166
312050.0;31;Sudeste;MG;Cristina;10242.0;-22.208;-45.2673
312060.0;31;Sudeste;MG;Crucilândia;5034.0;-20.3923;-44.3334
312070.0;31;Sudeste;MG;Cruzeiro da Fortaleza;3626.0;-18.944;-46.6669
312080.0;31;Sudeste;MG;Cruzília;15417.0;-21.84;-44.8067
312083.0;31;Sudeste;MG;Cuparaque;4982.0;-18.9648;-41.0986
312087.0;31;Sudeste;MG;Curral de Dentro;7729.0;-15.9327;-41.8557
312090.0;31;Sudeste;MG;Curvelo;80129.0;-18.7527;-44.4303
312100.0;31;Sudeste;MG;Datas;5410.0;-18.4478;-43.6591
312110.0;31;Sudeste;MG;Delfim Moreira;8025.0;-22.5036;-45.2792
312120.0;31;Sudeste;MG;Delfinópolis;7114.0;-20.3468;-46.8456
312125.0;31;Sudeste;MG;Delta;10533.0;-19.9721;-47.7841
312130.0;31;Sudeste;MG;Descoberto;5013.0;-21.46;-42.9618
312140.0;31;Sudeste;MG;Desterro de Entre Rios;7243.0;-20.665;-44.3334
312150.0;31;Sudeste;MG;Desterro do Melo;2901.0;-21.143;-43.5178
312160.0;31;Sudeste;MG;Diamantina;47723.0;-18.2413;-43.6031
312170.0;31;Sudeste;MG;Diogo de Vasconcelos;3802.0;-20.4879;-43.1953
312180.0;31;Sudeste;MG;Dionísio;7729.0;-19.8433;-42.7701
312190.0;31;Sudeste;MG;Divinésia;3417.0;-20.9917;-43.0003
312200.0;31;Sudeste;MG;Divino;19931.0;-20.6134;-42.1438
312210.0;31;Sudeste;MG;Divino das Laranjeiras;4979.0;-18.7755;-41.4781
312220.0;31;Sudeste;MG;Divinolândia de Minas;7571.0;-18.8004;-42.6103
312230.0;31;Sudeste;MG;Divinópolis;238230.0;-20.1446;-44.8912
312235.0;31;Sudeste;MG;Divisa Alegre;6786.0;-15.7221;-41.3463
312240.0;31;Sudeste;MG;Divisa Nova;6011.0;-21.5092;-46.1904
312245.0;31;Sudeste;MG;Divisópolis;11019.0;-15.7254;-40.9997
312247.0;31;Sudeste;MG;Dom Bosco;3677.0;-16.652;-46.2597
312250.0;31;Sudeste;MG;Dom Cavati;5072.0;-19.3735;-42.1121
312260.0;31;Sudeste;MG;Dom Joaquim;4195.0;-18.961;-43.2544
312270.0;31;Sudeste;MG;Dom Silvério;5237.0;-20.1627;-42.9627
312280.0;31;Sudeste;MG;Dom Viçoso;3001.0;-22.2511;-45.1643
312290.0;31;Sudeste;MG;Dona Euzébia;6572.0;-21.319;-42.807
312300.0;31;Sudeste;MG;Dores de Campos;10153.0;-21.1139;-44.0207
312310.0;31;Sudeste;MG;Dores de Guanhães;5169.0;-19.0516;-42.9254
312320.0;31;Sudeste;MG;Dores do Indaiá;13483.0;-19.4628;-45.5927
312330.0;31;Sudeste;MG;Dores do Turvo;4259.0;-20.9785;-43.1834
312340.0;31;Sudeste;MG;Doresópolis;1527.0;-20.2868;-45.9007
312350.0;31;Sudeste;MG;Douradoquara;1908.0;-18.4338;-47.5993
312352.0;31;Sudeste;MG;Durandé;7841.0;-20.2058;-41.7977
312360.0;31;Sudeste;MG;Elói Mendes;28076.0;-21.6088;-45.5691
312370.0;31;Sudeste;MG;Engenheiro Caldas;11134.0;-19.2065;-42.0503
312380.0;31;Sudeste;MG;Engenheiro Navarro;7242.0;-17.2831;-43.947
312385.0;31;Sudeste;MG;Entre Folhas;5370.0;-19.6218;-42.2306
312390.0;31;Sudeste;MG;Entre Rios de Minas;15298.0;-20.6706;-44.0654
312400.0;31;Sudeste;MG;Ervália;18895.0;-20.8403;-42.6544
312410.0;31;Sudeste;MG;Esmeraldas;70552.0;-19.764;-44.3065
312420.0;31;Sudeste;MG;Espera Feliz;24951.0;-20.6508;-41.9119
312430.0;31;Sudeste;MG;Espinosa;31617.0;-14.9249;-42.809
312440.0;31;Sudeste;MG;Espírito Santo do Dourado;4692.0;-22.0454;-45.9548
312450.0;31;Sudeste;MG;Estiva;11354.0;-22.4577;-46.0191
312460.0;31;Sudeste;MG;Estrela Dalva;2343.0;-21.7412;-42.4574
312470.0;31;Sudeste;MG;Estrela do Indaiá;3500.0;-19.5169;-45.7859
312480.0;31;Sudeste;MG;Estrela do Sul;7978.0;-18.7399;-47.6956
312490.0;31;Sudeste;MG;Eugenópolis;11275.0;-21.1002;-42.1878
312500.0;31;Sudeste;MG;Ewbank da Câmara;3913.0;-21.5498;-43.5068
312510.0;31;Sudeste;MG;Extrema;36225.0;-22.854;-46.3178
312520.0;31;Sudeste;MG;Fama;2377.0;-21.4089;-45.8286
312530.0;31;Sudeste;MG;Faria Lemos;3241.0;-20.8097;-42.0213
312540.0;31;Sudeste;MG;Felício dos Santos;4753.0;-18.0755;-43.2422
312550.0;31;Sudeste;MG;São Gonçalo do Rio Preto;3167.0;-18.0025;-43.3854
312560.0;31;Sudeste;MG;Felisburgo;7457.0;-16.6348;-40.7605
312570.0;31;Sudeste;MG;Felixlândia;15336.0;-18.7507;-44.9004
312580.0;31;Sudeste;MG;Fernandes Tourinho;3431.0;-19.1541;-42.0803
312590.0;31;Sudeste;MG;Ferros;9820.0;-19.2343;-43.0192
312595.0;31;Sudeste;MG;Fervedouro;11006.0;-20.726;-42.279
312600.0;31;Sudeste;MG;Florestal;7461.0;-19.888;-44.4318
312610.0;31;Sudeste;MG;Formiga;67683.0;-20.4618;-45.4268
312620.0;31;Sudeste;MG;Formoso;9562.0;-14.9446;-46.2371
312630.0;31;Sudeste;MG;Fortaleza de Minas;4412.0;-20.8508;-46.712
312640.0;31;Sudeste;MG;Fortuna de Minas;2947.0;-19.5578;-44.4472
312650.0;31;Sudeste;MG;Francisco Badaró;10332.0;-16.9883;-42.3568
312660.0;31;Sudeste;MG;Francisco Dumont;5215.0;-17.3107;-44.2317
312670.0;31;Sudeste;MG;Francisco Sá;26277.0;-16.4827;-43.4896
312675.0;31;Sudeste;MG;Franciscópolis;5391.0;-17.9578;-42.0094
312680.0;31;Sudeste;MG;Frei Gaspar;5880.0;-18.0709;-41.4325
312690.0;31;Sudeste;MG;Frei Inocêncio;9611.0;-18.5556;-41.9121
312695.0;31;Sudeste;MG;Frei Lagonegro;3478.0;-18.1751;-42.7617
312700.0;31;Sudeste;MG;Fronteira;18103.0;-20.2748;-49.1984
312705.0;31;Sudeste;MG;Fronteira dos Vales;4581.0;-16.8898;-40.923
312707.0;31;Sudeste;MG;Fruta de Leite;5369.0;-16.1225;-42.5288
312710.0;31;Sudeste;MG;Frutal;59496.0;-20.0259;-48.9355
312720.0;31;Sudeste;MG;Funilândia;4349.0;-19.3661;-44.061
312730.0;31;Sudeste;MG;Galiléia;6817.0;-19.0005;-41.5387
312733.0;31;Sudeste;MG;Gameleiras;5109.0;-15.0829;-43.125
312735.0;31;Sudeste;MG;Glaucilândia;3150.0;-16.8481;-43.692
312737.0;31;Sudeste;MG;Goiabeira;3353.0;-18.9807;-41.2235
312738.0;31;Sudeste;MG;Goianá;3966.0;-21.536;-43.1957
312740.0;31;Sudeste;MG;Gonçalves;4350.0;-22.6545;-45.8556
312750.0;31;Sudeste;MG;Gonzaga;6158.0;-18.8196;-42.4769
312760.0;31;Sudeste;MG;Gouveia;11825.0;-18.4519;-43.7423
312770.0;31;Sudeste;MG;Governador Valadares;279885.0;-18.8545;-41.9555
312780.0;31;Sudeste;MG;Grão Mogol;15836.0;-16.5662;-42.8923
312790.0;31;Sudeste;MG;Grupiara;1388.0;-18.5003;-47.7318
312800.0;31;Sudeste;MG;Guanhães;34319.0;-18.7713;-42.9312
312810.0;31;Sudeste;MG;Guapé;14245.0;-20.7631;-45.9152
312820.0;31;Sudeste;MG;Guaraciaba;10324.0;-20.5716;-43.0094
312825.0;31;Sudeste;MG;Guaraciama;4972.0;-17.0142;-43.6675
312830.0;31;Sudeste;MG;Guaranésia;19021.0;-21.3009;-46.7964
312840.0;31;Sudeste;MG;Guarani;8911.0;-21.3563;-43.0328
312850.0;31;Sudeste;MG;Guarará;3796.0;-21.7304;-43.0334
312860.0;31;Sudeste;MG;Guarda-Mor;6580.0;-17.7673;-47.0998
312870.0;31;Sudeste;MG;Guaxupé;51917.0;-21.305;-46.7081
312880.0;31;Sudeste;MG;Guidoval;7078.0;-21.155;-42.7887
312890.0;31;Sudeste;MG;Guimarânia;8039.0;-18.8425;-46.7901
312900.0;31;Sudeste;MG;Guiricema;8392.0;-21.0098;-42.7207
312910.0;31;Sudeste;MG;Gurinhatã;5639.0;-19.2143;-49.7876
312920.0;31;Sudeste;MG;Heliodora;6558.0;-22.0644;-45.5453
312930.0;31;Sudeste;MG;Iapu;11004.0;-19.4387;-42.2147
312940.0;31;Sudeste;MG;Ibertioga;5021.0;-21.433;-43.9639
312950.0;31;Sudeste;MG;Ibiá;25199.0;-19.4749;-46.5474
312960.0;31;Sudeste;MG;Ibiaí;8395.0;-16.8591;-44.9046
312965.0;31;Sudeste;MG;Ibiracatu;5400.0;-15.6605;-44.1667
312970.0;31;Sudeste;MG;Ibiraci;13828.0;-20.4611;-47.1222
312980.0;31;Sudeste;MG;Ibirité;180204.0;-20.0252;-44.0569
312990.0;31;Sudeste;MG;Ibitiúra de Minas;3488.0;-22.0604;-46.4368
313000.0;31;Sudeste;MG;Ibituruna;2989.0;-21.1541;-44.7479
313005.0;31;Sudeste;MG;Icaraí de Minas;11990.0;-16.214;-44.9034
313010.0;31;Sudeste;MG;Igarapé;43045.0;-20.0707;-44.2994
313020.0;31;Sudeste;MG;Igaratinga;10860.0;-19.9476;-44.7063
313030.0;31;Sudeste;MG;Iguatama;7947.0;-20.1776;-45.7111
313040.0;31;Sudeste;MG;Ijaci;6550.0;-21.1738;-44.9233
313050.0;31;Sudeste;MG;Ilicínea;12375.0;-20.9402;-45.8308
313055.0;31;Sudeste;MG;Imbé de Minas;6903.0;-19.6017;-41.9695
313060.0;31;Sudeste;MG;Inconfidentes;7328.0;-22.3136;-46.3264
313065.0;31;Sudeste;MG;Indaiabira;7351.0;-15.4911;-42.2005
313070.0;31;Sudeste;MG;Indianópolis;6891.0;-19.0341;-47.9155
313080.0;31;Sudeste;MG;Ingaí;2767.0;-21.4024;-44.9152
313090.0;31;Sudeste;MG;Inhapim;24140.0;-19.5476;-42.1147
313100.0;31;Sudeste;MG;Inhaúma;6271.0;-19.4898;-44.3934
313110.0;31;Sudeste;MG;Inimutaba;7515.0;-18.7271;-44.3584
313115.0;31;Sudeste;MG;Ipaba;18607.0;-19.4158;-42.4139
313120.0;31;Sudeste;MG;Ipanema;19861.0;-19.7992;-41.7164
313130.0;31;Sudeste;MG;Ipatinga;263410.0;-19.4703;-42.5476
313140.0;31;Sudeste;MG;Ipiaçu;4221.0;-18.6927;-49.9436
313150.0;31;Sudeste;MG;Ipuiúna;10079.0;-22.1013;-46.1915
313160.0;31;Sudeste;MG;Iraí de Minas;6987.0;-18.9819;-47.461
313170.0;31;Sudeste;MG;Itabira;120060.0;-19.6239;-43.2312
313180.0;31;Sudeste;MG;Itabirinha;11512.0;-18.5712;-41.234
313190.0;31;Sudeste;MG;Itabirito;51875.0;-20.2501;-43.8038
313200.0;31;Sudeste;MG;Itacambira;5385.0;-17.0625;-43.3069
313210.0;31;Sudeste;MG;Itacarambi;18153.0;-15.089;-44.095
313220.0;31;Sudeste;MG;Itaguara;13358.0;-20.3947;-44.4875
313230.0;31;Sudeste;MG;Itaipé;12760.0;-17.4014;-41.6697
313240.0;31;Sudeste;MG;Itajubá;96869.0;-22.4225;-45.4598
313250.0;31;Sudeste;MG;Itamarandiba;34735.0;-17.8552;-42.8561
313260.0;31;Sudeste;MG;Itamarati de Minas;4355.0;-21.4179;-42.813
313270.0;31;Sudeste;MG;Itambacuri;23211.0;-18.035;-41.683
313280.0;31;Sudeste;MG;Itambé do Mato Dentro;2081.0;-19.4158;-43.3182
313290.0;31;Sudeste;MG;Itamogi;10192.0;-21.0758;-47.046
313300.0;31;Sudeste;MG;Itamonte;15579.0;-22.2859;-44.868
313310.0;31;Sudeste;MG;Itanhandu;15331.0;-22.2942;-44.9382
313320.0;31;Sudeste;MG;Itanhomi;12228.0;-19.1736;-41.863
313330.0;31;Sudeste;MG;Itaobim;21062.0;-16.5571;-41.5017
313340.0;31;Sudeste;MG;Itapagipe;15243.0;-19.9062;-49.3781
313350.0;31;Sudeste;MG;Itapecerica;21762.0;-20.4704;-45.127
313360.0;31;Sudeste;MG;Itapeva;9783.0;-22.7665;-46.2241
313370.0;31;Sudeste;MG;Itatiaiuçu;11146.0;-20.1983;-44.4211
313375.0;31;Sudeste;MG;Itaú de Minas;16108.0;-20.7375;-46.7525
313380.0;31;Sudeste;MG;Itaúna;93214.0;-20.0818;-44.5801
313390.0;31;Sudeste;MG;Itaverava;5419.0;-20.6769;-43.6141
313400.0;31;Sudeste;MG;Itinga;14990.0;-16.61;-41.7672
313410.0;31;Sudeste;MG;Itueta;6051.0;-19.3999;-41.1746
313420.0;31;Sudeste;MG;Ituiutaba;104671.0;-18.9772;-49.4639
313430.0;31;Sudeste;MG;Itumirim;6023.0;-21.3171;-44.8724
313440.0;31;Sudeste;MG;Iturama;39263.0;-19.7276;-50.1966
313450.0;31;Sudeste;MG;Itutinga;3788.0;-21.3;-44.6567
313460.0;31;Sudeste;MG;Jaboticatubas;20143.0;-19.5119;-43.7373
313470.0;31;Sudeste;MG;Jacinto;12326.0;-16.1428;-40.295
313480.0;31;Sudeste;MG;Jacuí;7686.0;-21.0137;-46.7359
313490.0;31;Sudeste;MG;Jacutinga;25979.0;-22.286;-46.6166
313500.0;31;Sudeste;MG;Jaguaraçu;3133.0;-19.647;-42.7498
313505.0;31;Sudeste;MG;Jaíba;38909.0;-15.3432;-43.6688
313507.0;31;Sudeste;MG;Jampruca;5404.0;-18.461;-41.809
313510.0;31;Sudeste;MG;Janaúba;71648.0;-15.8022;-43.3132
313520.0;31;Sudeste;MG;Januária;67742.0;-15.4802;-44.3639
313530.0;31;Sudeste;MG;Japaraíba;4350.0;-20.1442;-45.5015
313535.0;31;Sudeste;MG;Japonvar;7969.0;-15.9891;-44.2758
313540.0;31;Sudeste;MG;Jeceaba;4912.0;-20.5339;-43.9894
313545.0;31;Sudeste;MG;Jenipapo de Minas;7692.0;-17.0831;-42.2589
313550.0;31;Sudeste;MG;Jequeri;12386.0;-20.4542;-42.6651
313560.0;31;Sudeste;MG;Jequitaí;7531.0;-17.229;-44.4376
313570.0;31;Sudeste;MG;Jequitibá;5211.0;-19.2345;-44.0304
313580.0;31;Sudeste;MG;Jequitinhonha;25391.0;-16.4375;-41.0117
313590.0;31;Sudeste;MG;Jesuânia;4787.0;-21.9887;-45.2911
313600.0;31;Sudeste;MG;Joaíma;15432.0;-16.6522;-41.0229
313610.0;31;Sudeste;MG;Joanésia;4573.0;-19.1729;-42.6775
313620.0;31;Sudeste;MG;João Monlevade;79910.0;-19.8126;-43.1735
313630.0;31;Sudeste;MG;João Pinheiro;47452.0;-17.7398;-46.1715
313640.0;31;Sudeste;MG;Joaquim Felício;4695.0;-17.758;-44.1643
313650.0;31;Sudeste;MG;Jordânia;10812.0;-15.9009;-40.1841
313652.0;31;Sudeste;MG;José Gonçalves de Minas;4501.0;-16.9053;-42.6014
313655.0;31;Sudeste;MG;José Raydan;4995.0;-18.2195;-42.4946
313657.0;31;Sudeste;MG;Josenópolis;4867.0;-16.5417;-42.5151
313660.0;31;Sudeste;MG;Nova União;5725.0;-19.6876;-43.583
313665.0;31;Sudeste;MG;Juatuba;26946.0;-19.9448;-44.3451
313670.0;31;Sudeste;MG;Juiz de Fora;568873.0;-21.7595;-43.3398
313680.0;31;Sudeste;MG;Juramento;4331.0;-16.8473;-43.5865
313690.0;31;Sudeste;MG;Juruaia;10563.0;-21.2493;-46.5735
313695.0;31;Sudeste;MG;Juvenília;5724.0;-14.2662;-44.1597
313700.0;31;Sudeste;MG;Ladainha;18111.0;-17.6279;-41.7488
313710.0;31;Sudeste;MG;Lagamar;7613.0;-18.1759;-46.8063
313720.0;31;Sudeste;MG;Lagoa da Prata;52165.0;-20.0237;-45.5401
313730.0;31;Sudeste;MG;Lagoa dos Patos;4102.0;-16.978;-44.5754
313740.0;31;Sudeste;MG;Lagoa Dourada;13009.0;-20.9139;-44.0797
313750.0;31;Sudeste;MG;Lagoa Formosa;18052.0;-18.7715;-46.4012
313753.0;31;Sudeste;MG;Lagoa Grande;9532.0;-17.8323;-46.5165
313760.0;31;Sudeste;MG;Lagoa Santa;64527.0;-19.6397;-43.8932
313770.0;31;Sudeste;MG;Lajinha;19923.0;-20.1539;-41.6228
313780.0;31;Sudeste;MG;Lambari;20814.0;-21.9671;-45.3498
313790.0;31;Sudeste;MG;Lamim;3391.0;-20.79;-43.4706
313800.0;31;Sudeste;MG;Laranjal;6810.0;-21.3715;-42.4732
313810.0;31;Sudeste;MG;Lassance;6512.0;-17.887;-44.5735
313820.0;31;Sudeste;MG;Lavras;103773.0;-21.248;-45.0009
313830.0;31;Sudeste;MG;Leandro Ferreira;3229.0;-19.7193;-45.0279
313835.0;31;Sudeste;MG;Leme do Prado;4918.0;-17.0793;-42.6936
313840.0;31;Sudeste;MG;Leopoldina;52587.0;-21.5296;-42.6421
313850.0;31;Sudeste;MG;Liberdade;5069.0;-22.0275;-44.3208
313860.0;31;Sudeste;MG;Lima Duarte;16698.0;-21.8386;-43.7934
313862.0;31;Sudeste;MG;Limeira do Oeste;7536.0;-19.5512;-50.5815
313865.0;31;Sudeste;MG;Lontra;9661.0;-15.9013;-44.306
313867.0;31;Sudeste;MG;Luisburgo;6266.0;-20.4468;-42.0976
313868.0;31;Sudeste;MG;Luislândia;6699.0;-16.1095;-44.5886
313870.0;31;Sudeste;MG;Luminárias;5446.0;-21.5145;-44.9034
313880.0;31;Sudeste;MG;Luz;18215.0;-19.7911;-45.6794
313890.0;31;Sudeste;MG;Machacalis;7111.0;-17.0723;-40.7245
313900.0;31;Sudeste;MG;Machado;42133.0;-21.6778;-45.9219
313910.0;31;Sudeste;MG;Madre de Deus de Minas;5098.0;-21.483;-44.3287
313920.0;31;Sudeste;MG;Malacacheta;18650.0;-17.8456;-42.0769
313925.0;31;Sudeste;MG;Mamonas;6543.0;-15.0479;-42.9469
313930.0;31;Sudeste;MG;Manga;18407.0;-14.7529;-43.9391
313940.0;31;Sudeste;MG;Manhuaçu;90229.0;-20.2572;-42.028
313950.0;31;Sudeste;MG;Manhumirim;22707.0;-20.3591;-41.9589
313960.0;31;Sudeste;MG;Mantena;27644.0;-18.7761;-40.9874
313970.0;31;Sudeste;MG;Maravilhas;7976.0;-19.5076;-44.6779
313980.0;31;Sudeste;MG;Mar de Espanha;12814.0;-21.8707;-43.0062
313990.0;31;Sudeste;MG;Maria da Fé;14095.0;-22.3044;-45.3773
314000.0;31;Sudeste;MG;Mariana;60724.0;-20.3765;-43.414
314010.0;31;Sudeste;MG;Marilac;4115.0;-18.5079;-42.0822
314015.0;31;Sudeste;MG;Mário Campos;15416.0;-20.0582;-44.1883
314020.0;31;Sudeste;MG;Maripá de Minas;2973.0;-21.6979;-42.9546
314030.0;31;Sudeste;MG;Marliéria;4039.0;-19.7096;-42.7327
314040.0;31;Sudeste;MG;Marmelópolis;2755.0;-22.447;-45.1645
314050.0;31;Sudeste;MG;Martinho Campos;13388.0;-19.3306;-45.2434
314053.0;31;Sudeste;MG;Martins Soares;8417.0;-20.2546;-41.8786
314055.0;31;Sudeste;MG;Mata Verde;8586.0;-15.6869;-40.7366
314060.0;31;Sudeste;MG;Materlândia;4459.0;-18.4699;-43.0579
314070.0;31;Sudeste;MG;Mateus Leme;31086.0;-19.9794;-44.4318
314080.0;31;Sudeste;MG;Matias Barbosa;14468.0;-21.869;-43.3135
314085.0;31;Sudeste;MG;Matias Cardoso;11157.0;-14.8563;-43.9146
314090.0;31;Sudeste;MG;Matipó;18908.0;-20.2873;-42.3401
314100.0;31;Sudeste;MG;Mato Verde;12459.0;-15.3944;-42.86
314110.0;31;Sudeste;MG;Matozinhos;37820.0;-19.5543;-44.0868
314120.0;31;Sudeste;MG;Matutina;3749.0;-19.2179;-45.9664
314130.0;31;Sudeste;MG;Medeiros;3802.0;-19.9865;-46.2181
314140.0;31;Sudeste;MG;Medina;20820.0;-16.2245;-41.4728
314150.0;31;Sudeste;MG;Mendes Pimentel;6446.0;-18.6631;-41.4052
314160.0;31;Sudeste;MG;Mercês;10739.0;-21.1976;-43.3337
314170.0;31;Sudeste;MG;Mesquita;5605.0;-19.224;-42.6079
314180.0;31;Sudeste;MG;Minas Novas;31484.0;-17.2156;-42.5884
314190.0;31;Sudeste;MG;Minduri;3894.0;-21.6797;-44.6051
314200.0;31;Sudeste;MG;Mirabela;13589.0;-16.256;-44.1602
314210.0;31;Sudeste;MG;Miradouro;10754.0;-20.8899;-42.3458
314220.0;31;Sudeste;MG;Miraí;15014.0;-21.2021;-42.6122
314225.0;31;Sudeste;MG;Miravânia;4888.0;-14.7348;-44.4092
314230.0;31;Sudeste;MG;Moeda;4919.0;-20.3399;-44.0509
314240.0;31;Sudeste;MG;Moema;7517.0;-19.8387;-45.4127
314250.0;31;Sudeste;MG;Monjolos;2220.0;-18.3245;-44.118
314260.0;31;Sudeste;MG;Monsenhor Paulo;8688.0;-21.7579;-45.5391
314270.0;31;Sudeste;MG;Montalvânia;14877.0;-14.4197;-44.3719
314280.0;31;Sudeste;MG;Monte Alegre de Minas;21120.0;-18.869;-48.881
314290.0;31;Sudeste;MG;Monte Azul;20854.0;-15.1514;-42.8718
314300.0;31;Sudeste;MG;Monte Belo;13166.0;-21.3271;-46.3635
314310.0;31;Sudeste;MG;Monte Carmelo;47809.0;-18.7302;-47.4912
314315.0;31;Sudeste;MG;Monte Formoso;4906.0;-16.8691;-41.2473
314320.0;31;Sudeste;MG;Monte Santo de Minas;21524.0;-21.1873;-46.9753
314330.0;31;Sudeste;MG;Montes Claros;409341.0;-16.7282;-43.8578
314340.0;31;Sudeste;MG;Monte Sião;23803.0;-22.4335;-46.573
314345.0;31;Sudeste;MG;Montezuma;8249.0;-15.1702;-42.4941
314350.0;31;Sudeste;MG;Morada Nova de Minas;8863.0;-18.5998;-45.3584
314360.0;31;Sudeste;MG;Morro da Garça;2462.0;-18.5356;-44.601
314370.0;31;Sudeste;MG;Morro do Pilar;3182.0;-19.2236;-43.3795
314380.0;31;Sudeste;MG;Munhoz;6029.0;-22.6092;-46.362
314390.0;31;Sudeste;MG;Muriaé;108763.0;-21.13;-42.3693
314400.0;31;Sudeste;MG;Mutum;26979.0;-19.8121;-41.4407
314410.0;31;Sudeste;MG;Muzambinho;20569.0;-21.3692;-46.5213
314420.0;31;Sudeste;MG;Nacip Raydan;3220.0;-18.4544;-42.2481
314430.0;31;Sudeste;MG;Nanuque;40750.0;-17.8481;-40.3533
314435.0;31;Sudeste;MG;Naque;6996.0;-19.2291;-42.3312
314437.0;31;Sudeste;MG;Natalândia;3311.0;-16.5021;-46.4874
314440.0;31;Sudeste;MG;Natércia;4730.0;-22.1158;-45.5123
314450.0;31;Sudeste;MG;Nazareno;8608.0;-21.2168;-44.6138
314460.0;31;Sudeste;MG;Nepomuceno;26769.0;-21.2324;-45.235
314465.0;31;Sudeste;MG;Ninheira;10295.0;-15.3148;-41.7564
314467.0;31;Sudeste;MG;Nova Belém;3190.0;-18.4925;-41.1107
314470.0;31;Sudeste;MG;Nova Era;17578.0;-19.7577;-43.0333
314480.0;31;Sudeste;MG;Nova Lima;94889.0;-19.9758;-43.8509
314490.0;31;Sudeste;MG;Nova Módica;3600.0;-18.4417;-41.4984
314500.0;31;Sudeste;MG;Nova Ponte;15545.0;-19.1461;-47.6779
314505.0;31;Sudeste;MG;Nova Porteirinha;7500.0;-15.7993;-43.2941
314510.0;31;Sudeste;MG;Nova Resende;16723.0;-21.1286;-46.4157
314520.0;31;Sudeste;MG;Nova Serrana;102693.0;-19.8713;-44.9847
314530.0;31;Sudeste;MG;Novo Cruzeiro;31331.0;-17.4654;-41.8826
314535.0;31;Sudeste;MG;Novo Oriente de Minas;10755.0;-17.4089;-41.2194
314537.0;31;Sudeste;MG;Novorizonte;5299.0;-16.0162;-42.4044
314540.0;31;Sudeste;MG;Olaria;1747.0;-21.8598;-43.9356
314545.0;31;Sudeste;MG;Olhos-d'Água;6096.0;-17.3982;-43.5719
314550.0;31;Sudeste;MG;Olímpio Noronha;2787.0;-22.0685;-45.2657
314560.0;31;Sudeste;MG;Oliveira;41687.0;-20.6982;-44.829
314570.0;31;Sudeste;MG;Oliveira Fortes;2133.0;-21.3401;-43.4499
314580.0;31;Sudeste;MG;Onça de Pitangui;3148.0;-19.7276;-44.8058
314585.0;31;Sudeste;MG;Oratórios;4655.0;-20.4298;-42.7977
314587.0;31;Sudeste;MG;Orizânia;8018.0;-20.5142;-42.1991
314590.0;31;Sudeste;MG;Ouro Branco;39500.0;-20.5263;-43.6962
314600.0;31;Sudeste;MG;Ouro Fino;33639.0;-22.2779;-46.3716
314610.0;31;Sudeste;MG;Ouro Preto;74281.0;-20.3796;-43.512
314620.0;31;Sudeste;MG;Ouro Verde de Minas;5934.0;-18.0719;-41.2734
314625.0;31;Sudeste;MG;Padre Carvalho;6378.0;-16.3646;-42.5088
314630.0;31;Sudeste;MG;Padre Paraíso;20154.0;-17.0758;-41.4821
314640.0;31;Sudeste;MG;Paineiras;4486.0;-18.8993;-45.5321
314650.0;31;Sudeste;MG;Pains;8283.0;-20.3705;-45.6627
314655.0;31;Sudeste;MG;Pai Pedro;6089.0;-15.5271;-43.07
314660.0;31;Sudeste;MG;Paiva;1529.0;-21.2913;-43.4088
314670.0;31;Sudeste;MG;Palma;6616.0;-21.3748;-42.3123
314675.0;31;Sudeste;MG;Palmópolis;5507.0;-16.7364;-40.4296
314690.0;31;Sudeste;MG;Papagaios;15674.0;-19.4419;-44.7468
314700.0;31;Sudeste;MG;Paracatu;93158.0;-17.2252;-46.8711
314710.0;31;Sudeste;MG;Pará de Minas;93969.0;-19.8534;-44.6114
314720.0;31;Sudeste;MG;Paraguaçu;21513.0;-21.5465;-45.7374
314730.0;31;Sudeste;MG;Paraisópolis;21083.0;-22.5539;-45.7803
314740.0;31;Sudeste;MG;Paraopeba;24540.0;-19.2732;-44.4044
314750.0;31;Sudeste;MG;Passabém;1649.0;-19.3509;-43.1383
314760.0;31;Sudeste;MG;Passa Quatro;16344.0;-22.3871;-44.9709
314770.0;31;Sudeste;MG;Passa Tempo;8084.0;-20.6539;-44.4926
314780.0;31;Sudeste;MG;Passa Vinte;2039.0;-22.2097;-44.2344
314790.0;31;Sudeste;MG;Passos;114679.0;-20.7193;-46.609
314795.0;31;Sudeste;MG;Patis;5972.0;-16.0773;-44.0787
314800.0;31;Sudeste;MG;Patos de Minas;152488.0;-18.5699;-46.5013
314810.0;31;Sudeste;MG;Patrocínio;90757.0;-18.9379;-46.9934
314820.0;31;Sudeste;MG;Patrocínio do Muriaé;5684.0;-21.1544;-42.2125
314830.0;31;Sudeste;MG;Paula Cândido;9571.0;-20.8754;-42.9752
314840.0;31;Sudeste;MG;Paulistas;4830.0;-18.4276;-42.8628
314850.0;31;Sudeste;MG;Pavão;8450.0;-17.4267;-41.0035
314860.0;31;Sudeste;MG;Peçanha;17541.0;-18.5441;-42.5583
314870.0;31;Sudeste;MG;Pedra Azul;24324.0;-16.0086;-41.2909
314875.0;31;Sudeste;MG;Pedra Bonita;7097.0;-20.5219;-42.3304
314880.0;31;Sudeste;MG;Pedra do Anta;3052.0;-20.5968;-42.7123
314890.0;31;Sudeste;MG;Pedra do Indaiá;3972.0;-20.2563;-45.2107
314900.0;31;Sudeste;MG;Pedra Dourada;2504.0;-20.8266;-42.1515
314910.0;31;Sudeste;MG;Pedralva;11195.0;-22.2386;-45.4654
314915.0;31;Sudeste;MG;Pedras de Maria da Cruz;12107.0;-15.6032;-44.391
314920.0;31;Sudeste;MG;Pedrinópolis;3635.0;-19.2241;-47.4579
314930.0;31;Sudeste;MG;Pedro Leopoldo;64258.0;-19.6308;-44.0383
314940.0;31;Sudeste;MG;Pedro Teixeira;1807.0;-21.7076;-43.743
314950.0;31;Sudeste;MG;Pequeri;3320.0;-21.8341;-43.1145
314960.0;31;Sudeste;MG;Pequi;4406.0;-19.6284;-44.6604
314970.0;31;Sudeste;MG;Perdigão;11506.0;-19.9411;-45.078
314980.0;31;Sudeste;MG;Perdizes;16168.0;-19.3434;-47.2963
314990.0;31;Sudeste;MG;Perdões;21390.0;-21.0932;-45.0896
314995.0;31;Sudeste;MG;Periquito;6810.0;-19.1573;-42.2333
315000.0;31;Sudeste;MG;Pescador;4252.0;-18.357;-41.6006
315010.0;31;Sudeste;MG;Piau;2748.0;-21.5096;-43.313
315015.0;31;Sudeste;MG;Piedade de Caratinga;8566.0;-19.7593;-42.0756
315020.0;31;Sudeste;MG;Piedade de Ponte Nova;4140.0;-20.2438;-42.7379
315030.0;31;Sudeste;MG;Piedade do Rio Grande;4497.0;-21.469;-44.1938
315040.0;31;Sudeste;MG;Piedade dos Gerais;4982.0;-20.4715;-44.2243
315050.0;31;Sudeste;MG;Pimenta;8660.0;-20.4827;-45.8049
315053.0;31;Sudeste;MG;Pingo d'Água;4941.0;-19.7287;-42.4095
315057.0;31;Sudeste;MG;Pintópolis;7507.0;-16.0572;-45.1402
315060.0;31;Sudeste;MG;Piracema;6409.0;-20.5089;-44.4783
315070.0;31;Sudeste;MG;Pirajuba;6199.0;-19.9092;-48.7027
315080.0;31;Sudeste;MG;Piranga;17626.0;-20.6834;-43.2967
315090.0;31;Sudeste;MG;Piranguçu;5472.0;-22.5249;-45.4945
315100.0;31;Sudeste;MG;Piranguinho;8596.0;-22.395;-45.5324
315110.0;31;Sudeste;MG;Pirapetinga;10752.0;-21.6554;-42.3434
315120.0;31;Sudeste;MG;Pirapora;56428.0;-17.3392;-44.934
315130.0;31;Sudeste;MG;Piraúba;10787.0;-21.2825;-43.0172
315140.0;31;Sudeste;MG;Pitangui;27989.0;-19.6741;-44.8964
315150.0;31;Sudeste;MG;Piumhi;34691.0;-20.4762;-45.9589
315160.0;31;Sudeste;MG;Planura;12133.0;-20.1376;-48.7
315170.0;31;Sudeste;MG;Poço Fundo;16791.0;-21.78;-45.9658
315180.0;31;Sudeste;MG;Poços de Caldas;167397.0;-21.78;-46.5692
315190.0;31;Sudeste;MG;Pocrane;8432.0;-19.6208;-41.6334
315200.0;31;Sudeste;MG;Pompéu;31812.0;-19.2257;-45.0141
315210.0;31;Sudeste;MG;Ponte Nova;59742.0;-20.4111;-42.8978
315213.0;31;Sudeste;MG;Ponto Chique;4261.0;-16.6282;-45.0588
315217.0;31;Sudeste;MG;Ponto dos Volantes;12121.0;-16.7473;-41.5025
315220.0;31;Sudeste;MG;Porteirinha;37906.0;-15.7404;-43.0281
315230.0;31;Sudeste;MG;Porto Firme;11279.0;-20.6642;-43.0834
315240.0;31;Sudeste;MG;Poté;16555.0;-17.8077;-41.786
315250.0;31;Sudeste;MG;Pouso Alegre;150737.0;-22.2266;-45.9389
315260.0;31;Sudeste;MG;Pouso Alto;5940.0;-22.1964;-44.9748
315270.0;31;Sudeste;MG;Prados;9031.0;-21.0597;-44.0778
315280.0;31;Sudeste;MG;Prata;27856.0;-19.3086;-48.9276
315290.0;31;Sudeste;MG;Pratápolis;8603.0;-20.7411;-46.8624
315300.0;31;Sudeste;MG;Pratinha;3603.0;-19.739;-46.3755
315310.0;31;Sudeste;MG;Presidente Bernardes;5369.0;-20.7656;-43.1895
315320.0;31;Sudeste;MG;Presidente Juscelino;3641.0;-18.6401;-44.06
315330.0;31;Sudeste;MG;Presidente Kubitschek;3002.0;-18.6193;-43.5628
315340.0;31;Sudeste;MG;Presidente Olegário;19573.0;-18.4096;-46.4165
315350.0;31;Sudeste;MG;Alto Jequitibá;8317.0;-20.4208;-41.967
315360.0;31;Sudeste;MG;Prudente de Morais;10733.0;-19.4742;-44.1591
315370.0;31;Sudeste;MG;Quartel Geral;3563.0;-19.2703;-45.5569
315380.0;31;Sudeste;MG;Queluzito;1939.0;-20.7416;-43.8851
315390.0;31;Sudeste;MG;Raposos;16354.0;-19.9636;-43.8079
315400.0;31;Sudeste;MG;Raul Soares;23762.0;-20.1061;-42.4502
315410.0;31;Sudeste;MG;Recreio;10517.0;-21.5289;-42.4676
315415.0;31;Sudeste;MG;Reduto;7154.0;-20.2401;-41.9848
315420.0;31;Sudeste;MG;Resende Costa;11500.0;-20.9171;-44.2407
315430.0;31;Sudeste;MG;Resplendor;17397.0;-19.3194;-41.2462
315440.0;31;Sudeste;MG;Ressaquinha;4808.0;-21.0642;-43.7598
315445.0;31;Sudeste;MG;Riachinho;8136.0;-16.2258;-45.9888
315450.0;31;Sudeste;MG;Riacho dos Machados;9481.0;-16.0091;-43.0488
315460.0;31;Sudeste;MG;Ribeirão das Neves;334858.0;-19.7621;-44.0844
315470.0;31;Sudeste;MG;Ribeirão Vermelho;4033.0;-21.1879;-45.0637
315480.0;31;Sudeste;MG;Rio Acima;10312.0;-20.0876;-43.7878
315490.0;31;Sudeste;MG;Rio Casca;13564.0;-20.2285;-42.6462
315500.0;31;Sudeste;MG;Rio Doce;2610.0;-20.2412;-42.8995
315510.0;31;Sudeste;MG;Rio do Prado;5150.0;-16.6056;-40.5714
315520.0;31;Sudeste;MG;Rio Espera;5474.0;-20.855;-43.4721
315530.0;31;Sudeste;MG;Rio Manso;5832.0;-20.2666;-44.3069
315540.0;31;Sudeste;MG;Rio Novo;8949.0;-21.4649;-43.1168
315550.0;31;Sudeste;MG;Rio Paranaíba;12313.0;-19.1861;-46.2455
315560.0;31;Sudeste;MG;Rio Pardo de Minas;30914.0;-15.616;-42.5405
315570.0;31;Sudeste;MG;Rio Piracicaba;14339.0;-19.9284;-43.1829
315580.0;31;Sudeste;MG;Rio Pomba;17910.0;-21.2712;-43.1696
315590.0;31;Sudeste;MG;Rio Preto;5476.0;-22.0861;-43.8293
315600.0;31;Sudeste;MG;Rio Vermelho;12846.0;-18.2922;-43.0018
315610.0;31;Sudeste;MG;Ritápolis;4604.0;-21.0276;-44.3204
315620.0;31;Sudeste;MG;Rochedo de Minas;2305.0;-21.6284;-43.0165
315630.0;31;Sudeste;MG;Rodeiro;8109.0;-21.2035;-42.8586
315640.0;31;Sudeste;MG;Romaria;3533.0;-18.8838;-47.5782
315645.0;31;Sudeste;MG;Rosário da Limeira;4594.0;-20.9812;-42.5112
315650.0;31;Sudeste;MG;Rubelita;5995.0;-16.4053;-42.261
315660.0;31;Sudeste;MG;Rubim;10241.0;-16.3775;-40.5397
315670.0;31;Sudeste;MG;Sabará;136344.0;-19.884;-43.8263
315680.0;31;Sudeste;MG;Sabinópolis;15470.0;-18.6653;-43.0752
315690.0;31;Sudeste;MG;Sacramento;26185.0;-19.8622;-47.4508
315700.0;31;Sudeste;MG;Salinas;41527.0;-16.1753;-42.2964
315710.0;31;Sudeste;MG;Salto da Divisa;7009.0;-16.0063;-39.9391
315720.0;31;Sudeste;MG;Santa Bárbara;31324.0;-19.9604;-43.4101
315725.0;31;Sudeste;MG;Santa Bárbara do Leste;8147.0;-19.9753;-42.1457
315727.0;31;Sudeste;MG;Santa Bárbara do Monte Verde;3150.0;-21.9592;-43.7027
315730.0;31;Sudeste;MG;Santa Bárbara do Tugúrio;4430.0;-21.2431;-43.5607
315733.0;31;Sudeste;MG;Santa Cruz de Minas;8604.0;-21.1241;-44.2202
315737.0;31;Sudeste;MG;Santa Cruz de Salinas;4142.0;-16.0967;-41.7418
315740.0;31;Sudeste;MG;Santa Cruz do Escalvado;4758.0;-20.2372;-42.8169
315750.0;31;Sudeste;MG;Santa Efigênia de Minas;4409.0;-18.8235;-42.4388
315760.0;31;Sudeste;MG;Santa Fé de Minas;3846.0;-16.6859;-45.4102
315765.0;31;Sudeste;MG;Santa Helena de Minas;6366.0;-16.9707;-40.6727
315770.0;31;Sudeste;MG;Santa Juliana;14003.0;-19.3108;-47.5322
315780.0;31;Sudeste;MG;Santa Luzia;219134.0;-19.7548;-43.8497
315790.0;31;Sudeste;MG;Santa Margarida;16208.0;-20.3839;-42.2519
315800.0;31;Sudeste;MG;Santa Maria de Itabira;10847.0;-19.4431;-43.1064
315810.0;31;Sudeste;MG;Santa Maria do Salto;5232.0;-16.2479;-40.1512
315820.0;31;Sudeste;MG;Santa Maria do Suaçuí;14615.0;-18.1896;-42.4139
315830.0;31;Sudeste;MG;Santana da Vargem;7100.0;-21.2449;-45.5005
315840.0;31;Sudeste;MG;Santana de Cataguases;3872.0;-21.2893;-42.5524
315850.0;31;Sudeste;MG;Santana de Pirapama;7642.0;-18.9962;-44.0409
315860.0;31;Sudeste;MG;Santana do Deserto;3976.0;-21.9512;-43.1583
315870.0;31;Sudeste;MG;Santana do Garambéu;2458.0;-21.5983;-44.105
315880.0;31;Sudeste;MG;Santana do Jacaré;4821.0;-20.9007;-45.1285
315890.0;31;Sudeste;MG;Santana do Manhuaçu;8674.0;-20.1031;-41.9278
315895.0;31;Sudeste;MG;Santana do Paraíso;34663.0;-19.3661;-42.5446
315900.0;31;Sudeste;MG;Santana do Riacho;4295.0;-19.1662;-43.722
315910.0;31;Sudeste;MG;Santana dos Montes;3777.0;-20.7868;-43.6949
315920.0;31;Sudeste;MG;Santa Rita de Caldas;8949.0;-22.0292;-46.3385
315930.0;31;Sudeste;MG;Santa Rita de Jacutinga;4884.0;-22.1474;-44.0977
315935.0;31;Sudeste;MG;Santa Rita de Minas;7212.0;-19.876;-42.1363
315940.0;31;Sudeste;MG;Santa Rita de Ibitipoca;3425.0;-21.5658;-43.9163
315950.0;31;Sudeste;MG;Santa Rita do Itueto;5489.0;-19.3576;-41.3821
315960.0;31;Sudeste;MG;Santa Rita do Sapucaí;43260.0;-22.2461;-45.7034
315970.0;31;Sudeste;MG;Santa Rosa da Serra;3350.0;-19.5186;-45.9611
315980.0;31;Sudeste;MG;Santa Vitória;19742.0;-18.8414;-50.1208
315990.0;31;Sudeste;MG;Santo Antônio do Amparo;18525.0;-20.943;-44.9176
316000.0;31;Sudeste;MG;Santo Antônio do Aventureiro;3602.0;-21.7606;-42.8115
316010.0;31;Sudeste;MG;Santo Antônio do Grama;3911.0;-20.3185;-42.6047
316020.0;31;Sudeste;MG;Santo Antônio do Itambé;3838.0;-18.4609;-43.3006
316030.0;31;Sudeste;MG;Santo Antônio do Jacinto;11640.0;-16.5332;-40.1817
316040.0;31;Sudeste;MG;Santo Antônio do Monte;28243.0;-20.085;-45.2947
316045.0;31;Sudeste;MG;Santo Antônio do Retiro;7277.0;-15.3393;-42.6171
316050.0;31;Sudeste;MG;Santo Antônio do Rio Abaixo;1765.0;-19.2374;-43.2604
316060.0;31;Sudeste;MG;Santo Hipólito;3087.0;-18.2968;-44.2229
316070.0;31;Sudeste;MG;Santos Dumont;46487.0;-21.4634;-43.5499
316080.0;31;Sudeste;MG;São Bento Abade;5286.0;-21.5839;-45.0699
316090.0;31;Sudeste;MG;São Brás do Suaçuí;3738.0;-20.6242;-43.9515
316095.0;31;Sudeste;MG;São Domingos das Dores;5644.0;-19.5246;-42.0106
316100.0;31;Sudeste;MG;São Domingos do Prata;17359.0;-19.8678;-42.971
316105.0;31;Sudeste;MG;São Félix de Minas;3369.0;-18.5959;-41.4889
316110.0;31;Sudeste;MG;São Francisco;56323.0;-15.9514;-44.8593
316120.0;31;Sudeste;MG;São Francisco de Paula;6527.0;-20.7036;-44.9838
316130.0;31;Sudeste;MG;São Francisco de Sales;6238.0;-19.8611;-49.7727
316140.0;31;Sudeste;MG;São Francisco do Glória;4844.0;-20.7923;-42.2673
316150.0;31;Sudeste;MG;São Geraldo;12366.0;-20.9252;-42.8364
316160.0;31;Sudeste;MG;São Geraldo da Piedade;3962.0;-18.8411;-42.2867
316165.0;31;Sudeste;MG;São Geraldo do Baixio;4012.0;-18.9097;-41.363
316170.0;31;Sudeste;MG;São Gonçalo do Abaeté;8389.0;-18.3315;-45.8265
316180.0;31;Sudeste;MG;São Gonçalo do Pará;12411.0;-19.9822;-44.8593
316190.0;31;Sudeste;MG;São Gonçalo do Rio Abaixo;10920.0;-19.8221;-43.366
316200.0;31;Sudeste;MG;São Gonçalo do Sapucaí;25449.0;-21.8932;-45.5893
316210.0;31;Sudeste;MG;São Gotardo;35469.0;-19.3087;-46.0465
316220.0;31;Sudeste;MG;São João Batista do Glória;7453.0;-20.635;-46.508
316225.0;31;Sudeste;MG;São João da Lagoa;4915.0;-16.8455;-44.3507
316230.0;31;Sudeste;MG;São João da Mata;2749.0;-21.928;-45.9297
316240.0;31;Sudeste;MG;São João da Ponte;25165.0;-15.9271;-44.0096
316245.0;31;Sudeste;MG;São João das Missões;13014.0;-14.8859;-44.0922
316250.0;31;Sudeste;MG;São João del Rei;90082.0;-21.1311;-44.2526
316255.0;31;Sudeste;MG;São João do Manhuaçu;11559.0;-20.3933;-42.1533
316257.0;31;Sudeste;MG;São João do Manteninha;5859.0;-18.723;-41.1628
316260.0;31;Sudeste;MG;São João do Oriente;7498.0;-19.3384;-42.1575
316265.0;31;Sudeste;MG;São João do Pacuí;4419.0;-16.5373;-44.5134
316270.0;31;Sudeste;MG;São João do Paraíso;23618.0;-15.3168;-42.0213
316280.0;31;Sudeste;MG;São João Evangelista;15774.0;-18.548;-42.7655
316290.0;31;Sudeste;MG;São João Nepomuceno;26361.0;-21.5381;-43.0069
316292.0;31;Sudeste;MG;São Joaquim de Bicas;31578.0;-20.048;-44.2749
316294.0;31;Sudeste;MG;São José da Barra;7426.0;-20.7178;-46.313
316295.0;31;Sudeste;MG;São José da Lapa;23766.0;-19.6971;-43.9586
316300.0;31;Sudeste;MG;São José da Safira;4268.0;-18.3243;-42.1431
316310.0;31;Sudeste;MG;São José da Varginha;5004.0;-19.7006;-44.556
316320.0;31;Sudeste;MG;São José do Alegre;4196.0;-22.3243;-45.5258
316330.0;31;Sudeste;MG;São José do Divino;3860.0;-18.4793;-41.3907
316340.0;31;Sudeste;MG;São José do Goiabal;5420.0;-19.9214;-42.7035
316350.0;31;Sudeste;MG;São José do Jacuri;6453.0;-18.281;-42.6729
316360.0;31;Sudeste;MG;São José do Mantimento;2791.0;-20.0058;-41.7486
316370.0;31;Sudeste;MG;São Lourenço;45851.0;-22.1166;-45.0506
316380.0;31;Sudeste;MG;São Miguel do Anta;6938.0;-20.7067;-42.7174
316390.0;31;Sudeste;MG;São Pedro da União;4659.0;-21.131;-46.6123
316400.0;31;Sudeste;MG;São Pedro dos Ferros;7781.0;-20.1732;-42.5251
316410.0;31;Sudeste;MG;São Pedro do Suaçuí;5246.0;-18.3609;-42.5981
316420.0;31;Sudeste;MG;São Romão;12337.0;-16.3641;-45.0749
316430.0;31;Sudeste;MG;São Roque de Minas;7051.0;-20.249;-46.3639
316440.0;31;Sudeste;MG;São Sebastião da Bela Vista;5504.0;-22.1583;-45.7546
316443.0;31;Sudeste;MG;São Sebastião da Vargem Alegre;3007.0;-19.7477;-43.3679
316447.0;31;Sudeste;MG;São Sebastião do Anta;6555.0;-19.5064;-41.985
316450.0;31;Sudeste;MG;São Sebastião do Maranhão;10044.0;-18.0873;-42.5659
316460.0;31;Sudeste;MG;São Sebastião do Oeste;6775.0;-20.2758;-45.0063
316470.0;31;Sudeste;MG;São Sebastião do Paraíso;70956.0;-20.9167;-46.9837
316480.0;31;Sudeste;MG;São Sebastião do Rio Preto;1506.0;-19.2959;-43.1757
316490.0;31;Sudeste;MG;São Sebastião do Rio Verde;2241.0;-22.2183;-44.9761
316500.0;31;Sudeste;MG;São Tiago;10941.0;-20.9075;-44.5098
316510.0;31;Sudeste;MG;São Tomás de Aquino;7021.0;-20.7791;-47.0962
316520.0;31;Sudeste;MG;São Tomé das Letras;7089.0;-21.7218;-44.9849
316530.0;31;Sudeste;MG;São Vicente de Minas;7753.0;-21.7042;-44.4431
316540.0;31;Sudeste;MG;Sapucaí-Mirim;6930.0;-22.7409;-45.738
316550.0;31;Sudeste;MG;Sardoá;6300.0;-18.7828;-42.3629
316553.0;31;Sudeste;MG;Sarzedo;32752.0;-20.0367;-44.1446
316555.0;31;Sudeste;MG;Setubinha;12258.0;-17.6002;-42.1587
316556.0;31;Sudeste;MG;Sem-Peixe;2633.0;-20.1008;-42.8483
316557.0;31;Sudeste;MG;Senador Amaral;5356.0;-22.5869;-46.1763
316560.0;31;Sudeste;MG;Senador Cortes;2005.0;-21.7986;-42.9424
316570.0;31;Sudeste;MG;Senador Firmino;7812.0;-20.9158;-43.0904
316580.0;31;Sudeste;MG;Senador José Bento;1502.0;-22.1633;-46.1792
316590.0;31;Sudeste;MG;Senador Modestino Gonçalves;4156.0;-17.9465;-43.2172
316600.0;31;Sudeste;MG;Senhora de Oliveira;5786.0;-20.7972;-43.3394
316610.0;31;Sudeste;MG;Senhora do Porto;3523.0;-18.8909;-43.0799
316620.0;31;Sudeste;MG;Senhora dos Remédios;10459.0;-21.0351;-43.5812
316630.0;31;Sudeste;MG;Sericita;7326.0;-20.4748;-42.4828
316640.0;31;Sudeste;MG;Seritinga;1851.0;-21.9134;-44.518
316650.0;31;Sudeste;MG;Serra Azul de Minas;4293.0;-18.3602;-43.1675
316660.0;31;Sudeste;MG;Serra da Saudade;781.0;-19.4447;-45.795
316670.0;31;Sudeste;MG;Serra dos Aimorés;8699.0;-17.7872;-40.2453
316680.0;31;Sudeste;MG;Serra do Salitre;11582.0;-19.1083;-46.6961
316690.0;31;Sudeste;MG;Serrania;7669.0;-21.5441;-46.0417
316695.0;31;Sudeste;MG;Serranópolis de Minas;4781.0;-15.8176;-42.8732
316700.0;31;Sudeste;MG;Serranos;1963.0;-21.8857;-44.5125
316710.0;31;Sudeste;MG;Serro;20966.0;-18.5991;-43.3744
316720.0;31;Sudeste;MG;Sete Lagoas;239639.0;-19.4569;-44.2413
316730.0;31;Sudeste;MG;Silveirânia;2261.0;-21.1615;-43.2128
316740.0;31;Sudeste;MG;Silvianópolis;6238.0;-22.0274;-45.8385
316750.0;31;Sudeste;MG;Simão Pereira;2615.0;-21.964;-43.3088
316760.0;31;Sudeste;MG;Simonésia;19633.0;-20.1341;-42.0091
316770.0;31;Sudeste;MG;Sobrália;5553.0;-19.2345;-42.0998
316780.0;31;Sudeste;MG;Soledade de Minas;6151.0;-22.0554;-45.0464
316790.0;31;Sudeste;MG;Tabuleiro;3750.0;-21.3632;-43.2381
316800.0;31;Sudeste;MG;Taiobeiras;34132.0;-15.8106;-42.2259
316805.0;31;Sudeste;MG;Taparuba;3110.0;-19.7621;-41.608
316810.0;31;Sudeste;MG;Tapira;4773.0;-19.9166;-46.8264
316820.0;31;Sudeste;MG;Tapiraí;1875.0;-19.8936;-46.0221
316830.0;31;Sudeste;MG;Taquaraçu de Minas;4077.0;-19.6652;-43.6922
316840.0;31;Sudeste;MG;Tarumirim;14326.0;-19.2835;-42.0097
316850.0;31;Sudeste;MG;Teixeiras;11661.0;-20.6561;-42.8564
316860.0;31;Sudeste;MG;Teófilo Otoni;140592.0;-17.8595;-41.5087
316870.0;31;Sudeste;MG;Timóteo;89842.0;-19.5811;-42.6471
316880.0;31;Sudeste;MG;Tiradentes;7981.0;-21.1102;-44.1744
316890.0;31;Sudeste;MG;Tiros;6480.0;-19.0037;-45.9626
316900.0;31;Sudeste;MG;Tocantins;16659.0;-21.1774;-43.0127
316905.0;31;Sudeste;MG;Tocos do Moji;4101.0;-22.3698;-46.0971
316910.0;31;Sudeste;MG;Toledo;6258.0;-22.7421;-46.3728
316920.0;31;Sudeste;MG;Tombos;8022.0;-20.9086;-42.0228
316930.0;31;Sudeste;MG;Três Corações;79482.0;-21.6921;-45.2511
316935.0;31;Sudeste;MG;Três Marias;32356.0;-18.2048;-45.2473
316940.0;31;Sudeste;MG;Três Pontas;56746.0;-21.3694;-45.5109
316950.0;31;Sudeste;MG;Tumiritinga;6732.0;-18.9844;-41.6527
316960.0;31;Sudeste;MG;Tupaciguara;25327.0;-18.5866;-48.6985
316970.0;31;Sudeste;MG;Turmalina;19964.0;-17.2828;-42.7285
316980.0;31;Sudeste;MG;Turvolândia;5040.0;-21.8733;-45.7859
316990.0;31;Sudeste;MG;Ubá;115552.0;-21.1204;-42.9359
317000.0;31;Sudeste;MG;Ubaí;12533.0;-16.2885;-44.7783
317005.0;31;Sudeste;MG;Ubaporanga;12471.0;-19.6351;-42.1059
317010.0;31;Sudeste;MG;Uberaba;333783.0;-19.7472;-47.9381
317020.0;31;Sudeste;MG;Uberlândia;691305.0;-18.9141;-48.2749
317030.0;31;Sudeste;MG;Umburatiba;2611.0;-17.2548;-40.5779
317040.0;31;Sudeste;MG;Unaí;84378.0;-16.3592;-46.9022
317043.0;31;Sudeste;MG;União de Minas;4304.0;-19.5299;-50.338
317047.0;31;Sudeste;MG;Uruana de Minas;3264.0;-16.0634;-46.2443
317050.0;31;Sudeste;MG;Urucânia;10358.0;-20.3521;-42.737
317052.0;31;Sudeste;MG;Urucuia;16865.0;-16.1244;-45.7352
317057.0;31;Sudeste;MG;Vargem Alegre;6480.0;-19.5988;-42.2949
317060.0;31;Sudeste;MG;Vargem Bonita;2153.0;-20.3333;-46.3688
317065.0;31;Sudeste;MG;Vargem Grande do Rio Pardo;5007.0;-15.3987;-42.3085
317070.0;31;Sudeste;MG;Varginha;135558.0;-21.5556;-45.4364
317075.0;31;Sudeste;MG;Varjão de Minas;7036.0;-18.3741;-46.0313
317080.0;31;Sudeste;MG;Várzea da Palma;39493.0;-17.5944;-44.7226
317090.0;31;Sudeste;MG;Varzelândia;19320.0;-15.6992;-44.0278
317100.0;31;Sudeste;MG;Vazante;20590.0;-17.9827;-46.9088
317103.0;31;Sudeste;MG;Verdelândia;9355.0;-15.5845;-43.6121
317107.0;31;Sudeste;MG;Veredinha;5720.0;-17.3974;-42.7307
317110.0;31;Sudeste;MG;Veríssimo;3999.0;-19.6657;-48.3118
317115.0;31;Sudeste;MG;Vermelho Novo;4839.0;-20.0406;-42.2688
317120.0;31;Sudeste;MG;Vespasiano;127601.0;-19.6883;-43.9239
317130.0;31;Sudeste;MG;Viçosa;78846.0;-20.7559;-42.8742
317140.0;31;Sudeste;MG;Vieiras;3608.0;-20.867;-42.2401
317150.0;31;Sudeste;MG;Mathias Lobato;3203.0;-18.59;-41.9166
317160.0;31;Sudeste;MG;Virgem da Lapa;13752.0;-16.807;-42.3431
317170.0;31;Sudeste;MG;Virgínia;8674.0;-22.3264;-45.0965
317180.0;31;Sudeste;MG;Virginópolis;10510.0;-18.8154;-42.7015
317190.0;31;Sudeste;MG;Virgolândia;5380.0;-18.4738;-42.3067
317200.0;31;Sudeste;MG;Visconde do Rio Branco;42564.0;-21.0127;-42.8361
317210.0;31;Sudeste;MG;Volta Grande;5252.0;-21.7671;-42.5375
317220.0;31;Sudeste;MG;Wenceslau Braz;2552.0;-22.5368;-45.3626
320000.0;32;Sudeste;ES;;;;
320010.0;32;Sudeste;ES;Afonso Cláudio;30586.0;-20.0778;-41.1261
320013.0;32;Sudeste;ES;Águia Branca;9642.0;-18.9846;-40.7437
320016.0;32;Sudeste;ES;Água Doce do Norte;11019.0;-18.5482;-40.9854
320020.0;32;Sudeste;ES;Alegre;30084.0;-20.758;-41.5382
320030.0;32;Sudeste;ES;Alfredo Chaves;14601.0;-20.6396;-40.7543
320035.0;32;Sudeste;ES;Alto Rio Novo;7836.0;-19.0618;-41.0209
320040.0;32;Sudeste;ES;Anchieta;29263.0;-20.7955;-40.6425
320050.0;32;Sudeste;ES;Apiacá;7567.0;-21.1523;-41.5693
320060.0;32;Sudeste;ES;Aracruz;101220.0;-19.82;-40.2764
320070.0;32;Sudeste;ES;Atílio Vivacqua;11936.0;-20.913;-41.1986
320080.0;32;Sudeste;ES;Baixo Guandu;30998.0;-19.5213;-41.0109
320090.0;32;Sudeste;ES;Barra de São Francisco;44650.0;-18.7548;-40.8965
320100.0;32;Sudeste;ES;Boa Esperança;15037.0;-18.5395;-40.3025
320110.0;32;Sudeste;ES;Bom Jesus do Norte;9936.0;-21.1173;-41.6731
320115.0;32;Sudeste;ES;Brejetuba;12404.0;-20.1395;-41.2954
320120.0;32;Sudeste;ES;Cachoeiro de Itapemirim;208972.0;-20.8462;-41.1198
320130.0;32;Sudeste;ES;Cariacica;381285.0;-20.2632;-40.4165
320140.0;32;Sudeste;ES;Castelo;37534.0;-20.6033;-41.2031
320150.0;32;Sudeste;ES;Colatina;122499.0;-19.5493;-40.6269
320160.0;32;Sudeste;ES;Conceição da Barra;31063.0;-18.5883;-39.7362
320170.0;32;Sudeste;ES;Conceição do Castelo;12723.0;-20.3639;-41.2417
320180.0;32;Sudeste;ES;Divino de São Lourenço;4304.0;-20.6229;-41.6937
320190.0;32;Sudeste;ES;Domingos Martins;33850.0;-20.3603;-40.6594
320200.0;32;Sudeste;ES;Dores do Rio Preto;6749.0;-20.6931;-41.8405
320210.0;32;Sudeste;ES;Ecoporanga;22923.0;-18.3702;-40.836
320220.0;32;Sudeste;ES;Fundão;21509.0;-19.937;-40.4078
320225.0;32;Sudeste;ES;Governador Lindenberg;12709.0;-19.1864;-40.4473
320230.0;32;Sudeste;ES;Guaçuí;30867.0;-20.7668;-41.6734
320240.0;32;Sudeste;ES;Guarapari;124859.0;-20.6772;-40.5093
320245.0;32;Sudeste;ES;Ibatiba;26082.0;-20.2347;-41.5087
320250.0;32;Sudeste;ES;Ibiraçu;12479.0;-19.8366;-40.3732
320255.0;32;Sudeste;ES;Ibitirama;8889.0;-20.5466;-41.6667
320260.0;32;Sudeste;ES;Iconha;13860.0;-20.7913;-40.8132
320265.0;32;Sudeste;ES;Irupi;13377.0;-20.3501;-41.6444
320270.0;32;Sudeste;ES;Itaguaçu;14066.0;-19.8018;-40.8601
320280.0;32;Sudeste;ES;Itapemirim;34348.0;-21.0095;-40.8307
320290.0;32;Sudeste;ES;Itarana;10555.0;-19.875;-40.8753
320300.0;32;Sudeste;ES;Iúna;29161.0;-20.3531;-41.5334
320305.0;32;Sudeste;ES;Jaguaré;30477.0;-18.907;-40.0759
320310.0;32;Sudeste;ES;Jerônimo Monteiro;12192.0;-20.7994;-41.3948
320313.0;32;Sudeste;ES;João Neiva;16668.0;-19.7577;-40.386
320316.0;32;Sudeste;ES;Laranja da Terra;10947.0;-19.8994;-41.0621
320320.0;32;Sudeste;ES;Linhares;173555.0;-19.3946;-40.0643
320330.0;32;Sudeste;ES;Mantenópolis;15350.0;-18.8594;-41.124
320332.0;32;Sudeste;ES;Marataízes;38499.0;-21.0398;-40.8384
320334.0;32;Sudeste;ES;Marechal Floriano;16694.0;-20.4159;-40.67
320335.0;32;Sudeste;ES;Marilândia;12833.0;-19.4114;-40.5456
320340.0;32;Sudeste;ES;Mimoso do Sul;26153.0;-21.0628;-41.3615
320350.0;32;Sudeste;ES;Montanha;18833.0;-18.1303;-40.3668
320360.0;32;Sudeste;ES;Mucurici;5524.0;-18.0965;-40.52
320370.0;32;Sudeste;ES;Muniz Freire;17465.0;-20.4652;-41.4156
320380.0;32;Sudeste;ES;Muqui;15449.0;-20.9509;-41.346
320390.0;32;Sudeste;ES;Nova Venécia;50110.0;-18.715;-40.4053
320400.0;32;Sudeste;ES;Pancas;23184.0;-19.2229;-40.8534
320405.0;32;Sudeste;ES;Pedro Canário;26184.0;-18.3004;-39.9574
320410.0;32;Sudeste;ES;Pinheiros;27047.0;-18.4141;-40.2171
320420.0;32;Sudeste;ES;Piúma;21711.0;-20.8334;-40.7268
320425.0;32;Sudeste;ES;Ponto Belo;7863.0;-18.1253;-40.5458
320430.0;32;Sudeste;ES;Presidente Kennedy;11574.0;-21.0964;-41.0468
320435.0;32;Sudeste;ES;Rio Bananal;19141.0;-19.2719;-40.3366
320440.0;32;Sudeste;ES;Rio Novo do Sul;11622.0;-20.8556;-40.9388
320450.0;32;Sudeste;ES;Santa Leopoldina;12224.0;-20.0999;-40.527
320455.0;32;Sudeste;ES;Santa Maria de Jetibá;40431.0;-20.0253;-40.7439
320460.0;32;Sudeste;ES;Santa Teresa;23590.0;-19.9363;-40.5979
320465.0;32;Sudeste;ES;São Domingos do Norte;8638.0;-19.1452;-40.6281
320470.0;32;Sudeste;ES;São Gabriel da Palha;37947.0;-19.0182;-40.5365
320480.0;32;Sudeste;ES;São José do Calçado;10556.0;-21.0274;-41.6636
320490.0;32;Sudeste;ES;São Mateus;130611.0;-18.7214;-39.8579
320495.0;32;Sudeste;ES;São Roque do Canaã;12415.0;-19.7411;-40.6526
320500.0;32;Sudeste;ES;Serra;517510.0;-20.121;-40.3074
320501.0;32;Sudeste;ES;Sooretama;30070.0;-19.1897;-40.0974
320503.0;32;Sudeste;ES;Vargem Alta;21402.0;-20.669;-41.0179
320506.0;32;Sudeste;ES;Venda Nova do Imigrante;25277.0;-20.327;-41.1355
320510.0;32;Sudeste;ES;Viana;78239.0;-20.3825;-40.4933
320515.0;32;Sudeste;ES;Vila Pavão;9208.0;-18.6091;-40.609
320517.0;32;Sudeste;ES;Vila Valério;14080.0;-18.9958;-40.3849
320520.0;32;Sudeste;ES;Vila Velha;493838.0;-20.3417;-40.2875
320530.0;32;Sudeste;ES;Vitória;362097.0;-20.3155;-40.3128
330000.0;33;Sudeste;RJ;;;;
330010.0;33;Sudeste;RJ;Angra dos Reis;203785.0;-23.0011;-44.3196
330015.0;33;Sudeste;RJ;Aperibé;11759.0;-21.6252;-42.1017
330020.0;33;Sudeste;RJ;Araruama;132400.0;-22.8697;-42.3326
330022.0;33;Sudeste;RJ;Areal;12572.0;-22.2283;-43.1118
330023.0;33;Sudeste;RJ;Armação dos Búzios;33870.0;-22.7528;-41.8846
330025.0;33;Sudeste;RJ;Arraial do Cabo;30349.0;-22.9774;-42.0267
330030.0;33;Sudeste;RJ;Barra do Piraí;100374.0;-22.4715;-43.8269
330040.0;33;Sudeste;RJ;Barra Mansa;184412.0;-22.5481;-44.1752
330045.0;33;Sudeste;RJ;Belford Roxo;510906.0;-22.764;-43.3992
330050.0;33;Sudeste;RJ;Bom Jardim;27446.0;-22.1545;-42.4251
330060.0;33;Sudeste;RJ;Bom Jesus do Itabapoana;37096.0;-21.1449;-41.6822
330070.0;33;Sudeste;RJ;Cabo Frio;226525.0;-22.8894;-42.0286
330080.0;33;Sudeste;RJ;Cachoeiras de Macacu;58937.0;-22.4658;-42.6523
330090.0;33;Sudeste;RJ;Cambuci;15505.0;-21.5691;-41.9187
330093.0;33;Sudeste;RJ;Carapebus;16301.0;-22.1821;-41.663
330095.0;33;Sudeste;RJ;Comendador Levy Gasparian;8561.0;-22.0404;-43.214
330100.0;33;Sudeste;RJ;Campos dos Goytacazes;507548.0;-21.7622;-41.3181
330110.0;33;Sudeste;RJ;Cantagalo;20172.0;-21.9797;-42.3664
330115.0;33;Sudeste;RJ;Cardoso Moreira;12823.0;-21.4846;-41.6165
330120.0;33;Sudeste;RJ;Carmo;18895.0;-21.931;-42.6046
330130.0;33;Sudeste;RJ;Casimiro de Abreu;44184.0;-22.4812;-42.2066
330140.0;33;Sudeste;RJ;Conceição de Macabu;23228.0;-22.0834;-41.8719
330150.0;33;Sudeste;RJ;Cordeiro;21926.0;-22.0267;-42.3648
330160.0;33;Sudeste;RJ;Duas Barras;11492.0;-22.0536;-42.5232
330170.0;33;Sudeste;RJ;Duque de Caxias;919596.0;-22.7858;-43.3049
330180.0;33;Sudeste;RJ;Engenheiro Paulo de Frontin;14002.0;-22.5498;-43.6827
330185.0;33;Sudeste;RJ;Guapimirim;60517.0;-22.5347;-42.9895
330187.0;33;Sudeste;RJ;Iguaba Grande;28310.0;-22.8495;-42.2299
330190.0;33;Sudeste;RJ;Itaboraí;240592.0;-22.7565;-42.8639
330200.0;33;Sudeste;RJ;Itaguaí;133019.0;-22.8636;-43.7798
330205.0;33;Sudeste;RJ;Italva;15207.0;-21.4296;-41.7014
330210.0;33;Sudeste;RJ;Itaocara;23234.0;-21.6748;-42.0758
330220.0;33;Sudeste;RJ;Itaperuna;103224.0;-21.1997;-41.8799
330225.0;33;Sudeste;RJ;Itatiaia;31805.0;-22.4897;-44.5675
330227.0;33;Sudeste;RJ;Japeri;104768.0;-22.6435;-43.6602
330230.0;33;Sudeste;RJ;Laje do Muriaé;7355.0;-21.2091;-42.1271
330240.0;33;Sudeste;RJ;Macaé;256672.0;-22.3768;-41.7848
330245.0;33;Sudeste;RJ;Macuco;5599.0;-21.9813;-42.2533
330250.0;33;Sudeste;RJ;Magé;245071.0;-22.6632;-43.0315
330260.0;33;Sudeste;RJ;Mangaratiba;44468.0;-22.9594;-44.0409
330270.0;33;Sudeste;RJ;Maricá;161207.0;-22.9354;-42.8246
330280.0;33;Sudeste;RJ;Mendes;18614.0;-22.5245;-43.7312
330285.0;33;Sudeste;RJ;Mesquita;176103.0;-22.8028;-43.4601
330290.0;33;Sudeste;RJ;Miguel Pereira;25538.0;-22.4572;-43.4803
330300.0;33;Sudeste;RJ;Miracema;27174.0;-21.4148;-42.1938
330310.0;33;Sudeste;RJ;Natividade;15317.0;-21.039;-41.9697
330320.0;33;Sudeste;RJ;Nilópolis;162485.0;-22.8057;-43.4233
330330.0;33;Sudeste;RJ;Niterói;513584.0;-22.8832;-43.1034
330340.0;33;Sudeste;RJ;Nova Friburgo;190631.0;-22.2932;-42.5377
330350.0;33;Sudeste;RJ;Nova Iguaçu;821128.0;-22.7556;-43.4603
330360.0;33;Sudeste;RJ;Paracambi;52257.0;-22.6078;-43.7108
330370.0;33;Sudeste;RJ;Paraíba do Sul;44285.0;-22.1585;-43.304
330380.0;33;Sudeste;RJ;Paraty;43165.0;-23.2221;-44.7175
330385.0;33;Sudeste;RJ;Paty do Alferes;27769.0;-22.4309;-43.4285
330390.0;33;Sudeste;RJ;Petrópolis;306191.0;-22.52;-43.1926
330395.0;33;Sudeste;RJ;Pinheiral;25156.0;-22.5172;-44.0022
330400.0;33;Sudeste;RJ;Piraí;29277.0;-22.6215;-43.9081
330410.0;33;Sudeste;RJ;Porciúncula;18847.0;-20.9632;-42.0465
330411.0;33;Sudeste;RJ;Porto Real;19683.0;-22.4175;-44.2952
330412.0;33;Sudeste;RJ;Quatis;14302.0;-22.4045;-44.2597
330414.0;33;Sudeste;RJ;Queimados;150319.0;-22.7102;-43.5518
330415.0;33;Sudeste;RJ;Quissamã;24700.0;-22.1031;-41.4693
330420.0;33;Sudeste;RJ;Resende;131341.0;-22.4705;-44.4509
330430.0;33;Sudeste;RJ;Rio Bonito;60201.0;-22.7181;-42.6276
330440.0;33;Sudeste;RJ;Rio Claro;18529.0;-22.72;-44.1419
330450.0;33;Sudeste;RJ;Rio das Flores;9284.0;-22.1692;-43.5856
330452.0;33;Sudeste;RJ;Rio das Ostras;150674.0;-22.5174;-41.9475
330455.0;33;Sudeste;RJ;Rio de Janeiro;6718903.0;-22.9129;-43.2003
330460.0;33;Sudeste;RJ;Santa Maria Madalena;10404.0;-21.9547;-42.0098
330470.0;33;Sudeste;RJ;Santo Antônio de Pádua;42479.0;-21.541;-42.1832
330475.0;33;Sudeste;RJ;São Francisco de Itabapoana;42205.0;-21.4702;-41.1091
330480.0;33;Sudeste;RJ;São Fidélis;38669.0;-21.6551;-41.756
330490.0;33;Sudeste;RJ;São Gonçalo;1084839.0;-22.8268;-43.0634
330500.0;33;Sudeste;RJ;São João da Barra;36102.0;-21.638;-41.0446
330510.0;33;Sudeste;RJ;São João de Meriti;472406.0;-22.8058;-43.3729
330513.0;33;Sudeste;RJ;São José de Ubá;7171.0;-21.3661;-41.9511
330515.0;33;Sudeste;RJ;São José do Vale do Rio Preto;21795.0;-22.1525;-42.9327
330520.0;33;Sudeste;RJ;São Pedro da Aldeia;104476.0;-22.8429;-42.1026
330530.0;33;Sudeste;RJ;São Sebastião do Alto;9357.0;-21.9578;-42.1328
330540.0;33;Sudeste;RJ;Sapucaia;18228.0;-21.9949;-42.9142
330550.0;33;Sudeste;RJ;Saquarema;89170.0;-22.9292;-42.5099
330555.0;33;Sudeste;RJ;Seropédica;82312.0;-22.7526;-43.7155
330560.0;33;Sudeste;RJ;Silva Jardim;21774.0;-22.6574;-42.3961
330570.0;33;Sudeste;RJ;Sumidouro;15623.0;-22.0485;-42.6761
330575.0;33;Sudeste;RJ;Tanguá;34309.0;-22.7423;-42.7202
330580.0;33;Sudeste;RJ;Teresópolis;182594.0;-22.4165;-42.9752
330590.0;33;Sudeste;RJ;Trajano de Moraes;10626.0;-22.0638;-42.0643
330600.0;33;Sudeste;RJ;Três Rios;81804.0;-22.1165;-43.2185
330610.0;33;Sudeste;RJ;Valença;76523.0;-22.2445;-43.7129
330615.0;33;Sudeste;RJ;Varre-Sai;11000.0;-20.9276;-41.8701
330620.0;33;Sudeste;RJ;Vassouras;36896.0;-22.4059;-43.6686
330630.0;33;Sudeste;RJ;Volta Redonda;273012.0;-22.5202;-44.0996
350000.0;35;Sudeste;SP;;;;
350010.0;35;Sudeste;SP;Adamantina;35068.0;-21.682;-51.0737
350020.0;35;Sudeste;SP;Adolfo;3562.0;-21.2325;-49.6451
350030.0;35;Sudeste;SP;Aguaí;36305.0;-22.0572;-46.9735
350040.0;35;Sudeste;SP;Águas da Prata;8180.0;-21.9319;-46.7176
350050.0;35;Sudeste;SP;Águas de Lindóia;18705.0;-22.4733;-46.6314
350055.0;35;Sudeste;SP;Águas de Santa Bárbara;6075.0;-22.8812;-49.2421
350060.0;35;Sudeste;SP;Águas de São Pedro;3451.0;-22.5977;-47.8734
350070.0;35;Sudeste;SP;Agudos;37214.0;-22.4694;-48.9863
350075.0;35;Sudeste;SP;Alambari;6025.0;-23.5503;-47.898
350080.0;35;Sudeste;SP;Alfredo Marcondes;4166.0;-21.9527;-51.414
350090.0;35;Sudeste;SP;Altair;4160.0;-20.5242;-49.0571
350100.0;35;Sudeste;SP;Altinópolis;16184.0;-21.0214;-47.3712
350110.0;35;Sudeste;SP;Alto Alegre;4099.0;-21.5811;-50.168
350115.0;35;Sudeste;SP;Alumínio;18628.0;-23.5306;-47.2546
350120.0;35;Sudeste;SP;Álvares Florence;3679.0;-20.3203;-49.9141
350130.0;35;Sudeste;SP;Álvares Machado;24915.0;-22.0764;-51.4722
350140.0;35;Sudeste;SP;Álvaro de Carvalho;5227.0;-22.0841;-49.719
350150.0;35;Sudeste;SP;Alvinlândia;3222.0;-22.4435;-49.7623
350160.0;35;Sudeste;SP;Americana;239597.0;-22.7374;-47.3331
350170.0;35;Sudeste;SP;Américo Brasiliense;40504.0;-21.7288;-48.1147
350180.0;35;Sudeste;SP;Américo de Campos;5969.0;-20.2985;-49.7359
350190.0;35;Sudeste;SP;Amparo;72195.0;-22.7088;-46.772
350200.0;35;Sudeste;SP;Analândia;4995.0;-22.1289;-47.6619
350210.0;35;Sudeste;SP;Andradina;57157.0;-20.8948;-51.3786
350220.0;35;Sudeste;SP;Angatuba;25228.0;-23.4917;-48.4139
350230.0;35;Sudeste;SP;Anhembi;6724.0;-22.793;-48.1336
350240.0;35;Sudeste;SP;Anhumas;4115.0;-22.2934;-51.3895
350250.0;35;Sudeste;SP;Aparecida;36157.0;-22.8495;-45.2325
350260.0;35;Sudeste;SP;Aparecida d'Oeste;4196.0;-20.4487;-50.8835
350270.0;35;Sudeste;SP;Apiaí;24374.0;-24.5108;-48.8443
350275.0;35;Sudeste;SP;Araçariguama;22364.0;-23.4366;-47.0608
350280.0;35;Sudeste;SP;Araçatuba;197016.0;-21.2076;-50.4401
350290.0;35;Sudeste;SP;Araçoiaba da Serra;34146.0;-23.5029;-47.6166
350300.0;35;Sudeste;SP;Aramina;5620.0;-20.0882;-47.7873
350310.0;35;Sudeste;SP;Arandu;6357.0;-23.1386;-49.0487
350315.0;35;Sudeste;SP;Arapeí;2469.0;-22.6717;-44.4441
350320.0;35;Sudeste;SP;Araraquara;236072.0;-21.7845;-48.178
350330.0;35;Sudeste;SP;Araras;134236.0;-22.3572;-47.3842
350335.0;35;Sudeste;SP;Arco-Íris;1791.0;-21.7728;-50.466
350340.0;35;Sudeste;SP;Arealva;8560.0;-22.031;-48.9135
350350.0;35;Sudeste;SP;Areias;3886.0;-22.5786;-44.6992
350360.0;35;Sudeste;SP;Areiópolis;11129.0;-22.6672;-48.6681
350370.0;35;Sudeste;SP;Ariranha;9668.0;-21.1872;-48.7904
350380.0;35;Sudeste;SP;Artur Nogueira;54408.0;-22.5727;-47.1727
350390.0;35;Sudeste;SP;Arujá;89824.0;-23.3965;-46.32
350395.0;35;Sudeste;SP;Aspásia;1822.0;-20.16;-50.728
350400.0;35;Sudeste;SP;Assis;104386.0;-22.66;-50.4183
350410.0;35;Sudeste;SP;Atibaia;142761.0;-23.1171;-46.5563
350420.0;35;Sudeste;SP;Auriflama;15189.0;-20.6836;-50.5572
350430.0;35;Sudeste;SP;Avaí;5403.0;-22.1514;-49.3356
350440.0;35;Sudeste;SP;Avanhandava;13649.0;-21.4584;-49.9509
350450.0;35;Sudeste;SP;Avaré;90655.0;-23.1067;-48.9251
350460.0;35;Sudeste;SP;Bady Bassitt;17502.0;-20.9197;-49.4385
350470.0;35;Sudeste;SP;Balbinos;5735.0;-21.8963;-49.3619
350480.0;35;Sudeste;SP;Bálsamo;9068.0;-20.7348;-49.5865
350490.0;35;Sudeste;SP;Bananal;10945.0;-22.6819;-44.3281
350500.0;35;Sudeste;SP;Barão de Antonina;3469.0;-23.6284;-49.5634
350510.0;35;Sudeste;SP;Barbosa;7402.0;-21.2657;-49.9518
350520.0;35;Sudeste;SP;Bariri;35264.0;-22.073;-48.7438
350530.0;35;Sudeste;SP;Barra Bonita;36126.0;-22.4909;-48.5583
350535.0;35;Sudeste;SP;Barra do Chapéu;5724.0;-24.4722;-49.0238
350540.0;35;Sudeste;SP;Barra do Turvo;7659.0;-24.759;-48.5013
350550.0;35;Sudeste;SP;Barretos;122098.0;-20.5531;-48.5698
350560.0;35;Sudeste;SP;Barrinha;32812.0;-21.1864;-48.1636
350570.0;35;Sudeste;SP;Barueri;274182.0;-23.5057;-46.879
350580.0;35;Sudeste;SP;Bastos;20953.0;-21.921;-50.7357
350590.0;35;Sudeste;SP;Batatais;62508.0;-20.8929;-47.5921
350600.0;35;Sudeste;SP;Bauru;376818.0;-22.3246;-49.0871
350610.0;35;Sudeste;SP;Bebedouro;77496.0;-20.9491;-48.4791
350620.0;35;Sudeste;SP;Bento de Abreu;2980.0;-21.2686;-50.814
350630.0;35;Sudeste;SP;Bernardino de Campos;11148.0;-23.0164;-49.4679
350635.0;35;Sudeste;SP;Bertioga;63249.0;-23.8486;-46.1396
350640.0;35;Sudeste;SP;Bilac;8034.0;-21.404;-50.4746
350650.0;35;Sudeste;SP;Birigui;123638.0;-21.291;-50.3432
350660.0;35;Sudeste;SP;Biritiba Mirim;32598.0;-23.5698;-46.0407
350670.0;35;Sudeste;SP;Boa Esperança do Sul;14923.0;-21.9918;-48.3906
350680.0;35;Sudeste;SP;Bocaina;12329.0;-22.1365;-48.523
350690.0;35;Sudeste;SP;Bofete;11730.0;-23.1055;-48.2582
350700.0;35;Sudeste;SP;Boituva;60997.0;-23.2855;-47.6786
350710.0;35;Sudeste;SP;Bom Jesus dos Perdões;25448.0;-23.1356;-46.4675
350715.0;35;Sudeste;SP;Bom Sucesso de Itararé;3954.0;-24.3155;-49.1451
350720.0;35;Sudeste;SP;Borá;837.0;-22.2696;-50.5409
350730.0;35;Sudeste;SP;Boracéia;4823.0;-22.1926;-48.7808
350740.0;35;Sudeste;SP;Borborema;16046.0;-21.6214;-49.0741
350745.0;35;Sudeste;SP;Borebi;2653.0;-22.5728;-48.9707
350750.0;35;Sudeste;SP;Botucatu;146497.0;-22.8837;-48.4437
350760.0;35;Sudeste;SP;Bragança Paulista;168668.0;-22.9527;-46.5419
350770.0;35;Sudeste;SP;Braúna;5686.0;-21.499;-50.3175
350775.0;35;Sudeste;SP;Brejo Alegre;2865.0;-21.1651;-50.1861
350780.0;35;Sudeste;SP;Brodowski;24939.0;-20.9845;-47.6572
350790.0;35;Sudeste;SP;Brotas;24403.0;-22.2795;-48.1251
350800.0;35;Sudeste;SP;Buri;19878.0;-23.7977;-48.5958
350810.0;35;Sudeste;SP;Buritama;17144.0;-21.0661;-50.1475
350820.0;35;Sudeste;SP;Buritizal;4481.0;-20.1911;-47.7096
350830.0;35;Sudeste;SP;Cabrália Paulista;4264.0;-22.4576;-49.3393
350840.0;35;Sudeste;SP;Cabreúva;49707.0;-23.3053;-47.1362
350850.0;35;Sudeste;SP;Caçapava;94263.0;-23.0992;-45.7076
350860.0;35;Sudeste;SP;Cachoeira Paulista;33327.0;-22.6665;-45.0154
350870.0;35;Sudeste;SP;Caconde;18985.0;-21.528;-46.6437
350880.0;35;Sudeste;SP;Cafelândia;17767.0;-21.8031;-49.6092
350890.0;35;Sudeste;SP;Caiabu;4191.0;-22.0127;-51.2394
350900.0;35;Sudeste;SP;Caieiras;101470.0;-23.3607;-46.7397
350910.0;35;Sudeste;SP;Caiuá;5874.0;-21.8322;-51.9969
350920.0;35;Sudeste;SP;Cajamar;76801.0;-23.355;-46.8781
350925.0;35;Sudeste;SP;Cajati;28549.0;-24.7324;-48.1223
350930.0;35;Sudeste;SP;Cajobi;10542.0;-20.8773;-48.8063
350940.0;35;Sudeste;SP;Cajuru;26167.0;-21.2749;-47.303
350945.0;35;Sudeste;SP;Campina do Monte Alegre;6024.0;-23.5895;-48.4758
350950.0;35;Sudeste;SP;Campinas;1204073.0;-22.9053;-47.0659
350960.0;35;Sudeste;SP;Campo Limpo Paulista;84650.0;-23.2078;-46.7889
350970.0;35;Sudeste;SP;Campos do Jordão;52088.0;-22.7296;-45.5833
350980.0;35;Sudeste;SP;Campos Novos Paulista;4965.0;-22.602;-49.9987
350990.0;35;Sudeste;SP;Cananéia;12540.0;-25.0144;-47.9341
350995.0;35;Sudeste;SP;Canas;5138.0;-22.7003;-45.0521
351000.0;35;Sudeste;SP;Cândido Mota;31280.0;-22.7471;-50.3873
351010.0;35;Sudeste;SP;Cândido Rodrigues;2793.0;-21.3275;-48.6327
351015.0;35;Sudeste;SP;Canitar;5216.0;-23.004;-49.7839
351020.0;35;Sudeste;SP;Capão Bonito;47138.0;-24.0113;-48.3482
351030.0;35;Sudeste;SP;Capela do Alto;20706.0;-23.4685;-47.7388
351040.0;35;Sudeste;SP;Capivari;55768.0;-22.9951;-47.5071
351050.0;35;Sudeste;SP;Caraguatatuba;121532.0;-23.6125;-45.4125
351060.0;35;Sudeste;SP;Carapicuíba;400927.0;-23.5235;-46.8407
351070.0;35;Sudeste;SP;Cardoso;12326.0;-20.08;-49.9183
351080.0;35;Sudeste;SP;Casa Branca;30380.0;-21.7708;-47.0852
351090.0;35;Sudeste;SP;Cássia dos Coqueiros;2523.0;-21.2801;-47.1643
351100.0;35;Sudeste;SP;Castilho;21006.0;-20.8689;-51.4884
351110.0;35;Sudeste;SP;Catanduva;121862.0;-21.1314;-48.977
351120.0;35;Sudeste;SP;Catiguá;7804.0;-21.0519;-49.0616
351130.0;35;Sudeste;SP;Cedral;9237.0;-20.9009;-49.2664
351140.0;35;Sudeste;SP;Cerqueira César;19985.0;-23.038;-49.1655
351150.0;35;Sudeste;SP;Cerquilho;48949.0;-23.1665;-47.7459
351160.0;35;Sudeste;SP;Cesário Lange;18148.0;-23.226;-47.9545
351170.0;35;Sudeste;SP;Charqueada;17190.0;-22.5096;-47.7755
351190.0;35;Sudeste;SP;Clementina;8617.0;-21.5604;-50.4525
351200.0;35;Sudeste;SP;Colina;18468.0;-20.7114;-48.5387
351210.0;35;Sudeste;SP;Colômbia;6210.0;-20.1768;-48.6865
351220.0;35;Sudeste;SP;Conchal;28050.0;-22.3375;-47.1729
351230.0;35;Sudeste;SP;Conchas;17896.0;-23.0154;-48.0134
351240.0;35;Sudeste;SP;Cordeirópolis;24528.0;-22.4778;-47.4519
351250.0;35;Sudeste;SP;Coroados;6058.0;-21.3521;-50.2859
351260.0;35;Sudeste;SP;Coronel Macedo;4681.0;-23.6261;-49.31
351270.0;35;Sudeste;SP;Corumbataí;4055.0;-22.2213;-47.6215
351280.0;35;Sudeste;SP;Cosmópolis;72252.0;-22.6419;-47.1926
351290.0;35;Sudeste;SP;Cosmorama;7307.0;-20.4755;-49.7827
351300.0;35;Sudeste;SP;Cotia;249210.0;-23.6022;-46.919
351310.0;35;Sudeste;SP;Cravinhos;35292.0;-21.338;-47.7324
351320.0;35;Sudeste;SP;Cristais Paulista;8631.0;-20.4036;-47.4209
351330.0;35;Sudeste;SP;Cruzália;2073.0;-22.7373;-50.7909
351340.0;35;Sudeste;SP;Cruzeiro;82238.0;-22.5728;-44.969
351350.0;35;Sudeste;SP;Cubatão;130705.0;-23.8911;-46.424
351360.0;35;Sudeste;SP;Cunha;21547.0;-23.0731;-44.9576
351370.0;35;Sudeste;SP;Descalvado;33718.0;-21.9002;-47.6181
351380.0;35;Sudeste;SP;Diadema;423884.0;-23.6813;-46.6205
351385.0;35;Sudeste;SP;Dirce Reis;1793.0;-20.4642;-50.6073
351390.0;35;Sudeste;SP;Divinolândia;11146.0;-21.6637;-46.7361
351400.0;35;Sudeste;SP;Dobrada;8929.0;-21.5155;-48.3935
351410.0;35;Sudeste;SP;Dois Córregos;27315.0;-22.3673;-48.3819
351420.0;35;Sudeste;SP;Dolcinópolis;2115.0;-20.124;-50.5149
351430.0;35;Sudeste;SP;Dourado;8873.0;-22.1044;-48.3178
351440.0;35;Sudeste;SP;Dracena;46793.0;-21.4843;-51.535
351450.0;35;Sudeste;SP;Duartina;12445.0;-22.4146;-49.4084
351460.0;35;Sudeste;SP;Dumont;9868.0;-21.2324;-47.9756
351470.0;35;Sudeste;SP;Echaporã;6102.0;-22.4326;-50.2038
351480.0;35;Sudeste;SP;Eldorado;15494.0;-24.5281;-48.1141
351490.0;35;Sudeste;SP;Elias Fausto;17772.0;-23.0428;-47.3682
351492.0;35;Sudeste;SP;Elisiário;3651.0;-21.1678;-49.1146
351495.0;35;Sudeste;SP;Embaúba;2452.0;-20.9796;-48.8325
351500.0;35;Sudeste;SP;Embu das Artes;273726.0;-23.6437;-46.8579
351510.0;35;Sudeste;SP;Embu-Guaçu;69385.0;-23.8297;-46.8136
351512.0;35;Sudeste;SP;Emilianópolis;3214.0;-21.8314;-51.4832
351515.0;35;Sudeste;SP;Engenheiro Coelho;20773.0;-22.4836;-47.211
351518.0;35;Sudeste;SP;Espírito Santo do Pinhal;44330.0;-22.1909;-46.7477
351519.0;35;Sudeste;SP;Espírito Santo do Turvo;4829.0;-22.6925;-49.4341
351520.0;35;Sudeste;SP;Estrela d'Oeste;8419.0;-20.2875;-50.4049
351530.0;35;Sudeste;SP;Estrela do Norte;2766.0;-22.4859;-51.6632
351535.0;35;Sudeste;SP;Euclides da Cunha Paulista;9371.0;-22.5545;-52.5928
351540.0;35;Sudeste;SP;Fartura;16036.0;-23.3916;-49.5124
351550.0;35;Sudeste;SP;Fernandópolis;69116.0;-20.2806;-50.2471
351560.0;35;Sudeste;SP;Fernando Prestes;5783.0;-21.2661;-48.6874
351565.0;35;Sudeste;SP;Fernão;1716.0;-22.3607;-49.5187
351570.0;35;Sudeste;SP;Ferraz de Vasconcelos;194276.0;-23.5411;-46.371
351580.0;35;Sudeste;SP;Flora Rica;1464.0;-21.6727;-51.3821
351590.0;35;Sudeste;SP;Floreal;2917.0;-20.6752;-50.1513
351600.0;35;Sudeste;SP;Flórida Paulista;14640.0;-21.6127;-51.1724
351610.0;35;Sudeste;SP;Florínea;2676.0;-22.868;-50.6814
351620.0;35;Sudeste;SP;Franca;353187.0;-20.5352;-47.4039
351630.0;35;Sudeste;SP;Francisco Morato;175844.0;-23.2792;-46.7448
351640.0;35;Sudeste;SP;Franco da Rocha;154489.0;-23.3229;-46.729
351650.0;35;Sudeste;SP;Gabriel Monteiro;2776.0;-21.5294;-50.5573
351660.0;35;Sudeste;SP;Gália;6548.0;-22.2918;-49.5504
351670.0;35;Sudeste;SP;Garça;44390.0;-22.2125;-49.6546
351680.0;35;Sudeste;SP;Gastão Vidigal;4808.0;-20.7948;-50.1912
351685.0;35;Sudeste;SP;Gavião Peixoto;4789.0;-21.8367;-48.4957
351690.0;35;Sudeste;SP;General Salgado;10869.0;-20.6485;-50.364
351700.0;35;Sudeste;SP;Getulina;11409.0;-21.7961;-49.9312
351710.0;35;Sudeste;SP;Glicério;4815.0;-21.3812;-50.2123
351720.0;35;Sudeste;SP;Guaiçara;12168.0;-21.6195;-49.8013
351730.0;35;Sudeste;SP;Guaimbê;5765.0;-21.9091;-49.8986
351740.0;35;Sudeste;SP;Guaíra;40790.0;-20.3196;-48.312
351750.0;35;Sudeste;SP;Guapiaçu;21454.0;-20.7959;-49.2172
351760.0;35;Sudeste;SP;Guapiara;17157.0;-24.1892;-48.5295
351770.0;35;Sudeste;SP;Guará;21220.0;-20.4302;-47.8236
351780.0;35;Sudeste;SP;Guaraçaí;8323.0;-21.0292;-51.2119
351790.0;35;Sudeste;SP;Guaraci;11188.0;-20.4977;-48.9391
351800.0;35;Sudeste;SP;Guarani d'Oeste;2000.0;-20.0746;-50.3411
351810.0;35;Sudeste;SP;Guarantã;6664.0;-21.8942;-49.5914
351820.0;35;Sudeste;SP;Guararapes;32939.0;-21.2544;-50.6453
351830.0;35;Sudeste;SP;Guararema;29798.0;-23.4112;-46.0369
351840.0;35;Sudeste;SP;Guaratinguetá;121798.0;-22.8075;-45.1938
351850.0;35;Sudeste;SP;Guareí;18520.0;-23.3714;-48.1837
351860.0;35;Sudeste;SP;Guariba;40105.0;-21.3594;-48.2316
351870.0;35;Sudeste;SP;Guarujá;320459.0;-23.9888;-46.258
351880.0;35;Sudeste;SP;Guarulhos;1379182.0;-23.4538;-46.5333
351885.0;35;Sudeste;SP;Guatapará;7656.0;-21.4944;-48.0356
351890.0;35;Sudeste;SP;Guzolândia;5267.0;-20.6467;-50.6645
351900.0;35;Sudeste;SP;Herculândia;9526.0;-22.0038;-50.3907
351905.0;35;Sudeste;SP;Holambra;14930.0;-22.6405;-47.0487
351907.0;35;Sudeste;SP;Hortolândia;230851.0;-22.8529;-47.2143
351910.0;35;Sudeste;SP;Iacanga;11710.0;-21.8896;-49.031
351920.0;35;Sudeste;SP;Iacri;6321.0;-21.8572;-50.6932
351925.0;35;Sudeste;SP;Iaras;9240.0;-22.8682;-49.1634
351930.0;35;Sudeste;SP;Ibaté;35104.0;-21.9584;-47.9882
351940.0;35;Sudeste;SP;Ibirá;12393.0;-21.083;-49.2448
351950.0;35;Sudeste;SP;Ibirarema;7753.0;-22.8185;-50.0739
351960.0;35;Sudeste;SP;Ibitinga;60033.0;-21.7562;-48.8319
351970.0;35;Sudeste;SP;Ibiúna;78878.0;-23.6596;-47.223
351980.0;35;Sudeste;SP;Icém;8243.0;-20.3391;-49.1915
351990.0;35;Sudeste;SP;Iepê;8159.0;-22.6602;-51.0779
352000.0;35;Sudeste;SP;Igaraçu do Tietê;24674.0;-22.509;-48.5597
352010.0;35;Sudeste;SP;Igarapava;30432.0;-20.0407;-47.7466
352020.0;35;Sudeste;SP;Igaratá;9534.0;-23.2037;-46.157
352030.0;35;Sudeste;SP;Iguape;30857.0;-24.699;-47.5537
352040.0;35;Sudeste;SP;Ilhabela;34970.0;-23.7785;-45.3552
352042.0;35;Sudeste;SP;Ilha Comprida;11166.0;-24.7307;-47.5383
352044.0;35;Sudeste;SP;Ilha Solteira;26686.0;-20.4326;-51.3426
352050.0;35;Sudeste;SP;Indaiatuba;251627.0;-23.0816;-47.2101
352060.0;35;Sudeste;SP;Indiana;4885.0;-22.1738;-51.2555
352070.0;35;Sudeste;SP;Indiaporã;3897.0;-19.979;-50.2909
352080.0;35;Sudeste;SP;Inúbia Paulista;3991.0;-21.7695;-50.9633
352090.0;35;Sudeste;SP;Ipaussu;14971.0;-23.0575;-49.6279
352100.0;35;Sudeste;SP;Iperó;37133.0;-23.3513;-47.6927
352110.0;35;Sudeste;SP;Ipeúna;7546.0;-22.4355;-47.7151
352115.0;35;Sudeste;SP;Ipiguá;5392.0;-20.6557;-49.3842
352120.0;35;Sudeste;SP;Iporanga;4218.0;-24.5847;-48.5971
352130.0;35;Sudeste;SP;Ipuã;16409.0;-20.4438;-48.0129
352140.0;35;Sudeste;SP;Iracemápolis;24235.0;-22.5832;-47.523
352150.0;35;Sudeste;SP;Irapuã;7993.0;-21.2768;-49.4164
352160.0;35;Sudeste;SP;Irapuru;8294.0;-21.5684;-51.3472
352170.0;35;Sudeste;SP;Itaberá;17556.0;-23.8638;-49.14
352180.0;35;Sudeste;SP;Itaí;27125.0;-23.4213;-49.092
352190.0;35;Sudeste;SP;Itajobi;15262.0;-21.3123;-49.0629
352200.0;35;Sudeste;SP;Itaju;3835.0;-21.9857;-48.8116
352210.0;35;Sudeste;SP;Itanhaém;101816.0;-24.1736;-46.788
352215.0;35;Sudeste;SP;Itaoca;3328.0;-24.6393;-48.8413
352220.0;35;Sudeste;SP;Itapecerica da Serra;175693.0;-23.7161;-46.8572
352230.0;35;Sudeste;SP;Itapetininga;163901.0;-23.5886;-48.0483
352240.0;35;Sudeste;SP;Itapeva;94354.0;-23.9788;-48.8764
352250.0;35;Sudeste;SP;Itapevi;237700.0;-23.5488;-46.9327
352260.0;35;Sudeste;SP;Itapira;74773.0;-22.4357;-46.8224
352265.0;35;Sudeste;SP;Itapirapuã Paulista;4241.0;-24.572;-49.1661
352270.0;35;Sudeste;SP;Itápolis;43120.0;-21.5942;-48.8149
352280.0;35;Sudeste;SP;Itaporanga;15149.0;-23.7043;-49.4819
352290.0;35;Sudeste;SP;Itapuí;13992.0;-22.2324;-48.7197
352300.0;35;Sudeste;SP;Itapura;4906.0;-20.6419;-51.5063
352310.0;35;Sudeste;SP;Itaquaquecetuba;370821.0;-23.4835;-46.3457
352320.0;35;Sudeste;SP;Itararé;50503.0;-24.1085;-49.3352
352330.0;35;Sudeste;SP;Itariri;17436.0;-24.2834;-47.1736
352340.0;35;Sudeste;SP;Itatiba;120858.0;-23.0035;-46.8464
352350.0;35;Sudeste;SP;Itatinga;20697.0;-23.1047;-48.6157
352360.0;35;Sudeste;SP;Itirapina;18157.0;-22.2562;-47.8166
352370.0;35;Sudeste;SP;Itirapuã;6499.0;-20.6416;-47.2194
352380.0;35;Sudeste;SP;Itobi;7841.0;-21.7309;-46.9743
352390.0;35;Sudeste;SP;Itu;173939.0;-23.2544;-47.2927
352400.0;35;Sudeste;SP;Itupeva;61252.0;-23.1526;-47.0593
352410.0;35;Sudeste;SP;Ituverava;41824.0;-20.3355;-47.7902
352420.0;35;Sudeste;SP;Jaborandi;6929.0;-20.6884;-48.4112
352430.0;35;Sudeste;SP;Jaboticabal;77263.0;-21.252;-48.3252
352440.0;35;Sudeste;SP;Jacareí;233662.0;-23.2983;-45.9658
352450.0;35;Sudeste;SP;Jaci;7067.0;-20.8805;-49.5797
352460.0;35;Sudeste;SP;Jacupiranga;17866.0;-24.6963;-48.0064
352470.0;35;Sudeste;SP;Jaguariúna;57488.0;-22.7037;-46.9851
352480.0;35;Sudeste;SP;Jales;49107.0;-20.2672;-50.5494
352490.0;35;Sudeste;SP;Jambeiro;6602.0;-23.2522;-45.6942
352500.0;35;Sudeste;SP;Jandira;124937.0;-23.5275;-46.9023
352510.0;35;Sudeste;SP;Jardinópolis;44380.0;-21.0176;-47.7606
352520.0;35;Sudeste;SP;Jarinu;30044.0;-23.1039;-46.728
352530.0;35;Sudeste;SP;Jaú;150252.0;-22.2936;-48.5592
352540.0;35;Sudeste;SP;Jeriquara;3159.0;-20.3116;-47.5918
352550.0;35;Sudeste;SP;Joanópolis;13220.0;-22.927;-46.2741
352560.0;35;Sudeste;SP;João Ramalho;4523.0;-22.2473;-50.7694
352570.0;35;Sudeste;SP;José Bonifácio;37015.0;-21.0551;-49.6892
352580.0;35;Sudeste;SP;Júlio Mesquita;4776.0;-22.0112;-49.7873
352585.0;35;Sudeste;SP;Jumirim;3367.0;-23.0884;-47.7868
352590.0;35;Sudeste;SP;Jundiaí;418962.0;-23.1852;-46.8974
352600.0;35;Sudeste;SP;Junqueirópolis;20679.0;-21.5103;-51.4342
352610.0;35;Sudeste;SP;Juquiá;18812.0;-24.3101;-47.6426
352620.0;35;Sudeste;SP;Juquitiba;31444.0;-23.9244;-47.0653
352630.0;35;Sudeste;SP;Lagoinha;4896.0;-23.0846;-45.1944
352640.0;35;Sudeste;SP;Laranjal Paulista;28516.0;-23.0506;-47.8375
352650.0;35;Sudeste;SP;Lavínia;11980.0;-21.1639;-51.0412
352660.0;35;Sudeste;SP;Lavrinhas;7260.0;-22.57;-44.9024
352670.0;35;Sudeste;SP;Leme;103391.0;-22.1809;-47.3841
352680.0;35;Sudeste;SP;Lençóis Paulista;68432.0;-22.6027;-48.8037
352690.0;35;Sudeste;SP;Limeira;306114.0;-22.566;-47.397
352700.0;35;Sudeste;SP;Lindóia;7980.0;-22.5226;-46.65
352710.0;35;Sudeste;SP;Lins;78013.0;-21.6718;-49.7526
352720.0;35;Sudeste;SP;Lorena;88706.0;-22.7334;-45.1197
352725.0;35;Sudeste;SP;Lourdes;2289.0;-20.966;-50.2263
352730.0;35;Sudeste;SP;Louveira;48885.0;-23.0856;-46.9484
352740.0;35;Sudeste;SP;Lucélia;21747.0;-21.7182;-51.0215
352750.0;35;Sudeste;SP;Lucianópolis;2394.0;-22.4294;-49.522
352760.0;35;Sudeste;SP;Luís Antônio;14947.0;-21.55;-47.7801
352770.0;35;Sudeste;SP;Luiziânia;5790.0;-21.6737;-50.3294
352780.0;35;Sudeste;SP;Lupércio;4584.0;-22.4146;-49.818
352790.0;35;Sudeste;SP;Lutécia;2649.0;-22.3384;-50.394
352800.0;35;Sudeste;SP;Macatuba;17163.0;-22.5002;-48.7102
352810.0;35;Sudeste;SP;Macaubal;8120.0;-20.8022;-49.9687
352820.0;35;Sudeste;SP;Macedônia;3698.0;-20.1444;-50.1973
352830.0;35;Sudeste;SP;Magda;3119.0;-20.6445;-50.2305
352840.0;35;Sudeste;SP;Mairinque;47150.0;-23.5398;-47.185
352850.0;35;Sudeste;SP;Mairiporã;100179.0;-23.3171;-46.5897
352860.0;35;Sudeste;SP;Manduri;9846.0;-23.0056;-49.3202
352870.0;35;Sudeste;SP;Marabá Paulista;5853.0;-22.1068;-51.9617
352880.0;35;Sudeste;SP;Maracaí;14002.0;-22.6149;-50.6713
352885.0;35;Sudeste;SP;Marapoama;3031.0;-21.2587;-49.13
352890.0;35;Sudeste;SP;Mariápolis;4084.0;-21.7959;-51.1824
352900.0;35;Sudeste;SP;Marília;238882.0;-22.2171;-49.9501
352910.0;35;Sudeste;SP;Marinópolis;2112.0;-20.4389;-50.8254
352920.0;35;Sudeste;SP;Martinópolis;26461.0;-22.1462;-51.1709
352930.0;35;Sudeste;SP;Matão;83170.0;-21.6025;-48.364
352940.0;35;Sudeste;SP;Mauá;472912.0;-23.6677;-46.4613
352950.0;35;Sudeste;SP;Mendonça;5490.0;-21.1757;-49.5791
352960.0;35;Sudeste;SP;Meridiano;3836.0;-20.3579;-50.1811
352965.0;35;Sudeste;SP;Mesópolis;1908.0;-19.9684;-50.6326
352970.0;35;Sudeste;SP;Miguelópolis;22226.0;-20.1796;-48.031
352980.0;35;Sudeste;SP;Mineiros do Tietê;12908.0;-22.412;-48.451
352990.0;35;Sudeste;SP;Miracatu;19779.0;-24.2766;-47.4625
353000.0;35;Sudeste;SP;Mira Estrela;3086.0;-19.9789;-50.139
353010.0;35;Sudeste;SP;Mirandópolis;29564.0;-21.1313;-51.1035
353020.0;35;Sudeste;SP;Mirante do Paranapanema;18259.0;-22.2904;-51.9084
353030.0;35;Sudeste;SP;Mirassol;59824.0;-20.8169;-49.5206
353040.0;35;Sudeste;SP;Mirassolândia;4871.0;-20.6179;-49.4617
353050.0;35;Sudeste;SP;Mococa;68885.0;-21.4647;-47.0024
353060.0;35;Sudeste;SP;Mogi das Cruzes;445842.0;-23.5208;-46.1854
353070.0;35;Sudeste;SP;Mogi Guaçu;151888.0;-22.3675;-46.9428
353080.0;35;Sudeste;SP;Mogi Mirim;93189.0;-22.4332;-46.9532
353090.0;35;Sudeste;SP;Mombuca;3493.0;-22.9285;-47.559
353100.0;35;Sudeste;SP;Monções;2259.0;-20.8509;-50.0975
353110.0;35;Sudeste;SP;Mongaguá;56702.0;-24.0809;-46.6265
353120.0;35;Sudeste;SP;Monte Alegre do Sul;8038.0;-22.6817;-46.681
353130.0;35;Sudeste;SP;Monte Alto;50498.0;-21.2655;-48.4971
353140.0;35;Sudeste;SP;Monte Aprazível;25087.0;-20.768;-49.7184
353150.0;35;Sudeste;SP;Monte Azul Paulista;19008.0;-20.9065;-48.6387
353160.0;35;Sudeste;SP;Monte Castelo;4166.0;-21.2981;-51.5679
353170.0;35;Sudeste;SP;Monteiro Lobato;4653.0;-22.9544;-45.8407
353180.0;35;Sudeste;SP;Monte Mor;59772.0;-22.945;-47.3122
353190.0;35;Sudeste;SP;Morro Agudo;32968.0;-20.7288;-48.0581
353200.0;35;Sudeste;SP;Morungaba;13622.0;-22.8811;-46.7896
353205.0;35;Sudeste;SP;Motuca;4758.0;-21.5103;-48.1538
353210.0;35;Sudeste;SP;Murutinga do Sul;4486.0;-20.9908;-51.2774
353215.0;35;Sudeste;SP;Nantes;3141.0;-22.6156;-51.24
353220.0;35;Sudeste;SP;Narandiba;4857.0;-22.4057;-51.5274
353230.0;35;Sudeste;SP;Natividade da Serra;6661.0;-23.3707;-45.4468
353240.0;35;Sudeste;SP;Nazaré Paulista;18524.0;-23.1747;-46.3983
353250.0;35;Sudeste;SP;Neves Paulista;8930.0;-20.843;-49.6358
353260.0;35;Sudeste;SP;Nhandeara;11478.0;-20.6945;-50.0436
353270.0;35;Sudeste;SP;Nipoã;5213.0;-20.9114;-49.7833
353280.0;35;Sudeste;SP;Nova Aliança;6973.0;-21.0156;-49.4986
353282.0;35;Sudeste;SP;Nova Campina;9755.0;-24.1224;-48.9022
353284.0;35;Sudeste;SP;Nova Canaã Paulista;1881.0;-20.3836;-50.9483
353286.0;35;Sudeste;SP;Nova Castilho;1267.0;-20.7615;-50.3477
353290.0;35;Sudeste;SP;Nova Europa;11186.0;-21.7765;-48.5705
353300.0;35;Sudeste;SP;Nova Granada;21500.0;-20.5321;-49.3123
353310.0;35;Sudeste;SP;Nova Guataporanga;2316.0;-21.332;-51.6447
353320.0;35;Sudeste;SP;Nova Independência;3969.0;-21.1026;-51.4905
353325.0;35;Sudeste;SP;Novais;5830.0;-20.9893;-48.9141
353330.0;35;Sudeste;SP;Nova Luzitânia;4101.0;-20.856;-50.2617
353340.0;35;Sudeste;SP;Nova Odessa;60174.0;-22.7832;-47.2941
353350.0;35;Sudeste;SP;Novo Horizonte;41052.0;-21.4651;-49.2234
353360.0;35;Sudeste;SP;Nuporanga;7432.0;-20.7296;-47.7429
353370.0;35;Sudeste;SP;Ocauçu;4289.0;-22.438;-49.922
353380.0;35;Sudeste;SP;Óleo;2496.0;-22.9435;-49.3419
353390.0;35;Sudeste;SP;Olímpia;54772.0;-20.7366;-48.9106
353400.0;35;Sudeste;SP;Onda Verde;4381.0;-20.6042;-49.2929
353410.0;35;Sudeste;SP;Oriente;6515.0;-22.1549;-50.0971
353420.0;35;Sudeste;SP;Orindiúva;7066.0;-20.1861;-49.3464
353430.0;35;Sudeste;SP;Orlândia;44028.0;-20.7169;-47.8852
353440.0;35;Sudeste;SP;Osasco;698418.0;-23.5324;-46.7916
353450.0;35;Sudeste;SP;Oscar Bressane;2603.0;-22.3149;-50.2811
353460.0;35;Sudeste;SP;Osvaldo Cruz;32879.0;-21.7968;-50.8793
353470.0;35;Sudeste;SP;Ourinhos;113542.0;-22.9797;-49.8697
353475.0;35;Sudeste;SP;Ouroeste;10361.0;-20.0061;-50.3768
353480.0;35;Sudeste;SP;Ouro Verde;8562.0;-21.4872;-51.7024
353490.0;35;Sudeste;SP;Pacaembu;14197.0;-21.5627;-51.2654
353500.0;35;Sudeste;SP;Palestina;12957.0;-20.39;-49.4309
353510.0;35;Sudeste;SP;Palmares Paulista;13275.0;-21.0854;-48.8037
353520.0;35;Sudeste;SP;Palmeira d'Oeste;9283.0;-20.4148;-50.7632
353530.0;35;Sudeste;SP;Palmital;22221.0;-22.7858;-50.218
353540.0;35;Sudeste;SP;Panorama;15777.0;-21.354;-51.8562
353550.0;35;Sudeste;SP;Paraguaçu Paulista;45703.0;-22.4114;-50.5732
353560.0;35;Sudeste;SP;Paraibuna;18222.0;-23.3872;-45.6639
353570.0;35;Sudeste;SP;Paraíso;6454.0;-21.0159;-48.7761
353580.0;35;Sudeste;SP;Paranapanema;20197.0;-23.3862;-48.7214
353590.0;35;Sudeste;SP;Paranapuã;4078.0;-20.1048;-50.5886
353600.0;35;Sudeste;SP;Parapuã;10964.0;-21.7792;-50.7949
353610.0;35;Sudeste;SP;Pardinho;6435.0;-23.0841;-48.3679
353620.0;35;Sudeste;SP;Pariquera-Açu;19648.0;-24.7147;-47.8742
353625.0;35;Sudeste;SP;Parisi;2161.0;-20.3034;-50.0163
353630.0;35;Sudeste;SP;Patrocínio Paulista;14670.0;-20.6384;-47.2801
353640.0;35;Sudeste;SP;Paulicéia;7366.0;-21.3153;-51.8321
353650.0;35;Sudeste;SP;Paulínia;109424.0;-22.7542;-47.1488
353657.0;35;Sudeste;SP;Paulistânia;1833.0;-22.5768;-49.4008
353660.0;35;Sudeste;SP;Paulo de Faria;8945.0;-20.0296;-49.4
353670.0;35;Sudeste;SP;Pederneiras;46687.0;-22.3511;-48.7781
353680.0;35;Sudeste;SP;Pedra Bela;6093.0;-22.7902;-46.4455
353690.0;35;Sudeste;SP;Pedranópolis;2494.0;-20.2474;-50.1129
353700.0;35;Sudeste;SP;Pedregulho;16744.0;-20.2535;-47.4775
353710.0;35;Sudeste;SP;Pedreira;47919.0;-22.7413;-46.8948
353715.0;35;Sudeste;SP;Pedrinhas Paulista;3093.0;-22.8174;-50.7933
353720.0;35;Sudeste;SP;Pedro de Toledo;11331.0;-24.2764;-47.2354
353730.0;35;Sudeste;SP;Penápolis;63407.0;-21.4148;-50.0769
353740.0;35;Sudeste;SP;Pereira Barreto;25669.0;-20.6368;-51.1123
353750.0;35;Sudeste;SP;Pereiras;8668.0;-23.0804;-47.972
353760.0;35;Sudeste;SP;Peruíbe;68284.0;-24.312;-47.0012
353770.0;35;Sudeste;SP;Piacatu;5980.0;-21.5921;-50.6003
353780.0;35;Sudeste;SP;Piedade;55348.0;-23.7139;-47.4256
353790.0;35;Sudeste;SP;Pilar do Sul;29185.0;-23.8077;-47.7222
353800.0;35;Sudeste;SP;Pindamonhangaba;168328.0;-22.9246;-45.4613
353810.0;35;Sudeste;SP;Pindorama;17049.0;-21.1853;-48.9086
353820.0;35;Sudeste;SP;Pinhalzinho;15207.0;-22.7811;-46.5897
353830.0;35;Sudeste;SP;Piquerobi;3692.0;-21.8747;-51.7282
353850.0;35;Sudeste;SP;Piquete;13657.0;-22.6069;-45.1869
353860.0;35;Sudeste;SP;Piracaia;27303.0;-23.0525;-46.3594
353870.0;35;Sudeste;SP;Piracicaba;404142.0;-22.7338;-47.6476
353880.0;35;Sudeste;SP;Piraju;29806.0;-23.1981;-49.3803
353890.0;35;Sudeste;SP;Pirajuí;25492.0;-21.999;-49.4608
353900.0;35;Sudeste;SP;Pirangi;11417.0;-21.0886;-48.6607
353910.0;35;Sudeste;SP;Pirapora do Bom Jesus;18895.0;-23.3965;-46.9991
353920.0;35;Sudeste;SP;Pirapozinho;27527.0;-22.2711;-51.4976
353930.0;35;Sudeste;SP;Pirassununga;76409.0;-21.996;-47.4257
353940.0;35;Sudeste;SP;Piratininga;13636.0;-22.4142;-49.1339
353950.0;35;Sudeste;SP;Pitangueiras;39719.0;-21.0132;-48.221
353960.0;35;Sudeste;SP;Planalto;5237.0;-21.0342;-49.933
353970.0;35;Sudeste;SP;Platina;3550.0;-22.6371;-50.2104
353980.0;35;Sudeste;SP;Poá;117452.0;-23.5333;-46.3473
353990.0;35;Sudeste;SP;Poloni;6059.0;-20.7829;-49.8258
354000.0;35;Sudeste;SP;Pompéia;22014.0;-22.107;-50.176
354010.0;35;Sudeste;SP;Pongaí;3416.0;-21.7396;-49.3604
354020.0;35;Sudeste;SP;Pontal;49961.0;-21.0216;-48.0423
354025.0;35;Sudeste;SP;Pontalinda;4628.0;-20.4396;-50.5258
354030.0;35;Sudeste;SP;Pontes Gestal;2577.0;-20.1727;-49.7064
354040.0;35;Sudeste;SP;Populina;4169.0;-19.9453;-50.538
354050.0;35;Sudeste;SP;Porangaba;9925.0;-23.1761;-48.1195
354060.0;35;Sudeste;SP;Porto Feliz;53098.0;-23.2093;-47.5251
354070.0;35;Sudeste;SP;Porto Ferreira;56150.0;-21.8498;-47.487
354075.0;35;Sudeste;SP;Potim;24643.0;-22.8343;-45.2552
354080.0;35;Sudeste;SP;Potirendaba;17361.0;-21.0428;-49.3815
354085.0;35;Sudeste;SP;Pracinha;4093.0;-21.8496;-51.0868
354090.0;35;Sudeste;SP;Pradópolis;21496.0;-21.3626;-48.0679
354100.0;35;Sudeste;SP;Praia Grande;325073.0;-24.0084;-46.4121
354105.0;35;Sudeste;SP;Pratânia;5261.0;-22.8112;-48.6636
354110.0;35;Sudeste;SP;Presidente Alves;4094.0;-22.0999;-49.4381
354120.0;35;Sudeste;SP;Presidente Bernardes;13106.0;-22.0082;-51.5565
354130.0;35;Sudeste;SP;Presidente Epitácio;44200.0;-21.7651;-52.1111
354140.0;35;Sudeste;SP;Presidente Prudente;228743.0;-22.1207;-51.3925
354150.0;35;Sudeste;SP;Presidente Venceslau;39516.0;-21.8732;-51.8447
354160.0;35;Sudeste;SP;Promissão;40432.0;-21.5356;-49.8599
354165.0;35;Sudeste;SP;Quadra;3804.0;-23.2993;-48.0547
354170.0;35;Sudeste;SP;Quatá;14109.0;-22.2456;-50.6966
354180.0;35;Sudeste;SP;Queiroz;3406.0;-21.7969;-50.2415
354190.0;35;Sudeste;SP;Queluz;13420.0;-22.5312;-44.7781
354200.0;35;Sudeste;SP;Quintana;6638.0;-22.0692;-50.307
354210.0;35;Sudeste;SP;Rafard;9076.0;-23.0105;-47.5318
354220.0;35;Sudeste;SP;Rancharia;29707.0;-22.2269;-50.893
354230.0;35;Sudeste;SP;Redenção da Serra;3851.0;-23.2638;-45.5422
354240.0;35;Sudeste;SP;Regente Feijó;20261.0;-22.2181;-51.3055
354250.0;35;Sudeste;SP;Reginópolis;9621.0;-21.8914;-49.2268
354260.0;35;Sudeste;SP;Registro;56322.0;-24.4979;-47.8449
354270.0;35;Sudeste;SP;Restinga;7593.0;-20.6056;-47.4833
354280.0;35;Sudeste;SP;Ribeira;3340.0;-24.6517;-49.0044
354290.0;35;Sudeste;SP;Ribeirão Bonito;13219.0;-22.0685;-48.182
354300.0;35;Sudeste;SP;Ribeirão Branco;16444.0;-24.2206;-48.7635
354310.0;35;Sudeste;SP;Ribeirão Corrente;4718.0;-20.4579;-47.5904
354320.0;35;Sudeste;SP;Ribeirão do Sul;4541.0;-22.789;-49.933
354323.0;35;Sudeste;SP;Ribeirão dos Índios;2225.0;-21.8382;-51.6103
354325.0;35;Sudeste;SP;Ribeirão Grande;7673.0;-24.1011;-48.3679
354330.0;35;Sudeste;SP;Ribeirão Pires;123393.0;-23.7067;-46.4058
354340.0;35;Sudeste;SP;Ribeirão Preto;703293.0;-21.1699;-47.8099
354350.0;35;Sudeste;SP;Riversul;5524.0;-23.829;-49.429
354360.0;35;Sudeste;SP;Rifaina;3629.0;-20.0803;-47.4291
354370.0;35;Sudeste;SP;Rincão;10799.0;-21.5894;-48.0728
354380.0;35;Sudeste;SP;Rinópolis;9981.0;-21.7284;-50.7239
354390.0;35;Sudeste;SP;Rio Claro;206424.0;-22.3984;-47.5546
354400.0;35;Sudeste;SP;Rio das Pedras;35228.0;-22.8417;-47.6047
354410.0;35;Sudeste;SP;Rio Grande da Serra;50846.0;-23.7437;-46.3971
354420.0;35;Sudeste;SP;Riolândia;12518.0;-19.9868;-49.6836
354425.0;35;Sudeste;SP;Rosana;16643.0;-22.5782;-53.0603
354430.0;35;Sudeste;SP;Roseira;10712.0;-22.8938;-45.307
354440.0;35;Sudeste;SP;Rubiácea;3128.0;-21.3006;-50.7296
354450.0;35;Sudeste;SP;Rubinéia;3148.0;-20.1759;-51.007
354460.0;35;Sudeste;SP;Sabino;5590.0;-21.4593;-49.5755
354470.0;35;Sudeste;SP;Sagres;2432.0;-21.8823;-50.9594
354480.0;35;Sudeste;SP;Sales;6331.0;-21.3427;-49.4897
354490.0;35;Sudeste;SP;Sales Oliveira;11890.0;-20.7696;-47.8369
354500.0;35;Sudeste;SP;Salesópolis;17139.0;-23.5288;-45.8465
354510.0;35;Sudeste;SP;Salmourão;5300.0;-21.6267;-50.8614
354515.0;35;Sudeste;SP;Saltinho;8286.0;-22.8442;-47.6754
354520.0;35;Sudeste;SP;Salto;118663.0;-23.1996;-47.2931
354530.0;35;Sudeste;SP;Salto de Pirapora;45422.0;-23.6474;-47.5743
354540.0;35;Sudeste;SP;Salto Grande;9331.0;-22.8894;-49.9831
354550.0;35;Sudeste;SP;Sandovalina;4302.0;-22.4551;-51.7648
354560.0;35;Sudeste;SP;Santa Adélia;15480.0;-21.2427;-48.8063
354570.0;35;Sudeste;SP;Santa Albertina;6008.0;-20.0311;-50.7297
354580.0;35;Sudeste;SP;Santa Bárbara d'Oeste;193475.0;-22.7553;-47.4143
354600.0;35;Sudeste;SP;Santa Branca;14788.0;-23.3933;-45.8875
354610.0;35;Sudeste;SP;Santa Clara d'Oeste;2115.0;-20.09;-50.9491
354620.0;35;Sudeste;SP;Santa Cruz da Conceição;4503.0;-22.1405;-47.4512
354625.0;35;Sudeste;SP;Santa Cruz da Esperança;2139.0;-21.2951;-47.4304
354630.0;35;Sudeste;SP;Santa Cruz das Palmeiras;34361.0;-21.8235;-47.248
354640.0;35;Sudeste;SP;Santa Cruz do Rio Pardo;47673.0;-22.8988;-49.6354
354650.0;35;Sudeste;SP;Santa Ernestina;5599.0;-21.4618;-48.3953
354660.0;35;Sudeste;SP;Santa Fé do Sul;32322.0;-20.2083;-50.932
354670.0;35;Sudeste;SP;Santa Gertrudes;26898.0;-22.4572;-47.5272
354680.0;35;Sudeste;SP;Santa Isabel;57386.0;-23.3172;-46.2237
354690.0;35;Sudeste;SP;Santa Lúcia;8817.0;-21.685;-48.0885
354700.0;35;Sudeste;SP;Santa Maria da Serra;6173.0;-22.5661;-48.1593
354710.0;35;Sudeste;SP;Santa Mercedes;2939.0;-21.3495;-51.7564
354720.0;35;Sudeste;SP;Santana da Ponte Pensa;1487.0;-20.2523;-50.8014
354730.0;35;Sudeste;SP;Santana de Parnaíba;139447.0;-23.4439;-46.9178
354740.0;35;Sudeste;SP;Santa Rita d'Oeste;2498.0;-20.1414;-50.8358
354750.0;35;Sudeste;SP;Santa Rita do Passa Quatro;27557.0;-21.7083;-47.478
354760.0;35;Sudeste;SP;Santa Rosa de Viterbo;26540.0;-21.4776;-47.3622
354765.0;35;Sudeste;SP;Santa Salete;1545.0;-20.2429;-50.6887
354770.0;35;Sudeste;SP;Santo Anastácio;20878.0;-21.9747;-51.6527
354780.0;35;Sudeste;SP;Santo André;718773.0;-23.6737;-46.5432
354790.0;35;Sudeste;SP;Santo Antônio da Alegria;6929.0;-21.0864;-47.1464
354800.0;35;Sudeste;SP;Santo Antônio de Posse;23310.0;-22.6029;-46.9192
354805.0;35;Sudeste;SP;Santo Antônio do Aracanguá;8420.0;-20.9331;-50.498
354810.0;35;Sudeste;SP;Santo Antônio do Jardim;5954.0;-22.1121;-46.6845
354820.0;35;Sudeste;SP;Santo Antônio do Pinhal;6811.0;-22.827;-45.663
354830.0;35;Sudeste;SP;Santo Expedito;3111.0;-21.8467;-51.3929
354840.0;35;Sudeste;SP;Santópolis do Aguapeí;4777.0;-21.6376;-50.5044
354850.0;35;Sudeste;SP;Santos;433311.0;-23.9535;-46.335
354860.0;35;Sudeste;SP;São Bento do Sapucaí;10878.0;-22.6837;-45.7287
354870.0;35;Sudeste;SP;São Bernardo do Campo;838936.0;-23.6914;-46.5646
354880.0;35;Sudeste;SP;São Caetano do Sul;161127.0;-23.6229;-46.5548
354890.0;35;Sudeste;SP;São Carlos;251983.0;-22.0174;-47.886
354900.0;35;Sudeste;SP;São Francisco;2821.0;-20.3623;-50.6952
354910.0;35;Sudeste;SP;São João da Boa Vista;91211.0;-21.9707;-46.7944
354920.0;35;Sudeste;SP;São João das Duas Pontes;2568.0;-20.3879;-50.3792
354925.0;35;Sudeste;SP;São João de Iracema;1922.0;-20.5111;-50.3561
354930.0;35;Sudeste;SP;São João do Pau d'Alho;2105.0;-21.2662;-51.6672
354940.0;35;Sudeste;SP;São Joaquim da Barra;51888.0;-20.5812;-47.8593
354950.0;35;Sudeste;SP;São José da Bela Vista;8928.0;-20.5935;-47.6424
354960.0;35;Sudeste;SP;São José do Barreiro;4147.0;-22.6414;-44.5774
354970.0;35;Sudeste;SP;São José do Rio Pardo;54946.0;-21.5953;-46.8873
354980.0;35;Sudeste;SP;São José do Rio Preto;460671.0;-20.8113;-49.3758
354990.0;35;Sudeste;SP;São José dos Campos;721944.0;-23.1896;-45.8841
354995.0;35;Sudeste;SP;São Lourenço da Serra;15825.0;-23.8491;-46.9432
355000.0;35;Sudeste;SP;São Luiz do Paraitinga;10687.0;-23.222;-45.3109
355010.0;35;Sudeste;SP;São Manuel;40954.0;-22.7321;-48.5723
355020.0;35;Sudeste;SP;São Miguel Arcanjo;32931.0;-23.8782;-47.9935
355030.0;35;Sudeste;SP;São Paulo;12252023.0;-23.5329;-46.6395
355040.0;35;Sudeste;SP;São Pedro;35653.0;-22.5483;-47.9096
355050.0;35;Sudeste;SP;São Pedro do Turvo;7666.0;-22.7453;-49.7428
355060.0;35;Sudeste;SP;São Roque;91016.0;-23.5226;-47.1357
355070.0;35;Sudeste;SP;São Sebastião;88980.0;-23.7951;-45.4143
355080.0;35;Sudeste;SP;São Sebastião da Grama;12182.0;-21.7041;-46.8208
355090.0;35;Sudeste;SP;São Simão;15322.0;-21.4732;-47.5518
355100.0;35;Sudeste;SP;São Vicente;365798.0;-23.9574;-46.3883
355110.0;35;Sudeste;SP;Sarapuí;10285.0;-23.6397;-47.8249
355120.0;35;Sudeste;SP;Sarutaiá;3638.0;-23.2721;-49.4763
355130.0;35;Sudeste;SP;Sebastianópolis do Sul;3513.0;-20.6523;-49.925
355140.0;35;Sudeste;SP;Serra Azul;14662.0;-21.3074;-47.5602
355150.0;35;Sudeste;SP;Serrana;45107.0;-21.2043;-47.5952
355160.0;35;Sudeste;SP;Serra Negra;29229.0;-22.6139;-46.7033
355170.0;35;Sudeste;SP;Sertãozinho;125815.0;-21.1316;-47.9875
355180.0;35;Sudeste;SP;Sete Barras;12832.0;-24.382;-47.9279
355190.0;35;Sudeste;SP;Severínia;17496.0;-20.8108;-48.8054
355200.0;35;Sudeste;SP;Silveiras;6302.0;-22.6638;-44.8522
355210.0;35;Sudeste;SP;Socorro;41005.0;-22.5903;-46.5251
355220.0;35;Sudeste;SP;Sorocaba;679378.0;-23.4969;-47.4451
355230.0;35;Sudeste;SP;Sud Mennucci;7718.0;-20.6872;-50.9238
355240.0;35;Sudeste;SP;Sumaré;282441.0;-22.8204;-47.2728
355250.0;35;Sudeste;SP;Suzano;297637.0;-23.5448;-46.3112
355255.0;35;Sudeste;SP;Suzanápolis;3963.0;-20.4981;-51.0268
355260.0;35;Sudeste;SP;Tabapuã;12407.0;-20.9602;-49.0307
355270.0;35;Sudeste;SP;Tabatinga;16496.0;-21.7239;-48.6896
355280.0;35;Sudeste;SP;Taboão da Serra;289664.0;-23.6019;-46.7526
355290.0;35;Sudeste;SP;Taciba;6285.0;-22.3866;-51.2882
355300.0;35;Sudeste;SP;Taguaí;13859.0;-23.4452;-49.4024
355310.0;35;Sudeste;SP;Taiaçu;6295.0;-21.1431;-48.5112
355320.0;35;Sudeste;SP;Taiúva;5566.0;-21.1223;-48.4528
355330.0;35;Sudeste;SP;Tambaú;23207.0;-21.7029;-47.2703
355340.0;35;Sudeste;SP;Tanabi;25967.0;-20.6228;-49.6563
355350.0;35;Sudeste;SP;Tapiraí;7807.0;-23.9612;-47.5062
355360.0;35;Sudeste;SP;Tapiratiba;12960.0;-21.4713;-46.7448
355365.0;35;Sudeste;SP;Taquaral;2811.0;-21.0737;-48.4126
355370.0;35;Sudeste;SP;Taquaritinga;57177.0;-21.4049;-48.5103
355380.0;35;Sudeste;SP;Taquarituba;23218.0;-23.5307;-49.241
355385.0;35;Sudeste;SP;Taquarivaí;5852.0;-23.9211;-48.6948
355390.0;35;Sudeste;SP;Tarabai;7468.0;-22.3016;-51.5621
355395.0;35;Sudeste;SP;Tarumã;15000.0;-22.7429;-50.5786
355400.0;35;Sudeste;SP;Tatuí;121766.0;-23.3487;-47.8461
355410.0;35;Sudeste;SP;Taubaté;314924.0;-23.0104;-45.5593
355420.0;35;Sudeste;SP;Tejupá;4532.0;-23.3425;-49.3722
355430.0;35;Sudeste;SP;Teodoro Sampaio;23148.0;-22.5299;-52.1682
355440.0;35;Sudeste;SP;Terra Roxa;9370.0;-20.787;-48.3314
355450.0;35;Sudeste;SP;Tietê;42076.0;-23.1101;-47.7164
355460.0;35;Sudeste;SP;Timburi;2658.0;-23.2057;-49.6096
355465.0;35;Sudeste;SP;Torre de Pedra;2412.0;-23.2462;-48.1955
355470.0;35;Sudeste;SP;Torrinha;10010.0;-22.4237;-48.1731
355475.0;35;Sudeste;SP;Trabiju;1724.0;-22.0388;-48.3342
355480.0;35;Sudeste;SP;Tremembé;47185.0;-22.9571;-45.5475
355490.0;35;Sudeste;SP;Três Fronteiras;5807.0;-20.2344;-50.8905
355495.0;35;Sudeste;SP;Tuiuti;6894.0;-22.8193;-46.6937
355500.0;35;Sudeste;SP;Tupã;65524.0;-21.9335;-50.5191
355510.0;35;Sudeste;SP;Tupi Paulista;15495.0;-21.3825;-51.575
355520.0;35;Sudeste;SP;Turiúba;2016.0;-20.9428;-50.1135
355530.0;35;Sudeste;SP;Turmalina;1727.0;-20.0486;-50.4792
355535.0;35;Sudeste;SP;Ubarana;6309.0;-21.165;-49.7198
355540.0;35;Sudeste;SP;Ubatuba;90799.0;-23.4332;-45.0834
355550.0;35;Sudeste;SP;Ubirajara;4780.0;-22.5272;-49.6613
355560.0;35;Sudeste;SP;Uchoa;10110.0;-20.9511;-49.1713
355570.0;35;Sudeste;SP;União Paulista;1844.0;-20.8862;-49.9025
355580.0;35;Sudeste;SP;Urânia;9114.0;-20.2455;-50.6455
355590.0;35;Sudeste;SP;Uru;1165.0;-21.7866;-49.2848
355600.0;35;Sudeste;SP;Urupês;13809.0;-21.2032;-49.2931
355610.0;35;Sudeste;SP;Valentim Gentil;13326.0;-20.4217;-50.0889
355620.0;35;Sudeste;SP;Valinhos;129193.0;-22.9698;-46.9974
355630.0;35;Sudeste;SP;Valparaíso;26480.0;-21.2229;-50.8699
355635.0;35;Sudeste;SP;Vargem;10537.0;-22.887;-46.4124
355640.0;35;Sudeste;SP;Vargem Grande do Sul;42845.0;-21.8322;-46.8913
355645.0;35;Sudeste;SP;Vargem Grande Paulista;52597.0;-23.5993;-47.022
355650.0;35;Sudeste;SP;Várzea Paulista;121838.0;-23.2136;-46.8234
355660.0;35;Sudeste;SP;Vera Cruz;10843.0;-22.2183;-49.8207
355670.0;35;Sudeste;SP;Vinhedo;78728.0;-23.0302;-46.9833
355680.0;35;Sudeste;SP;Viradouro;18898.0;-20.8734;-48.293
355690.0;35;Sudeste;SP;Vista Alegre do Alto;8810.0;-21.1692;-48.6284
355695.0;35;Sudeste;SP;Vitória Brasil;1840.0;-20.1956;-50.4875
355700.0;35;Sudeste;SP;Votorantim;122480.0;-23.5446;-47.4388
355710.0;35;Sudeste;SP;Votuporanga;94547.0;-20.4237;-49.9781
355715.0;35;Sudeste;SP;Zacarias;2718.0;-21.0506;-50.0552
355720.0;35;Sudeste;SP;Chavantes;12418.0;-23.0366;-49.7096
355730.0;35;Sudeste;SP;Estiva Gerbi;11304.0;-22.2713;-46.9481
410000.0;41;Sul;PR;;;;
410010.0;41;Sul;PR;Abatiá;7457.0;;
410020.0;41;Sul;PR;Adrianópolis;5919.0;;
410030.0;41;Sul;PR;Agudos do Sul;9371.0;;
410040.0;41;Sul;PR;Almirante Tamandaré;118623.0;;
410045.0;41;Sul;PR;Altamira do Paraná;1942.0;;
410050.0;41;Sul;PR;Altônia;22056.0;;
410060.0;41;Sul;PR;Alto Paraná;14770.0;;
410070.0;41;Sul;PR;Alto Piquiri;9836.0;;
410080.0;41;Sul;PR;Alvorada do Sul;11406.0;;
410090.0;41;Sul;PR;Amaporã;6257.0;;
410100.0;41;Sul;PR;Ampére;19152.0;;
410105.0;41;Sul;PR;Anahy;2801.0;;
410110.0;41;Sul;PR;Andirá;20031.0;;
410115.0;41;Sul;PR;Ângulo;2928.0;;
410120.0;41;Sul;PR;Antonina;18980.0;;
410130.0;41;Sul;PR;Antônio Olinto;7434.0;;
410140.0;41;Sul;PR;Apucarana;134996.0;;
410150.0;41;Sul;PR;Arapongas;123027.0;;
410160.0;41;Sul;PR;Arapoti;28115.0;;
410165.0;41;Sul;PR;Arapuã;3068.0;;
410170.0;41;Sul;PR;Araruna;13970.0;;
410180.0;41;Sul;PR;Araucária;143843.0;;
410185.0;41;Sul;PR;Ariranha do Ivaí;2108.0;;
410190.0;41;Sul;PR;Assaí;15119.0;;
410200.0;41;Sul;PR;Assis Chateaubriand;33362.0;;
410210.0;41;Sul;PR;Astorga;26111.0;;
410220.0;41;Sul;PR;Atalaia;3892.0;;
410230.0;41;Sul;PR;Balsa Nova;12941.0;;
410240.0;41;Sul;PR;Bandeirantes;31367.0;;
410250.0;41;Sul;PR;Barbosa Ferraz;11568.0;;
410260.0;41;Sul;PR;Barracão;10275.0;;
410270.0;41;Sul;PR;Barra do Jacaré;2781.0;;
410275.0;41;Sul;PR;Bela Vista da Caroba;3511.0;;
410280.0;41;Sul;PR;Bela Vista do Paraíso;15397.0;;
410290.0;41;Sul;PR;Bituruna;16389.0;;
410300.0;41;Sul;PR;Boa Esperança;4105.0;;
410302.0;41;Sul;PR;Boa Esperança do Iguaçu;2503.0;;
410304.0;41;Sul;PR;Boa Ventura de São Roque;6387.0;;
410305.0;41;Sul;PR;Boa Vista da Aparecida;7591.0;;
410310.0;41;Sul;PR;Bocaiúva do Sul;12944.0;;
410315.0;41;Sul;PR;Bom Jesus do Sul;3541.0;;
410320.0;41;Sul;PR;Bom Sucesso;7032.0;;
410322.0;41;Sul;PR;Bom Sucesso do Sul;3264.0;;
410330.0;41;Sul;PR;Borrazópolis;6592.0;;
410335.0;41;Sul;PR;Braganey;5427.0;;
410337.0;41;Sul;PR;Brasilândia do Sul;2651.0;;
410340.0;41;Sul;PR;Cafeara;2934.0;;
410345.0;41;Sul;PR;Cafelândia;18120.0;;
410347.0;41;Sul;PR;Cafezal do Sul;4044.0;;
410350.0;41;Sul;PR;Califórnia;8570.0;;
410360.0;41;Sul;PR;Cambará;25360.0;;
410370.0;41;Sul;PR;Cambé;106533.0;;
410380.0;41;Sul;PR;Cambira;7865.0;;
410390.0;41;Sul;PR;Campina da Lagoa;14202.0;;
410395.0;41;Sul;PR;Campina do Simão;3887.0;;
410400.0;41;Sul;PR;Campina Grande do Sul;43288.0;;
410405.0;41;Sul;PR;Campo Bonito;3833.0;;
410410.0;41;Sul;PR;Campo do Tenente;7971.0;;
410420.0;41;Sul;PR;Campo Largo;132002.0;;
410425.0;41;Sul;PR;Campo Magro;29318.0;;
410430.0;41;Sul;PR;Campo Mourão;94859.0;;
410440.0;41;Sul;PR;Cândido de Abreu;15018.0;;
410442.0;41;Sul;PR;Candói;15979.0;;
410445.0;41;Sul;PR;Cantagalo;13317.0;;
410450.0;41;Sul;PR;Capanema;19124.0;;
410460.0;41;Sul;PR;Capitão Leônidas Marques;15780.0;;
410465.0;41;Sul;PR;Carambeí;23415.0;;
410470.0;41;Sul;PR;Carlópolis;14320.0;;
410480.0;41;Sul;PR;Cascavel;328454.0;;
410490.0;41;Sul;PR;Castro;71484.0;;
410500.0;41;Sul;PR;Catanduvas;10189.0;;
410510.0;41;Sul;PR;Centenário do Sul;10827.0;;
410520.0;41;Sul;PR;Cerro Azul;17779.0;;
410530.0;41;Sul;PR;Céu Azul;11765.0;;
410540.0;41;Sul;PR;Chopinzinho;19254.0;;
410550.0;41;Sul;PR;Cianorte;82620.0;;
410560.0;41;Sul;PR;Cidade Gaúcha;12652.0;;
410570.0;41;Sul;PR;Clevelândia;16559.0;;
410580.0;41;Sul;PR;Colombo;243726.0;;
410590.0;41;Sul;PR;Colorado;24012.0;;
410600.0;41;Sul;PR;Congonhinhas;8818.0;;
410610.0;41;Sul;PR;Conselheiro Mairinck;3860.0;;
410620.0;41;Sul;PR;Contenda;18584.0;;
410630.0;41;Sul;PR;Corbélia;17071.0;;
410640.0;41;Sul;PR;Cornélio Procópio;47845.0;;
410645.0;41;Sul;PR;Coronel Domingos Soares;7497.0;;
410650.0;41;Sul;PR;Coronel Vivida;20734.0;;
410655.0;41;Sul;PR;Corumbataí do Sul;3219.0;;
410657.0;41;Sul;PR;Cruzeiro do Iguaçu;4252.0;;
410660.0;41;Sul;PR;Cruzeiro do Oeste;20932.0;;
410670.0;41;Sul;PR;Cruzeiro do Sul;4469.0;;
410680.0;41;Sul;PR;Cruz Machado;18708.0;;
410685.0;41;Sul;PR;Cruzmaltina;2950.0;;
410690.0;41;Sul;PR;Curitiba;1933105.0;;
410700.0;41;Sul;PR;Curiúva;15101.0;;
410710.0;41;Sul;PR;Diamante do Norte;5087.0;;
410712.0;41;Sul;PR;Diamante do Sul;3439.0;;
410715.0;41;Sul;PR;Diamante D'Oeste;5253.0;;
410720.0;41;Sul;PR;Dois Vizinhos;40641.0;;
410725.0;41;Sul;PR;Douradina;8747.0;;
410730.0;41;Sul;PR;Doutor Camargo;5979.0;;
410740.0;41;Sul;PR;Enéas Marques;5961.0;;
410750.0;41;Sul;PR;Engenheiro Beltrão;14000.0;;
410752.0;41;Sul;PR;Esperança Nova;1698.0;;
410753.0;41;Sul;PR;Entre Rios do Oeste;4539.0;;
410754.0;41;Sul;PR;Espigão Alto do Iguaçu;4117.0;;
410755.0;41;Sul;PR;Farol;3089.0;;
410760.0;41;Sul;PR;Faxinal;17251.0;;
410765.0;41;Sul;PR;Fazenda Rio Grande;100209.0;;
410770.0;41;Sul;PR;Fênix;4762.0;;
410773.0;41;Sul;PR;Fernandes Pinheiro;5646.0;;
410775.0;41;Sul;PR;Figueira;7770.0;;
410780.0;41;Sul;PR;Floraí;4929.0;;
410785.0;41;Sul;PR;Flor da Serra do Sul;4624.0;;
410790.0;41;Sul;PR;Floresta;6774.0;;
410800.0;41;Sul;PR;Florestópolis;10548.0;;
410810.0;41;Sul;PR;Flórida;2689.0;;
410820.0;41;Sul;PR;Formosa do Oeste;6578.0;;
410830.0;41;Sul;PR;Foz do Iguaçu;258532.0;;
410832.0;41;Sul;PR;Francisco Alves;6046.0;;
410840.0;41;Sul;PR;Francisco Beltrão;91093.0;;
410845.0;41;Sul;PR;Foz do Jordão;4650.0;;
410850.0;41;Sul;PR;General Carneiro;13710.0;;
410855.0;41;Sul;PR;Godoy Moreira;2946.0;;
410860.0;41;Sul;PR;Goioerê;28884.0;;
410865.0;41;Sul;PR;Goioxim;7111.0;;
410870.0;41;Sul;PR;Grandes Rios;5618.0;;
410880.0;41;Sul;PR;Guaíra;33119.0;;
410890.0;41;Sul;PR;Guairaçá;6581.0;;
410895.0;41;Sul;PR;Guamiranga;8739.0;;
410900.0;41;Sul;PR;Guapirama;3802.0;;
410910.0;41;Sul;PR;Guaporema;2243.0;;
410920.0;41;Sul;PR;Guaraci;5502.0;;
410930.0;41;Sul;PR;Guaraniaçu;12472.0;;
410940.0;41;Sul;PR;Guarapuava;181504.0;;
410950.0;41;Sul;PR;Guaraqueçaba;7636.0;;
410960.0;41;Sul;PR;Guaratuba;37067.0;;
410965.0;41;Sul;PR;Honório Serpa;5211.0;;
410970.0;41;Sul;PR;Ibaiti;31364.0;;
410975.0;41;Sul;PR;Ibema;6352.0;;
410980.0;41;Sul;PR;Ibiporã;54558.0;;
410990.0;41;Sul;PR;Icaraíma;7904.0;;
411000.0;41;Sul;PR;Iguaraçu;4404.0;;
411005.0;41;Sul;PR;Iguatu;2256.0;;
411007.0;41;Sul;PR;Imbaú;13111.0;;
411010.0;41;Sul;PR;Imbituva;32564.0;;
411020.0;41;Sul;PR;Inácio Martins;11125.0;;
411030.0;41;Sul;PR;Inajá;3109.0;;
411040.0;41;Sul;PR;Indianópolis;4457.0;;
411050.0;41;Sul;PR;Ipiranga;15172.0;;
411060.0;41;Sul;PR;Iporã;13926.0;;
411065.0;41;Sul;PR;Iracema do Oeste;2288.0;;
411070.0;41;Sul;PR;Irati;60727.0;;
411080.0;41;Sul;PR;Iretama;10169.0;;
411090.0;41;Sul;PR;Itaguajé;4466.0;;
411095.0;41;Sul;PR;Itaipulândia;11176.0;;
411100.0;41;Sul;PR;Itambaracá;6582.0;;
411110.0;41;Sul;PR;Itambé;6108.0;;
411120.0;41;Sul;PR;Itapejara d'Oeste;11964.0;;
411125.0;41;Sul;PR;Itaperuçu;28634.0;;
411130.0;41;Sul;PR;Itaúna do Sul;2865.0;;
411140.0;41;Sul;PR;Ivaí;13879.0;;
411150.0;41;Sul;PR;Ivaiporã;31984.0;;
411155.0;41;Sul;PR;Ivaté;8185.0;;
411160.0;41;Sul;PR;Ivatuba;3259.0;;
411170.0;41;Sul;PR;Jaboti;5274.0;;
411180.0;41;Sul;PR;Jacarezinho;39378.0;;
411190.0;41;Sul;PR;Jaguapitã;13620.0;;
411200.0;41;Sul;PR;Jaguariaíva;34857.0;;
411210.0;41;Sul;PR;Jandaia do Sul;21176.0;;
411220.0;41;Sul;PR;Janiópolis;5245.0;;
411230.0;41;Sul;PR;Japira;4994.0;;
411240.0;41;Sul;PR;Japurá;9425.0;;
411250.0;41;Sul;PR;Jardim Alegre;11328.0;;
411260.0;41;Sul;PR;Jardim Olinda;1331.0;;
411270.0;41;Sul;PR;Jataizinho;12588.0;;
411275.0;41;Sul;PR;Jesuítas;8412.0;;
411280.0;41;Sul;PR;Joaquim Távora;11908.0;;
411290.0;41;Sul;PR;Jundiaí do Sul;3292.0;;
411295.0;41;Sul;PR;Juranda;7340.0;;
411300.0;41;Sul;PR;Jussara;7013.0;;
411310.0;41;Sul;PR;Kaloré;4100.0;;
411320.0;41;Sul;PR;Lapa;48163.0;;
411325.0;41;Sul;PR;Laranjal;5852.0;;
411330.0;41;Sul;PR;Laranjeiras do Sul;32073.0;;
411340.0;41;Sul;PR;Leópolis;3954.0;;
411342.0;41;Sul;PR;Lidianópolis;3310.0;;
411345.0;41;Sul;PR;Lindoeste;4676.0;;
411350.0;41;Sul;PR;Loanda;23086.0;;
411360.0;41;Sul;PR;Lobato;4787.0;;
411370.0;41;Sul;PR;Londrina;569733.0;;
411373.0;41;Sul;PR;Luiziana;7262.0;;
411375.0;41;Sul;PR;Lunardelli;4794.0;;
411380.0;41;Sul;PR;Lupionópolis;4920.0;;
411390.0;41;Sul;PR;Mallet;13630.0;;
411400.0;41;Sul;PR;Mamborê;13132.0;;
411410.0;41;Sul;PR;Mandaguaçu;22819.0;;
411420.0;41;Sul;PR;Mandaguari;34400.0;;
411430.0;41;Sul;PR;Mandirituba;26869.0;;
411435.0;41;Sul;PR;Manfrinópolis;2571.0;;
411440.0;41;Sul;PR;Mangueirinha;16714.0;;
411450.0;41;Sul;PR;Manoel Ribas;13502.0;;
411460.0;41;Sul;PR;Marechal Cândido Rondon;52944.0;;
411470.0;41;Sul;PR;Maria Helena;5677.0;;
411480.0;41;Sul;PR;Marialva;35496.0;;
411490.0;41;Sul;PR;Marilândia do Sul;8836.0;;
411500.0;41;Sul;PR;Marilena;7076.0;;
411510.0;41;Sul;PR;Mariluz;10345.0;;
411520.0;41;Sul;PR;Maringá;423666.0;;
411530.0;41;Sul;PR;Mariópolis;6610.0;;
411535.0;41;Sul;PR;Maripá;5603.0;;
411540.0;41;Sul;PR;Marmeleiro;14367.0;;
411545.0;41;Sul;PR;Marquinho;4405.0;;
411550.0;41;Sul;PR;Marumbi;4679.0;;
411560.0;41;Sul;PR;Matelândia;17943.0;;
411570.0;41;Sul;PR;Matinhos;34720.0;;
411573.0;41;Sul;PR;Mato Rico;3272.0;;
411575.0;41;Sul;PR;Mauá da Serra;10601.0;;
411580.0;41;Sul;PR;Medianeira;46198.0;;
411585.0;41;Sul;PR;Mercedes;5536.0;;
411590.0;41;Sul;PR;Mirador;2213.0;;
411600.0;41;Sul;PR;Miraselva;1806.0;;
411605.0;41;Sul;PR;Missal;10702.0;;
411610.0;41;Sul;PR;Moreira Sales;12121.0;;
411620.0;41;Sul;PR;Morretes;16406.0;;
411630.0;41;Sul;PR;Munhoz de Melo;3984.0;;
411640.0;41;Sul;PR;Nossa Senhora das Graças;4008.0;;
411650.0;41;Sul;PR;Nova Aliança do Ivaí;1543.0;;
411660.0;41;Sul;PR;Nova América da Colina;3445.0;;
411670.0;41;Sul;PR;Nova Aurora;10472.0;;
411680.0;41;Sul;PR;Nova Cantu;5302.0;;
411690.0;41;Sul;PR;Nova Esperança;27904.0;;
411695.0;41;Sul;PR;Nova Esperança do Sudoeste;5046.0;;
411700.0;41;Sul;PR;Nova Fátima;8153.0;;
411705.0;41;Sul;PR;Nova Laranjeiras;11554.0;;
411710.0;41;Sul;PR;Nova Londrina;13213.0;;
411720.0;41;Sul;PR;Nova Olímpia;5806.0;;
411721.0;41;Sul;PR;Nova Santa Bárbara;4249.0;;
411722.0;41;Sul;PR;Nova Santa Rosa;8219.0;;
411725.0;41;Sul;PR;Nova Prata do Iguaçu;10548.0;;
411727.0;41;Sul;PR;Nova Tebas;5649.0;;
411729.0;41;Sul;PR;Novo Itacolomi;2844.0;;
411730.0;41;Sul;PR;Ortigueira;22141.0;;
411740.0;41;Sul;PR;Ourizona;3428.0;;
411745.0;41;Sul;PR;Ouro Verde do Oeste;5996.0;;
411750.0;41;Sul;PR;Paiçandu;41281.0;;
411760.0;41;Sul;PR;Palmas;50986.0;;
411770.0;41;Sul;PR;Palmeira;33877.0;;
411780.0;41;Sul;PR;Palmital;13172.0;;
411790.0;41;Sul;PR;Palotina;31846.0;;
411800.0;41;Sul;PR;Paraíso do Norte;13830.0;;
411810.0;41;Sul;PR;Paranacity;11472.0;;
411820.0;41;Sul;PR;Paranaguá;154936.0;;
411830.0;41;Sul;PR;Paranapoema;3203.0;;
411840.0;41;Sul;PR;Paranavaí;88374.0;;
411845.0;41;Sul;PR;Pato Bragado;5610.0;;
411850.0;41;Sul;PR;Pato Branco;82881.0;;
411860.0;41;Sul;PR;Paula Freitas;5873.0;;
411870.0;41;Sul;PR;Paulo Frontin;7354.0;;
411880.0;41;Sul;PR;Peabiru;13996.0;;
411885.0;41;Sul;PR;Perobal;6127.0;;
411890.0;41;Sul;PR;Pérola;11234.0;;
411900.0;41;Sul;PR;Pérola d'Oeste;6347.0;;
411910.0;41;Sul;PR;Piên;12746.0;;
411915.0;41;Sul;PR;Pinhais;132157.0;;
411920.0;41;Sul;PR;Pinhalão;6326.0;;
411925.0;41;Sul;PR;Pinhal de São Bento;2731.0;;
411930.0;41;Sul;PR;Pinhão;32391.0;;
411940.0;41;Sul;PR;Piraí do Sul;25463.0;;
411950.0;41;Sul;PR;Piraquara;113036.0;;
411960.0;41;Sul;PR;Pitanga;30310.0;;
411965.0;41;Sul;PR;Pitangueiras;3224.0;;
411970.0;41;Sul;PR;Planaltina do Paraná;4263.0;;
411980.0;41;Sul;PR;Planalto;13479.0;;
411990.0;41;Sul;PR;Ponta Grossa;351736.0;;
411995.0;41;Sul;PR;Pontal do Paraná;27284.0;;
412000.0;41;Sul;PR;Porecatu;12914.0;;
412010.0;41;Sul;PR;Porto Amazonas;4848.0;;
412015.0;41;Sul;PR;Porto Barreiro;3237.0;;
412020.0;41;Sul;PR;Porto Rico;2559.0;;
412030.0;41;Sul;PR;Porto Vitória;4065.0;;
412033.0;41;Sul;PR;Prado Ferreira;3753.0;;
412035.0;41;Sul;PR;Pranchita;5157.0;;
412040.0;41;Sul;PR;Presidente Castelo Branco;5306.0;;
412050.0;41;Sul;PR;Primeiro de Maio;11123.0;;
412060.0;41;Sul;PR;Prudentópolis;52241.0;;
412065.0;41;Sul;PR;Quarto Centenário;4512.0;;
412070.0;41;Sul;PR;Quatiguá;7449.0;;
412080.0;41;Sul;PR;Quatro Barras;23559.0;;
412085.0;41;Sul;PR;Quatro Pontes;4015.0;;
412090.0;41;Sul;PR;Quedas do Iguaçu;34103.0;;
412100.0;41;Sul;PR;Querência do Norte;12206.0;;
412110.0;41;Sul;PR;Quinta do Sol;4573.0;;
412120.0;41;Sul;PR;Quitandinha;19049.0;;
412125.0;41;Sul;PR;Ramilândia;4451.0;;
412130.0;41;Sul;PR;Rancho Alegre;3808.0;;
412135.0;41;Sul;PR;Rancho Alegre D'Oeste;2655.0;;
412140.0;41;Sul;PR;Realeza;16922.0;;
412150.0;41;Sul;PR;Rebouças;14899.0;;
412160.0;41;Sul;PR;Renascença;6802.0;;
412170.0;41;Sul;PR;Reserva;26715.0;;
412175.0;41;Sul;PR;Reserva do Iguaçu;8010.0;;
412180.0;41;Sul;PR;Ribeirão Claro;10668.0;;
412190.0;41;Sul;PR;Ribeirão do Pinhal;13029.0;;
412200.0;41;Sul;PR;Rio Azul;15236.0;;
412210.0;41;Sul;PR;Rio Bom;3203.0;;
412215.0;41;Sul;PR;Rio Bonito do Iguaçu;13269.0;;
412217.0;41;Sul;PR;Rio Branco do Ivaí;4096.0;;
412220.0;41;Sul;PR;Rio Branco do Sul;32397.0;;
412230.0;41;Sul;PR;Rio Negro;34170.0;;
412240.0;41;Sul;PR;Rolândia;66580.0;;
412250.0;41;Sul;PR;Roncador;9849.0;;
412260.0;41;Sul;PR;Rondon;9579.0;;
412265.0;41;Sul;PR;Rosário do Ivaí;4786.0;;
412270.0;41;Sul;PR;Sabáudia;6827.0;;
412280.0;41;Sul;PR;Salgado Filho;3580.0;;
412290.0;41;Sul;PR;Salto do Itararé;4935.0;;
412300.0;41;Sul;PR;Salto do Lontra;14785.0;;
412310.0;41;Sul;PR;Santa Amélia;3324.0;;
412320.0;41;Sul;PR;Santa Cecília do Pavão;3334.0;;
412330.0;41;Sul;PR;Santa Cruz de Monte Castelo;7800.0;;
412340.0;41;Sul;PR;Santa Fé;12037.0;;
412350.0;41;Sul;PR;Santa Helena;26490.0;;
412360.0;41;Sul;PR;Santa Inês;1596.0;;
412370.0;41;Sul;PR;Santa Isabel do Ivaí;8562.0;;
412380.0;41;Sul;PR;Santa Izabel do Oeste;14659.0;;
412382.0;41;Sul;PR;Santa Lúcia;3813.0;;
412385.0;41;Sul;PR;Santa Maria do Oeste;9615.0;;
412390.0;41;Sul;PR;Santa Mariana;11724.0;;
412395.0;41;Sul;PR;Santa Mônica;3981.0;;
412400.0;41;Sul;PR;Santana do Itararé;4992.0;;
412402.0;41;Sul;PR;Santa Tereza do Oeste;10139.0;;
412405.0;41;Sul;PR;Santa Terezinha de Itaipu;23465.0;;
412410.0;41;Sul;PR;Santo Antônio da Platina;45993.0;;
412420.0;41;Sul;PR;Santo Antônio do Caiuá;2641.0;;
412430.0;41;Sul;PR;Santo Antônio do Paraíso;2106.0;;
412440.0;41;Sul;PR;Santo Antônio do Sudoeste;20166.0;;
412450.0;41;Sul;PR;Santo Inácio;5438.0;;
412460.0;41;Sul;PR;São Carlos do Ivaí;6878.0;;
412470.0;41;Sul;PR;São Jerônimo da Serra;11170.0;;
412480.0;41;Sul;PR;São João;10241.0;;
412490.0;41;Sul;PR;São João do Caiuá;5855.0;;
412500.0;41;Sul;PR;São João do Ivaí;10219.0;;
412510.0;41;Sul;PR;São João do Triunfo;15120.0;;
412520.0;41;Sul;PR;São Jorge d'Oeste;9050.0;;
412530.0;41;Sul;PR;São Jorge do Ivaí;5551.0;;
412535.0;41;Sul;PR;São Jorge do Patrocínio;5641.0;;
412540.0;41;Sul;PR;São José da Boa Vista;6206.0;;
412545.0;41;Sul;PR;São José das Palmeiras;3654.0;;
412550.0;41;Sul;PR;São José dos Pinhais;323340.0;;
412555.0;41;Sul;PR;São Manoel do Paraná;2160.0;;
412560.0;41;Sul;PR;São Mateus do Sul;46261.0;;
412570.0;41;Sul;PR;São Miguel do Iguaçu;27452.0;;
412575.0;41;Sul;PR;São Pedro do Iguaçu;5897.0;;
412580.0;41;Sul;PR;São Pedro do Ivaí;10981.0;;
412590.0;41;Sul;PR;São Pedro do Paraná;2313.0;;
412600.0;41;Sul;PR;São Sebastião da Amoreira;8853.0;;
412610.0;41;Sul;PR;São Tomé;5722.0;;
412620.0;41;Sul;PR;Sapopema;6736.0;;
412625.0;41;Sul;PR;Sarandi;96688.0;;
412627.0;41;Sul;PR;Saudade do Iguaçu;5500.0;;
412630.0;41;Sul;PR;Sengés;19327.0;;
412635.0;41;Sul;PR;Serranópolis do Iguaçu;4495.0;;
412640.0;41;Sul;PR;Sertaneja;5284.0;;
412650.0;41;Sul;PR;Sertanópolis;16369.0;;
412660.0;41;Sul;PR;Siqueira Campos;21016.0;;
412665.0;41;Sul;PR;Sulina;2981.0;;
412667.0;41;Sul;PR;Tamarana;14797.0;;
412670.0;41;Sul;PR;Tamboara;5120.0;;
412680.0;41;Sul;PR;Tapejara;16205.0;;
412690.0;41;Sul;PR;Tapira;5539.0;;
412700.0;41;Sul;PR;Teixeira Soares;12367.0;;
412710.0;41;Sul;PR;Telêmaco Borba;78974.0;;
412720.0;41;Sul;PR;Terra Boa;17094.0;;
412730.0;41;Sul;PR;Terra Rica;16789.0;;
412740.0;41;Sul;PR;Terra Roxa;17481.0;;
412750.0;41;Sul;PR;Tibagi;20522.0;;
412760.0;41;Sul;PR;Tijucas do Sul;16868.0;;
412770.0;41;Sul;PR;Toledo;140635.0;;
412780.0;41;Sul;PR;Tomazina;7918.0;;
412785.0;41;Sul;PR;Três Barras do Paraná;12040.0;;
412788.0;41;Sul;PR;Tunas do Paraná;8769.0;;
412790.0;41;Sul;PR;Tuneiras do Oeste;8566.0;;
412795.0;41;Sul;PR;Tupãssi;8124.0;;
412796.0;41;Sul;PR;Turvo;13215.0;;
412800.0;41;Sul;PR;Ubiratã;21013.0;;
412810.0;41;Sul;PR;Umuarama;111557.0;;
412820.0;41;Sul;PR;União da Vitória;57517.0;;
412830.0;41;Sul;PR;Uniflor;2605.0;;
412840.0;41;Sul;PR;Uraí;11314.0;;
412850.0;41;Sul;PR;Wenceslau Braz;19414.0;;
412853.0;41;Sul;PR;Ventania;11892.0;;
412855.0;41;Sul;PR;Vera Cruz do Oeste;8521.0;;
412860.0;41;Sul;PR;Verê;7257.0;;
412862.0;41;Sul;PR;Alto Paraíso;2741.0;;
412863.0;41;Sul;PR;Doutor Ulysses;5580.0;;
412865.0;41;Sul;PR;Virmond;4023.0;;
412870.0;41;Sul;PR;Vitorino;6838.0;;
412880.0;41;Sul;PR;Xambrê;5679.0;;
420000.0;42;Sul;SC;;;;
420005.0;42;Sul;SC;Abdon Batista;2563.0;;
420010.0;42;Sul;SC;Abelardo Luz;17904.0;;
420020.0;42;Sul;SC;Agrolândia;10864.0;;
420030.0;42;Sul;SC;Agronômica;5448.0;;
420040.0;42;Sul;SC;Água Doce;7145.0;;
420050.0;42;Sul;SC;Águas de Chapecó;6486.0;;
420055.0;42;Sul;SC;Águas Frias;2366.0;;
420060.0;42;Sul;SC;Águas Mornas;6469.0;;
420070.0;42;Sul;SC;Alfredo Wagner;10036.0;;
420075.0;42;Sul;SC;Alto Bela Vista;1937.0;;
420080.0;42;Sul;SC;Anchieta;5638.0;;
420090.0;42;Sul;SC;Angelina;4801.0;;
420100.0;42;Sul;SC;Anita Garibaldi;7133.0;;
420110.0;42;Sul;SC;Anitápolis;3232.0;;
420120.0;42;Sul;SC;Antônio Carlos;8513.0;;
420125.0;42;Sul;SC;Apiúna;10743.0;;
420127.0;42;Sul;SC;Arabutã;4267.0;;
420130.0;42;Sul;SC;Araquari;38129.0;;
420140.0;42;Sul;SC;Araranguá;68228.0;;
420150.0;42;Sul;SC;Armazém;8674.0;;
420160.0;42;Sul;SC;Arroio Trinta;3550.0;;
420165.0;42;Sul;SC;Arvoredo;2240.0;;
420170.0;42;Sul;SC;Ascurra;7934.0;;
420180.0;42;Sul;SC;Atalanta;3210.0;;
420190.0;42;Sul;SC;Aurora;5679.0;;
420195.0;42;Sul;SC;Balneário Arroio do Silva;13071.0;;
420200.0;42;Sul;SC;Balneário Camboriú;142295.0;;
420205.0;42;Sul;SC;Balneário Barra do Sul;10795.0;;
420207.0;42;Sul;SC;Balneário Gaivota;10979.0;;
420208.0;42;Sul;SC;Bandeirante;2678.0;;
420209.0;42;Sul;SC;Barra Bonita;1677.0;;
420210.0;42;Sul;SC;Barra Velha;29168.0;;
420213.0;42;Sul;SC;Bela Vista do Toldo;6337.0;;
420215.0;42;Sul;SC;Belmonte;2706.0;;
420220.0;42;Sul;SC;Benedito Novo;11652.0;;
420230.0;42;Sul;SC;Biguaçu;68481.0;;
420240.0;42;Sul;SC;Blumenau;357199.0;;
420243.0;42;Sul;SC;Bocaina do Sul;3474.0;;
420245.0;42;Sul;SC;Bombinhas;19769.0;;
420250.0;42;Sul;SC;Bom Jardim da Serra;4743.0;;
420253.0;42;Sul;SC;Bom Jesus;3010.0;;
420257.0;42;Sul;SC;Bom Jesus do Oeste;2142.0;;
420260.0;42;Sul;SC;Bom Retiro;9966.0;;
420270.0;42;Sul;SC;Botuverá;5246.0;;
420280.0;42;Sul;SC;Braço do Norte;33450.0;;
420285.0;42;Sul;SC;Braço do Trombudo;3743.0;;
420287.0;42;Sul;SC;Brunópolis;2420.0;;
420290.0;42;Sul;SC;Brusque;134723.0;;
420300.0;42;Sul;SC;Caçador;78595.0;;
420310.0;42;Sul;SC;Caibi;6148.0;;
420315.0;42;Sul;SC;Calmon;3346.0;;
420320.0;42;Sul;SC;Camboriú;82989.0;;
420325.0;42;Sul;SC;Capão Alto;2525.0;;
420330.0;42;Sul;SC;Campo Alegre;11978.0;;
420340.0;42;Sul;SC;Campo Belo do Sul;7016.0;;
420350.0;42;Sul;SC;Campo Erê;8526.0;;
420360.0;42;Sul;SC;Campos Novos;36244.0;;
420370.0;42;Sul;SC;Canelinha;12240.0;;
420380.0;42;Sul;SC;Canoinhas;54401.0;;
420390.0;42;Sul;SC;Capinzal;22848.0;;
420395.0;42;Sul;SC;Capivari de Baixo;24871.0;;
420400.0;42;Sul;SC;Catanduvas;10861.0;;
420410.0;42;Sul;SC;Caxambu do Sul;3642.0;;
420415.0;42;Sul;SC;Celso Ramos;2728.0;;
420417.0;42;Sul;SC;Cerro Negro;3124.0;;
420419.0;42;Sul;SC;Chapadão do Lageado;2988.0;;
420420.0;42;Sul;SC;Chapecó;220367.0;;
420425.0;42;Sul;SC;Cocal do Sul;16684.0;;
420430.0;42;Sul;SC;Concórdia;74641.0;;
420435.0;42;Sul;SC;Cordilheira Alta;4453.0;;
420440.0;42;Sul;SC;Coronel Freitas;9981.0;;
420445.0;42;Sul;SC;Coronel Martins;2549.0;;
420450.0;42;Sul;SC;Corupá;15909.0;;
420455.0;42;Sul;SC;Correia Pinto;12795.0;;
420460.0;42;Sul;SC;Criciúma;215186.0;;
420470.0;42;Sul;SC;Cunha Porã;11086.0;;
420475.0;42;Sul;SC;Cunhataí;1962.0;;
420480.0;42;Sul;SC;Curitibanos;39745.0;;
420490.0;42;Sul;SC;Descanso;8250.0;;
420500.0;42;Sul;SC;Dionísio Cerqueira;15498.0;;
420510.0;42;Sul;SC;Dona Emma;4146.0;;
420515.0;42;Sul;SC;Doutor Pedrinho;4064.0;;
420517.0;42;Sul;SC;Entre Rios;3203.0;;
420519.0;42;Sul;SC;Ermo;2063.0;;
420520.0;42;Sul;SC;Erval Velho;4412.0;;
420530.0;42;Sul;SC;Faxinal dos Guedes;10667.0;;
420535.0;42;Sul;SC;Flor do Sertão;1582.0;;
420540.0;42;Sul;SC;Florianópolis;500973.0;;
420543.0;42;Sul;SC;Formosa do Sul;2510.0;;
420545.0;42;Sul;SC;Forquilhinha;26793.0;;
420550.0;42;Sul;SC;Fraiburgo;36443.0;;
420555.0;42;Sul;SC;Frei Rogério;2023.0;;
420560.0;42;Sul;SC;Galvão;2873.0;;
420570.0;42;Sul;SC;Garopaba;23078.0;;
420580.0;42;Sul;SC;Garuva;18145.0;;
420590.0;42;Sul;SC;Gaspar;69639.0;;
420600.0;42;Sul;SC;Governador Celso Ramos;14471.0;;
420610.0;42;Sul;SC;Grão Pará;6569.0;;
420620.0;42;Sul;SC;Gravatal;11501.0;;
420630.0;42;Sul;SC;Guabiruba;23832.0;;
420640.0;42;Sul;SC;Guaraciaba;10090.0;;
420650.0;42;Sul;SC;Guaramirim;44819.0;;
420660.0;42;Sul;SC;Guarujá do Sul;5160.0;;
420665.0;42;Sul;SC;Guatambú;4704.0;;
420670.0;42;Sul;SC;Herval d'Oeste;22606.0;;
420675.0;42;Sul;SC;Ibiam;1957.0;;
420680.0;42;Sul;SC;Ibicaré;3202.0;;
420690.0;42;Sul;SC;Ibirama;18950.0;;
420700.0;42;Sul;SC;Içara;56421.0;;
420710.0;42;Sul;SC;Ilhota;14184.0;;
420720.0;42;Sul;SC;Imaruí;10135.0;;
420730.0;42;Sul;SC;Imbituba;44853.0;;
420740.0;42;Sul;SC;Imbuia;6197.0;;
420750.0;42;Sul;SC;Indaial;69425.0;;
420757.0;42;Sul;SC;Iomerê;2945.0;;
420760.0;42;Sul;SC;Ipira;4446.0;;
420765.0;42;Sul;SC;Iporã do Oeste;8996.0;;
420768.0;42;Sul;SC;Ipuaçu;7514.0;;
420770.0;42;Sul;SC;Ipumirim;7593.0;;
420775.0;42;Sul;SC;Iraceminha;3976.0;;
420780.0;42;Sul;SC;Irani;10419.0;;
420785.0;42;Sul;SC;Irati;1930.0;;
420790.0;42;Sul;SC;Irineópolis;11222.0;;
420800.0;42;Sul;SC;Itá;6169.0;;
420810.0;42;Sul;SC;Itaiópolis;21669.0;;
420820.0;42;Sul;SC;Itajaí;219536.0;;
420830.0;42;Sul;SC;Itapema;65312.0;;
420840.0;42;Sul;SC;Itapiranga;16872.0;;
420845.0;42;Sul;SC;Itapoá;20576.0;;
420850.0;42;Sul;SC;Ituporanga;25086.0;;
420860.0;42;Sul;SC;Jaborá;3936.0;;
420870.0;42;Sul;SC;Jacinto Machado;10416.0;;
420880.0;42;Sul;SC;Jaguaruna;20024.0;;
420890.0;42;Sul;SC;Jaraguá do Sul;177697.0;;
420895.0;42;Sul;SC;Jardinópolis;1570.0;;
420900.0;42;Sul;SC;Joaçaba;30118.0;;
420910.0;42;Sul;SC;Joinville;590466.0;;
420915.0;42;Sul;SC;José Boiteux;4997.0;;
420917.0;42;Sul;SC;Jupiá;2101.0;;
420920.0;42;Sul;SC;Lacerdópolis;2246.0;;
420930.0;42;Sul;SC;Lages;157544.0;;
420940.0;42;Sul;SC;Laguna;45814.0;;
420945.0;42;Sul;SC;Lajeado Grande;1427.0;;
420950.0;42;Sul;SC;Laurentino;6970.0;;
420960.0;42;Sul;SC;Lauro Müller;15244.0;;
420970.0;42;Sul;SC;Lebon Régis;12107.0;;
420980.0;42;Sul;SC;Leoberto Leal;3041.0;;
420985.0;42;Sul;SC;Lindóia do Sul;4563.0;;
420990.0;42;Sul;SC;Lontras;12130.0;;
421000.0;42;Sul;SC;Luiz Alves;12859.0;;
421003.0;42;Sul;SC;Luzerna;5685.0;;
421005.0;42;Sul;SC;Macieira;1775.0;;
421010.0;42;Sul;SC;Mafra;56292.0;;
421020.0;42;Sul;SC;Major Gercino;3442.0;;
421030.0;42;Sul;SC;Major Vieira;8103.0;;
421040.0;42;Sul;SC;Maracajá;7293.0;;
421050.0;42;Sul;SC;Maravilha;25762.0;;
421055.0;42;Sul;SC;Marema;1797.0;;
421060.0;42;Sul;SC;Massaranduba;16916.0;;
421070.0;42;Sul;SC;Matos Costa;2520.0;;
421080.0;42;Sul;SC;Meleiro;7015.0;;
421085.0;42;Sul;SC;Mirim Doce;2309.0;;
421090.0;42;Sul;SC;Modelo;4209.0;;
421100.0;42;Sul;SC;Mondaí;11742.0;;
421105.0;42;Sul;SC;Monte Carlo;9866.0;;
421110.0;42;Sul;SC;Monte Castelo;8275.0;;
421120.0;42;Sul;SC;Morro da Fumaça;17796.0;;
421125.0;42;Sul;SC;Morro Grande;2893.0;;
421130.0;42;Sul;SC;Navegantes;81475.0;;
421140.0;42;Sul;SC;Nova Erechim;5019.0;;
421145.0;42;Sul;SC;Nova Itaberaba;4331.0;;
421150.0;42;Sul;SC;Nova Trento;14549.0;;
421160.0;42;Sul;SC;Nova Veneza;15166.0;;
421165.0;42;Sul;SC;Novo Horizonte;2442.0;;
421170.0;42;Sul;SC;Orleans;22912.0;;
421175.0;42;Sul;SC;Otacílio Costa;18744.0;;
421180.0;42;Sul;SC;Ouro;7295.0;;
421185.0;42;Sul;SC;Ouro Verde;2217.0;;
421187.0;42;Sul;SC;Paial;1505.0;;
421189.0;42;Sul;SC;Painel;2359.0;;
421190.0;42;Sul;SC;Palhoça;171797.0;;
421200.0;42;Sul;SC;Palma Sola;7423.0;;
421205.0;42;Sul;SC;Palmeira;2627.0;;
421210.0;42;Sul;SC;Palmitos;16169.0;;
421220.0;42;Sul;SC;Papanduva;19320.0;;
421223.0;42;Sul;SC;Paraíso;3437.0;;
421225.0;42;Sul;SC;Passo de Torres;8823.0;;
421227.0;42;Sul;SC;Passos Maia;4147.0;;
421230.0;42;Sul;SC;Paulo Lopes;7494.0;;
421240.0;42;Sul;SC;Pedras Grandes;3976.0;;
421250.0;42;Sul;SC;Penha;32531.0;;
421260.0;42;Sul;SC;Peritiba;2787.0;;
421265.0;42;Sul;SC;Pescaria Brava;10091.0;;
421270.0;42;Sul;SC;Petrolândia;5937.0;;
421280.0;42;Sul;SC;Balneário Piçarras;23147.0;;
421290.0;42;Sul;SC;Pinhalzinho;20313.0;;
421300.0;42;Sul;SC;Pinheiro Preto;3555.0;;
421310.0;42;Sul;SC;Piratuba;3854.0;;
421315.0;42;Sul;SC;Planalto Alegre;2870.0;;
421320.0;42;Sul;SC;Pomerode;33447.0;;
421330.0;42;Sul;SC;Ponte Alta;4682.0;;
421335.0;42;Sul;SC;Ponte Alta do Norte;3414.0;;
421340.0;42;Sul;SC;Ponte Serrada;11593.0;;
421350.0;42;Sul;SC;Porto Belo;21388.0;;
421360.0;42;Sul;SC;Porto União;35398.0;;
421370.0;42;Sul;SC;Pouso Redondo;17453.0;;
421380.0;42;Sul;SC;Praia Grande;7319.0;;
421390.0;42;Sul;SC;Presidente Castello Branco;1568.0;;
421400.0;42;Sul;SC;Presidente Getúlio;17471.0;;
421410.0;42;Sul;SC;Presidente Nereu;2287.0;;
421415.0;42;Sul;SC;Princesa;2924.0;;
421420.0;42;Sul;SC;Quilombo;9887.0;;
421430.0;42;Sul;SC;Rancho Queimado;2878.0;;
421440.0;42;Sul;SC;Rio das Antas;6205.0;;
421450.0;42;Sul;SC;Rio do Campo;5940.0;;
421460.0;42;Sul;SC;Rio do Oeste;7489.0;;
421470.0;42;Sul;SC;Rio dos Cedros;11676.0;;
421480.0;42;Sul;SC;Rio do Sul;71061.0;;
421490.0;42;Sul;SC;Rio Fortuna;4611.0;;
421500.0;42;Sul;SC;Rio Negrinho;42302.0;;
421505.0;42;Sul;SC;Rio Rufino;2483.0;;
421507.0;42;Sul;SC;Riqueza;4598.0;;
421510.0;42;Sul;SC;Rodeio;11551.0;;
421520.0;42;Sul;SC;Romelândia;4786.0;;
421530.0;42;Sul;SC;Salete;7642.0;;
421535.0;42;Sul;SC;Saltinho;3781.0;;
421540.0;42;Sul;SC;Salto Veloso;4718.0;;
421545.0;42;Sul;SC;Sangão;12678.0;;
421550.0;42;Sul;SC;Santa Cecília;16830.0;;
421555.0;42;Sul;SC;Santa Helena;2223.0;;
421560.0;42;Sul;SC;Santa Rosa de Lima;2142.0;;
421565.0;42;Sul;SC;Santa Rosa do Sul;8358.0;;
421567.0;42;Sul;SC;Santa Terezinha;8787.0;;
421568.0;42;Sul;SC;Santa Terezinha do Progresso;2428.0;;
421569.0;42;Sul;SC;Santiago do Sul;1260.0;;
421570.0;42;Sul;SC;Santo Amaro da Imperatriz;23245.0;;
421575.0;42;Sul;SC;São Bernardino;2336.0;;
421580.0;42;Sul;SC;São Bento do Sul;84507.0;;
421590.0;42;Sul;SC;São Bonifácio;2838.0;;
421600.0;42;Sul;SC;São Carlos;11281.0;;
421605.0;42;Sul;SC;São Cristóvão do Sul;5549.0;;
421610.0;42;Sul;SC;São Domingos;9445.0;;
421620.0;42;Sul;SC;São Francisco do Sul;52721.0;;
421625.0;42;Sul;SC;São João do Oeste;6381.0;;
421630.0;42;Sul;SC;São João Batista;37424.0;;
421635.0;42;Sul;SC;São João do Itaperiú;3733.0;;
421640.0;42;Sul;SC;São João do Sul;7297.0;;
421650.0;42;Sul;SC;São Joaquim;26952.0;;
421660.0;42;Sul;SC;São José;246586.0;;
421670.0;42;Sul;SC;São José do Cedro;13829.0;;
421680.0;42;Sul;SC;São José do Cerrito;8295.0;;
421690.0;42;Sul;SC;São Lourenço do Oeste;24076.0;;
421700.0;42;Sul;SC;São Ludgero;13410.0;;
421710.0;42;Sul;SC;São Martinho;3180.0;;
421715.0;42;Sul;SC;São Miguel da Boa Vista;1820.0;;
421720.0;42;Sul;SC;São Miguel do Oeste;40482.0;;
421725.0;42;Sul;SC;São Pedro de Alcântara;5823.0;;
421730.0;42;Sul;SC;Saudades;9745.0;;
421740.0;42;Sul;SC;Schroeder;21365.0;;
421750.0;42;Sul;SC;Seara;17541.0;;
421755.0;42;Sul;SC;Serra Alta;3263.0;;
421760.0;42;Sul;SC;Siderópolis;14007.0;;
421770.0;42;Sul;SC;Sombrio;30374.0;;
421775.0;42;Sul;SC;Sul Brasil;2461.0;;
421780.0;42;Sul;SC;Taió;18395.0;;
421790.0;42;Sul;SC;Tangará;8676.0;;
421795.0;42;Sul;SC;Tigrinhos;1633.0;;
421800.0;42;Sul;SC;Tijucas;38407.0;;
421810.0;42;Sul;SC;Timbé do Sul;5348.0;;
421820.0;42;Sul;SC;Timbó;44238.0;;
421825.0;42;Sul;SC;Timbó Grande;7877.0;;
421830.0;42;Sul;SC;Três Barras;19275.0;;
421835.0;42;Sul;SC;Treviso;3929.0;;
421840.0;42;Sul;SC;Treze de Maio;7081.0;;
421850.0;42;Sul;SC;Treze Tílias;7840.0;;
421860.0;42;Sul;SC;Trombudo Central;7360.0;;
421870.0;42;Sul;SC;Tubarão;105686.0;;
421875.0;42;Sul;SC;Tunápolis;4543.0;;
421880.0;42;Sul;SC;Turvo;12899.0;;
421885.0;42;Sul;SC;União do Oeste;2464.0;;
421890.0;42;Sul;SC;Urubici;11235.0;;
421895.0;42;Sul;SC;Urupema;2465.0;;
421900.0;42;Sul;SC;Urussanga;21268.0;;
421910.0;42;Sul;SC;Vargeão;3573.0;;
421915.0;42;Sul;SC;Vargem;2477.0;;
421917.0;42;Sul;SC;Vargem Bonita;4492.0;;
421920.0;42;Sul;SC;Vidal Ramos;6338.0;;
421930.0;42;Sul;SC;Videira;53065.0;;
421935.0;42;Sul;SC;Vitor Meireles;4979.0;;
421940.0;42;Sul;SC;Witmarsum;3965.0;;
421950.0;42;Sul;SC;Xanxerê;50982.0;;
421960.0;42;Sul;SC;Xavantina;3933.0;;
421970.0;42;Sul;SC;Xaxim;28706.0;;
421985.0;42;Sul;SC;Zortéa;3363.0;;
422000.0;42;Sul;SC;Balneário Rincão;12760.0;;
430000.0;43;Sul;RS;;;;
430003.0;43;Sul;RS;Aceguá;4901.0;;
430005.0;43;Sul;RS;Água Santa;3748.0;;
430010.0;43;Sul;RS;Agudo;16461.0;;
430020.0;43;Sul;RS;Ajuricaba;7024.0;;
430030.0;43;Sul;RS;Alecrim;5950.0;;
430040.0;43;Sul;RS;Alegrete;73589.0;;
430045.0;43;Sul;RS;Alegria;3464.0;;
430047.0;43;Sul;RS;Almirante Tamandaré do Sul;1964.0;;
430050.0;43;Sul;RS;Alpestre;6258.0;;
430055.0;43;Sul;RS;Alto Alegre;1638.0;;
430057.0;43;Sul;RS;Alto Feliz;3028.0;;
430060.0;43;Sul;RS;Alvorada;210305.0;;
430063.0;43;Sul;RS;Amaral Ferrador;7031.0;;
430064.0;43;Sul;RS;Ametista do Sul;7409.0;;
430066.0;43;Sul;RS;André da Rocha;1333.0;;
430070.0;43;Sul;RS;Anta Gorda;5981.0;;
430080.0;43;Sul;RS;Antônio Prado;13050.0;;
430085.0;43;Sul;RS;Arambaré;3581.0;;
430087.0;43;Sul;RS;Araricá;5698.0;;
430090.0;43;Sul;RS;Aratiba;6235.0;;
430100.0;43;Sul;RS;Arroio do Meio;20805.0;;
430105.0;43;Sul;RS;Arroio do Sal;10065.0;;
430107.0;43;Sul;RS;Arroio do Padre;2937.0;;
430110.0;43;Sul;RS;Arroio dos Ratos;14151.0;;
430120.0;43;Sul;RS;Arroio do Tigre;13373.0;;
430130.0;43;Sul;RS;Arroio Grande;18293.0;;
430140.0;43;Sul;RS;Arvorezinha;10424.0;;
430150.0;43;Sul;RS;Augusto Pestana;6661.0;;
430155.0;43;Sul;RS;Áurea;3554.0;;
430160.0;43;Sul;RS;Bagé;121143.0;;
430163.0;43;Sul;RS;Balneário Pinhal;14068.0;;
430165.0;43;Sul;RS;Barão;6171.0;;
430170.0;43;Sul;RS;Barão de Cotegipe;6623.0;;
430175.0;43;Sul;RS;Barão do Triunfo;7487.0;;
430180.0;43;Sul;RS;Barracão;5275.0;;
430185.0;43;Sul;RS;Barra do Guarita;3248.0;;
430187.0;43;Sul;RS;Barra do Quaraí;4215.0;;
430190.0;43;Sul;RS;Barra do Ribeiro;13491.0;;
430192.0;43;Sul;RS;Barra do Rio Azul;1690.0;;
430195.0;43;Sul;RS;Barra Funda;2539.0;;
430200.0;43;Sul;RS;Barros Cassal;11199.0;;
430205.0;43;Sul;RS;Benjamin Constant do Sul;1994.0;;
430210.0;43;Sul;RS;Bento Gonçalves;120454.0;;
430215.0;43;Sul;RS;Boa Vista das Missões;2098.0;;
430220.0;43;Sul;RS;Boa Vista do Buricá;6712.0;;
430222.0;43;Sul;RS;Boa Vista do Cadeado;2470.0;;
430223.0;43;Sul;RS;Boa Vista do Incra;2603.0;;
430225.0;43;Sul;RS;Boa Vista do Sul;2783.0;;
430230.0;43;Sul;RS;Bom Jesus;11349.0;;
430235.0;43;Sul;RS;Bom Princípio;14055.0;;
430237.0;43;Sul;RS;Bom Progresso;1942.0;;
430240.0;43;Sul;RS;Bom Retiro do Sul;12328.0;;
430245.0;43;Sul;RS;Boqueirão do Leão;7714.0;;
430250.0;43;Sul;RS;Bossoroca;6279.0;;
430258.0;43;Sul;RS;Bozano;2123.0;;
430260.0;43;Sul;RS;Braga;3353.0;;
430265.0;43;Sul;RS;Brochier;5074.0;;
430270.0;43;Sul;RS;Butiá;20941.0;;
430280.0;43;Sul;RS;Caçapava do Sul;33624.0;;
430290.0;43;Sul;RS;Cacequi;12561.0;;
430300.0;43;Sul;RS;Cachoeira do Sul;82201.0;;
430310.0;43;Sul;RS;Cachoeirinha;130293.0;;
430320.0;43;Sul;RS;Cacique Doble;5065.0;;
430330.0;43;Sul;RS;Caibaté;4846.0;;
430340.0;43;Sul;RS;Caiçara;4743.0;;
430350.0;43;Sul;RS;Camaquã;66261.0;;
430355.0;43;Sul;RS;Camargo;2733.0;;
430360.0;43;Sul;RS;Cambará do Sul;6431.0;;
430367.0;43;Sul;RS;Campestre da Serra;3388.0;;
430370.0;43;Sul;RS;Campina das Missões;5474.0;;
430380.0;43;Sul;RS;Campinas do Sul;5454.0;;
430390.0;43;Sul;RS;Campo Bom;66712.0;;
430400.0;43;Sul;RS;Campo Novo;4484.0;;
430410.0;43;Sul;RS;Campos Borges;3320.0;;
430420.0;43;Sul;RS;Candelária;31365.0;;
430430.0;43;Sul;RS;Cândido Godói;6198.0;;
430435.0;43;Sul;RS;Candiota;9584.0;;
430440.0;43;Sul;RS;Canela;44998.0;;
430450.0;43;Sul;RS;Canguçu;56045.0;;
430460.0;43;Sul;RS;Canoas;346616.0;;
430461.0;43;Sul;RS;Canudos do Vale;1716.0;;
430462.0;43;Sul;RS;Capão Bonito do Sul;1654.0;;
430463.0;43;Sul;RS;Capão da Canoa;53049.0;;
430465.0;43;Sul;RS;Capão do Cipó;3651.0;;
430466.0;43;Sul;RS;Capão do Leão;25354.0;;
430467.0;43;Sul;RS;Capivari do Sul;4660.0;;
430468.0;43;Sul;RS;Capela de Santana;11940.0;;
430469.0;43;Sul;RS;Capitão;2757.0;;
430470.0;43;Sul;RS;Carazinho;62110.0;;
430471.0;43;Sul;RS;Caraá;8270.0;;
430480.0;43;Sul;RS;Carlos Barbosa;29833.0;;
430485.0;43;Sul;RS;Carlos Gomes;1377.0;;
430490.0;43;Sul;RS;Casca;9031.0;;
430495.0;43;Sul;RS;Caseiros;3202.0;;
430500.0;43;Sul;RS;Catuípe;8774.0;;
430510.0;43;Sul;RS;Caxias do Sul;510906.0;;
430511.0;43;Sul;RS;Centenário;2891.0;;
430512.0;43;Sul;RS;Cerrito;6091.0;;
430513.0;43;Sul;RS;Cerro Branco;4691.0;;
430515.0;43;Sul;RS;Cerro Grande;2311.0;;
430517.0;43;Sul;RS;Cerro Grande do Sul;12239.0;;
430520.0;43;Sul;RS;Cerro Largo;14133.0;;
430530.0;43;Sul;RS;Chapada;9269.0;;
430535.0;43;Sul;RS;Charqueadas;40789.0;;
430537.0;43;Sul;RS;Charrua;3279.0;;
430540.0;43;Sul;RS;Chiapetta;3756.0;;
430543.0;43;Sul;RS;Chuí;6704.0;;
430544.0;43;Sul;RS;Chuvisca;5441.0;;
430545.0;43;Sul;RS;Cidreira;16254.0;;
430550.0;43;Sul;RS;Ciríaco;4747.0;;
430558.0;43;Sul;RS;Colinas;2438.0;;
430560.0;43;Sul;RS;Colorado;3175.0;;
430570.0;43;Sul;RS;Condor;6753.0;;
430580.0;43;Sul;RS;Constantina;9911.0;;
430583.0;43;Sul;RS;Coqueiro Baixo;1501.0;;
430585.0;43;Sul;RS;Coqueiros do Sul;2306.0;;
430587.0;43;Sul;RS;Coronel Barros;2519.0;;
430590.0;43;Sul;RS;Coronel Bicaco;7325.0;;
430593.0;43;Sul;RS;Coronel Pilar;1628.0;;
430595.0;43;Sul;RS;Cotiporã;3853.0;;
430597.0;43;Sul;RS;Coxilha;2756.0;;
430600.0;43;Sul;RS;Crissiumal;13448.0;;
430605.0;43;Sul;RS;Cristal;8009.0;;
430607.0;43;Sul;RS;Cristal do Sul;2847.0;;
430610.0;43;Sul;RS;Cruz Alta;60299.0;;
430613.0;43;Sul;RS;Cruzaltense;1833.0;;
430620.0;43;Sul;RS;Cruzeiro do Sul;12348.0;;
430630.0;43;Sul;RS;David Canabarro;4740.0;;
430632.0;43;Sul;RS;Derrubadas;2805.0;;
430635.0;43;Sul;RS;Dezesseis de Novembro;2427.0;;
430637.0;43;Sul;RS;Dilermando de Aguiar;3014.0;;
430640.0;43;Sul;RS;Dois Irmãos;32671.0;;
430642.0;43;Sul;RS;Dois Irmãos das Missões;2026.0;;
430645.0;43;Sul;RS;Dois Lajeados;3400.0;;
430650.0;43;Sul;RS;Dom Feliciano;15414.0;;
430655.0;43;Sul;RS;Dom Pedro de Alcântara;2534.0;;
430660.0;43;Sul;RS;Dom Pedrito;38461.0;;
430670.0;43;Sul;RS;Dona Francisca;3041.0;;
430673.0;43;Sul;RS;Doutor Maurício Cardoso;4549.0;;
430675.0;43;Sul;RS;Doutor Ricardo;1983.0;;
430676.0;43;Sul;RS;Eldorado do Sul;41285.0;;
430680.0;43;Sul;RS;Encantado;22706.0;;
430690.0;43;Sul;RS;Encruzilhada do Sul;25877.0;;
430692.0;43;Sul;RS;Engenho Velho;1034.0;;
430693.0;43;Sul;RS;Entre-Ijuís;8475.0;;
430695.0;43;Sul;RS;Entre Rios do Sul;2792.0;;
430697.0;43;Sul;RS;Erebango;2991.0;;
430700.0;43;Sul;RS;Erechim;105862.0;;
430705.0;43;Sul;RS;Ernestina;3168.0;;
430710.0;43;Sul;RS;Herval;6821.0;;
430720.0;43;Sul;RS;Erval Grande;4859.0;;
430730.0;43;Sul;RS;Erval Seco;6912.0;;
430740.0;43;Sul;RS;Esmeralda;3282.0;;
430745.0;43;Sul;RS;Esperança do Sul;2926.0;;
430750.0;43;Sul;RS;Espumoso;15588.0;;
430755.0;43;Sul;RS;Estação;5958.0;;
430760.0;43;Sul;RS;Estância Velha;50022.0;;
430770.0;43;Sul;RS;Esteio;83202.0;;
430780.0;43;Sul;RS;Estrela;34116.0;;
430781.0;43;Sul;RS;Estrela Velha;3655.0;;
430783.0;43;Sul;RS;Eugênio de Castro;2396.0;;
430786.0;43;Sul;RS;Fagundes Varela;2731.0;;
430790.0;43;Sul;RS;Farroupilha;72331.0;;
430800.0;43;Sul;RS;Faxinal do Soturno;6677.0;;
430805.0;43;Sul;RS;Faxinalzinho;2315.0;;
430807.0;43;Sul;RS;Fazenda Vilanova;4533.0;;
430810.0;43;Sul;RS;Feliz;13547.0;;
430820.0;43;Sul;RS;Flores da Cunha;30745.0;;
430825.0;43;Sul;RS;Floriano Peixoto;1766.0;;
430830.0;43;Sul;RS;Fontoura Xavier;10304.0;;
430840.0;43;Sul;RS;Formigueiro;6664.0;;
430843.0;43;Sul;RS;Forquetinha;2412.0;;
430845.0;43;Sul;RS;Fortaleza dos Valos;4320.0;;
430850.0;43;Sul;RS;Frederico Westphalen;31313.0;;
430860.0;43;Sul;RS;Garibaldi;35070.0;;
430865.0;43;Sul;RS;Garruchos;2924.0;;
430870.0;43;Sul;RS;Gaurama;5534.0;;
430880.0;43;Sul;RS;General Câmara;8385.0;;
430885.0;43;Sul;RS;Gentil;1634.0;;
430890.0;43;Sul;RS;Getúlio Vargas;16212.0;;
430900.0;43;Sul;RS;Giruá;16004.0;;
430905.0;43;Sul;RS;Glorinha;8098.0;;
430910.0;43;Sul;RS;Gramado;36232.0;;
430912.0;43;Sul;RS;Gramado dos Loureiros;2082.0;;
430915.0;43;Sul;RS;Gramado Xavier;4325.0;;
430920.0;43;Sul;RS;Gravataí;281519.0;;
430925.0;43;Sul;RS;Guabiju;1503.0;;
430930.0;43;Sul;RS;Guaíba;98143.0;;
430940.0;43;Sul;RS;Guaporé;25727.0;;
430950.0;43;Sul;RS;Guarani das Missões;7537.0;;
430955.0;43;Sul;RS;Harmonia;4866.0;;
430957.0;43;Sul;RS;Herveiras;3018.0;;
430960.0;43;Sul;RS;Horizontina;19329.0;;
430965.0;43;Sul;RS;Hulha Negra;6776.0;;
430970.0;43;Sul;RS;Humaitá;4762.0;;
430975.0;43;Sul;RS;Ibarama;4406.0;;
430980.0;43;Sul;RS;Ibiaçá;4709.0;;
430990.0;43;Sul;RS;Ibiraiaras;7262.0;;
430995.0;43;Sul;RS;Ibirapuitã;4013.0;;
431000.0;43;Sul;RS;Ibirubá;20350.0;;
431010.0;43;Sul;RS;Igrejinha;36899.0;;
431020.0;43;Sul;RS;Ijuí;83475.0;;
431030.0;43;Sul;RS;Ilópolis;4078.0;;
431033.0;43;Sul;RS;Imbé;22800.0;;
431036.0;43;Sul;RS;Imigrante;3120.0;;
431040.0;43;Sul;RS;Independência;6167.0;;
431041.0;43;Sul;RS;Inhacorá;2226.0;;
431043.0;43;Sul;RS;Ipê;6640.0;;
431046.0;43;Sul;RS;Ipiranga do Sul;1889.0;;
431050.0;43;Sul;RS;Iraí;7241.0;;
431053.0;43;Sul;RS;Itaara;5499.0;;
431055.0;43;Sul;RS;Itacurubi;3465.0;;
431057.0;43;Sul;RS;Itapuca;2094.0;;
431060.0;43;Sul;RS;Itaqui;37620.0;;
431065.0;43;Sul;RS;Itati;2419.0;;
431070.0;43;Sul;RS;Itatiba do Sul;3324.0;;
431075.0;43;Sul;RS;Ivorá;1910.0;;
431080.0;43;Sul;RS;Ivoti;24293.0;;
431085.0;43;Sul;RS;Jaboticaba;3810.0;;
431087.0;43;Sul;RS;Jacuizinho;2692.0;;
431090.0;43;Sul;RS;Jacutinga;3561.0;;
431100.0;43;Sul;RS;Jaguarão;26680.0;;
431110.0;43;Sul;RS;Jaguari;10848.0;;
431112.0;43;Sul;RS;Jaquirana;3716.0;;
431113.0;43;Sul;RS;Jari;3503.0;;
431115.0;43;Sul;RS;Jóia;8560.0;;
431120.0;43;Sul;RS;Júlio de Castilhos;19293.0;;
431123.0;43;Sul;RS;Lagoa Bonita do Sul;2903.0;;
431125.0;43;Sul;RS;Lagoão;6452.0;;
431127.0;43;Sul;RS;Lagoa dos Três Cantos;1609.0;;
431130.0;43;Sul;RS;Lagoa Vermelha;27807.0;;
431140.0;43;Sul;RS;Lajeado;84014.0;;
431142.0;43;Sul;RS;Lajeado do Bugre;2564.0;;
431150.0;43;Sul;RS;Lavras do Sul;7480.0;;
431160.0;43;Sul;RS;Liberato Salzano;5219.0;;
431162.0;43;Sul;RS;Lindolfo Collor;6054.0;;
431164.0;43;Sul;RS;Linha Nova;1714.0;;
431170.0;43;Sul;RS;Machadinho;5445.0;;
431171.0;43;Sul;RS;Maçambará;4587.0;;
431173.0;43;Sul;RS;Mampituba;2981.0;;
431175.0;43;Sul;RS;Manoel Viana;7299.0;;
431177.0;43;Sul;RS;Maquiné;6714.0;;
431179.0;43;Sul;RS;Maratá;2691.0;;
431180.0;43;Sul;RS;Marau;44161.0;;
431190.0;43;Sul;RS;Marcelino Ramos;4402.0;;
431198.0;43;Sul;RS;Mariana Pimentel;3885.0;;
431200.0;43;Sul;RS;Mariano Moro;2031.0;;
431205.0;43;Sul;RS;Marques de Souza;4009.0;;
431210.0;43;Sul;RS;Mata;4823.0;;
431213.0;43;Sul;RS;Mato Castelhano;2540.0;;
431215.0;43;Sul;RS;Mato Leitão;4515.0;;
431217.0;43;Sul;RS;Mato Queimado;1648.0;;
431220.0;43;Sul;RS;Maximiliano de Almeida;4377.0;;
431225.0;43;Sul;RS;Minas do Leão;8075.0;;
431230.0;43;Sul;RS;Miraguaí;4925.0;;
431235.0;43;Sul;RS;Montauri;1453.0;;
431237.0;43;Sul;RS;Monte Alegre dos Campos;3226.0;;
431238.0;43;Sul;RS;Monte Belo do Sul;2548.0;;
431240.0;43;Sul;RS;Montenegro;65264.0;;
431242.0;43;Sul;RS;Mormaço;3085.0;;
431244.0;43;Sul;RS;Morrinhos do Sul;2949.0;;
431245.0;43;Sul;RS;Morro Redondo;6568.0;;
431247.0;43;Sul;RS;Morro Reuter;6407.0;;
431250.0;43;Sul;RS;Mostardas;12804.0;;
431260.0;43;Sul;RS;Muçum;4954.0;;
431261.0;43;Sul;RS;Muitos Capões;3162.0;;
431262.0;43;Sul;RS;Muliterno;1893.0;;
431265.0;43;Sul;RS;Não-Me-Toque;17624.0;;
431267.0;43;Sul;RS;Nicolau Vergueiro;1682.0;;
431270.0;43;Sul;RS;Nonoai;11695.0;;
431275.0;43;Sul;RS;Nova Alvorada;3625.0;;
431280.0;43;Sul;RS;Nova Araçá;4759.0;;
431290.0;43;Sul;RS;Nova Bassano;9916.0;;
431295.0;43;Sul;RS;Nova Boa Vista;1775.0;;
431300.0;43;Sul;RS;Nova Bréscia;3330.0;;
431301.0;43;Sul;RS;Nova Candelária;2698.0;;
431303.0;43;Sul;RS;Nova Esperança do Sul;5352.0;;
431306.0;43;Sul;RS;Nova Hartz;21615.0;;
431308.0;43;Sul;RS;Nova Pádua;2553.0;;
431310.0;43;Sul;RS;Nova Palma;6512.0;;
431320.0;43;Sul;RS;Nova Petrópolis;21353.0;;
431330.0;43;Sul;RS;Nova Prata;27257.0;;
431333.0;43;Sul;RS;Nova Ramada;2242.0;;
431335.0;43;Sul;RS;Nova Roma do Sul;3689.0;;
431337.0;43;Sul;RS;Nova Santa Rita;29300.0;;
431339.0;43;Sul;RS;Novo Cabrais;4196.0;;
431340.0;43;Sul;RS;Novo Hamburgo;246748.0;;
431342.0;43;Sul;RS;Novo Machado;3323.0;;
431344.0;43;Sul;RS;Novo Tiradentes;2211.0;;
431346.0;43;Sul;RS;Novo Xingu;1719.0;;
431349.0;43;Sul;RS;Novo Barreiro;4164.0;;
431350.0;43;Sul;RS;Osório;45994.0;;
431360.0;43;Sul;RS;Paim Filho;3828.0;;
431365.0;43;Sul;RS;Palmares do Sul;11318.0;;
431370.0;43;Sul;RS;Palmeira das Missões;33303.0;;
431380.0;43;Sul;RS;Palmitinho;7057.0;;
431390.0;43;Sul;RS;Panambi;43667.0;;
431395.0;43;Sul;RS;Pantano Grande;9174.0;;
431400.0;43;Sul;RS;Paraí;7657.0;;
431402.0;43;Sul;RS;Paraíso do Sul;7611.0;;
431403.0;43;Sul;RS;Pareci Novo;3837.0;;
431405.0;43;Sul;RS;Parobé;58272.0;;
431406.0;43;Sul;RS;Passa Sete;5702.0;;
431407.0;43;Sul;RS;Passo do Sobrado;6535.0;;
431410.0;43;Sul;RS;Passo Fundo;203275.0;;
431413.0;43;Sul;RS;Paulo Bento;2293.0;;
431415.0;43;Sul;RS;Paverama;8487.0;;
431417.0;43;Sul;RS;Pedras Altas;1982.0;;
431420.0;43;Sul;RS;Pedro Osório;7730.0;;
431430.0;43;Sul;RS;Pejuçara;3874.0;;
431440.0;43;Sul;RS;Pelotas;342405.0;;
431442.0;43;Sul;RS;Picada Café;5742.0;;
431445.0;43;Sul;RS;Pinhal;2579.0;;
431446.0;43;Sul;RS;Pinhal da Serra;1941.0;;
431447.0;43;Sul;RS;Pinhal Grande;4350.0;;
431449.0;43;Sul;RS;Pinheirinho do Vale;4871.0;;
431450.0;43;Sul;RS;Pinheiro Machado;12271.0;;
431454.0;43;Sul;RS;Pinto Bandeira;3003.0;;
431455.0;43;Sul;RS;Pirapó;2304.0;;
431460.0;43;Sul;RS;Piratini;20663.0;;
431470.0;43;Sul;RS;Planalto;10084.0;;
431475.0;43;Sul;RS;Poço das Antas;2098.0;;
431477.0;43;Sul;RS;Pontão;3904.0;;
431478.0;43;Sul;RS;Ponte Preta;1547.0;;
431480.0;43;Sul;RS;Portão;37079.0;;
431490.0;43;Sul;RS;Porto Alegre;1483771.0;;
431500.0;43;Sul;RS;Porto Lucena;4678.0;;
431505.0;43;Sul;RS;Porto Mauá;2374.0;;
431507.0;43;Sul;RS;Porto Vera Cruz;1360.0;;
431510.0;43;Sul;RS;Porto Xavier;10246.0;;
431513.0;43;Sul;RS;Pouso Novo;1639.0;;
431514.0;43;Sul;RS;Presidente Lucena;2901.0;;
431515.0;43;Sul;RS;Progresso;6244.0;;
431517.0;43;Sul;RS;Protásio Alves;1947.0;;
431520.0;43;Sul;RS;Putinga;3919.0;;
431530.0;43;Sul;RS;Quaraí;22687.0;;
431531.0;43;Sul;RS;Quatro Irmãos;1849.0;;
431532.0;43;Sul;RS;Quevedos;2788.0;;
431535.0;43;Sul;RS;Quinze de Novembro;3796.0;;
431540.0;43;Sul;RS;Redentora;11549.0;;
431545.0;43;Sul;RS;Relvado;2090.0;;
431550.0;43;Sul;RS;Restinga Sêca;15789.0;;
431555.0;43;Sul;RS;Rio dos Índios;2752.0;;
431560.0;43;Sul;RS;Rio Grande;211005.0;;
431570.0;43;Sul;RS;Rio Pardo;38275.0;;
431575.0;43;Sul;RS;Riozinho;4653.0;;
431580.0;43;Sul;RS;Roca Sales;11393.0;;
431590.0;43;Sul;RS;Rodeio Bonito;5867.0;;
431595.0;43;Sul;RS;Rolador;2323.0;;
431600.0;43;Sul;RS;Rolante;21349.0;;
431610.0;43;Sul;RS;Ronda Alta;10601.0;;
431620.0;43;Sul;RS;Rondinha;5130.0;;
431630.0;43;Sul;RS;Roque Gonzales;6847.0;;
431640.0;43;Sul;RS;Rosário do Sul;39422.0;;
431642.0;43;Sul;RS;Sagrada Família;2609.0;;
431643.0;43;Sul;RS;Saldanha Marinho;2650.0;;
431645.0;43;Sul;RS;Salto do Jacuí;12449.0;;
431647.0;43;Sul;RS;Salvador das Missões;2733.0;;
431650.0;43;Sul;RS;Salvador do Sul;7799.0;;
431660.0;43;Sul;RS;Sananduva;16270.0;;
431670.0;43;Sul;RS;Santa Bárbara do Sul;7994.0;;
431673.0;43;Sul;RS;Santa Cecília do Sul;1639.0;;
431675.0;43;Sul;RS;Santa Clara do Sul;6603.0;;
431680.0;43;Sul;RS;Santa Cruz do Sul;130416.0;;
431690.0;43;Sul;RS;Santa Maria;282123.0;;
431695.0;43;Sul;RS;Santa Maria do Herval;6331.0;;
431697.0;43;Sul;RS;Santa Margarida do Sul;2562.0;;
431700.0;43;Sul;RS;Santana da Boa Vista;8098.0;;
431710.0;43;Sul;RS;Sant'Ana do Livramento;77027.0;;
431720.0;43;Sul;RS;Santa Rosa;73254.0;;
431725.0;43;Sul;RS;Santa Tereza;1729.0;;
431730.0;43;Sul;RS;Santa Vitória do Palmar;29676.0;;
431740.0;43;Sul;RS;Santiago;49425.0;;
431750.0;43;Sul;RS;Santo Ângelo;77593.0;;
431755.0;43;Sul;RS;Santo Antônio do Palma;2128.0;;
431760.0;43;Sul;RS;Santo Antônio da Patrulha;42894.0;;
431770.0;43;Sul;RS;Santo Antônio das Missões;10175.0;;
431775.0;43;Sul;RS;Santo Antônio do Planalto;2019.0;;
431780.0;43;Sul;RS;Santo Augusto;13885.0;;
431790.0;43;Sul;RS;Santo Cristo;14257.0;;
431795.0;43;Sul;RS;Santo Expedito do Sul;2324.0;;
431800.0;43;Sul;RS;São Borja;60282.0;;
431805.0;43;Sul;RS;São Domingos do Sul;3074.0;;
431810.0;43;Sul;RS;São Francisco de Assis;18335.0;;
431820.0;43;Sul;RS;São Francisco de Paula;21710.0;;
431830.0;43;Sul;RS;São Gabriel;62105.0;;
431840.0;43;Sul;RS;São Jerônimo;24248.0;;
431842.0;43;Sul;RS;São João da Urtiga;4657.0;;
431843.0;43;Sul;RS;São João do Polêsine;2552.0;;
431844.0;43;Sul;RS;São Jorge;2824.0;;
431845.0;43;Sul;RS;São José das Missões;2537.0;;
431846.0;43;Sul;RS;São José do Herval;1971.0;;
431848.0;43;Sul;RS;São José do Hortêncio;4804.0;;
431849.0;43;Sul;RS;São José do Inhacorá;2073.0;;
431850.0;43;Sul;RS;São José do Norte;27568.0;;
431860.0;43;Sul;RS;São José do Ouro;6933.0;;
431861.0;43;Sul;RS;São José do Sul;2408.0;;
431862.0;43;Sul;RS;São José dos Ausentes;3527.0;;
431870.0;43;Sul;RS;São Leopoldo;236835.0;;
431880.0;43;Sul;RS;São Lourenço do Sul;43582.0;;
431890.0;43;Sul;RS;São Luiz Gonzaga;33468.0;;
431900.0;43;Sul;RS;São Marcos;21556.0;;
431910.0;43;Sul;RS;São Martinho;5426.0;;
431912.0;43;Sul;RS;São Martinho da Serra;3234.0;;
431915.0;43;Sul;RS;São Miguel das Missões;7673.0;;
431920.0;43;Sul;RS;São Nicolau;5265.0;;
431930.0;43;Sul;RS;São Paulo das Missões;5790.0;;
431935.0;43;Sul;RS;São Pedro da Serra;3801.0;;
431936.0;43;Sul;RS;São Pedro das Missões;2009.0;;
431937.0;43;Sul;RS;São Pedro do Butiá;2947.0;;
431940.0;43;Sul;RS;São Pedro do Sul;16198.0;;
431950.0;43;Sul;RS;São Sebastião do Caí;25685.0;;
431960.0;43;Sul;RS;São Sepé;23621.0;;
431970.0;43;Sul;RS;São Valentim;3299.0;;
431971.0;43;Sul;RS;São Valentim do Sul;2242.0;;
431973.0;43;Sul;RS;São Valério do Sul;2727.0;;
431975.0;43;Sul;RS;São Vendelino;2243.0;;
431980.0;43;Sul;RS;São Vicente do Sul;8721.0;;
431990.0;43;Sul;RS;Sapiranga;81734.0;;
432000.0;43;Sul;RS;Sapucaia do Sul;141075.0;;
432010.0;43;Sul;RS;Sarandi;24489.0;;
432020.0;43;Sul;RS;Seberi;10750.0;;
432023.0;43;Sul;RS;Sede Nova;2907.0;;
432026.0;43;Sul;RS;Segredo;7421.0;;
432030.0;43;Sul;RS;Selbach;5100.0;;
432032.0;43;Sul;RS;Senador Salgado Filho;2779.0;;
432035.0;43;Sul;RS;Sentinela do Sul;5581.0;;
432040.0;43;Sul;RS;Serafina Corrêa;17502.0;;
432045.0;43;Sul;RS;Sério;1962.0;;
432050.0;43;Sul;RS;Sertão;5415.0;;
432055.0;43;Sul;RS;Sertão Santana;6486.0;;
432057.0;43;Sul;RS;Sete de Setembro;1970.0;;
432060.0;43;Sul;RS;Severiano de Almeida;3657.0;;
432065.0;43;Sul;RS;Silveira Martins;2384.0;;
432067.0;43;Sul;RS;Sinimbu;10172.0;;
432070.0;43;Sul;RS;Sobradinho;14967.0;;
432080.0;43;Sul;RS;Soledade;31002.0;;
432085.0;43;Sul;RS;Tabaí;4719.0;;
432090.0;43;Sul;RS;Tapejara;24111.0;;
432100.0;43;Sul;RS;Tapera;10584.0;;
432110.0;43;Sul;RS;Tapes;17300.0;;
432120.0;43;Sul;RS;Taquara;57466.0;;
432130.0;43;Sul;RS;Taquari;26862.0;;
432132.0;43;Sul;RS;Taquaruçu do Sul;3072.0;;
432135.0;43;Sul;RS;Tavares;5481.0;;
432140.0;43;Sul;RS;Tenente Portela;13485.0;;
432143.0;43;Sul;RS;Terra de Areia;11204.0;;
432145.0;43;Sul;RS;Teutônia;33232.0;;
432146.0;43;Sul;RS;Tio Hugo;3030.0;;
432147.0;43;Sul;RS;Tiradentes do Sul;5704.0;;
432149.0;43;Sul;RS;Toropi;2806.0;;
432150.0;43;Sul;RS;Torres;38732.0;;
432160.0;43;Sul;RS;Tramandaí;51715.0;;
432162.0;43;Sul;RS;Travesseiro;2336.0;;
432163.0;43;Sul;RS;Três Arroios;2668.0;;
432166.0;43;Sul;RS;Três Cachoeiras;11053.0;;
432170.0;43;Sul;RS;Três Coroas;28220.0;;
432180.0;43;Sul;RS;Três de Maio;23906.0;;
432183.0;43;Sul;RS;Três Forquilhas;2697.0;;
432185.0;43;Sul;RS;Três Palmeiras;4271.0;;
432190.0;43;Sul;RS;Três Passos;23906.0;;
432195.0;43;Sul;RS;Trindade do Sul;5802.0;;
432200.0;43;Sul;RS;Triunfo;29538.0;;
432210.0;43;Sul;RS;Tucunduva;5678.0;;
432215.0;43;Sul;RS;Tunas;4569.0;;
432218.0;43;Sul;RS;Tupanci do Sul;1472.0;;
432220.0;43;Sul;RS;Tupanciretã;23948.0;;
432225.0;43;Sul;RS;Tupandi;4855.0;;
432230.0;43;Sul;RS;Tuparendi;7893.0;;
432232.0;43;Sul;RS;Turuçu;3438.0;;
432234.0;43;Sul;RS;Ubiretama;2015.0;;
432235.0;43;Sul;RS;União da Serra;1154.0;;
432237.0;43;Sul;RS;Unistalda;2338.0;;
432240.0;43;Sul;RS;Uruguaiana;126970.0;;
432250.0;43;Sul;RS;Vacaria;66218.0;;
432252.0;43;Sul;RS;Vale Verde;3497.0;;
432253.0;43;Sul;RS;Vale do Sol;11781.0;;
432254.0;43;Sul;RS;Vale Real;5913.0;;
432255.0;43;Sul;RS;Vanini;2113.0;;
432260.0;43;Sul;RS;Venâncio Aires;71554.0;;
432270.0;43;Sul;RS;Vera Cruz;26863.0;;
432280.0;43;Sul;RS;Veranópolis;26241.0;;
432285.0;43;Sul;RS;Vespasiano Corrêa;1815.0;;
432290.0;43;Sul;RS;Viadutos;4756.0;;
432300.0;43;Sul;RS;Viamão;255224.0;;
432310.0;43;Sul;RS;Vicente Dutra;4670.0;;
432320.0;43;Sul;RS;Victor Graeff;2882.0;;
432330.0;43;Sul;RS;Vila Flores;3385.0;;
432335.0;43;Sul;RS;Vila Lângaro;2091.0;;
432340.0;43;Sul;RS;Vila Maria;4358.0;;
432345.0;43;Sul;RS;Vila Nova do Sul;4280.0;;
432350.0;43;Sul;RS;Vista Alegre;2752.0;;
432360.0;43;Sul;RS;Vista Alegre do Prata;1561.0;;
432370.0;43;Sul;RS;Vista Gaúcha;2851.0;;
432375.0;43;Sul;RS;Vitória das Missões;3133.0;;
432377.0;43;Sul;RS;Westfália;3014.0;;
432380.0;43;Sul;RS;Xangri-lá;16408.0;;
500020.0;50;Centro-Oeste;MS;Água Clara;15522.0;;
500025.0;50;Centro-Oeste;MS;Alcinópolis;5343.0;;
500060.0;50;Centro-Oeste;MS;Amambai;39396.0;;
500070.0;50;Centro-Oeste;MS;Anastácio;25135.0;;
500080.0;50;Centro-Oeste;MS;Anaurilândia;9035.0;;
500085.0;50;Centro-Oeste;MS;Angélica;10780.0;;
500090.0;50;Centro-Oeste;MS;Antônio João;8956.0;;
500100.0;50;Centro-Oeste;MS;Aparecida do Taboado;25745.0;;
500110.0;50;Centro-Oeste;MS;Aquidauana;47871.0;;
500124.0;50;Centro-Oeste;MS;Aral Moreira;12149.0;;
500150.0;50;Centro-Oeste;MS;Bandeirantes;6788.0;;
500190.0;50;Centro-Oeste;MS;Bataguassu;23024.0;;
500200.0;50;Centro-Oeste;MS;Batayporã;11329.0;;
500210.0;50;Centro-Oeste;MS;Bela Vista;24629.0;;
500215.0;50;Centro-Oeste;MS;Bodoquena;7875.0;;
500220.0;50;Centro-Oeste;MS;Bonito;21976.0;;
500230.0;50;Centro-Oeste;MS;Brasilândia;11872.0;;
500240.0;50;Centro-Oeste;MS;Caarapó;30174.0;;
500260.0;50;Centro-Oeste;MS;Camapuã;13711.0;;
500270.0;50;Centro-Oeste;MS;Campo Grande;895982.0;;
500280.0;50;Centro-Oeste;MS;Caracol;6116.0;;
500290.0;50;Centro-Oeste;MS;Cassilândia;21939.0;;
500295.0;50;Centro-Oeste;MS;Chapadão do Sul;25218.0;;
500310.0;50;Centro-Oeste;MS;Corguinho;5947.0;;
500315.0;50;Centro-Oeste;MS;Coronel Sapucaia;15253.0;;
500320.0;50;Centro-Oeste;MS;Corumbá;111435.0;;
500325.0;50;Centro-Oeste;MS;Costa Rica;20823.0;;
500330.0;50;Centro-Oeste;MS;Coxim;33543.0;;
500345.0;50;Centro-Oeste;MS;Deodápolis;12924.0;;
500348.0;50;Centro-Oeste;MS;Dois Irmãos do Buriti;11385.0;;
500350.0;50;Centro-Oeste;MS;Douradina;5924.0;;
500370.0;50;Centro-Oeste;MS;Dourados;222949.0;;
500375.0;50;Centro-Oeste;MS;Eldorado;12353.0;;
500380.0;50;Centro-Oeste;MS;Fátima do Sul;19189.0;;
500390.0;50;Centro-Oeste;MS;Figueirão;3051.0;;
500400.0;50;Centro-Oeste;MS;Glória de Dourados;9965.0;;
500410.0;50;Centro-Oeste;MS;Guia Lopes da Laguna;9895.0;;
500430.0;50;Centro-Oeste;MS;Iguatemi;16078.0;;
500440.0;50;Centro-Oeste;MS;Inocência;7610.0;;
500450.0;50;Centro-Oeste;MS;Itaporã;24839.0;;
500460.0;50;Centro-Oeste;MS;Itaquiraí;21142.0;;
500470.0;50;Centro-Oeste;MS;Ivinhema;23187.0;;
500480.0;50;Centro-Oeste;MS;Japorã;9110.0;;
500490.0;50;Centro-Oeste;MS;Jaraguari;7187.0;;
500500.0;50;Centro-Oeste;MS;Jardim;26097.0;;
500510.0;50;Centro-Oeste;MS;Jateí;4027.0;;
500515.0;50;Centro-Oeste;MS;Juti;6712.0;;
500520.0;50;Centro-Oeste;MS;Ladário;23331.0;;
500525.0;50;Centro-Oeste;MS;Laguna Carapã;7341.0;;
500540.0;50;Centro-Oeste;MS;Maracaju;47083.0;;
500560.0;50;Centro-Oeste;MS;Miranda;28013.0;;
500568.0;50;Centro-Oeste;MS;Mundo Novo;18366.0;;
500570.0;50;Centro-Oeste;MS;Naviraí;54878.0;;
500580.0;50;Centro-Oeste;MS;Nioaque;13930.0;;
500600.0;50;Centro-Oeste;MS;Nova Alvorada do Sul;21882.0;;
500620.0;50;Centro-Oeste;MS;Nova Andradina;54374.0;;
500625.0;50;Centro-Oeste;MS;Novo Horizonte do Sul;3814.0;;
500627.0;50;Centro-Oeste;MS;Paraíso das Águas;5555.0;;
500630.0;50;Centro-Oeste;MS;Paranaíba;42148.0;;
500635.0;50;Centro-Oeste;MS;Paranhos;14228.0;;
500640.0;50;Centro-Oeste;MS;Pedro Gomes;7674.0;;
500660.0;50;Centro-Oeste;MS;Ponta Porã;92526.0;;
500690.0;50;Centro-Oeste;MS;Porto Murtinho;17131.0;;
500710.0;50;Centro-Oeste;MS;Ribas do Rio Pardo;24615.0;;
500720.0;50;Centro-Oeste;MS;Rio Brilhante;37514.0;;
500730.0;50;Centro-Oeste;MS;Rio Negro;4831.0;;
500740.0;50;Centro-Oeste;MS;Rio Verde de Mato Grosso;19746.0;;
500750.0;50;Centro-Oeste;MS;Rochedo;5499.0;;
500755.0;50;Centro-Oeste;MS;Santa Rita do Pardo;7851.0;;
500769.0;50;Centro-Oeste;MS;São Gabriel do Oeste;26771.0;;
500770.0;50;Centro-Oeste;MS;Sete Quedas;10791.0;;
500780.0;50;Centro-Oeste;MS;Selvíria;6529.0;;
500790.0;50;Centro-Oeste;MS;Sidrolândia;57665.0;;
500793.0;50;Centro-Oeste;MS;Sonora;19274.0;;
500795.0;50;Centro-Oeste;MS;Tacuru;11552.0;;
500797.0;50;Centro-Oeste;MS;Taquarussu;3588.0;;
500800.0;50;Centro-Oeste;MS;Terenos;21806.0;;
500830.0;50;Centro-Oeste;MS;Três Lagoas;121388.0;;
500840.0;50;Centro-Oeste;MS;Vicentina;6102.0;;
510000.0;51;Centro-Oeste;MT;;;;
510010.0;51;Centro-Oeste;MT;Acorizal;5399.0;;
510020.0;51;Centro-Oeste;MT;Água Boa;25721.0;;
510025.0;51;Centro-Oeste;MT;Alta Floresta;51782.0;;
510030.0;51;Centro-Oeste;MT;Alto Araguaia;19044.0;;
510035.0;51;Centro-Oeste;MT;Alto Boa Vista;6822.0;;
510040.0;51;Centro-Oeste;MT;Alto Garças;12030.0;;
510050.0;51;Centro-Oeste;MT;Alto Paraguai;11356.0;;
510060.0;51;Centro-Oeste;MT;Alto Taquari;10847.0;;
510080.0;51;Centro-Oeste;MT;Apiacás;10133.0;;
510100.0;51;Centro-Oeste;MT;Araguaiana;3100.0;;
510120.0;51;Centro-Oeste;MT;Araguainha;935.0;;
510125.0;51;Centro-Oeste;MT;Araputanga;16822.0;;
510130.0;51;Centro-Oeste;MT;Arenápolis;9607.0;;
510140.0;51;Centro-Oeste;MT;Aripuanã;22354.0;;
510160.0;51;Centro-Oeste;MT;Barão de Melgaço;8564.0;;
510170.0;51;Centro-Oeste;MT;Barra do Bugres;34966.0;;
510180.0;51;Centro-Oeste;MT;Barra do Garças;61012.0;;
510185.0;51;Centro-Oeste;MT;Bom Jesus do Araguaia;6580.0;;
510190.0;51;Centro-Oeste;MT;Brasnorte;19695.0;;
510250.0;51;Centro-Oeste;MT;Cáceres;94376.0;;
510260.0;51;Centro-Oeste;MT;Campinápolis;15980.0;;
510263.0;51;Centro-Oeste;MT;Campo Novo do Parecis;35360.0;;
510267.0;51;Centro-Oeste;MT;Campo Verde;44041.0;;
510268.0;51;Centro-Oeste;MT;Campos de Júlio;6891.0;;
510269.0;51;Centro-Oeste;MT;Canabrava do Norte;4743.0;;
510270.0;51;Centro-Oeste;MT;Canarana;21579.0;;
510279.0;51;Centro-Oeste;MT;Carlinda;10305.0;;
510285.0;51;Centro-Oeste;MT;Castanheira;8729.0;;
510300.0;51;Centro-Oeste;MT;Chapada dos Guimarães;19752.0;;
510305.0;51;Centro-Oeste;MT;Cláudia;12149.0;;
510310.0;51;Centro-Oeste;MT;Cocalinho;5700.0;;
510320.0;51;Centro-Oeste;MT;Colíder;33438.0;;
510325.0;51;Centro-Oeste;MT;Colniza;38582.0;;
510330.0;51;Centro-Oeste;MT;Comodoro;20763.0;;
510335.0;51;Centro-Oeste;MT;Confresa;30933.0;;
510336.0;51;Centro-Oeste;MT;Conquista D'Oeste;4038.0;;
510337.0;51;Centro-Oeste;MT;Cotriguaçu;19750.0;;
510340.0;51;Centro-Oeste;MT;Cuiabá;612547.0;;
510343.0;51;Centro-Oeste;MT;Curvelândia;5219.0;;
510345.0;51;Centro-Oeste;MT;Denise;9462.0;;
510350.0;51;Centro-Oeste;MT;Diamantino;22041.0;;
510360.0;51;Centro-Oeste;MT;Dom Aquino;8178.0;;
510370.0;51;Centro-Oeste;MT;Feliz Natal;14192.0;;
510380.0;51;Centro-Oeste;MT;Figueirópolis D'Oeste;3494.0;;
510385.0;51;Centro-Oeste;MT;Gaúcha do Norte;7648.0;;
510390.0;51;Centro-Oeste;MT;General Carneiro;5540.0;;
510395.0;51;Centro-Oeste;MT;Glória D'Oeste;3026.0;;
510410.0;51;Centro-Oeste;MT;Guarantã do Norte;35816.0;;
510420.0;51;Centro-Oeste;MT;Guiratinga;15141.0;;
510450.0;51;Centro-Oeste;MT;Indiavaí;2752.0;;
510452.0;51;Centro-Oeste;MT;Ipiranga do Norte;7667.0;;
510454.0;51;Centro-Oeste;MT;Itanhangá;6737.0;;
510455.0;51;Centro-Oeste;MT;Itaúba;3802.0;;
510460.0;51;Centro-Oeste;MT;Itiquira;13345.0;;
510480.0;51;Centro-Oeste;MT;Jaciara;27776.0;;
510490.0;51;Centro-Oeste;MT;Jangada;8409.0;;
510500.0;51;Centro-Oeste;MT;Jauru;8793.0;;
510510.0;51;Centro-Oeste;MT;Juara;34974.0;;
510515.0;51;Centro-Oeste;MT;Juína;40997.0;;
510517.0;51;Centro-Oeste;MT;Juruena;15865.0;;
510520.0;51;Centro-Oeste;MT;Juscimeira;11221.0;;
510523.0;51;Centro-Oeste;MT;Lambari D'Oeste;6121.0;;
510525.0;51;Centro-Oeste;MT;Lucas do Rio Verde;65534.0;;
510530.0;51;Centro-Oeste;MT;Luciara;2077.0;;
510550.0;51;Centro-Oeste;MT;Vila Bela da Santíssima Trindade;16128.0;;
510558.0;51;Centro-Oeste;MT;Marcelândia;10499.0;;
510560.0;51;Centro-Oeste;MT;Matupá;16566.0;;
510562.0;51;Centro-Oeste;MT;Mirassol d'Oeste;27739.0;;
510590.0;51;Centro-Oeste;MT;Nobres;15336.0;;
510600.0;51;Centro-Oeste;MT;Nortelândia;5989.0;;
510610.0;51;Centro-Oeste;MT;Nossa Senhora do Livramento;13216.0;;
510615.0;51;Centro-Oeste;MT;Nova Bandeirantes;15288.0;;
510617.0;51;Centro-Oeste;MT;Nova Nazaré;3849.0;;
510618.0;51;Centro-Oeste;MT;Nova Lacerda;6640.0;;
510619.0;51;Centro-Oeste;MT;Nova Santa Helena;3718.0;;
510620.0;51;Centro-Oeste;MT;Nova Brasilândia;3829.0;;
510621.0;51;Centro-Oeste;MT;Nova Canaã do Norte;12787.0;;
510622.0;51;Centro-Oeste;MT;Nova Mutum;45378.0;;
510623.0;51;Centro-Oeste;MT;Nova Olímpia;20301.0;;
510624.0;51;Centro-Oeste;MT;Nova Ubiratã;11982.0;;
510625.0;51;Centro-Oeste;MT;Nova Xavantina;21374.0;;
510626.0;51;Centro-Oeste;MT;Novo Mundo;9178.0;;
510627.0;51;Centro-Oeste;MT;Novo Horizonte do Norte;4004.0;;
510628.0;51;Centro-Oeste;MT;Novo São Joaquim;5074.0;;
510629.0;51;Centro-Oeste;MT;Paranaíta;11225.0;;
510630.0;51;Centro-Oeste;MT;Paranatinga;22563.0;;
510631.0;51;Centro-Oeste;MT;Novo Santo Antônio;2640.0;;
510637.0;51;Centro-Oeste;MT;Pedra Preta;17626.0;;
510642.0;51;Centro-Oeste;MT;Peixoto de Azevedo;34976.0;;
510645.0;51;Centro-Oeste;MT;Planalto da Serra;2662.0;;
510650.0;51;Centro-Oeste;MT;Poconé;32843.0;;
510665.0;51;Centro-Oeste;MT;Pontal do Araguaia;6711.0;;
510670.0;51;Centro-Oeste;MT;Ponte Branca;1576.0;;
510675.0;51;Centro-Oeste;MT;Pontes e Lacerda;45436.0;;
510677.0;51;Centro-Oeste;MT;Porto Alegre do Norte;12517.0;;
510680.0;51;Centro-Oeste;MT;Porto dos Gaúchos;5410.0;;
510682.0;51;Centro-Oeste;MT;Porto Esperidião;12017.0;;
510685.0;51;Centro-Oeste;MT;Porto Estrela;2963.0;;
510700.0;51;Centro-Oeste;MT;Poxoréu;16219.0;;
510704.0;51;Centro-Oeste;MT;Primavera do Leste;62019.0;;
510706.0;51;Centro-Oeste;MT;Querência;17479.0;;
510710.0;51;Centro-Oeste;MT;São José dos Quatro Marcos;18906.0;;
510715.0;51;Centro-Oeste;MT;Reserva do Cabaçal;2732.0;;
510718.0;51;Centro-Oeste;MT;Ribeirão Cascalheira;10206.0;;
510719.0;51;Centro-Oeste;MT;Ribeirãozinho;2405.0;;
510720.0;51;Centro-Oeste;MT;Rio Branco;5156.0;;
510724.0;51;Centro-Oeste;MT;Santa Carmem;4525.0;;
510726.0;51;Centro-Oeste;MT;Santo Afonso;3146.0;;
510729.0;51;Centro-Oeste;MT;São José do Povo;4063.0;;
510730.0;51;Centro-Oeste;MT;São José do Rio Claro;20664.0;;
510735.0;51;Centro-Oeste;MT;São José do Xingu;5595.0;;
510740.0;51;Centro-Oeste;MT;São Pedro da Cipa;4727.0;;
510757.0;51;Centro-Oeste;MT;Rondolândia;4001.0;;
510760.0;51;Centro-Oeste;MT;Rondonópolis;232491.0;;
510770.0;51;Centro-Oeste;MT;Rosário Oeste;17151.0;;
510774.0;51;Centro-Oeste;MT;Santa Cruz do Xingu;2564.0;;
510775.0;51;Centro-Oeste;MT;Salto do Céu;3365.0;;
510776.0;51;Centro-Oeste;MT;Santa Rita do Trivelato;3429.0;;
510777.0;51;Centro-Oeste;MT;Santa Terezinha;8371.0;;
510779.0;51;Centro-Oeste;MT;Santo Antônio do Leste;5174.0;;
510780.0;51;Centro-Oeste;MT;Santo Antônio do Leverger;16628.0;;
510785.0;51;Centro-Oeste;MT;São Félix do Araguaia;11708.0;;
510787.0;51;Centro-Oeste;MT;Sapezal;25881.0;;
510788.0;51;Centro-Oeste;MT;Serra Nova Dourada;1650.0;;
510790.0;51;Centro-Oeste;MT;Sinop;142996.0;;
510792.0;51;Centro-Oeste;MT;Sorriso;90313.0;;
510794.0;51;Centro-Oeste;MT;Tabaporã;9489.0;;
510795.0;51;Centro-Oeste;MT;Tangará da Serra;103750.0;;
510800.0;51;Centro-Oeste;MT;Tapurah;13705.0;;
510805.0;51;Centro-Oeste;MT;Terra Nova do Norte;9667.0;;
510810.0;51;Centro-Oeste;MT;Tesouro;3805.0;;
510820.0;51;Centro-Oeste;MT;Torixoréu;3609.0;;
510830.0;51;Centro-Oeste;MT;União do Sul;3525.0;;
510835.0;51;Centro-Oeste;MT;Vale de São Domingos;3127.0;;
510840.0;51;Centro-Oeste;MT;Várzea Grande;284971.0;;
510850.0;51;Centro-Oeste;MT;Vera;11309.0;;
510860.0;51;Centro-Oeste;MT;Vila Rica;26037.0;;
510880.0;51;Centro-Oeste;MT;Nova Guarita;4519.0;;
510885.0;51;Centro-Oeste;MT;Nova Marilândia;3278.0;;
510890.0;51;Centro-Oeste;MT;Nova Maringá;8641.0;;
510895.0;51;Centro-Oeste;MT;Nova Monte Verde;9178.0;;
520000.0;52;Centro-Oeste;GO;;;;
520005.0;52;Centro-Oeste;GO;Abadia de Goiás;8773.0;;
520010.0;52;Centro-Oeste;GO;Abadiânia;20042.0;;
520013.0;52;Centro-Oeste;GO;Acreúna;22366.0;;
520015.0;52;Centro-Oeste;GO;Adelândia;2516.0;;
520017.0;52;Centro-Oeste;GO;Água Fria de Goiás;5735.0;;
520020.0;52;Centro-Oeste;GO;Água Limpa;1850.0;;
520025.0;52;Centro-Oeste;GO;Águas Lindas de Goiás;212440.0;;
520030.0;52;Centro-Oeste;GO;Alexânia;27653.0;;
520050.0;52;Centro-Oeste;GO;Aloândia;1995.0;;
520055.0;52;Centro-Oeste;GO;Alto Horizonte;6414.0;;
520060.0;52;Centro-Oeste;GO;Alto Paraíso de Goiás;7624.0;;
520080.0;52;Centro-Oeste;GO;Alvorada do Norte;8660.0;;
520082.0;52;Centro-Oeste;GO;Amaralina;3812.0;;
520085.0;52;Centro-Oeste;GO;Americano do Brasil;6111.0;;
520090.0;52;Centro-Oeste;GO;Amorinópolis;3126.0;;
520110.0;52;Centro-Oeste;GO;Anápolis;386923.0;;
520120.0;52;Centro-Oeste;GO;Anhanguera;1149.0;;
520130.0;52;Centro-Oeste;GO;Anicuns;21850.0;;
520140.0;52;Centro-Oeste;GO;Aparecida de Goiânia;578179.0;;
520145.0;52;Centro-Oeste;GO;Aparecida do Rio Doce;2474.0;;
520150.0;52;Centro-Oeste;GO;Aporé;4198.0;;
520160.0;52;Centro-Oeste;GO;Araçu;3522.0;;
520170.0;52;Centro-Oeste;GO;Aragarças;20118.0;;
520180.0;52;Centro-Oeste;GO;Aragoiânia;10308.0;;
520215.0;52;Centro-Oeste;GO;Araguapaz;7770.0;;
520235.0;52;Centro-Oeste;GO;Arenópolis;2612.0;;
520250.0;52;Centro-Oeste;GO;Aruanã;9875.0;;
520260.0;52;Centro-Oeste;GO;Aurilândia;3120.0;;
520280.0;52;Centro-Oeste;GO;Avelinópolis;2417.0;;
520310.0;52;Centro-Oeste;GO;Baliza;5138.0;;
520320.0;52;Centro-Oeste;GO;Barro Alto;11167.0;;
520330.0;52;Centro-Oeste;GO;Bela Vista de Goiás;29975.0;;
520340.0;52;Centro-Oeste;GO;Bom Jardim de Goiás;8841.0;;
520350.0;52;Centro-Oeste;GO;Bom Jesus de Goiás;25216.0;;
520355.0;52;Centro-Oeste;GO;Bonfinópolis;9706.0;;
520357.0;52;Centro-Oeste;GO;Bonópolis;4405.0;;
520360.0;52;Centro-Oeste;GO;Brazabrantes;3703.0;;
520380.0;52;Centro-Oeste;GO;Britânia;5779.0;;
520390.0;52;Centro-Oeste;GO;Buriti Alegre;9459.0;;
520393.0;52;Centro-Oeste;GO;Buriti de Goiás;2488.0;;
520396.0;52;Centro-Oeste;GO;Buritinópolis;3292.0;;
520400.0;52;Centro-Oeste;GO;Cabeceiras;7993.0;;
520410.0;52;Centro-Oeste;GO;Cachoeira Alta;12484.0;;
520420.0;52;Centro-Oeste;GO;Cachoeira de Goiás;1351.0;;
520425.0;52;Centro-Oeste;GO;Cachoeira Dourada;8067.0;;
520430.0;52;Centro-Oeste;GO;Caçu;16009.0;;
520440.0;52;Centro-Oeste;GO;Caiapônia;18913.0;;
520450.0;52;Centro-Oeste;GO;Caldas Novas;91162.0;;
520455.0;52;Centro-Oeste;GO;Caldazinha;3804.0;;
520460.0;52;Centro-Oeste;GO;Campestre de Goiás;3630.0;;
520465.0;52;Centro-Oeste;GO;Campinaçu;3640.0;;
520470.0;52;Centro-Oeste;GO;Campinorte;12626.0;;
520480.0;52;Centro-Oeste;GO;Campo Alegre de Goiás;7589.0;;
520485.0;52;Centro-Oeste;GO;Campo Limpo de Goiás;7789.0;;
520490.0;52;Centro-Oeste;GO;Campos Belos;19887.0;;
520495.0;52;Centro-Oeste;GO;Campos Verdes;2141.0;;
520500.0;52;Centro-Oeste;GO;Carmo do Rio Verde;10082.0;;
520505.0;52;Centro-Oeste;GO;Castelândia;3435.0;;
520510.0;52;Centro-Oeste;GO;Catalão;108823.0;;
520520.0;52;Centro-Oeste;GO;Caturaí;5070.0;;
520530.0;52;Centro-Oeste;GO;Cavalcante;9709.0;;
520540.0;52;Centro-Oeste;GO;Ceres;22191.0;;
520545.0;52;Centro-Oeste;GO;Cezarina;8606.0;;
520547.0;52;Centro-Oeste;GO;Chapadão do Céu;10167.0;;
520549.0;52;Centro-Oeste;GO;Cidade Ocidental;71376.0;;
520551.0;52;Centro-Oeste;GO;Cocalzinho de Goiás;20240.0;;
520552.0;52;Centro-Oeste;GO;Colinas do Sul;3382.0;;
520570.0;52;Centro-Oeste;GO;Córrego do Ouro;2327.0;;
520580.0;52;Centro-Oeste;GO;Corumbá de Goiás;11110.0;;
520590.0;52;Centro-Oeste;GO;Corumbaíba;9723.0;;
520620.0;52;Centro-Oeste;GO;Cristalina;58997.0;;
520630.0;52;Centro-Oeste;GO;Cristianópolis;2966.0;;
520640.0;52;Centro-Oeste;GO;Crixás;16949.0;;
520650.0;52;Centro-Oeste;GO;Cromínia;3486.0;;
520660.0;52;Centro-Oeste;GO;Cumari;2854.0;;
520670.0;52;Centro-Oeste;GO;Damianópolis;3311.0;;
520680.0;52;Centro-Oeste;GO;Damolândia;2938.0;;
520690.0;52;Centro-Oeste;GO;Davinópolis;2094.0;;
520710.0;52;Centro-Oeste;GO;Diorama;2484.0;;
520725.0;52;Centro-Oeste;GO;Doverlândia;7322.0;;
520735.0;52;Centro-Oeste;GO;Edealina;3699.0;;
520740.0;52;Centro-Oeste;GO;Edéia;12372.0;;
520750.0;52;Centro-Oeste;GO;Estrela do Norte;3275.0;;
520753.0;52;Centro-Oeste;GO;Faina;6627.0;;
520760.0;52;Centro-Oeste;GO;Fazenda Nova;5637.0;;
520780.0;52;Centro-Oeste;GO;Firminópolis;13292.0;;
520790.0;52;Centro-Oeste;GO;Flores de Goiás;16557.0;;
520800.0;52;Centro-Oeste;GO;Formosa;121617.0;;
520810.0;52;Centro-Oeste;GO;Formoso;4248.0;;
520815.0;52;Centro-Oeste;GO;Gameleira de Goiás;3818.0;;
520830.0;52;Centro-Oeste;GO;Divinópolis de Goiás;4804.0;;
520840.0;52;Centro-Oeste;GO;Goianápolis;11231.0;;
520850.0;52;Centro-Oeste;GO;Goiandira;5600.0;;
520860.0;52;Centro-Oeste;GO;Goianésia;70084.0;;
520870.0;52;Centro-Oeste;GO;Goiânia;1516113.0;;
520880.0;52;Centro-Oeste;GO;Goianira;44289.0;;
520890.0;52;Centro-Oeste;GO;Goiás;22645.0;;
520910.0;52;Centro-Oeste;GO;Goiatuba;34095.0;;
520915.0;52;Centro-Oeste;GO;Gouvelândia;5898.0;;
520920.0;52;Centro-Oeste;GO;Guapó;14209.0;;
520929.0;52;Centro-Oeste;GO;Guaraíta;1996.0;;
520940.0;52;Centro-Oeste;GO;Guarani de Goiás;3893.0;;
520945.0;52;Centro-Oeste;GO;Guarinos;1794.0;;
520960.0;52;Centro-Oeste;GO;Heitoraí;3724.0;;
520970.0;52;Centro-Oeste;GO;Hidrolândia;21706.0;;
520980.0;52;Centro-Oeste;GO;Hidrolina;3564.0;;
520990.0;52;Centro-Oeste;GO;Iaciara;13947.0;;
520993.0;52;Centro-Oeste;GO;Inaciolândia;6194.0;;
520995.0;52;Centro-Oeste;GO;Indiara;15611.0;;
521000.0;52;Centro-Oeste;GO;Inhumas;52866.0;;
521010.0;52;Centro-Oeste;GO;Ipameri;26985.0;;
521015.0;52;Centro-Oeste;GO;Ipiranga de Goiás;2893.0;;
521020.0;52;Centro-Oeste;GO;Iporá;31531.0;;
521030.0;52;Centro-Oeste;GO;Israelândia;2800.0;;
521040.0;52;Centro-Oeste;GO;Itaberaí;42900.0;;
521056.0;52;Centro-Oeste;GO;Itaguari;4676.0;;
521060.0;52;Centro-Oeste;GO;Itaguaru;5237.0;;
521080.0;52;Centro-Oeste;GO;Itajá;4539.0;;
521090.0;52;Centro-Oeste;GO;Itapaci;22981.0;;
521100.0;52;Centro-Oeste;GO;Itapirapuã;4997.0;;
521120.0;52;Centro-Oeste;GO;Itapuranga;25768.0;;
521130.0;52;Centro-Oeste;GO;Itarumã;7178.0;;
521140.0;52;Centro-Oeste;GO;Itauçu;8938.0;;
521150.0;52;Centro-Oeste;GO;Itumbiara;104742.0;;
521160.0;52;Centro-Oeste;GO;Ivolândia;2370.0;;
521170.0;52;Centro-Oeste;GO;Jandaia;6048.0;;
521180.0;52;Centro-Oeste;GO;Jaraguá;50511.0;;
521190.0;52;Centro-Oeste;GO;Jataí;100882.0;;
521200.0;52;Centro-Oeste;GO;Jaupaci;2879.0;;
521205.0;52;Centro-Oeste;GO;Jesúpolis;2490.0;;
521210.0;52;Centro-Oeste;GO;Joviânia;7387.0;;
521220.0;52;Centro-Oeste;GO;Jussara;18478.0;;
521225.0;52;Centro-Oeste;GO;Lagoa Santa;1588.0;;
521230.0;52;Centro-Oeste;GO;Leopoldo de Bulhões;7647.0;;
521250.0;52;Centro-Oeste;GO;Luziânia;208299.0;;
521260.0;52;Centro-Oeste;GO;Mairipotaba;2368.0;;
521270.0;52;Centro-Oeste;GO;Mambaí;8882.0;;
521280.0;52;Centro-Oeste;GO;Mara Rosa;9503.0;;
521290.0;52;Centro-Oeste;GO;Marzagão;2236.0;;
521295.0;52;Centro-Oeste;GO;Matrinchã;4351.0;;
521300.0;52;Centro-Oeste;GO;Maurilândia;14080.0;;
521305.0;52;Centro-Oeste;GO;Mimoso de Goiás;2597.0;;
521308.0;52;Centro-Oeste;GO;Minaçu;29070.0;;
521310.0;52;Centro-Oeste;GO;Mineiros;66801.0;;
521340.0;52;Centro-Oeste;GO;Moiporá;1529.0;;
521350.0;52;Centro-Oeste;GO;Monte Alegre de Goiás;8606.0;;
521370.0;52;Centro-Oeste;GO;Montes Claros de Goiás;8055.0;;
521375.0;52;Centro-Oeste;GO;Montividiu;13396.0;;
521377.0;52;Centro-Oeste;GO;Montividiu do Norte;4479.0;;
521380.0;52;Centro-Oeste;GO;Morrinhos;46136.0;;
521385.0;52;Centro-Oeste;GO;Morro Agudo de Goiás;2248.0;;
521390.0;52;Centro-Oeste;GO;Mossâmedes;4290.0;;
521400.0;52;Centro-Oeste;GO;Mozarlândia;15659.0;;
521405.0;52;Centro-Oeste;GO;Mundo Novo;4887.0;;
521410.0;52;Centro-Oeste;GO;Mutunópolis;3778.0;;
521440.0;52;Centro-Oeste;GO;Nazário;9142.0;;
521450.0;52;Centro-Oeste;GO;Nerópolis;29850.0;;
521460.0;52;Centro-Oeste;GO;Niquelândia;46388.0;;
521470.0;52;Centro-Oeste;GO;Nova América;2352.0;;
521480.0;52;Centro-Oeste;GO;Nova Aurora;2210.0;;
521483.0;52;Centro-Oeste;GO;Nova Crixás;12869.0;;
521486.0;52;Centro-Oeste;GO;Nova Glória;8164.0;;
521487.0;52;Centro-Oeste;GO;Nova Iguaçu de Goiás;2929.0;;
521490.0;52;Centro-Oeste;GO;Nova Roma;3264.0;;
521500.0;52;Centro-Oeste;GO;Nova Veneza;9853.0;;
521520.0;52;Centro-Oeste;GO;Novo Brasil;2913.0;;
521523.0;52;Centro-Oeste;GO;Novo Gama;115711.0;;
521525.0;52;Centro-Oeste;GO;Novo Planalto;4495.0;;
521530.0;52;Centro-Oeste;GO;Orizona;15615.0;;
521540.0;52;Centro-Oeste;GO;Ouro Verde de Goiás;3759.0;;
521550.0;52;Centro-Oeste;GO;Ouvidor;6667.0;;
521560.0;52;Centro-Oeste;GO;Padre Bernardo;33835.0;;
521565.0;52;Centro-Oeste;GO;Palestina de Goiás;3464.0;;
521570.0;52;Centro-Oeste;GO;Palmeiras de Goiás;28858.0;;
521580.0;52;Centro-Oeste;GO;Palmelo;2381.0;;
521590.0;52;Centro-Oeste;GO;Palminópolis;3585.0;;
521600.0;52;Centro-Oeste;GO;Panamá;2615.0;;
521630.0;52;Centro-Oeste;GO;Paranaiguara;10057.0;;
521640.0;52;Centro-Oeste;GO;Paraúna;10988.0;;
521645.0;52;Centro-Oeste;GO;Perolândia;3129.0;;
521680.0;52;Centro-Oeste;GO;Petrolina de Goiás;10281.0;;
521690.0;52;Centro-Oeste;GO;Pilar de Goiás;2253.0;;
521710.0;52;Centro-Oeste;GO;Piracanjuba;24524.0;;
521720.0;52;Centro-Oeste;GO;Piranhas;10385.0;;
521730.0;52;Centro-Oeste;GO;Pirenópolis;24908.0;;
521740.0;52;Centro-Oeste;GO;Pires do Rio;31458.0;;
521760.0;52;Centro-Oeste;GO;Planaltina;89918.0;;
521770.0;52;Centro-Oeste;GO;Pontalina;17819.0;;
521800.0;52;Centro-Oeste;GO;Porangatu;45394.0;;
521805.0;52;Centro-Oeste;GO;Porteirão;3881.0;;
521810.0;52;Centro-Oeste;GO;Portelândia;4011.0;;
521830.0;52;Centro-Oeste;GO;Posse;36900.0;;
521839.0;52;Centro-Oeste;GO;Professor Jamil;3223.0;;
521850.0;52;Centro-Oeste;GO;Quirinópolis;50065.0;;
521860.0;52;Centro-Oeste;GO;Rialma;10918.0;;
521870.0;52;Centro-Oeste;GO;Rianápolis;4801.0;;
521878.0;52;Centro-Oeste;GO;Rio Quente;4493.0;;
521880.0;52;Centro-Oeste;GO;Rio Verde;235647.0;;
521890.0;52;Centro-Oeste;GO;Rubiataba;19882.0;;
521900.0;52;Centro-Oeste;GO;Sanclerlândia;7637.0;;
521910.0;52;Centro-Oeste;GO;Santa Bárbara de Goiás;6560.0;;
521920.0;52;Centro-Oeste;GO;Santa Cruz de Goiás;2855.0;;
521925.0;52;Centro-Oeste;GO;Santa Fé de Goiás;5459.0;;
521930.0;52;Centro-Oeste;GO;Santa Helena de Goiás;38648.0;;
521935.0;52;Centro-Oeste;GO;Santa Isabel;3809.0;;
521940.0;52;Centro-Oeste;GO;Santa Rita do Araguaia;8756.0;;
521945.0;52;Centro-Oeste;GO;Santa Rita do Novo Destino;3343.0;;
521950.0;52;Centro-Oeste;GO;Santa Rosa de Goiás;2319.0;;
521960.0;52;Centro-Oeste;GO;Santa Tereza de Goiás;3355.0;;
521970.0;52;Centro-Oeste;GO;Santa Terezinha de Goiás;8744.0;;
521971.0;52;Centro-Oeste;GO;Santo Antônio da Barra;4821.0;;
521973.0;52;Centro-Oeste;GO;Santo Antônio de Goiás;6283.0;;
521975.0;52;Centro-Oeste;GO;Santo Antônio do Descoberto;74744.0;;
521980.0;52;Centro-Oeste;GO;São Domingos;12949.0;;
521990.0;52;Centro-Oeste;GO;São Francisco de Goiás;6264.0;;
522000.0;52;Centro-Oeste;GO;São João d'Aliança;13740.0;;
522005.0;52;Centro-Oeste;GO;São João da Paraúna;1381.0;;
522010.0;52;Centro-Oeste;GO;São Luís de Montes Belos;33817.0;;
522015.0;52;Centro-Oeste;GO;São Luiz do Norte;5167.0;;
522020.0;52;Centro-Oeste;GO;São Miguel do Araguaia;21993.0;;
522026.0;52;Centro-Oeste;GO;São Miguel do Passa Quatro;4057.0;;
522028.0;52;Centro-Oeste;GO;São Patrício;2036.0;;
522040.0;52;Centro-Oeste;GO;São Simão;20645.0;;
522045.0;52;Centro-Oeste;GO;Senador Canedo;115371.0;;
522050.0;52;Centro-Oeste;GO;Serranópolis;8544.0;;
522060.0;52;Centro-Oeste;GO;Silvânia;20695.0;;
522068.0;52;Centro-Oeste;GO;Simolândia;6856.0;;
522070.0;52;Centro-Oeste;GO;Sítio d'Abadia;2989.0;;
522100.0;52;Centro-Oeste;GO;Taquaral de Goiás;3529.0;;
522108.0;52;Centro-Oeste;GO;Teresina de Goiás;3458.0;;
522119.0;52;Centro-Oeste;GO;Terezópolis de Goiás;8043.0;;
522130.0;52;Centro-Oeste;GO;Três Ranchos;2833.0;;
522140.0;52;Centro-Oeste;GO;Trindade;127599.0;;
522145.0;52;Centro-Oeste;GO;Trombas;3500.0;;
522150.0;52;Centro-Oeste;GO;Turvânia;4598.0;;
522155.0;52;Centro-Oeste;GO;Turvelândia;5281.0;;
522157.0;52;Centro-Oeste;GO;Uirapuru;2854.0;;
522160.0;52;Centro-Oeste;GO;Uruaçu;40532.0;;
522170.0;52;Centro-Oeste;GO;Uruana;13843.0;;
522180.0;52;Centro-Oeste;GO;Urutaí;3072.0;;
522185.0;52;Centro-Oeste;GO;Valparaíso de Goiás;168468.0;;
522190.0;52;Centro-Oeste;GO;Varjão;3827.0;;
522200.0;52;Centro-Oeste;GO;Vianópolis;13863.0;;
522205.0;52;Centro-Oeste;GO;Vicentinópolis;8743.0;;
522220.0;52;Centro-Oeste;GO;Vila Boa;6171.0;;
522230.0;52;Centro-Oeste;GO;Vila Propício;5821.0;;
530010.0;53;Centro-Oeste;DF;Brasília;3015268.0;;
