regiao;estado;municipio;coduf;codmun;codRegiaoSaude;nomeRegiaoSaude;data;semanaEpi;populacaoTCU2019;casosAcumulado;casosNovos;obitosAcumulado;obitosNovos;Recuperadosnovos;emAcompanhamentoNovos;interior/metropolitana
Norte;RO;;11;110000.0;;;2025-09-05;36;;0.0;0;0;0;;;
Norte;RO;Alta Floresta D'Oeste;11;110001.0;11005.0;ZONA DA MATA;2025-09-05;36;22945.0;9359.0;0;85;0;;;0
Norte;RO;Ariquemes;11;110002.0;11001.0;VALE DO JAMARI;2025-09-05;36;107863.0;40634.0;0;570;0;;;0
Norte;RO;Cabixi;11;110003.0;11006.0;CONE SUL;2025-09-05;36;5312.0;2049.0;0;23;0;;;0
Norte;RO;Cacoal;11;110004.0;11002.0;CAFE;2025-09-05;36;85359.0;33247.0;0;364;0;;;0
Norte;RO;Cerejeiras;11;110005.0;11006.0;CONE SUL;2025-09-05;36;16323.0;6915.0;0;74;0;;;0
Norte;RO;Colorado do Oeste;11;110006.0;11006.0;CONE SUL;2025-09-05;36;15882.0;5029.0;0;56;0;;;0
Norte;RO;Corumbiara;11;110007.0;11006.0;CONE SUL;2025-09-05;36;7391.0;2418.0;0;25;0;;;0
Norte;RO;Costa Marques;11;110008.0;11007.0;VALE DO GUAPORE;2025-09-05;36;18331.0;4860.0;0;45;0;;;0
Norte;RO;Espigão D'Oeste;11;110009.0;11002.0;CAFE;2025-09-05;36;32374.0;8274.0;0;94;0;;;0
Norte;RO;Guajará-Mirim;11;110010.0;11004.0;MADEIRA-MAMORE;2025-09-05;36;46174.0;7322.0;0;249;0;;;0
Norte;RO;Jaru;11;110011.0;11003.0;CENTRAL;2025-09-05;36;51775.0;14559.0;0;212;0;;;0
Norte;RO;Ji-Paraná;11;110012.0;11003.0;CENTRAL;2025-09-05;36;128969.0;37916.0;0;675;0;;;0
Norte;RO;Machadinho D'Oeste;11;110013.0;11001.0;VALE DO JAMARI;2025-09-05;36;39991.0;13590.0;0;134;0;;;0
Norte;RO;Nova Brasilândia D'Oeste;11;110014.0;11005.0;ZONA DA MATA;2025-09-05;36;20474.0;5722.0;0;44;0;;;0
Norte;RO;Ouro Preto do Oeste;11;110015.0;11003.0;CENTRAL;2025-09-05;36;36035.0;9328.0;0;177;0;;;0
Norte;RO;Pimenta Bueno;11;110018.0;11002.0;CAFE;2025-09-05;36;36660.0;14195.0;0;132;0;;;0
Norte;RO;Porto Velho;11;110020.0;11004.0;MADEIRA-MAMORE;2025-09-05;36;529544.0;134365.0;0;2781;0;;;1
Norte;RO;Presidente Médici;11;110025.0;11003.0;CENTRAL;2025-09-05;36;18986.0;7269.0;0;102;0;;;0
Norte;RO;Rio Crespo;11;110026.0;11001.0;VALE DO JAMARI;2025-09-05;36;3764.0;1950.0;0;14;0;;;0
Norte;RO;Rolim de Moura;11;110028.0;11005.0;ZONA DA MATA;2025-09-05;36;55058.0;14808.0;0;215;0;;;0
Norte;RO;Santa Luzia D'Oeste;11;110029.0;11005.0;ZONA DA MATA;2025-09-05;36;6495.0;2665.0;0;32;0;;;0
Norte;RO;Vilhena;11;110030.0;11006.0;CONE SUL;2025-09-05;36;99854.0;26113.0;0;333;0;;;0
Norte;RO;São Miguel do Guaporé;11;110032.0;11003.0;CENTRAL;2025-09-05;36;23005.0;4844.0;0;68;0;;;0
Norte;RO;Nova Mamoré;11;110033.0;11004.0;MADEIRA-MAMORE;2025-09-05;36;30583.0;7438.0;0;99;0;;;0
Norte;RO;Alvorada D'Oeste;11;110034.0;11003.0;CENTRAL;2025-09-05;36;14411.0;4942.0;0;46;0;;;0
Norte;RO;Alto Alegre dos Parecis;11;110037.0;11005.0;ZONA DA MATA;2025-09-05;36;13241.0;2414.0;0;52;0;;;0
Norte;RO;Alto Paraíso;11;110040.0;11001.0;VALE DO JAMARI;2025-09-05;36;21428.0;4864.0;0;66;0;;;0
Norte;RO;Buritis;11;110045.0;11001.0;VALE DO JAMARI;2025-09-05;36;39654.0;14690.0;0;108;0;;;0
Norte;RO;Novo Horizonte do Oeste;11;110050.0;11005.0;ZONA DA MATA;2025-09-05;36;8538.0;1463.0;0;24;0;;;0
Norte;RO;Cacaulândia;11;110060.0;11001.0;VALE DO JAMARI;2025-09-05;36;6230.0;2494.0;0;18;0;;;0
Norte;RO;Campo Novo de Rondônia;11;110070.0;11001.0;VALE DO JAMARI;2025-09-05;36;14139.0;4020.0;0;29;0;;;0
Norte;RO;Candeias do Jamari;11;110080.0;11004.0;MADEIRA-MAMORE;2025-09-05;36;26693.0;6464.0;0;88;0;;;1
Norte;RO;Castanheiras;11;110090.0;11005.0;ZONA DA MATA;2025-09-05;36;3052.0;535.0;0;11;0;;;0
Norte;RO;Chupinguaia;11;110092.0;11006.0;CONE SUL;2025-09-05;36;11182.0;3178.0;0;29;0;;;0
Norte;RO;Cujubim;11;110094.0;11001.0;VALE DO JAMARI;2025-09-05;36;25215.0;5246.0;0;45;0;;;0
Norte;RO;Governador Jorge Teixeira;11;110100.0;11003.0;CENTRAL;2025-09-05;36;7767.0;1428.0;0;22;0;;;0
Norte;RO;Itapuã do Oeste;11;110110.0;11004.0;MADEIRA-MAMORE;2025-09-05;36;10458.0;2591.0;0;21;0;;;0
Norte;RO;Ministro Andreazza;11;110120.0;11002.0;CAFE;2025-09-05;36;9660.0;1428.0;0;16;0;;;0
Norte;RO;Mirante da Serra;11;110130.0;11003.0;CENTRAL;2025-09-05;36;10947.0;2189.0;0;18;0;;;0
Norte;RO;Monte Negro;11;110140.0;11001.0;VALE DO JAMARI;2025-09-05;36;15852.0;4930.0;0;40;0;;;0
Norte;RO;Nova União;11;110143.0;11003.0;CENTRAL;2025-09-05;36;6970.0;1571.0;0;17;0;;;0
Norte;RO;Parecis;11;110145.0;11005.0;ZONA DA MATA;2025-09-05;36;6074.0;911.0;0;10;0;;;0
Norte;RO;Pimenteiras do Oeste;11;110146.0;11006.0;CONE SUL;2025-09-05;36;2169.0;851.0;0;17;0;;;0
Norte;RO;Primavera de Rondônia;11;110147.0;11002.0;CAFE;2025-09-05;36;2856.0;609.0;0;7;0;;;0
Norte;RO;São Felipe D'Oeste;11;110148.0;11002.0;CAFE;2025-09-05;36;5172.0;1860.0;0;19;0;;;0
Norte;RO;São Francisco do Guaporé;11;110149.0;11007.0;VALE DO GUAPORE;2025-09-05;36;20266.0;6346.0;0;63;0;;;0
Norte;RO;Seringueiras;11;110150.0;11007.0;VALE DO GUAPORE;2025-09-05;36;11856.0;3822.0;0;25;0;;;0
Norte;RO;Teixeirópolis;11;110155.0;11003.0;CENTRAL;2025-09-05;36;4308.0;1285.0;0;9;0;;;0
Norte;RO;Theobroma;11;110160.0;11003.0;CENTRAL;2025-09-05;36;10444.0;1632.0;0;28;0;;;0
Norte;RO;Urupá;11;110170.0;11003.0;CENTRAL;2025-09-05;36;11467.0;3413.0;0;41;0;;;0
Norte;RO;Vale do Anari;11;110175.0;11003.0;CENTRAL;2025-09-05;36;11204.0;3015.0;0;26;0;;;0
Norte;RO;Vale do Paraíso;11;110180.0;11003.0;CENTRAL;2025-09-05;36;6825.0;2051.0;0;29;0;;;0
Norte;AC;Acrelândia;12;120001.0;12002.0;BAIXO ACRE E PURUS;2025-09-05;36;15256.0;3802.0;0;40;0;;;0
Norte;AC;Assis Brasil;12;120005.0;12001.0;ALTO ACRE;2025-09-05;36;7417.0;2383.0;0;27;0;;;0
Norte;AC;Brasiléia;12;120010.0;12001.0;ALTO ACRE;2025-09-05;36;26278.0;4391.0;0;53;0;;;0
Norte;AC;Bujari;12;120013.0;12002.0;BAIXO ACRE E PURUS;2025-09-05;36;10266.0;1701.0;0;21;0;;;0
Norte;AC;Capixaba;12;120017.0;12002.0;BAIXO ACRE E PURUS;2025-09-05;36;11733.0;1242.0;0;20;0;;;0
Norte;AC;Cruzeiro do Sul;12;120020.0;12003.0;JURUA E TARAUACA/ENVIRA;2025-09-05;36;88376.0;19561.0;0;197;0;;;0
Norte;AC;Epitaciolândia;12;120025.0;12001.0;ALTO ACRE;2025-09-05;36;18411.0;2369.0;0;41;0;;;0
Norte;AC;Feijó;12;120030.0;12003.0;JURUA E TARAUACA/ENVIRA;2025-09-05;36;34780.0;4285.0;0;71;0;;;0
Norte;AC;Jordão;12;120032.0;12002.0;BAIXO ACRE E PURUS;2025-09-05;36;8317.0;775.0;0;2;0;;;0
Norte;AC;Mâncio Lima;12;120033.0;12003.0;JURUA E TARAUACA/ENVIRA;2025-09-05;36;18977.0;3181.0;0;38;0;;;0
Norte;AC;Manoel Urbano;12;120034.0;12002.0;BAIXO ACRE E PURUS;2025-09-05;36;9459.0;1244.0;0;18;0;;;0
Norte;AC;Marechal Thaumaturgo;12;120035.0;12003.0;JURUA E TARAUACA/ENVIRA;2025-09-05;36;18867.0;2010.0;0;16;0;;;0
Norte;AC;Plácido de Castro;12;120038.0;12002.0;BAIXO ACRE E PURUS;2025-09-05;36;19761.0;4187.0;0;29;0;;;0
Norte;AC;Porto Walter;12;120039.0;12003.0;JURUA E TARAUACA/ENVIRA;2025-09-05;36;11982.0;644.0;0;7;0;;;0
Norte;AC;Rio Branco;12;120040.0;12002.0;BAIXO ACRE E PURUS;2025-09-05;36;407319.0;94218.0;0;1250;0;;;1
Norte;AC;Rodrigues Alves;12;120042.0;12003.0;JURUA E TARAUACA/ENVIRA;2025-09-05;36;18930.0;1224.0;0;15;0;;;0
Norte;AC;Santa Rosa do Purus;12;120043.0;12002.0;BAIXO ACRE E PURUS;2025-09-05;36;6540.0;1223.0;0;7;0;;;0
Norte;AC;Senador Guiomard;12;120045.0;12002.0;BAIXO ACRE E PURUS;2025-09-05;36;23024.0;3511.0;0;44;0;;;0
Norte;AC;Sena Madureira;12;120050.0;12002.0;BAIXO ACRE E PURUS;2025-09-05;36;45848.0;9380.0;0;91;0;;;0
Norte;AC;Tarauacá;12;120060.0;12003.0;JURUA E TARAUACA/ENVIRA;2025-09-05;36;42567.0;7169.0;0;54;0;;;0
Norte;AC;Xapuri;12;120070.0;12001.0;ALTO ACRE;2025-09-05;36;19323.0;3719.0;0;35;0;;;0
Norte;AC;Porto Acre;12;120080.0;12002.0;BAIXO ACRE E PURUS;2025-09-05;36;18504.0;2758.0;0;42;0;;;0
Norte;AM;Alvarães;13;130002.0;13008.0;TRIANGULO;2025-09-05;36;16041.0;4124.0;0;46;0;;;0
Norte;AM;Amaturá;13;130006.0;13009.0;ALTO SOLIMOES;2025-09-05;36;11536.0;2663.0;0;19;0;;;0
Norte;AM;Anamã;13;130008.0;13002.0;RIO NEGRO E SOLIMOES;2025-09-05;36;13614.0;2566.0;0;11;0;;;0
Norte;AM;Anori;13;130010.0;13002.0;RIO NEGRO E SOLIMOES;2025-09-05;36;21010.0;2671.0;0;33;0;;;0
Norte;AM;Apuí;13;130014.0;13003.0;RIO MADEIRA;2025-09-05;36;21973.0;2549.0;0;36;0;;;0
Norte;AM;Atalaia do Norte;13;130020.0;13009.0;ALTO SOLIMOES;2025-09-05;36;19921.0;4377.0;0;12;0;;;0
Norte;AM;Autazes;13;130030.0;13001.0;MANAUS, ENTORNO E ALTO RIO NEGRO;2025-09-05;36;39565.0;4258.0;0;103;0;;;1
Norte;AM;Barcelos;13;130040.0;13001.0;MANAUS, ENTORNO E ALTO RIO NEGRO;2025-09-05;36;27502.0;5470.0;0;61;0;;;0
Norte;AM;Barreirinha;13;130050.0;13005.0;BAIXO AMAZONAS;2025-09-05;36;32041.0;4164.0;0;69;0;;;0
Norte;AM;Benjamin Constant;13;130060.0;13009.0;ALTO SOLIMOES;2025-09-05;36;42984.0;4163.0;0;90;0;;;0
Norte;AM;Beruri;13;130063.0;13002.0;RIO NEGRO E SOLIMOES;2025-09-05;36;19679.0;2998.0;0;36;0;;;0
Norte;AM;Boa Vista do Ramos;13;130068.0;13005.0;BAIXO AMAZONAS;2025-09-05;36;19207.0;1994.0;0;14;0;;;0
Norte;AM;Boca do Acre;13;130070.0;13006.0;REGIONAL PURUS;2025-09-05;36;34308.0;5034.0;0;34;0;;;0
Norte;AM;Borba;13;130080.0;13003.0;RIO MADEIRA;2025-09-05;36;41161.0;4320.0;0;71;0;;;0
Norte;AM;Caapiranga;13;130083.0;13002.0;RIO NEGRO E SOLIMOES;2025-09-05;36;13081.0;1178.0;0;24;0;;;0
Norte;AM;Canutama;13;130090.0;13006.0;REGIONAL PURUS;2025-09-05;36;15629.0;2080.0;0;11;0;;;0
Norte;AM;Carauari;13;130100.0;13007.0;REGIONAL JURUA;2025-09-05;36;28294.0;8632.0;0;60;0;;;0
Norte;AM;Careiro;13;130110.0;13001.0;MANAUS, ENTORNO E ALTO RIO NEGRO;2025-09-05;36;37869.0;6915.0;0;93;0;;;1
Norte;AM;Careiro da Várzea;13;130115.0;13001.0;MANAUS, ENTORNO E ALTO RIO NEGRO;2025-09-05;36;30225.0;2446.0;0;28;0;;;1
Norte;AM;Coari;13;130120.0;13002.0;RIO NEGRO E SOLIMOES;2025-09-05;36;85097.0;12114.0;0;249;0;;;0
Norte;AM;Codajás;13;130130.0;13002.0;RIO NEGRO E SOLIMOES;2025-09-05;36;28637.0;3258.0;0;28;0;;;0
Norte;AM;Eirunepé;13;130140.0;13007.0;REGIONAL JURUA;2025-09-05;36;35273.0;6075.0;0;35;0;;;0
Norte;AM;Envira;13;130150.0;13007.0;REGIONAL JURUA;2025-09-05;36;20033.0;3754.0;0;16;0;;;0
Norte;AM;Fonte Boa;13;130160.0;13009.0;ALTO SOLIMOES;2025-09-05;36;17609.0;1907.0;0;45;0;;;0
Norte;AM;Guajará;13;130165.0;13007.0;REGIONAL JURUA;2025-09-05;36;16678.0;2342.0;0;32;0;;;0
Norte;AM;Humaitá;13;130170.0;13003.0;RIO MADEIRA;2025-09-05;36;55080.0;12649.0;0;160;0;;;0
Norte;AM;Ipixuna;13;130180.0;13007.0;REGIONAL JURUA;2025-09-05;36;29689.0;6819.0;0;23;0;;;0
Norte;AM;Iranduba;13;130185.0;13001.0;MANAUS, ENTORNO E ALTO RIO NEGRO;2025-09-05;36;48296.0;14502.0;0;178;0;;;1
Norte;AM;Itacoatiara;13;130190.0;13004.0;MEDIO AMAZONAS;2025-09-05;36;101337.0;18083.0;0;340;0;;;1
Norte;AM;Itamarati;13;130195.0;13007.0;REGIONAL JURUA;2025-09-05;36;7851.0;1135.0;0;9;0;;;0
Norte;AM;Itapiranga;13;130200.0;13004.0;MEDIO AMAZONAS;2025-09-05;36;9148.0;4075.0;0;46;0;;;1
Norte;AM;Japurá;13;130210.0;13008.0;TRIANGULO;2025-09-05;36;2755.0;1267.0;0;12;0;;;0
Norte;AM;Juruá;13;130220.0;13008.0;TRIANGULO;2025-09-05;36;14712.0;1124.0;0;19;0;;;0
Norte;AM;Jutaí;13;130230.0;13009.0;ALTO SOLIMOES;2025-09-05;36;14317.0;5444.0;0;44;0;;;0
Norte;AM;Lábrea;13;130240.0;13006.0;REGIONAL PURUS;2025-09-05;36;46069.0;10444.0;0;87;0;;;0
Norte;AM;Manacapuru;13;130250.0;13002.0;RIO NEGRO E SOLIMOES;2025-09-05;36;97377.0;13147.0;0;421;0;;;1
Norte;AM;Manaquiri;13;130255.0;13001.0;MANAUS, ENTORNO E ALTO RIO NEGRO;2025-09-05;36;32105.0;3274.0;0;55;0;;;1
Norte;AM;Manaus;13;130260.0;13001.0;MANAUS, ENTORNO E ALTO RIO NEGRO;2025-09-05;36;2182763.0;324653.0;0;9999;0;;;1
Norte;AM;Manicoré;13;130270.0;13003.0;RIO MADEIRA;2025-09-05;36;55751.0;8998.0;0;110;0;;;0
Norte;AM;Maraã;13;130280.0;13008.0;TRIANGULO;2025-09-05;36;18224.0;2984.0;0;23;0;;;0
Norte;AM;Maués;13;130290.0;13005.0;BAIXO AMAZONAS;2025-09-05;36;63905.0;8023.0;0;139;0;;;0
Norte;AM;Nhamundá;13;130300.0;13005.0;BAIXO AMAZONAS;2025-09-05;36;21173.0;2364.0;0;42;0;;;0
Norte;AM;Nova Olinda do Norte;13;130310.0;13001.0;MANAUS, ENTORNO E ALTO RIO NEGRO;2025-09-05;36;37378.0;3272.0;0;71;0;;;0
Norte;AM;Novo Airão;13;130320.0;13002.0;RIO NEGRO E SOLIMOES;2025-09-05;36;19454.0;3956.0;0;37;0;;;1
Norte;AM;Novo Aripuanã;13;130330.0;13003.0;RIO MADEIRA;2025-09-05;36;25644.0;3566.0;0;31;0;;;0
Norte;AM;Parintins;13;130340.0;13005.0;BAIXO AMAZONAS;2025-09-05;36;114273.0;12743.0;0;360;0;;;0
Norte;AM;Pauini;13;130350.0;13006.0;REGIONAL PURUS;2025-09-05;36;19426.0;3735.0;0;26;0;;;0
Norte;AM;Presidente Figueiredo;13;130353.0;13001.0;MANAUS, ENTORNO E ALTO RIO NEGRO;2025-09-05;36;36279.0;8709.0;0;123;0;;;1
Norte;AM;Rio Preto da Eva;13;130356.0;13001.0;MANAUS, ENTORNO E ALTO RIO NEGRO;2025-09-05;36;33347.0;7603.0;0;86;0;;;1
Norte;AM;Santa Isabel do Rio Negro;13;130360.0;13001.0;MANAUS, ENTORNO E ALTO RIO NEGRO;2025-09-05;36;25156.0;3246.0;0;57;0;;;0
Norte;AM;Santo Antônio do Içá;13;130370.0;13009.0;ALTO SOLIMOES;2025-09-05;36;21602.0;2433.0;0;50;0;;;0
Norte;AM;São Gabriel da Cachoeira;13;130380.0;13001.0;MANAUS, ENTORNO E ALTO RIO NEGRO;2025-09-05;36;45564.0;13313.0;0;114;0;;;0
Norte;AM;São Paulo de Olivença;13;130390.0;13009.0;ALTO SOLIMOES;2025-09-05;36;39299.0;6781.0;0;68;0;;;0
Norte;AM;São Sebastião do Uatumã;13;130395.0;13004.0;MEDIO AMAZONAS;2025-09-05;36;14020.0;2205.0;0;19;0;;;0
Norte;AM;Silves;13;130400.0;13004.0;MEDIO AMAZONAS;2025-09-05;36;9171.0;2316.0;0;22;0;;;1
Norte;AM;Tabatinga;13;130406.0;13009.0;ALTO SOLIMOES;2025-09-05;36;65844.0;5609.0;0;130;0;;;0
Norte;AM;Tapauá;13;130410.0;13006.0;REGIONAL PURUS;2025-09-05;36;17156.0;2397.0;0;27;0;;;0
Norte;AM;Tefé;13;130420.0;13008.0;TRIANGULO;2025-09-05;36;59849.0;14510.0;0;207;0;;;0
Norte;AM;Tonantins;13;130423.0;13009.0;ALTO SOLIMOES;2025-09-05;36;18755.0;2268.0;0;43;0;;;0
Norte;AM;Uarini;13;130426.0;13008.0;TRIANGULO;2025-09-05;36;13540.0;2558.0;0;26;0;;;0
Norte;AM;Urucará;13;130430.0;13004.0;MEDIO AMAZONAS;2025-09-05;36;16256.0;3407.0;0;56;0;;;0
Norte;AM;Urucurituba;13;130440.0;13004.0;MEDIO AMAZONAS;2025-09-05;36;23065.0;3954.0;0;40;0;;;0
Norte;RR;;14;140000.0;;;2025-09-05;36;;4241.0;0;23;0;;;
Norte;RR;Amajari;14;140002.0;14001.0;CENTRO NORTE;2025-09-05;36;12796.0;1678.0;0;28;0;;;0
Norte;RR;Alto Alegre;14;140005.0;14001.0;CENTRO NORTE;2025-09-05;36;15510.0;2978.0;0;42;0;;;1
Norte;RR;Boa Vista;14;140010.0;14001.0;CENTRO NORTE;2025-09-05;36;399213.0;146399.0;0;1645;0;;;1
Norte;RR;Bonfim;14;140015.0;14001.0;CENTRO NORTE;2025-09-05;36;12409.0;3483.0;0;38;0;;;1
Norte;RR;Cantá;14;140017.0;14001.0;CENTRO NORTE;2025-09-05;36;18335.0;4642.0;0;48;0;;;1
Norte;RR;Caracaraí;14;140020.0;14002.0;SUL;2025-09-05;36;21926.0;6008.0;0;64;0;;;0
Norte;RR;Caroebe;14;140023.0;14002.0;SUL;2025-09-05;36;10169.0;2414.0;0;22;0;;;0
Norte;RR;Iracema;14;140028.0;14002.0;SUL;2025-09-05;36;11950.0;1843.0;0;20;0;;;0
Norte;RR;Mucajaí;14;140030.0;14001.0;CENTRO NORTE;2025-09-05;36;17853.0;4430.0;0;49;0;;;1
Norte;RR;Normandia;14;140040.0;14001.0;CENTRO NORTE;2025-09-05;36;11290.0;1327.0;0;38;0;;;0
Norte;RR;Pacaraima;14;140045.0;14001.0;CENTRO NORTE;2025-09-05;36;17401.0;3474.0;0;56;0;;;0
Norte;RR;Rorainópolis;14;140047.0;14002.0;SUL;2025-09-05;36;30163.0;5120.0;0;74;0;;;0
Norte;RR;São João da Baliza;14;140050.0;14002.0;SUL;2025-09-05;36;8201.0;2309.0;0;15;0;;;0
Norte;RR;São Luiz;14;140060.0;14002.0;SUL;2025-09-05;36;7986.0;1281.0;0;14;0;;;0
Norte;RR;Uiramutã;14;140070.0;14001.0;CENTRO NORTE;2025-09-05;36;10559.0;1489.0;0;24;0;;;0
Norte;PA;Abaetetuba;15;150010.0;15011.0;TOCANTINS;2025-09-05;36;157698.0;13307.0;0;247;0;;;0
Norte;PA;Abel Figueiredo;15;150013.0;15003.0;CARAJAS;2025-09-05;36;7434.0;1485.0;0;13;0;;;0
Norte;PA;Acará;15;150020.0;15007.0;METROPOLITANA II;2025-09-05;36;55591.0;2633.0;0;46;0;;;0
Norte;PA;Afuá;15;150030.0;15013.0;MARAJO I;2025-09-05;36;39218.0;3724.0;0;20;0;;;0
Norte;PA;Água Azul do Norte;15;150034.0;15001.0;ARAGUAIA;2025-09-05;36;27430.0;1942.0;0;19;0;;;0
Norte;PA;Alenquer;15;150040.0;15002.0;BAIXO AMAZONAS;2025-09-05;36;56789.0;6759.0;0;181;0;;;0
Norte;PA;Almeirim;15;150050.0;15002.0;BAIXO AMAZONAS;2025-09-05;36;34109.0;4926.0;0;57;0;;;0
Norte;PA;Altamira;15;150060.0;15012.0;XINGU;2025-09-05;36;114594.0;26563.0;0;364;0;;;0
Norte;PA;Anajás;15;150070.0;15014.0;MARAJO II;2025-09-05;36;29277.0;1393.0;0;24;0;;;0
Norte;PA;Ananindeua;15;150080.0;15006.0;METROPOLITANA I;2025-09-05;36;530598.0;36216.0;0;890;0;;;1
Norte;PA;Anapu;15;150085.0;15012.0;XINGU;2025-09-05;36;27890.0;2969.0;0;71;0;;;0
Norte;PA;Augusto Corrêa;15;150090.0;15009.0;RIO CAETES;2025-09-05;36;45998.0;3269.0;0;60;0;;;0
Norte;PA;Aurora do Pará;15;150095.0;15008.0;METROPOLITANA III;2025-09-05;36;31338.0;2534.0;0;20;0;;;0
Norte;PA;Aveiro;15;150100.0;15010.0;TAPAJOS;2025-09-05;36;16388.0;1326.0;0;15;0;;;0
Norte;PA;Bagre;15;150110.0;15014.0;MARAJO II;2025-09-05;36;30673.0;1394.0;0;13;0;;;0
Norte;PA;Baião;15;150120.0;15011.0;TOCANTINS;2025-09-05;36;47446.0;1034.0;0;40;0;;;0
Norte;PA;Bannach;15;150125.0;15001.0;ARAGUAIA;2025-09-05;36;3286.0;774.0;0;3;0;;;0
Norte;PA;Barcarena;15;150130.0;15011.0;TOCANTINS;2025-09-05;36;124680.0;15782.0;0;262;0;;;0
Norte;PA;Belém;15;150140.0;15006.0;METROPOLITANA I;2025-09-05;36;1492745.0;161629.0;0;5566;0;;;1
Norte;PA;Belterra;15;150145.0;15002.0;BAIXO AMAZONAS;2025-09-05;36;17732.0;3609.0;0;50;0;;;0
Norte;PA;Benevides;15;150150.0;15006.0;METROPOLITANA I;2025-09-05;36;62737.0;7645.0;0;122;0;;;1
Norte;PA;Bom Jesus do Tocantins;15;150157.0;15003.0;CARAJAS;2025-09-05;36;16981.0;1571.0;0;29;0;;;0
Norte;PA;Bonito;15;150160.0;15009.0;RIO CAETES;2025-09-05;36;16286.0;545.0;0;18;0;;;0
Norte;PA;Bragança;15;150170.0;15009.0;RIO CAETES;2025-09-05;36;127686.0;8415.0;0;203;0;;;0
Norte;PA;Brasil Novo;15;150172.0;15012.0;XINGU;2025-09-05;36;15086.0;5034.0;0;50;0;;;0
Norte;PA;Brejo Grande do Araguaia;15;150175.0;15003.0;CARAJAS;2025-09-05;36;7380.0;1434.0;0;6;0;;;0
Norte;PA;Breu Branco;15;150178.0;15004.0;LAGO DE TUCURUI;2025-09-05;36;66046.0;1834.0;0;74;0;;;0
Norte;PA;Breves;15;150180.0;15014.0;MARAJO II;2025-09-05;36;102701.0;6864.0;0;128;0;;;0
Norte;PA;Bujaru;15;150190.0;15007.0;METROPOLITANA II;2025-09-05;36;29132.0;2120.0;0;43;0;;;0
Norte;PA;Cachoeira do Piriá;15;150195.0;15009.0;RIO CAETES;2025-09-05;36;33900.0;1810.0;0;12;0;;;0
Norte;PA;Cachoeira do Arari;15;150200.0;15013.0;MARAJO I;2025-09-05;36;23767.0;635.0;0;27;0;;;0
Norte;PA;Cametá;15;150210.0;15011.0;TOCANTINS;2025-09-05;36;137890.0;12515.0;0;322;0;;;0
Norte;PA;Canaã dos Carajás;15;150215.0;15003.0;CARAJAS;2025-09-05;36;37085.0;12234.0;0;138;0;;;0
Norte;PA;Capanema;15;150220.0;15009.0;RIO CAETES;2025-09-05;36;69027.0;8388.0;0;140;0;;;0
Norte;PA;Capitão Poço;15;150230.0;15008.0;METROPOLITANA III;2025-09-05;36;54303.0;4181.0;0;101;0;;;0
Norte;PA;Castanhal;15;150240.0;15008.0;METROPOLITANA III;2025-09-05;36;200793.0;18661.0;0;588;0;;;1
Norte;PA;Chaves;15;150250.0;15013.0;MARAJO I;2025-09-05;36;23717.0;1076.0;0;7;0;;;0
Norte;PA;Colares;15;150260.0;15007.0;METROPOLITANA II;2025-09-05;36;12085.0;1164.0;0;23;0;;;0
Norte;PA;Conceição do Araguaia;15;150270.0;15001.0;ARAGUAIA;2025-09-05;36;47864.0;10252.0;0;63;0;;;0
Norte;PA;Concórdia do Pará;15;150275.0;15007.0;METROPOLITANA II;2025-09-05;36;33318.0;3321.0;0;37;0;;;0
Norte;PA;Cumaru do Norte;15;150276.0;15001.0;ARAGUAIA;2025-09-05;36;13473.0;1558.0;0;13;0;;;0
Norte;PA;Curionópolis;15;150277.0;15003.0;CARAJAS;2025-09-05;36;17929.0;2832.0;0;39;0;;;0
Norte;PA;Curralinho;15;150280.0;15014.0;MARAJO II;2025-09-05;36;34448.0;587.0;0;36;0;;;0
Norte;PA;Curuá;15;150285.0;15002.0;BAIXO AMAZONAS;2025-09-05;36;14393.0;2963.0;0;26;0;;;0
Norte;PA;Curuçá;15;150290.0;15008.0;METROPOLITANA III;2025-09-05;36;40066.0;2975.0;0;93;0;;;0
Norte;PA;Dom Eliseu;15;150293.0;15003.0;CARAJAS;2025-09-05;36;59719.0;3332.0;0;73;0;;;0
Norte;PA;Eldorado do Carajás;15;150295.0;15003.0;CARAJAS;2025-09-05;36;33808.0;1445.0;0;37;0;;;0
Norte;PA;Faro;15;150300.0;15002.0;BAIXO AMAZONAS;2025-09-05;36;7194.0;1542.0;0;31;0;;;0
Norte;PA;Floresta do Araguaia;15;150304.0;15001.0;ARAGUAIA;2025-09-05;36;20304.0;2334.0;0;30;0;;;0
Norte;PA;Garrafão do Norte;15;150307.0;15008.0;METROPOLITANA III;2025-09-05;36;26066.0;2210.0;0;15;0;;;0
Norte;PA;Goianésia do Pará;15;150309.0;15004.0;LAGO DE TUCURUI;2025-09-05;36;40475.0;3845.0;0;40;0;;;0
Norte;PA;Gurupá;15;150310.0;15014.0;MARAJO II;2025-09-05;36;33376.0;2669.0;0;15;0;;;0
Norte;PA;Igarapé-Açu;15;150320.0;15008.0;METROPOLITANA III;2025-09-05;36;38807.0;3918.0;0;92;0;;;0
Norte;PA;Igarapé-Miri;15;150330.0;15011.0;TOCANTINS;2025-09-05;36;62698.0;4878.0;0;101;0;;;0
Norte;PA;Inhangapi;15;150340.0;15008.0;METROPOLITANA III;2025-09-05;36;11711.0;767.0;0;17;0;;;0
Norte;PA;Ipixuna do Pará;15;150345.0;15008.0;METROPOLITANA III;2025-09-05;36;64053.0;2911.0;0;50;0;;;0
Norte;PA;Irituia;15;150350.0;15008.0;METROPOLITANA III;2025-09-05;36;32550.0;2534.0;0;25;0;;;0
Norte;PA;Itaituba;15;150360.0;15010.0;TAPAJOS;2025-09-05;36;101247.0;17723.0;0;414;0;;;0
Norte;PA;Itupiranga;15;150370.0;15003.0;CARAJAS;2025-09-05;36;53269.0;2750.0;0;92;0;;;0
Norte;PA;Jacareacanga;15;150375.0;15010.0;TAPAJOS;2025-09-05;36;8239.0;3711.0;0;43;0;;;0
Norte;PA;Jacundá;15;150380.0;15004.0;LAGO DE TUCURUI;2025-09-05;36;59155.0;3308.0;0;85;0;;;0
Norte;PA;Juruti;15;150390.0;15002.0;BAIXO AMAZONAS;2025-09-05;36;57943.0;7307.0;0;183;0;;;0
Norte;PA;Limoeiro do Ajuru;15;150400.0;15011.0;TOCANTINS;2025-09-05;36;28935.0;2181.0;0;68;0;;;0
Norte;PA;Mãe do Rio;15;150405.0;15008.0;METROPOLITANA III;2025-09-05;36;30077.0;2405.0;0;84;0;;;0
Norte;PA;Magalhães Barata;15;150410.0;15008.0;METROPOLITANA III;2025-09-05;36;8548.0;868.0;0;17;0;;;0
Norte;PA;Marabá;15;150420.0;15003.0;CARAJAS;2025-09-05;36;279349.0;28198.0;0;549;0;;;0
Norte;PA;Maracanã;15;150430.0;15008.0;METROPOLITANA III;2025-09-05;36;29473.0;1070.0;0;53;0;;;0
Norte;PA;Marapanim;15;150440.0;15008.0;METROPOLITANA III;2025-09-05;36;28336.0;1347.0;0;47;0;;;0
Norte;PA;Marituba;15;150442.0;15006.0;METROPOLITANA I;2025-09-05;36;131521.0;7255.0;0;156;0;;;1
Norte;PA;Medicilândia;15;150445.0;15012.0;XINGU;2025-09-05;36;31597.0;5905.0;0;70;0;;;0
Norte;PA;Melgaço;15;150450.0;15014.0;MARAJO II;2025-09-05;36;27654.0;618.0;0;17;0;;;0
Norte;PA;Mocajuba;15;150460.0;15011.0;TOCANTINS;2025-09-05;36;31136.0;3986.0;0;67;0;;;0
Norte;PA;Moju;15;150470.0;15011.0;TOCANTINS;2025-09-05;36;82094.0;3239.0;0;76;0;;;0
Norte;PA;Mojuí dos Campos;15;150475.0;15002.0;BAIXO AMAZONAS;2025-09-05;36;16084.0;2599.0;0;35;0;;;0
Norte;PA;Monte Alegre;15;150480.0;15002.0;BAIXO AMAZONAS;2025-09-05;36;58032.0;11250.0;0;218;0;;;0
Norte;PA;Muaná;15;150490.0;15013.0;MARAJO I;2025-09-05;36;40349.0;1688.0;0;44;0;;;0
Norte;PA;Nova Esperança do Piriá;15;150495.0;15008.0;METROPOLITANA III;2025-09-05;36;21368.0;1929.0;0;12;0;;;0
Norte;PA;Nova Ipixuna;15;150497.0;15003.0;CARAJAS;2025-09-05;36;16678.0;1949.0;0;29;0;;;0
Norte;PA;Nova Timboteua;15;150500.0;15009.0;RIO CAETES;2025-09-05;36;15363.0;1257.0;0;22;0;;;0
Norte;PA;Novo Progresso;15;150503.0;15010.0;TAPAJOS;2025-09-05;36;25762.0;4227.0;0;87;0;;;0
Norte;PA;Novo Repartimento;15;150506.0;15004.0;LAGO DE TUCURUI;2025-09-05;36;75919.0;3821.0;0;120;0;;;0
Norte;PA;Óbidos;15;150510.0;15002.0;BAIXO AMAZONAS;2025-09-05;36;52137.0;9071.0;0;167;0;;;0
Norte;PA;Oeiras do Pará;15;150520.0;15011.0;TOCANTINS;2025-09-05;36;32512.0;2591.0;0;52;0;;;0
Norte;PA;Oriximiná;15;150530.0;15002.0;BAIXO AMAZONAS;2025-09-05;36;73096.0;13628.0;0;225;0;;;0
Norte;PA;Ourém;15;150540.0;15009.0;RIO CAETES;2025-09-05;36;17842.0;429.0;0;19;0;;;0
Norte;PA;Ourilândia do Norte;15;150543.0;15001.0;ARAGUAIA;2025-09-05;36;32832.0;7764.0;0;65;0;;;0
Norte;PA;Pacajá;15;150548.0;15012.0;XINGU;2025-09-05;36;47706.0;3054.0;0;63;0;;;0
Norte;PA;Palestina do Pará;15;150549.0;15003.0;CARAJAS;2025-09-05;36;7589.0;1037.0;0;13;0;;;0
Norte;PA;Paragominas;15;150550.0;15008.0;METROPOLITANA III;2025-09-05;36;113145.0;15624.0;0;270;0;;;0
Norte;PA;Parauapebas;15;150553.0;15003.0;CARAJAS;2025-09-05;36;208273.0;67438.0;0;532;0;;;0
Norte;PA;Pau D'Arco;15;150555.0;15001.0;ARAGUAIA;2025-09-05;36;5483.0;1212.0;0;12;0;;;0
Norte;PA;Peixe-Boi;15;150560.0;15009.0;RIO CAETES;2025-09-05;36;8077.0;358.0;0;4;0;;;0
Norte;PA;Piçarra;15;150563.0;15003.0;CARAJAS;2025-09-05;36;12981.0;1506.0;0;9;0;;;0
Norte;PA;Placas;15;150565.0;15002.0;BAIXO AMAZONAS;2025-09-05;36;30982.0;3055.0;0;50;0;;;0
Norte;PA;Ponta de Pedras;15;150570.0;15013.0;MARAJO I;2025-09-05;36;31082.0;4683.0;0;39;0;;;0
Norte;PA;Portel;15;150580.0;15014.0;MARAJO II;2025-09-05;36;62043.0;3926.0;0;102;0;;;0
Norte;PA;Porto de Moz;15;150590.0;15012.0;XINGU;2025-09-05;36;41135.0;1819.0;0;47;0;;;0
Norte;PA;Prainha;15;150600.0;15002.0;BAIXO AMAZONAS;2025-09-05;36;29866.0;3247.0;0;95;0;;;0
Norte;PA;Primavera;15;150610.0;15009.0;RIO CAETES;2025-09-05;36;10825.0;1185.0;0;23;0;;;0
Norte;PA;Quatipuru;15;150611.0;15009.0;RIO CAETES;2025-09-05;36;13608.0;1009.0;0;19;0;;;0
Norte;PA;Redenção;15;150613.0;15001.0;ARAGUAIA;2025-09-05;36;84787.0;21787.0;0;303;0;;;0
Norte;PA;Rio Maria;15;150616.0;15001.0;ARAGUAIA;2025-09-05;36;18193.0;3464.0;0;45;0;;;0
Norte;PA;Rondon do Pará;15;150618.0;15003.0;CARAJAS;2025-09-05;36;52357.0;3811.0;0;94;0;;;0
Norte;PA;Rurópolis;15;150619.0;15010.0;TAPAJOS;2025-09-05;36;50510.0;6944.0;0;87;0;;;0
Norte;PA;Salinópolis;15;150620.0;15009.0;RIO CAETES;2025-09-05;36;40675.0;1769.0;0;114;0;;;0
Norte;PA;Salvaterra;15;150630.0;15013.0;MARAJO I;2025-09-05;36;23752.0;2208.0;0;32;0;;;0
Norte;PA;Santa Bárbara do Pará;15;150635.0;15006.0;METROPOLITANA I;2025-09-05;36;21079.0;1690.0;0;30;0;;;1
Norte;PA;Santa Cruz do Arari;15;150640.0;15013.0;MARAJO I;2025-09-05;36;10128.0;269.0;0;12;0;;;0
Norte;PA;Santa Izabel do Pará;15;150650.0;15007.0;METROPOLITANA II;2025-09-05;36;70801.0;4305.0;0;112;0;;;1
Norte;PA;Santa Luzia do Pará;15;150655.0;15009.0;RIO CAETES;2025-09-05;36;19848.0;2284.0;0;27;0;;;0
Norte;PA;Santa Maria das Barreiras;15;150658.0;15001.0;ARAGUAIA;2025-09-05;36;21449.0;988.0;0;13;0;;;0
Norte;PA;Santa Maria do Pará;15;150660.0;15008.0;METROPOLITANA III;2025-09-05;36;24861.0;1836.0;0;39;0;;;0
Norte;PA;Santana do Araguaia;15;150670.0;15001.0;ARAGUAIA;2025-09-05;36;72817.0;4796.0;0;49;0;;;0
Norte;PA;Santarém;15;150680.0;15002.0;BAIXO AMAZONAS;2025-09-05;36;304589.0;45756.0;0;1427;0;;;0
Norte;PA;Santarém Novo;15;150690.0;15009.0;RIO CAETES;2025-09-05;36;6709.0;950.0;0;9;0;;;0
Norte;PA;Santo Antônio do Tauá;15;150700.0;15007.0;METROPOLITANA II;2025-09-05;36;31482.0;2935.0;0;60;0;;;0
Norte;PA;São Caetano de Odivelas;15;150710.0;15007.0;METROPOLITANA II;2025-09-05;36;18050.0;2253.0;0;36;0;;;0
Norte;PA;São Domingos do Araguaia;15;150715.0;15003.0;CARAJAS;2025-09-05;36;25557.0;3924.0;0;61;0;;;0
Norte;PA;São Domingos do Capim;15;150720.0;15008.0;METROPOLITANA III;2025-09-05;36;31989.0;1715.0;0;37;0;;;0
Norte;PA;São Félix do Xingu;15;150730.0;15001.0;ARAGUAIA;2025-09-05;36;128481.0;4501.0;0;41;0;;;0
Norte;PA;São Francisco do Pará;15;150740.0;15008.0;METROPOLITANA III;2025-09-05;36;15882.0;1354.0;0;42;0;;;0
Norte;PA;São Geraldo do Araguaia;15;150745.0;15003.0;CARAJAS;2025-09-05;36;24847.0;2741.0;0;57;0;;;0
Norte;PA;São João da Ponta;15;150746.0;15008.0;METROPOLITANA III;2025-09-05;36;6139.0;236.0;0;11;0;;;0
Norte;PA;São João de Pirabas;15;150747.0;15009.0;RIO CAETES;2025-09-05;36;23045.0;495.0;0;48;0;;;0
Norte;PA;São João do Araguaia;15;150750.0;15003.0;CARAJAS;2025-09-05;36;13996.0;735.0;0;12;0;;;0
Norte;PA;São Miguel do Guamá;15;150760.0;15008.0;METROPOLITANA III;2025-09-05;36;58986.0;5676.0;0;79;0;;;0
Norte;PA;São Sebastião da Boa Vista;15;150770.0;15013.0;MARAJO I;2025-09-05;36;26640.0;1119.0;0;33;0;;;0
Norte;PA;Sapucaia;15;150775.0;15001.0;ARAGUAIA;2025-09-05;36;5930.0;417.0;0;5;0;;;0
Norte;PA;Senador José Porfírio;15;150780.0;15012.0;XINGU;2025-09-05;36;11658.0;963.0;0;21;0;;;0
Norte;PA;Soure;15;150790.0;15013.0;MARAJO I;2025-09-05;36;25374.0;782.0;0;26;0;;;0
Norte;PA;Tailândia;15;150795.0;15004.0;LAGO DE TUCURUI;2025-09-05;36;106339.0;12483.0;0;135;0;;;0
Norte;PA;Terra Alta;15;150796.0;15008.0;METROPOLITANA III;2025-09-05;36;11720.0;1172.0;0;26;0;;;0
Norte;PA;Terra Santa;15;150797.0;15002.0;BAIXO AMAZONAS;2025-09-05;36;18769.0;2034.0;0;63;0;;;0
Norte;PA;Tomé-Açu;15;150800.0;15007.0;METROPOLITANA II;2025-09-05;36;63447.0;5426.0;0;102;0;;;0
Norte;PA;Tracuateua;15;150803.0;15009.0;RIO CAETES;2025-09-05;36;30959.0;770.0;0;29;0;;;0
Norte;PA;Trairão;15;150805.0;15010.0;TAPAJOS;2025-09-05;36;18989.0;2125.0;0;30;0;;;0
Norte;PA;Tucumã;15;150808.0;15001.0;ARAGUAIA;2025-09-05;36;39602.0;6227.0;0;88;0;;;0
Norte;PA;Tucuruí;15;150810.0;15004.0;LAGO DE TUCURUI;2025-09-05;36;113659.0;11692.0;0;291;0;;;0
Norte;PA;Ulianópolis;15;150812.0;15008.0;METROPOLITANA III;2025-09-05;36;59210.0;2899.0;0;34;0;;;0
Norte;PA;Uruará;15;150815.0;15012.0;XINGU;2025-09-05;36;45476.0;5085.0;0;104;0;;;0
Norte;PA;Vigia;15;150820.0;15007.0;METROPOLITANA II;2025-09-05;36;53686.0;4125.0;0;103;0;;;0
Norte;PA;Viseu;15;150830.0;15009.0;RIO CAETES;2025-09-05;36;61403.0;1692.0;0;38;0;;;0
Norte;PA;Vitória do Xingu;15;150835.0;15012.0;XINGU;2025-09-05;36;15134.0;3998.0;0;32;0;;;0
Norte;PA;Xinguara;15;150840.0;15001.0;ARAGUAIA;2025-09-05;36;44751.0;5591.0;0;87;0;;;0
Norte;AP;Serra do Navio;16;160005.0;16001.0;AREA CENTRAL;2025-09-05;36;5397.0;2054.0;0;5;0;;;0
Norte;AP;Amapá;16;160010.0;16002.0;AREA NORTE;2025-09-05;36;9109.0;2186.0;0;14;0;;;0
Norte;AP;Pedra Branca do Amapari;16;160015.0;16001.0;AREA CENTRAL;2025-09-05;36;16502.0;4463.0;0;14;0;;;0
Norte;AP;Calçoene;16;160020.0;16002.0;AREA NORTE;2025-09-05;36;11117.0;3413.0;0;15;0;;;0
Norte;AP;Cutias;16;160021.0;16001.0;AREA CENTRAL;2025-09-05;36;5983.0;1202.0;0;7;0;;;0
Norte;AP;Ferreira Gomes;16;160023.0;16001.0;AREA CENTRAL;2025-09-05;36;7780.0;2281.0;0;7;0;;;0
Norte;AP;Itaubal;16;160025.0;16001.0;AREA CENTRAL;2025-09-05;36;5503.0;984.0;0;3;0;;;0
Norte;AP;Laranjal do Jari;16;160027.0;16003.0;AREA SUDOESTE;2025-09-05;36;50410.0;11312.0;0;98;0;;;0
Norte;AP;Macapá;16;160030.0;16001.0;AREA CENTRAL;2025-09-05;36;503327.0;103512.0;0;1619;0;;;1
Norte;AP;Mazagão;16;160040.0;16003.0;AREA SUDOESTE;2025-09-05;36;21632.0;4876.0;0;28;0;;;1
Norte;AP;Oiapoque;16;160050.0;16002.0;AREA NORTE;2025-09-05;36;27270.0;8718.0;0;55;0;;;0
Norte;AP;Porto Grande;16;160053.0;16001.0;AREA CENTRAL;2025-09-05;36;21971.0;4085.0;0;31;0;;;0
Norte;AP;Pracuúba;16;160055.0;16002.0;AREA NORTE;2025-09-05;36;5120.0;622.0;0;6;0;;;0
Norte;AP;Santana;16;160060.0;16003.0;AREA SUDOESTE;2025-09-05;36;121364.0;36195.0;0;229;0;;;1
Norte;AP;Tartarugalzinho;16;160070.0;16002.0;AREA NORTE;2025-09-05;36;17315.0;4075.0;0;19;0;;;0
Norte;AP;Vitória do Jari;16;160080.0;16003.0;AREA SUDOESTE;2025-09-05;36;15931.0;4540.0;0;28;0;;;0
Norte;TO;;17;170000.0;;;2025-09-05;36;;0.0;0;0;0;;;
Norte;TO;Abreulândia;17;170025.0;17007.0;CANTAO;2025-09-05;36;2579.0;527.0;0;8;0;;;0
Norte;TO;Aguiarnópolis;17;170030.0;17002.0;BICO DO PAPAGAIO;2025-09-05;36;6733.0;1261.0;0;15;0;;;0
Norte;TO;Aliança do Tocantins;17;170035.0;17005.0;ILHA DO BANANAL;2025-09-05;36;5390.0;1427.0;0;26;0;;;0
Norte;TO;Almas;17;170040.0;17003.0;SUDESTE;2025-09-05;36;7055.0;384.0;0;5;0;;;0
Norte;TO;Alvorada;17;170070.0;17005.0;ILHA DO BANANAL;2025-09-05;36;8412.0;3987.0;0;34;0;;;0
Norte;TO;Ananás;17;170100.0;17002.0;BICO DO PAPAGAIO;2025-09-05;36;9549.0;2582.0;0;30;0;;;0
Norte;TO;Angico;17;170105.0;17002.0;BICO DO PAPAGAIO;2025-09-05;36;3433.0;259.0;0;5;0;;;0
Norte;TO;Aparecida do Rio Negro;17;170110.0;17006.0;CAPIM DOURADO;2025-09-05;36;4795.0;484.0;0;13;0;;;1
Norte;TO;Aragominas;17;170130.0;17001.0;MEDIO NORTE ARAGUAIA;2025-09-05;36;5758.0;1240.0;0;11;0;;;0
Norte;TO;Araguacema;17;170190.0;17007.0;CANTAO;2025-09-05;36;7086.0;1580.0;0;20;0;;;0
Norte;TO;Araguaçu;17;170200.0;17005.0;ILHA DO BANANAL;2025-09-05;36;8517.0;2357.0;0;27;0;;;0
Norte;TO;Araguaína;17;170210.0;17001.0;MEDIO NORTE ARAGUAIA;2025-09-05;36;180470.0;55620.0;0;621;0;;;0
Norte;TO;Araguanã;17;170215.0;17001.0;MEDIO NORTE ARAGUAIA;2025-09-05;36;5729.0;642.0;0;16;0;;;0
Norte;TO;Araguatins;17;170220.0;17002.0;BICO DO PAPAGAIO;2025-09-05;36;35761.0;3864.0;0;76;0;;;0
Norte;TO;Arapoema;17;170230.0;17004.0;CERRADO TOCANTINS ARAGUAIA;2025-09-05;36;6643.0;817.0;0;12;0;;;0
Norte;TO;Arraias;17;170240.0;17003.0;SUDESTE;2025-09-05;36;10567.0;1844.0;0;14;0;;;0
Norte;TO;Augustinópolis;17;170255.0;17002.0;BICO DO PAPAGAIO;2025-09-05;36;18412.0;2546.0;0;33;0;;;0
Norte;TO;Aurora do Tocantins;17;170270.0;17003.0;SUDESTE;2025-09-05;36;3757.0;642.0;0;8;0;;;0
Norte;TO;Axixá do Tocantins;17;170290.0;17002.0;BICO DO PAPAGAIO;2025-09-05;36;9756.0;1472.0;0;24;0;;;0
Norte;TO;Babaçulândia;17;170300.0;17001.0;MEDIO NORTE ARAGUAIA;2025-09-05;36;10664.0;930.0;0;8;0;;;0
Norte;TO;Bandeirantes do Tocantins;17;170305.0;17004.0;CERRADO TOCANTINS ARAGUAIA;2025-09-05;36;3553.0;945.0;0;9;0;;;0
Norte;TO;Barra do Ouro;17;170307.0;17001.0;MEDIO NORTE ARAGUAIA;2025-09-05;36;4591.0;219.0;0;8;0;;;0
Norte;TO;Barrolândia;17;170310.0;17007.0;CANTAO;2025-09-05;36;5632.0;935.0;0;21;0;;;1
Norte;TO;Bernardo Sayão;17;170320.0;17004.0;CERRADO TOCANTINS ARAGUAIA;2025-09-05;36;4459.0;1307.0;0;13;0;;;0
Norte;TO;Bom Jesus do Tocantins;17;170330.0;17004.0;CERRADO TOCANTINS ARAGUAIA;2025-09-05;36;4894.0;215.0;0;3;0;;;0
Norte;TO;Brasilândia do Tocantins;17;170360.0;17004.0;CERRADO TOCANTINS ARAGUAIA;2025-09-05;36;2201.0;358.0;0;6;0;;;0
Norte;TO;Brejinho de Nazaré;17;170370.0;17008.0;AMOR PERFEITO;2025-09-05;36;5497.0;1606.0;0;21;0;;;1
Norte;TO;Buriti do Tocantins;17;170380.0;17002.0;BICO DO PAPAGAIO;2025-09-05;36;11348.0;1851.0;0;28;0;;;0
Norte;TO;Cachoeirinha;17;170382.0;17002.0;BICO DO PAPAGAIO;2025-09-05;36;2275.0;139.0;0;2;0;;;0
Norte;TO;Campos Lindos;17;170384.0;17001.0;MEDIO NORTE ARAGUAIA;2025-09-05;36;10116.0;699.0;0;6;0;;;0
Norte;TO;Cariri do Tocantins;17;170386.0;17005.0;ILHA DO BANANAL;2025-09-05;36;4382.0;1974.0;0;18;0;;;0
Norte;TO;Carmolândia;17;170388.0;17001.0;MEDIO NORTE ARAGUAIA;2025-09-05;36;2580.0;697.0;0;7;0;;;0
Norte;TO;Carrasco Bonito;17;170389.0;17002.0;BICO DO PAPAGAIO;2025-09-05;36;4095.0;904.0;0;7;0;;;0
Norte;TO;Caseara;17;170390.0;17007.0;CANTAO;2025-09-05;36;5369.0;790.0;0;16;0;;;0
Norte;TO;Centenário;17;170410.0;17004.0;CERRADO TOCANTINS ARAGUAIA;2025-09-05;36;2905.0;668.0;0;7;0;;;0
Norte;TO;Chapada de Areia;17;170460.0;17007.0;CANTAO;2025-09-05;36;1406.0;244.0;0;3;0;;;0
Norte;TO;Chapada da Natividade;17;170510.0;17008.0;AMOR PERFEITO;2025-09-05;36;3333.0;396.0;0;3;0;;;0
Norte;TO;Colinas do Tocantins;17;170550.0;17004.0;CERRADO TOCANTINS ARAGUAIA;2025-09-05;36;35424.0;11096.0;0;166;0;;;0
Norte;TO;Combinado;17;170555.0;17003.0;SUDESTE;2025-09-05;36;4852.0;1614.0;0;17;0;;;0
Norte;TO;Conceição do Tocantins;17;170560.0;17003.0;SUDESTE;2025-09-05;36;4105.0;694.0;0;12;0;;;0
Norte;TO;Couto Magalhães;17;170600.0;17004.0;CERRADO TOCANTINS ARAGUAIA;2025-09-05;36;5588.0;1470.0;0;10;0;;;0
Norte;TO;Cristalândia;17;170610.0;17007.0;CANTAO;2025-09-05;36;7289.0;832.0;0;19;0;;;0
Norte;TO;Crixás do Tocantins;17;170625.0;17005.0;ILHA DO BANANAL;2025-09-05;36;1722.0;421.0;0;0;0;;;0
Norte;TO;Darcinópolis;17;170650.0;17001.0;MEDIO NORTE ARAGUAIA;2025-09-05;36;6097.0;1148.0;0;14;0;;;0
Norte;TO;Dianópolis;17;170700.0;17003.0;SUDESTE;2025-09-05;36;22139.0;4042.0;0;47;0;;;0
Norte;TO;Divinópolis do Tocantins;17;170710.0;17007.0;CANTAO;2025-09-05;36;6900.0;1509.0;0;12;0;;;0
Norte;TO;Dois Irmãos do Tocantins;17;170720.0;17007.0;CANTAO;2025-09-05;36;7198.0;1344.0;0;21;0;;;0
Norte;TO;Dueré;17;170730.0;17005.0;ILHA DO BANANAL;2025-09-05;36;4686.0;568.0;0;10;0;;;0
Norte;TO;Esperantina;17;170740.0;17002.0;BICO DO PAPAGAIO;2025-09-05;36;10996.0;1143.0;0;23;0;;;0
Norte;TO;Fátima;17;170755.0;17008.0;AMOR PERFEITO;2025-09-05;36;3835.0;1061.0;0;10;0;;;1
Norte;TO;Figueirópolis;17;170765.0;17005.0;ILHA DO BANANAL;2025-09-05;36;5263.0;1820.0;0;24;0;;;0
Norte;TO;Filadélfia;17;170770.0;17001.0;MEDIO NORTE ARAGUAIA;2025-09-05;36;8856.0;931.0;0;14;0;;;0
Norte;TO;Formoso do Araguaia;17;170820.0;17005.0;ILHA DO BANANAL;2025-09-05;36;18440.0;5665.0;0;74;0;;;0
Norte;TO;Tabocão;17;170825.0;17006.0;CAPIM DOURADO;2025-09-05;36;2589.0;745.0;0;10;0;;;0
Norte;TO;Goianorte;17;170830.0;17004.0;CERRADO TOCANTINS ARAGUAIA;2025-09-05;36;5123.0;627.0;0;8;0;;;0
Norte;TO;Goiatins;17;170900.0;17001.0;MEDIO NORTE ARAGUAIA;2025-09-05;36;13019.0;1282.0;0;18;0;;;0
Norte;TO;Guaraí;17;170930.0;17004.0;CERRADO TOCANTINS ARAGUAIA;2025-09-05;36;25923.0;4468.0;0;83;0;;;0
Norte;TO;Gurupi;17;170950.0;17005.0;ILHA DO BANANAL;2025-09-05;36;86647.0;28783.0;0;306;0;;;0
Norte;TO;Ipueiras;17;170980.0;17008.0;AMOR PERFEITO;2025-09-05;36;2015.0;229.0;0;4;0;;;1
Norte;TO;Itacajá;17;171050.0;17004.0;CERRADO TOCANTINS ARAGUAIA;2025-09-05;36;7433.0;2035.0;0;17;0;;;0
Norte;TO;Itaguatins;17;171070.0;17002.0;BICO DO PAPAGAIO;2025-09-05;36;5864.0;1060.0;0;18;0;;;0
Norte;TO;Itapiratins;17;171090.0;17004.0;CERRADO TOCANTINS ARAGUAIA;2025-09-05;36;3777.0;702.0;0;12;0;;;0
Norte;TO;Itaporã do Tocantins;17;171110.0;17004.0;CERRADO TOCANTINS ARAGUAIA;2025-09-05;36;2427.0;1196.0;0;4;0;;;0
Norte;TO;Jaú do Tocantins;17;171150.0;17005.0;ILHA DO BANANAL;2025-09-05;36;3849.0;601.0;0;14;0;;;0
Norte;TO;Juarina;17;171180.0;17004.0;CERRADO TOCANTINS ARAGUAIA;2025-09-05;36;2193.0;171.0;0;3;0;;;0
Norte;TO;Lagoa da Confusão;17;171190.0;17007.0;CANTAO;2025-09-05;36;13357.0;3379.0;0;30;0;;;0
Norte;TO;Lagoa do Tocantins;17;171195.0;17006.0;CAPIM DOURADO;2025-09-05;36;4316.0;395.0;0;8;0;;;0
Norte;TO;Lajeado;17;171200.0;17006.0;CAPIM DOURADO;2025-09-05;36;3134.0;602.0;0;5;0;;;1
Norte;TO;Lavandeira;17;171215.0;17003.0;SUDESTE;2025-09-05;36;1923.0;330.0;0;1;0;;;0
Norte;TO;Lizarda;17;171240.0;17006.0;CAPIM DOURADO;2025-09-05;36;3740.0;196.0;0;4;0;;;0
Norte;TO;Luzinópolis;17;171245.0;17002.0;BICO DO PAPAGAIO;2025-09-05;36;3108.0;486.0;0;2;0;;;0
Norte;TO;Marianópolis do Tocantins;17;171250.0;17007.0;CANTAO;2025-09-05;36;5175.0;778.0;0;16;0;;;0
Norte;TO;Mateiros;17;171270.0;17008.0;AMOR PERFEITO;2025-09-05;36;2684.0;394.0;0;1;0;;;0
Norte;TO;Maurilândia do Tocantins;17;171280.0;17002.0;BICO DO PAPAGAIO;2025-09-05;36;3426.0;888.0;0;4;0;;;0
Norte;TO;Miracema do Tocantins;17;171320.0;17006.0;CAPIM DOURADO;2025-09-05;36;18248.0;5027.0;0;62;0;;;1
Norte;TO;Miranorte;17;171330.0;17006.0;CAPIM DOURADO;2025-09-05;36;13434.0;4800.0;0;65;0;;;1
Norte;TO;Monte do Carmo;17;171360.0;17008.0;AMOR PERFEITO;2025-09-05;36;7947.0;1046.0;0;12;0;;;1
Norte;TO;Monte Santo do Tocantins;17;171370.0;17007.0;CANTAO;2025-09-05;36;2279.0;207.0;0;6;0;;;0
Norte;TO;Palmeiras do Tocantins;17;171380.0;17002.0;BICO DO PAPAGAIO;2025-09-05;36;6658.0;984.0;0;6;0;;;0
Norte;TO;Muricilândia;17;171395.0;17001.0;MEDIO NORTE ARAGUAIA;2025-09-05;36;3551.0;904.0;0;2;0;;;0
Norte;TO;Natividade;17;171420.0;17008.0;AMOR PERFEITO;2025-09-05;36;9244.0;1846.0;0;26;0;;;0
Norte;TO;Nazaré;17;171430.0;17002.0;BICO DO PAPAGAIO;2025-09-05;36;3898.0;699.0;0;9;0;;;0
Norte;TO;Nova Olinda;17;171488.0;17001.0;MEDIO NORTE ARAGUAIA;2025-09-05;36;11819.0;1923.0;0;58;0;;;0
Norte;TO;Nova Rosalândia;17;171500.0;17007.0;CANTAO;2025-09-05;36;4260.0;1274.0;0;16;0;;;0
Norte;TO;Novo Acordo;17;171510.0;17006.0;CAPIM DOURADO;2025-09-05;36;4342.0;661.0;0;7;0;;;0
Norte;TO;Novo Alegre;17;171515.0;17003.0;SUDESTE;2025-09-05;36;2332.0;168.0;0;7;0;;;0
Norte;TO;Novo Jardim;17;171525.0;17003.0;SUDESTE;2025-09-05;36;2722.0;620.0;0;4;0;;;0
Norte;TO;Oliveira de Fátima;17;171550.0;17008.0;AMOR PERFEITO;2025-09-05;36;1112.0;241.0;0;1;0;;;1
Norte;TO;Palmeirante;17;171570.0;17004.0;CERRADO TOCANTINS ARAGUAIA;2025-09-05;36;6026.0;626.0;0;9;0;;;0
Norte;TO;Palmeirópolis;17;171575.0;17005.0;ILHA DO BANANAL;2025-09-05;36;7659.0;2419.0;0;29;0;;;0
Norte;TO;Paraíso do Tocantins;17;171610.0;17007.0;CANTAO;2025-09-05;36;51252.0;16588.0;0;223;0;;;1
Norte;TO;Paranã;17;171620.0;17003.0;SUDESTE;2025-09-05;36;10449.0;1165.0;0;13;0;;;0
Norte;TO;Pau D'Arco;17;171630.0;17001.0;MEDIO NORTE ARAGUAIA;2025-09-05;36;4849.0;673.0;0;8;0;;;0
Norte;TO;Pedro Afonso;17;171650.0;17004.0;CERRADO TOCANTINS ARAGUAIA;2025-09-05;36;13578.0;3066.0;0;32;0;;;0
Norte;TO;Peixe;17;171660.0;17005.0;ILHA DO BANANAL;2025-09-05;36;11749.0;2520.0;0;24;0;;;0
Norte;TO;Pequizeiro;17;171665.0;17004.0;CERRADO TOCANTINS ARAGUAIA;2025-09-05;36;5477.0;816.0;0;12;0;;;0
Norte;TO;Colméia;17;171670.0;17004.0;CERRADO TOCANTINS ARAGUAIA;2025-09-05;36;8205.0;1691.0;0;30;0;;;0
Norte;TO;Pindorama do Tocantins;17;171700.0;17008.0;AMOR PERFEITO;2025-09-05;36;4447.0;1138.0;0;9;0;;;0
Norte;TO;Piraquê;17;171720.0;17001.0;MEDIO NORTE ARAGUAIA;2025-09-05;36;3028.0;455.0;0;1;0;;;0
Norte;TO;Pium;17;171750.0;17007.0;CANTAO;2025-09-05;36;7654.0;616.0;0;9;0;;;0
Norte;TO;Ponte Alta do Bom Jesus;17;171780.0;17003.0;SUDESTE;2025-09-05;36;4596.0;603.0;0;11;0;;;0
Norte;TO;Ponte Alta do Tocantins;17;171790.0;17008.0;AMOR PERFEITO;2025-09-05;36;8039.0;2117.0;0;19;0;;;0
Norte;TO;Porto Alegre do Tocantins;17;171800.0;17003.0;SUDESTE;2025-09-05;36;3139.0;549.0;0;4;0;;;0
Norte;TO;Porto Nacional;17;171820.0;17008.0;AMOR PERFEITO;2025-09-05;36;53010.0;17709.0;0;234;0;;;1
Norte;TO;Praia Norte;17;171830.0;17002.0;BICO DO PAPAGAIO;2025-09-05;36;8432.0;418.0;0;9;0;;;0
Norte;TO;Presidente Kennedy;17;171840.0;17004.0;CERRADO TOCANTINS ARAGUAIA;2025-09-05;36;3684.0;819.0;0;10;0;;;0
Norte;TO;Pugmil;17;171845.0;17007.0;CANTAO;2025-09-05;36;2688.0;450.0;0;6;0;;;1
Norte;TO;Recursolândia;17;171850.0;17004.0;CERRADO TOCANTINS ARAGUAIA;2025-09-05;36;4293.0;482.0;0;8;0;;;0
Norte;TO;Riachinho;17;171855.0;17002.0;BICO DO PAPAGAIO;2025-09-05;36;4645.0;1019.0;0;11;0;;;0
Norte;TO;Rio da Conceição;17;171865.0;17003.0;SUDESTE;2025-09-05;36;2130.0;460.0;0;2;0;;;0
Norte;TO;Rio dos Bois;17;171870.0;17006.0;CAPIM DOURADO;2025-09-05;36;2834.0;1033.0;0;9;0;;;0
Norte;TO;Rio Sono;17;171875.0;17006.0;CAPIM DOURADO;2025-09-05;36;6478.0;578.0;0;5;0;;;0
Norte;TO;Sampaio;17;171880.0;17002.0;BICO DO PAPAGAIO;2025-09-05;36;4711.0;993.0;0;10;0;;;0
Norte;TO;Sandolândia;17;171884.0;17005.0;ILHA DO BANANAL;2025-09-05;36;3375.0;753.0;0;9;0;;;0
Norte;TO;Santa Fé do Araguaia;17;171886.0;17001.0;MEDIO NORTE ARAGUAIA;2025-09-05;36;7512.0;1058.0;0;14;0;;;0
Norte;TO;Santa Maria do Tocantins;17;171888.0;17004.0;CERRADO TOCANTINS ARAGUAIA;2025-09-05;36;3434.0;674.0;0;3;0;;;0
Norte;TO;Santa Rita do Tocantins;17;171889.0;17005.0;ILHA DO BANANAL;2025-09-05;36;2365.0;486.0;0;3;0;;;0
Norte;TO;Santa Rosa do Tocantins;17;171890.0;17008.0;AMOR PERFEITO;2025-09-05;36;4829.0;722.0;0;7;0;;;0
Norte;TO;Santa Tereza do Tocantins;17;171900.0;17006.0;CAPIM DOURADO;2025-09-05;36;2866.0;414.0;0;7;0;;;0
Norte;TO;Santa Terezinha do Tocantins;17;172000.0;17002.0;BICO DO PAPAGAIO;2025-09-05;36;2529.0;470.0;0;5;0;;;0
Norte;TO;São Bento do Tocantins;17;172010.0;17002.0;BICO DO PAPAGAIO;2025-09-05;36;5324.0;1468.0;0;10;0;;;0
Norte;TO;São Félix do Tocantins;17;172015.0;17006.0;CAPIM DOURADO;2025-09-05;36;1585.0;169.0;0;3;0;;;0
Norte;TO;São Miguel do Tocantins;17;172020.0;17002.0;BICO DO PAPAGAIO;2025-09-05;36;12139.0;1303.0;0;17;0;;;0
Norte;TO;São Salvador do Tocantins;17;172025.0;17005.0;ILHA DO BANANAL;2025-09-05;36;3082.0;235.0;0;4;0;;;0
Norte;TO;São Sebastião do Tocantins;17;172030.0;17002.0;BICO DO PAPAGAIO;2025-09-05;36;4805.0;1053.0;0;11;0;;;0
Norte;TO;São Valério;17;172049.0;17005.0;ILHA DO BANANAL;2025-09-05;36;3960.0;1371.0;0;19;0;;;0
Norte;TO;Silvanópolis;17;172065.0;17008.0;AMOR PERFEITO;2025-09-05;36;5403.0;1898.0;0;27;0;;;1
Norte;TO;Sítio Novo do Tocantins;17;172080.0;17002.0;BICO DO PAPAGAIO;2025-09-05;36;9029.0;1193.0;0;11;0;;;0
Norte;TO;Sucupira;17;172085.0;17005.0;ILHA DO BANANAL;2025-09-05;36;1966.0;530.0;0;4;0;;;0
Norte;TO;Taguatinga;17;172090.0;17003.0;SUDESTE;2025-09-05;36;16683.0;2759.0;0;35;0;;;0
Norte;TO;Taipas do Tocantins;17;172093.0;17003.0;SUDESTE;2025-09-05;36;2148.0;349.0;0;1;0;;;0
Norte;TO;Talismã;17;172097.0;17005.0;ILHA DO BANANAL;2025-09-05;36;2793.0;973.0;0;4;0;;;0
Norte;TO;Palmas;17;172100.0;17006.0;CAPIM DOURADO;2025-09-05;36;299127.0;95967.0;0;736;0;;;1
Norte;TO;Tocantínia;17;172110.0;17006.0;CAPIM DOURADO;2025-09-05;36;7545.0;1900.0;0;15;0;;;1
Norte;TO;Tocantinópolis;17;172120.0;17002.0;BICO DO PAPAGAIO;2025-09-05;36;22870.0;4708.0;0;61;0;;;0
Norte;TO;Tupirama;17;172125.0;17004.0;CERRADO TOCANTINS ARAGUAIA;2025-09-05;36;1891.0;476.0;0;4;0;;;0
Norte;TO;Tupiratins;17;172130.0;17004.0;CERRADO TOCANTINS ARAGUAIA;2025-09-05;36;2671.0;447.0;0;3;0;;;0
Norte;TO;Wanderlândia;17;172208.0;17001.0;MEDIO NORTE ARAGUAIA;2025-09-05;36;11683.0;2686.0;0;24;0;;;0
Norte;TO;Xambioá;17;172210.0;17001.0;MEDIO NORTE ARAGUAIA;2025-09-05;36;11540.0;2964.0;0;42;0;;;0
Nordeste;MA;;21;210000.0;;;2025-09-05;36;;0.0;0;0;0;;;
Nordeste;MA;Açailândia;21;210005.0;21001.0;ACAILANDIA;2025-09-05;36;112445.0;6976.0;0;297;0;;;0
Nordeste;MA;Afonso Cunha;21;210010.0;21005.0;CAXIAS;2025-09-05;36;6524.0;461.0;0;2;0;;;0
Nordeste;MA;Água Doce do Maranhão;21;210015.0;21006.0;CHAPADINHA;2025-09-05;36;12571.0;1045.0;0;10;0;;;0
Nordeste;MA;Alcântara;21;210020.0;21016.0;SAO LUIS;2025-09-05;36;22097.0;337.0;0;21;0;;;1
Nordeste;MA;Aldeias Altas;21;210030.0;21005.0;CAXIAS;2025-09-05;36;26532.0;1189.0;0;14;0;;;0
Nordeste;MA;Altamira do Maranhão;21;210040.0;21002.0;BACABAL;2025-09-05;36;8128.0;556.0;0;15;0;;;0
Nordeste;MA;Alto Alegre do Maranhão;21;210043.0;21007.0;CODO;2025-09-05;36;27053.0;2248.0;0;28;0;;;0
Nordeste;MA;Alto Alegre do Pindaré;21;210047.0;21014.0;SANTA INES;2025-09-05;36;31919.0;3061.0;0;55;0;;;0
Nordeste;MA;Alto Parnaíba;21;210050.0;21003.0;BALSAS;2025-09-05;36;11190.0;1021.0;0;11;0;;;0
Nordeste;MA;Amapá do Maranhão;21;210055.0;21019.0;ZE DOCA;2025-09-05;36;6962.0;172.0;0;4;0;;;0
Nordeste;MA;Amarante do Maranhão;21;210060.0;21008.0;IMPERATRIZ;2025-09-05;36;41435.0;2541.0;0;65;0;;;0
Nordeste;MA;Anajatuba;21;210070.0;21009.0;ITAPECURU MIRIM;2025-09-05;36;26803.0;1615.0;0;29;0;;;0
Nordeste;MA;Anapurus;21;210080.0;21006.0;CHAPADINHA;2025-09-05;36;15732.0;832.0;0;15;0;;;0
Nordeste;MA;Apicum-Açu;21;210083.0;21011.0;PINHEIRO;2025-09-05;36;17239.0;786.0;0;12;0;;;0
Nordeste;MA;Araguanã;21;210087.0;21019.0;ZE DOCA;2025-09-05;36;15426.0;878.0;0;5;0;;;0
Nordeste;MA;Araioses;21;210090.0;21006.0;CHAPADINHA;2025-09-05;36;46440.0;687.0;0;15;0;;;0
Nordeste;MA;Arame;21;210095.0;21004.0;BARRA DO CORDA;2025-09-05;36;32701.0;1708.0;0;42;0;;;0
Nordeste;MA;Arari;21;210100.0;21009.0;ITAPECURU MIRIM;2025-09-05;36;29848.0;1507.0;0;35;0;;;0
Nordeste;MA;Axixá;21;210110.0;21013.0;ROSARIO;2025-09-05;36;12130.0;192.0;0;7;0;;;1
Nordeste;MA;Bacabal;21;210120.0;21002.0;BACABAL;2025-09-05;36;104949.0;11474.0;0;239;0;;;0
Nordeste;MA;Bacabeira;21;210125.0;21013.0;ROSARIO;2025-09-05;36;17055.0;767.0;0;10;0;;;1
Nordeste;MA;Bacuri;21;210130.0;21011.0;PINHEIRO;2025-09-05;36;18582.0;1117.0;0;4;0;;;0
Nordeste;MA;Bacurituba;21;210135.0;21018.0;VIANA;2025-09-05;36;5644.0;122.0;0;1;0;;;0
Nordeste;MA;Balsas;21;210140.0;21003.0;BALSAS;2025-09-05;36;94887.0;17488.0;0;251;0;;;0
Nordeste;MA;Barão de Grajaú;21;210150.0;21015.0;SAO JOAO DOS PATOS;2025-09-05;36;18820.0;503.0;0;6;0;;;0
Nordeste;MA;Barra do Corda;21;210160.0;21004.0;BARRA DO CORDA;2025-09-05;36;88212.0;5881.0;0;83;0;;;0
Nordeste;MA;Barreirinhas;21;210170.0;21013.0;ROSARIO;2025-09-05;36;62528.0;3002.0;0;46;0;;;0
Nordeste;MA;Belágua;21;210173.0;21009.0;ITAPECURU MIRIM;2025-09-05;36;7469.0;451.0;0;4;0;;;0
Nordeste;MA;Bela Vista do Maranhão;21;210177.0;21014.0;SANTA INES;2025-09-05;36;11209.0;429.0;0;19;0;;;0
Nordeste;MA;Benedito Leite;21;210180.0;21015.0;SAO JOAO DOS PATOS;2025-09-05;36;5632.0;412.0;0;2;0;;;0
Nordeste;MA;Bequimão;21;210190.0;21011.0;PINHEIRO;2025-09-05;36;21280.0;1406.0;0;29;0;;;0
Nordeste;MA;Bernardo do Mearim;21;210193.0;21010.0;PEDREIRAS;2025-09-05;36;6043.0;629.0;0;7;0;;;0
Nordeste;MA;Boa Vista do Gurupi;21;210197.0;21019.0;ZE DOCA;2025-09-05;36;9287.0;16.0;0;5;0;;;0
Nordeste;MA;Bom Jardim;21;210200.0;21014.0;SANTA INES;2025-09-05;36;41630.0;2235.0;0;58;0;;;0
Nordeste;MA;Bom Jesus das Selvas;21;210203.0;21001.0;ACAILANDIA;2025-09-05;36;34028.0;4537.0;0;44;0;;;0
Nordeste;MA;Bom Lugar;21;210207.0;21002.0;BACABAL;2025-09-05;36;16294.0;663.0;0;7;0;;;0
Nordeste;MA;Brejo;21;210210.0;21006.0;CHAPADINHA;2025-09-05;36;36397.0;1087.0;0;20;0;;;0
Nordeste;MA;Brejo de Areia;21;210215.0;21002.0;BACABAL;2025-09-05;36;9188.0;485.0;0;11;0;;;0
Nordeste;MA;Buriti;21;210220.0;21005.0;CAXIAS;2025-09-05;36;28678.0;1169.0;0;9;0;;;0
Nordeste;MA;Buriti Bravo;21;210230.0;21015.0;SAO JOAO DOS PATOS;2025-09-05;36;23884.0;2499.0;0;22;0;;;0
Nordeste;MA;Buriticupu;21;210232.0;21001.0;ACAILANDIA;2025-09-05;36;72358.0;4835.0;0;83;0;;;0
Nordeste;MA;Buritirana;21;210235.0;21008.0;IMPERATRIZ;2025-09-05;36;15430.0;451.0;0;27;0;;;0
Nordeste;MA;Cachoeira Grande;21;210237.0;21013.0;ROSARIO;2025-09-05;36;9431.0;491.0;0;8;0;;;1
Nordeste;MA;Cajapió;21;210240.0;21018.0;VIANA;2025-09-05;36;11177.0;484.0;0;7;0;;;0
Nordeste;MA;Cajari;21;210250.0;21018.0;VIANA;2025-09-05;36;19379.0;547.0;0;8;0;;;0
Nordeste;MA;Campestre do Maranhão;21;210255.0;21008.0;IMPERATRIZ;2025-09-05;36;14374.0;1727.0;0;48;0;;;0
Nordeste;MA;Cândido Mendes;21;210260.0;21019.0;ZE DOCA;2025-09-05;36;20178.0;114.0;0;8;0;;;0
Nordeste;MA;Cantanhede;21;210270.0;21009.0;ITAPECURU MIRIM;2025-09-05;36;21995.0;1395.0;0;13;0;;;0
Nordeste;MA;Capinzal do Norte;21;210275.0;21012.0;PRESIDENTE DUTRA;2025-09-05;36;10934.0;645.0;0;9;0;;;0
Nordeste;MA;Carolina;21;210280.0;21003.0;BALSAS;2025-09-05;36;24322.0;1431.0;0;28;0;;;0
Nordeste;MA;Carutapera;21;210290.0;21019.0;ZE DOCA;2025-09-05;36;23807.0;1196.0;0;38;0;;;0
Nordeste;MA;Caxias;21;210300.0;21005.0;CAXIAS;2025-09-05;36;164880.0;19805.0;0;372;0;;;0
Nordeste;MA;Cedral;21;210310.0;21011.0;PINHEIRO;2025-09-05;36;10675.0;264.0;0;5;0;;;0
Nordeste;MA;Central do Maranhão;21;210312.0;21011.0;PINHEIRO;2025-09-05;36;8673.0;45.0;0;2;0;;;0
Nordeste;MA;Centro do Guilherme;21;210315.0;21019.0;ZE DOCA;2025-09-05;36;13458.0;509.0;0;5;0;;;0
Nordeste;MA;Centro Novo do Maranhão;21;210317.0;21019.0;ZE DOCA;2025-09-05;36;21622.0;1177.0;0;14;0;;;0
Nordeste;MA;Chapadinha;21;210320.0;21006.0;CHAPADINHA;2025-09-05;36;79675.0;9621.0;0;135;0;;;0
Nordeste;MA;Cidelândia;21;210325.0;21001.0;ACAILANDIA;2025-09-05;36;14697.0;851.0;0;8;0;;;0
Nordeste;MA;Codó;21;210330.0;21007.0;CODO;2025-09-05;36;122859.0;4914.0;0;235;0;;;0
Nordeste;MA;Coelho Neto;21;210340.0;21005.0;CAXIAS;2025-09-05;36;49435.0;2287.0;0;52;0;;;0
Nordeste;MA;Colinas;21;210350.0;21015.0;SAO JOAO DOS PATOS;2025-09-05;36;41178.0;3940.0;0;57;0;;;0
Nordeste;MA;Conceição do Lago-Açu;21;210355.0;21002.0;BACABAL;2025-09-05;36;16237.0;355.0;0;12;0;;;0
Nordeste;MA;Coroatá;21;210360.0;21007.0;CODO;2025-09-05;36;65296.0;4191.0;0;103;0;;;0
Nordeste;MA;Cururupu;21;210370.0;21011.0;PINHEIRO;2025-09-05;36;32695.0;2908.0;0;31;0;;;0
Nordeste;MA;Davinópolis;21;210375.0;21008.0;IMPERATRIZ;2025-09-05;36;12908.0;858.0;0;33;0;;;0
Nordeste;MA;Dom Pedro;21;210380.0;21012.0;PRESIDENTE DUTRA;2025-09-05;36;23350.0;2331.0;0;41;0;;;0
Nordeste;MA;Duque Bacelar;21;210390.0;21005.0;CAXIAS;2025-09-05;36;11349.0;895.0;0;19;0;;;0
Nordeste;MA;Esperantinópolis;21;210400.0;21010.0;PEDREIRAS;2025-09-05;36;17241.0;1184.0;0;32;0;;;0
Nordeste;MA;Estreito;21;210405.0;21008.0;IMPERATRIZ;2025-09-05;36;41946.0;3940.0;0;87;0;;;0
Nordeste;MA;Feira Nova do Maranhão;21;210407.0;21003.0;BALSAS;2025-09-05;36;8504.0;1610.0;0;10;0;;;0
Nordeste;MA;Fernando Falcão;21;210408.0;21004.0;BARRA DO CORDA;2025-09-05;36;10360.0;863.0;0;4;0;;;0
Nordeste;MA;Formosa da Serra Negra;21;210409.0;21003.0;BALSAS;2025-09-05;36;19089.0;1838.0;0;10;0;;;0
Nordeste;MA;Fortaleza dos Nogueiras;21;210410.0;21003.0;BALSAS;2025-09-05;36;12631.0;1876.0;0;29;0;;;0
Nordeste;MA;Fortuna;21;210420.0;21012.0;PRESIDENTE DUTRA;2025-09-05;36;15552.0;1596.0;0;7;0;;;0
Nordeste;MA;Godofredo Viana;21;210430.0;21019.0;ZE DOCA;2025-09-05;36;11819.0;351.0;0;6;0;;;0
Nordeste;MA;Gonçalves Dias;21;210440.0;21012.0;PRESIDENTE DUTRA;2025-09-05;36;17934.0;1627.0;0;30;0;;;0
Nordeste;MA;Governador Archer;21;210450.0;21012.0;PRESIDENTE DUTRA;2025-09-05;36;10840.0;715.0;0;7;0;;;0
Nordeste;MA;Governador Edison Lobão;21;210455.0;21008.0;IMPERATRIZ;2025-09-05;36;18296.0;1097.0;0;34;0;;;0
Nordeste;MA;Governador Eugênio Barros;21;210460.0;21012.0;PRESIDENTE DUTRA;2025-09-05;36;16828.0;2342.0;0;11;0;;;0
Nordeste;MA;Governador Luiz Rocha;21;210462.0;21012.0;PRESIDENTE DUTRA;2025-09-05;36;7807.0;493.0;0;1;0;;;0
Nordeste;MA;Governador Newton Bello;21;210465.0;21014.0;SANTA INES;2025-09-05;36;10180.0;976.0;0;11;0;;;0
Nordeste;MA;Governador Nunes Freire;21;210467.0;21019.0;ZE DOCA;2025-09-05;36;25577.0;1365.0;0;16;0;;;0
Nordeste;MA;Graça Aranha;21;210470.0;21012.0;PRESIDENTE DUTRA;2025-09-05;36;6262.0;124.0;0;3;0;;;0
Nordeste;MA;Grajaú;21;210480.0;21004.0;BARRA DO CORDA;2025-09-05;36;69527.0;6343.0;0;147;0;;;0
Nordeste;MA;Guimarães;21;210490.0;21011.0;PINHEIRO;2025-09-05;36;12030.0;510.0;0;9;0;;;0
Nordeste;MA;Humberto de Campos;21;210500.0;21013.0;ROSARIO;2025-09-05;36;28717.0;2047.0;0;11;0;;;0
Nordeste;MA;Icatu;21;210510.0;21013.0;ROSARIO;2025-09-05;36;27113.0;678.0;0;15;0;;;1
Nordeste;MA;Igarapé do Meio;21;210515.0;21014.0;SANTA INES;2025-09-05;36;14177.0;1411.0;0;31;0;;;0
Nordeste;MA;Igarapé Grande;21;210520.0;21010.0;PEDREIRAS;2025-09-05;36;11320.0;1945.0;0;16;0;;;0
Nordeste;MA;Imperatriz;21;210530.0;21008.0;IMPERATRIZ;2025-09-05;36;258682.0;30868.0;0;932;0;;;0
Nordeste;MA;Itaipava do Grajaú;21;210535.0;21004.0;BARRA DO CORDA;2025-09-05;36;16057.0;1365.0;0;13;0;;;0
Nordeste;MA;Itapecuru Mirim;21;210540.0;21009.0;ITAPECURU MIRIM;2025-09-05;36;68203.0;3765.0;0;92;0;;;0
Nordeste;MA;Itinga do Maranhão;21;210542.0;21001.0;ACAILANDIA;2025-09-05;36;26000.0;1652.0;0;34;0;;;0
Nordeste;MA;Jatobá;21;210545.0;21015.0;SAO JOAO DOS PATOS;2025-09-05;36;10153.0;92.0;0;5;0;;;0
Nordeste;MA;Jenipapo dos Vieiras;21;210547.0;21004.0;BARRA DO CORDA;2025-09-05;36;16515.0;1446.0;0;23;0;;;0
Nordeste;MA;João Lisboa;21;210550.0;21008.0;IMPERATRIZ;2025-09-05;36;23632.0;1626.0;0;62;0;;;0
Nordeste;MA;Joselândia;21;210560.0;21012.0;PRESIDENTE DUTRA;2025-09-05;36;16168.0;758.0;0;5;0;;;0
Nordeste;MA;Junco do Maranhão;21;210565.0;21019.0;ZE DOCA;2025-09-05;36;3432.0;393.0;0;2;0;;;0
Nordeste;MA;Lago da Pedra;21;210570.0;21010.0;PEDREIRAS;2025-09-05;36;50266.0;3406.0;0;86;0;;;0
Nordeste;MA;Lago do Junco;21;210580.0;21010.0;PEDREIRAS;2025-09-05;36;10840.0;922.0;0;5;0;;;0
Nordeste;MA;Lago Verde;21;210590.0;21002.0;BACABAL;2025-09-05;36;16257.0;998.0;0;25;0;;;0
Nordeste;MA;Lagoa do Mato;21;210592.0;21015.0;SAO JOAO DOS PATOS;2025-09-05;36;11250.0;2928.0;0;20;0;;;0
Nordeste;MA;Lago dos Rodrigues;21;210594.0;21010.0;PEDREIRAS;2025-09-05;36;8873.0;659.0;0;15;0;;;0
Nordeste;MA;Lagoa Grande do Maranhão;21;210596.0;21010.0;PEDREIRAS;2025-09-05;36;11394.0;493.0;0;11;0;;;0
Nordeste;MA;Lajeado Novo;21;210598.0;21008.0;IMPERATRIZ;2025-09-05;36;7550.0;645.0;0;13;0;;;0
Nordeste;MA;Lima Campos;21;210600.0;21010.0;PEDREIRAS;2025-09-05;36;11893.0;1209.0;0;14;0;;;0
Nordeste;MA;Loreto;21;210610.0;21003.0;BALSAS;2025-09-05;36;12157.0;1504.0;0;6;0;;;0
Nordeste;MA;Luís Domingues;21;210620.0;21019.0;ZE DOCA;2025-09-05;36;6951.0;819.0;0;2;0;;;0
Nordeste;MA;Magalhães de Almeida;21;210630.0;21006.0;CHAPADINHA;2025-09-05;36;19826.0;805.0;0;8;0;;;0
Nordeste;MA;Maracaçumé;21;210632.0;21019.0;ZE DOCA;2025-09-05;36;21395.0;544.0;0;9;0;;;0
Nordeste;MA;Marajá do Sena;21;210635.0;21002.0;BACABAL;2025-09-05;36;7792.0;315.0;0;7;0;;;0
Nordeste;MA;Maranhãozinho;21;210637.0;21019.0;ZE DOCA;2025-09-05;36;16265.0;740.0;0;9;0;;;0
Nordeste;MA;Mata Roma;21;210640.0;21006.0;CHAPADINHA;2025-09-05;36;16829.0;652.0;0;11;0;;;0
Nordeste;MA;Matinha;21;210650.0;21018.0;VIANA;2025-09-05;36;23370.0;392.0;0;13;0;;;0
Nordeste;MA;Matões;21;210660.0;21017.0;TIMON;2025-09-05;36;33782.0;1043.0;0;14;0;;;0
Nordeste;MA;Matões do Norte;21;210663.0;21009.0;ITAPECURU MIRIM;2025-09-05;36;16745.0;242.0;0;6;0;;;0
Nordeste;MA;Milagres do Maranhão;21;210667.0;21006.0;CHAPADINHA;2025-09-05;36;8464.0;239.0;0;0;0;;;0
Nordeste;MA;Mirador;21;210670.0;21015.0;SAO JOAO DOS PATOS;2025-09-05;36;21015.0;895.0;0;9;0;;;0
Nordeste;MA;Miranda do Norte;21;210675.0;21009.0;ITAPECURU MIRIM;2025-09-05;36;28381.0;1462.0;0;33;0;;;0
Nordeste;MA;Mirinzal;21;210680.0;21011.0;PINHEIRO;2025-09-05;36;14962.0;296.0;0;16;0;;;0
Nordeste;MA;Monção;21;210690.0;21014.0;SANTA INES;2025-09-05;36;33434.0;2879.0;0;47;0;;;0
Nordeste;MA;Montes Altos;21;210700.0;21008.0;IMPERATRIZ;2025-09-05;36;9160.0;1317.0;0;16;0;;;0
Nordeste;MA;Morros;21;210710.0;21013.0;ROSARIO;2025-09-05;36;19433.0;579.0;0;17;0;;;1
Nordeste;MA;Nina Rodrigues;21;210720.0;21009.0;ITAPECURU MIRIM;2025-09-05;36;14454.0;1200.0;0;20;0;;;0
Nordeste;MA;Nova Colinas;21;210725.0;21003.0;BALSAS;2025-09-05;36;5384.0;597.0;0;6;0;;;0
Nordeste;MA;Nova Iorque;21;210730.0;21015.0;SAO JOAO DOS PATOS;2025-09-05;36;4683.0;417.0;0;7;0;;;0
Nordeste;MA;Nova Olinda do Maranhão;21;210735.0;21019.0;ZE DOCA;2025-09-05;36;20928.0;542.0;0;14;0;;;0
Nordeste;MA;Olho d'Água das Cunhãs;21;210740.0;21002.0;BACABAL;2025-09-05;36;19505.0;1322.0;0;30;0;;;0
Nordeste;MA;Olinda Nova do Maranhão;21;210745.0;21018.0;VIANA;2025-09-05;36;14701.0;1113.0;0;12;0;;;0
Nordeste;MA;Paço do Lumiar;21;210750.0;21016.0;SAO LUIS;2025-09-05;36;122197.0;3535.0;0;209;0;;;1
Nordeste;MA;Palmeirândia;21;210760.0;21018.0;VIANA;2025-09-05;36;19722.0;384.0;0;18;0;;;0
Nordeste;MA;Paraibano;21;210770.0;21015.0;SAO JOAO DOS PATOS;2025-09-05;36;21386.0;1267.0;0;39;0;;;0
Nordeste;MA;Parnarama;21;210780.0;21017.0;TIMON;2025-09-05;36;34907.0;2187.0;0;26;0;;;0
Nordeste;MA;Passagem Franca;21;210790.0;21015.0;SAO JOAO DOS PATOS;2025-09-05;36;19019.0;1322.0;0;31;0;;;0
Nordeste;MA;Pastos Bons;21;210800.0;21015.0;SAO JOAO DOS PATOS;2025-09-05;36;19472.0;848.0;0;22;0;;;0
Nordeste;MA;Paulino Neves;21;210805.0;21006.0;CHAPADINHA;2025-09-05;36;16035.0;742.0;0;6;0;;;0
Nordeste;MA;Paulo Ramos;21;210810.0;21002.0;BACABAL;2025-09-05;36;21040.0;1445.0;0;37;0;;;0
Nordeste;MA;Pedreiras;21;210820.0;21010.0;PEDREIRAS;2025-09-05;36;39229.0;6905.0;0;93;0;;;0
Nordeste;MA;Pedro do Rosário;21;210825.0;21011.0;PINHEIRO;2025-09-05;36;25144.0;114.0;0;9;0;;;0
Nordeste;MA;Penalva;21;210830.0;21018.0;VIANA;2025-09-05;36;38470.0;606.0;0;14;0;;;0
Nordeste;MA;Peri Mirim;21;210840.0;21011.0;PINHEIRO;2025-09-05;36;14318.0;307.0;0;7;0;;;0
Nordeste;MA;Peritoró;21;210845.0;21007.0;CODO;2025-09-05;36;23196.0;1294.0;0;12;0;;;0
Nordeste;MA;Pindaré-Mirim;21;210850.0;21014.0;SANTA INES;2025-09-05;36;32941.0;2823.0;0;33;0;;;0
Nordeste;MA;Pinheiro;21;210860.0;21011.0;PINHEIRO;2025-09-05;36;83387.0;5412.0;0;126;0;;;0
Nordeste;MA;Pio XII;21;210870.0;21014.0;SANTA INES;2025-09-05;36;21485.0;2939.0;0;32;0;;;0
Nordeste;MA;Pirapemas;21;210880.0;21009.0;ITAPECURU MIRIM;2025-09-05;36;18625.0;752.0;0;13;0;;;0
Nordeste;MA;Poção de Pedras;21;210890.0;21010.0;PEDREIRAS;2025-09-05;36;17873.0;2261.0;0;23;0;;;0
Nordeste;MA;Porto Franco;21;210900.0;21008.0;IMPERATRIZ;2025-09-05;36;23885.0;3264.0;0;67;0;;;0
Nordeste;MA;Porto Rico do Maranhão;21;210905.0;21011.0;PINHEIRO;2025-09-05;36;5975.0;369.0;0;8;0;;;0
Nordeste;MA;Presidente Dutra;21;210910.0;21012.0;PRESIDENTE DUTRA;2025-09-05;36;47804.0;2534.0;0;21;0;;;0
Nordeste;MA;Presidente Juscelino;21;210920.0;21013.0;ROSARIO;2025-09-05;36;12734.0;454.0;0;1;0;;;1
Nordeste;MA;Presidente Médici;21;210923.0;21019.0;ZE DOCA;2025-09-05;36;7015.0;451.0;0;3;0;;;0
Nordeste;MA;Presidente Sarney;21;210927.0;21011.0;PINHEIRO;2025-09-05;36;18918.0;407.0;0;15;0;;;0
Nordeste;MA;Presidente Vargas;21;210930.0;21009.0;ITAPECURU MIRIM;2025-09-05;36;11193.0;865.0;0;7;0;;;0
Nordeste;MA;Primeira Cruz;21;210940.0;21013.0;ROSARIO;2025-09-05;36;15315.0;82.0;0;2;0;;;0
Nordeste;MA;Raposa;21;210945.0;21016.0;SAO LUIS;2025-09-05;36;30761.0;2419.0;0;49;0;;;1
Nordeste;MA;Riachão;21;210950.0;21003.0;BALSAS;2025-09-05;36;20195.0;2577.0;0;37;0;;;0
Nordeste;MA;Ribamar Fiquene;21;210955.0;21008.0;IMPERATRIZ;2025-09-05;36;7791.0;869.0;0;21;0;;;0
Nordeste;MA;Rosário;21;210960.0;21013.0;ROSARIO;2025-09-05;36;42740.0;634.0;0;28;0;;;1
Nordeste;MA;Sambaíba;21;210970.0;21003.0;BALSAS;2025-09-05;36;5671.0;618.0;0;4;0;;;0
Nordeste;MA;Santa Filomena do Maranhão;21;210975.0;21012.0;PRESIDENTE DUTRA;2025-09-05;36;7773.0;51.0;0;1;0;;;0
Nordeste;MA;Santa Helena;21;210980.0;21011.0;PINHEIRO;2025-09-05;36;42130.0;3133.0;0;29;0;;;0
Nordeste;MA;Santa Inês;21;210990.0;21014.0;SANTA INES;2025-09-05;36;89044.0;12532.0;0;226;0;;;0
Nordeste;MA;Santa Luzia;21;211000.0;21014.0;SANTA INES;2025-09-05;36;72667.0;7613.0;0;120;0;;;0
Nordeste;MA;Santa Luzia do Paruá;21;211003.0;21019.0;ZE DOCA;2025-09-05;36;25254.0;1569.0;0;17;0;;;0
Nordeste;MA;Santa Quitéria do Maranhão;21;211010.0;21006.0;CHAPADINHA;2025-09-05;36;25642.0;742.0;0;20;0;;;0
Nordeste;MA;Santa Rita;21;211020.0;21013.0;ROSARIO;2025-09-05;36;37855.0;1346.0;0;32;0;;;1
Nordeste;MA;Santana do Maranhão;21;211023.0;21006.0;CHAPADINHA;2025-09-05;36;13386.0;213.0;0;8;0;;;0
Nordeste;MA;Santo Amaro do Maranhão;21;211027.0;21013.0;ROSARIO;2025-09-05;36;15846.0;474.0;0;7;0;;;0
Nordeste;MA;Santo Antônio dos Lopes;21;211030.0;21012.0;PRESIDENTE DUTRA;2025-09-05;36;14528.0;2277.0;0;30;0;;;0
Nordeste;MA;São Benedito do Rio Preto;21;211040.0;21009.0;ITAPECURU MIRIM;2025-09-05;36;18663.0;1634.0;0;18;0;;;0
Nordeste;MA;São Bento;21;211050.0;21018.0;VIANA;2025-09-05;36;45211.0;924.0;0;31;0;;;0
Nordeste;MA;São Bernardo;21;211060.0;21006.0;CHAPADINHA;2025-09-05;36;28507.0;1478.0;0;22;0;;;0
Nordeste;MA;São Domingos do Azeitão;21;211065.0;21015.0;SAO JOAO DOS PATOS;2025-09-05;36;7392.0;545.0;0;4;0;;;0
Nordeste;MA;São Domingos do Maranhão;21;211070.0;21012.0;PRESIDENTE DUTRA;2025-09-05;36;34376.0;4990.0;0;23;0;;;0
Nordeste;MA;São Félix de Balsas;21;211080.0;21003.0;BALSAS;2025-09-05;36;4585.0;355.0;0;2;0;;;0
Nordeste;MA;São Francisco do Brejão;21;211085.0;21001.0;ACAILANDIA;2025-09-05;36;11798.0;888.0;0;0;0;;;0
Nordeste;MA;São Francisco do Maranhão;21;211090.0;21017.0;TIMON;2025-09-05;36;12210.0;420.0;0;23;0;;;0
Nordeste;MA;São João Batista;21;211100.0;21018.0;VIANA;2025-09-05;36;20665.0;414.0;0;19;0;;;0
Nordeste;MA;São João do Carú;21;211102.0;21014.0;SANTA INES;2025-09-05;36;15808.0;714.0;0;9;0;;;0
Nordeste;MA;São João do Paraíso;21;211105.0;21008.0;IMPERATRIZ;2025-09-05;36;11177.0;1467.0;0;18;0;;;0
Nordeste;MA;São João do Soter;21;211107.0;21005.0;CAXIAS;2025-09-05;36;18543.0;1730.0;0;6;0;;;0
Nordeste;MA;São João dos Patos;21;211110.0;21015.0;SAO JOAO DOS PATOS;2025-09-05;36;25929.0;4007.0;0;31;0;;;0
Nordeste;MA;São José de Ribamar;21;211120.0;21016.0;SAO LUIS;2025-09-05;36;177687.0;9877.0;0;384;0;;;1
Nordeste;MA;São José dos Basílios;21;211125.0;21012.0;PRESIDENTE DUTRA;2025-09-05;36;7641.0;583.0;0;5;0;;;0
Nordeste;MA;São Luís;21;211130.0;21016.0;SAO LUIS;2025-09-05;36;1101884.0;80794.0;0;2768;0;;;1
Nordeste;MA;São Luís Gonzaga do Maranhão;21;211140.0;21002.0;BACABAL;2025-09-05;36;18856.0;1415.0;0;26;0;;;0
Nordeste;MA;São Mateus do Maranhão;21;211150.0;21007.0;CODO;2025-09-05;36;41529.0;2370.0;0;54;0;;;0
Nordeste;MA;São Pedro da Água Branca;21;211153.0;21001.0;ACAILANDIA;2025-09-05;36;12690.0;609.0;0;5;0;;;0
Nordeste;MA;São Pedro dos Crentes;21;211157.0;21003.0;BALSAS;2025-09-05;36;4668.0;762.0;0;7;0;;;0
Nordeste;MA;São Raimundo das Mangabeiras;21;211160.0;21003.0;BALSAS;2025-09-05;36;18868.0;3248.0;0;45;0;;;0
Nordeste;MA;São Raimundo do Doca Bezerra;21;211163.0;21010.0;PEDREIRAS;2025-09-05;36;5237.0;209.0;0;3;0;;;0
Nordeste;MA;São Roberto;21;211167.0;21010.0;PEDREIRAS;2025-09-05;36;6719.0;837.0;0;5;0;;;0
Nordeste;MA;São Vicente Ferrer;21;211170.0;21018.0;VIANA;2025-09-05;36;22247.0;226.0;0;9;0;;;0
Nordeste;MA;Satubinha;21;211172.0;21014.0;SANTA INES;2025-09-05;36;13914.0;383.0;0;3;0;;;0
Nordeste;MA;Senador Alexandre Costa;21;211174.0;21012.0;PRESIDENTE DUTRA;2025-09-05;36;11141.0;465.0;0;1;0;;;0
Nordeste;MA;Senador La Rocque;21;211176.0;21008.0;IMPERATRIZ;2025-09-05;36;14293.0;310.0;0;27;0;;;0
Nordeste;MA;Serrano do Maranhão;21;211178.0;21011.0;PINHEIRO;2025-09-05;36;10253.0;208.0;0;5;0;;;0
Nordeste;MA;Sítio Novo;21;211180.0;21008.0;IMPERATRIZ;2025-09-05;36;18081.0;2368.0;0;32;0;;;0
Nordeste;MA;Sucupira do Norte;21;211190.0;21015.0;SAO JOAO DOS PATOS;2025-09-05;36;10636.0;267.0;0;8;0;;;0
Nordeste;MA;Sucupira do Riachão;21;211195.0;21015.0;SAO JOAO DOS PATOS;2025-09-05;36;5660.0;476.0;0;4;0;;;0
Nordeste;MA;Tasso Fragoso;21;211200.0;21003.0;BALSAS;2025-09-05;36;8521.0;1140.0;0;10;0;;;0
Nordeste;MA;Timbiras;21;211210.0;21007.0;CODO;2025-09-05;36;29124.0;1249.0;0;24;0;;;0
Nordeste;MA;Timon;21;211220.0;21017.0;TIMON;2025-09-05;36;169107.0;6391.0;0;371;0;;;0
Nordeste;MA;Trizidela do Vale;21;211223.0;21010.0;PEDREIRAS;2025-09-05;36;21998.0;2636.0;0;39;0;;;0
Nordeste;MA;Tufilândia;21;211227.0;21014.0;SANTA INES;2025-09-05;36;5840.0;401.0;0;5;0;;;0
Nordeste;MA;Tuntum;21;211230.0;21012.0;PRESIDENTE DUTRA;2025-09-05;36;41832.0;2815.0;0;24;0;;;0
Nordeste;MA;Turiaçu;21;211240.0;21011.0;PINHEIRO;2025-09-05;36;35604.0;323.0;0;6;0;;;0
Nordeste;MA;Turilândia;21;211245.0;21011.0;PINHEIRO;2025-09-05;36;25619.0;933.0;0;13;0;;;0
Nordeste;MA;Tutóia;21;211250.0;21006.0;CHAPADINHA;2025-09-05;36;58860.0;1775.0;0;55;0;;;0
Nordeste;MA;Urbano Santos;21;211260.0;21009.0;ITAPECURU MIRIM;2025-09-05;36;33122.0;1876.0;0;40;0;;;0
Nordeste;MA;Vargem Grande;21;211270.0;21009.0;ITAPECURU MIRIM;2025-09-05;36;56510.0;2803.0;0;36;0;;;0
Nordeste;MA;Viana;21;211280.0;21018.0;VIANA;2025-09-05;36;52441.0;1430.0;0;43;0;;;0
Nordeste;MA;Vila Nova dos Martírios;21;211285.0;21001.0;ACAILANDIA;2025-09-05;36;13392.0;1029.0;0;7;0;;;0
Nordeste;MA;Vitória do Mearim;21;211290.0;21009.0;ITAPECURU MIRIM;2025-09-05;36;32764.0;3219.0;0;41;0;;;0
Nordeste;MA;Vitorino Freire;21;211300.0;21002.0;BACABAL;2025-09-05;36;31523.0;2781.0;0;63;0;;;0
Nordeste;MA;Zé Doca;21;211400.0;21019.0;ZE DOCA;2025-09-05;36;51714.0;6204.0;0;76;0;;;0
Nordeste;PI;;22;220000.0;;;2025-09-05;36;;0.0;0;0;0;;;
Nordeste;PI;Acauã;22;220005.0;22009.0;VALE DO RIO GUARIBAS;2025-09-05;36;7084.0;259.0;0;3;0;;;0
Nordeste;PI;Agricolândia;22;220010.0;22004.0;ENTRE RIOS;2025-09-05;36;5139.0;1126.0;0;13;0;;;0
Nordeste;PI;Água Branca;22;220020.0;22004.0;ENTRE RIOS;2025-09-05;36;17411.0;1954.0;0;80;0;;;0
Nordeste;PI;Alagoinha do Piauí;22;220025.0;22009.0;VALE DO RIO GUARIBAS;2025-09-05;36;7651.0;413.0;0;13;0;;;0
Nordeste;PI;Alegrete do Piauí;22;220027.0;22009.0;VALE DO RIO GUARIBAS;2025-09-05;36;4915.0;675.0;0;9;0;;;0
Nordeste;PI;Alto Longá;22;220030.0;22004.0;ENTRE RIOS;2025-09-05;36;14304.0;973.0;0;18;0;;;0
Nordeste;PI;Altos;22;220040.0;22004.0;ENTRE RIOS;2025-09-05;36;40524.0;6624.0;0;124;0;;;1
Nordeste;PI;Alvorada do Gurguéia;22;220045.0;22002.0;CHAPADA DAS MANGABEIRAS;2025-09-05;36;5419.0;1048.0;0;15;0;;;0
Nordeste;PI;Amarante;22;220050.0;22004.0;ENTRE RIOS;2025-09-05;36;17598.0;1969.0;0;42;0;;;0
Nordeste;PI;Angical do Piauí;22;220060.0;22004.0;ENTRE RIOS;2025-09-05;36;6788.0;906.0;0;13;0;;;0
Nordeste;PI;Anísio de Abreu;22;220070.0;22006.0;SERRA DA CAPIVARA;2025-09-05;36;9880.0;316.0;0;16;0;;;0
Nordeste;PI;Antônio Almeida;22;220080.0;22007.0;TABULEIROS DO ALTO PARNAIBA;2025-09-05;36;3164.0;432.0;0;12;0;;;0
Nordeste;PI;Aroazes;22;220090.0;22010.0;VALE DO SAMBITO;2025-09-05;36;5835.0;843.0;0;15;0;;;0
Nordeste;PI;Aroeiras do Itaim;22;220095.0;22009.0;VALE DO RIO GUARIBAS;2025-09-05;36;2551.0;190.0;0;3;0;;;0
Nordeste;PI;Arraial;22;220100.0;22011.0;VALE DOS RIOS PIAUI E ITAUEIRAS;2025-09-05;36;4727.0;173.0;0;3;0;;;0
Nordeste;PI;Assunção do Piauí;22;220105.0;22001.0;CARNAUBAIS;2025-09-05;36;7846.0;413.0;0;11;0;;;0
Nordeste;PI;Avelino Lopes;22;220110.0;22002.0;CHAPADA DAS MANGABEIRAS;2025-09-05;36;11289.0;889.0;0;26;0;;;0
Nordeste;PI;Baixa Grande do Ribeiro;22;220115.0;22007.0;TABULEIROS DO ALTO PARNAIBA;2025-09-05;36;11586.0;2710.0;0;37;0;;;0
Nordeste;PI;Barra D'Alcântara;22;220117.0;22010.0;VALE DO SAMBITO;2025-09-05;36;3951.0;224.0;0;6;0;;;0
Nordeste;PI;Barras;22;220120.0;22003.0;COCAIS;2025-09-05;36;47066.0;7086.0;0;112;0;;;0
Nordeste;PI;Barreiras do Piauí;22;220130.0;22002.0;CHAPADA DAS MANGABEIRAS;2025-09-05;36;3348.0;114.0;0;4;0;;;0
Nordeste;PI;Barro Duro;22;220140.0;22004.0;ENTRE RIOS;2025-09-05;36;7032.0;880.0;0;12;0;;;0
Nordeste;PI;Batalha;22;220150.0;22003.0;COCAIS;2025-09-05;36;26857.0;1630.0;0;43;0;;;0
Nordeste;PI;Bela Vista do Piauí;22;220155.0;22008.0;VALE DO CANINDE;2025-09-05;36;4015.0;329.0;0;7;0;;;0
Nordeste;PI;Belém do Piauí;22;220157.0;22009.0;VALE DO RIO GUARIBAS;2025-09-05;36;3566.0;627.0;0;8;0;;;0
Nordeste;PI;Beneditinos;22;220160.0;22004.0;ENTRE RIOS;2025-09-05;36;10467.0;1646.0;0;44;0;;;1
Nordeste;PI;Bertolínia;22;220170.0;22011.0;VALE DOS RIOS PIAUI E ITAUEIRAS;2025-09-05;36;5501.0;1332.0;0;12;0;;;0
Nordeste;PI;Betânia do Piauí;22;220173.0;22009.0;VALE DO RIO GUARIBAS;2025-09-05;36;6205.0;184.0;0;4;0;;;0
Nordeste;PI;Boa Hora;22;220177.0;22001.0;CARNAUBAIS;2025-09-05;36;6781.0;608.0;0;7;0;;;0
Nordeste;PI;Bocaina;22;220180.0;22009.0;VALE DO RIO GUARIBAS;2025-09-05;36;4500.0;453.0;0;11;0;;;0
Nordeste;PI;Bom Jesus;22;220190.0;22002.0;CHAPADA DAS MANGABEIRAS;2025-09-05;36;25179.0;4023.0;0;58;0;;;0
Nordeste;PI;Bom Princípio do Piauí;22;220191.0;22005.0;PLANICIE LITORANEA;2025-09-05;36;5630.0;310.0;0;14;0;;;0
Nordeste;PI;Bonfim do Piauí;22;220192.0;22006.0;SERRA DA CAPIVARA;2025-09-05;36;5670.0;519.0;0;9;0;;;0
Nordeste;PI;Boqueirão do Piauí;22;220194.0;22001.0;CARNAUBAIS;2025-09-05;36;6407.0;903.0;0;18;0;;;0
Nordeste;PI;Brasileira;22;220196.0;22003.0;COCAIS;2025-09-05;36;8329.0;1141.0;0;23;0;;;0
Nordeste;PI;Brejo do Piauí;22;220198.0;22011.0;VALE DOS RIOS PIAUI E ITAUEIRAS;2025-09-05;36;3875.0;249.0;0;6;0;;;0
Nordeste;PI;Buriti dos Lopes;22;220200.0;22005.0;PLANICIE LITORANEA;2025-09-05;36;19781.0;1779.0;0;41;0;;;0
Nordeste;PI;Buriti dos Montes;22;220202.0;22001.0;CARNAUBAIS;2025-09-05;36;8244.0;726.0;0;11;0;;;0
Nordeste;PI;Cabeceiras do Piauí;22;220205.0;22001.0;CARNAUBAIS;2025-09-05;36;10586.0;967.0;0;20;0;;;0
Nordeste;PI;Cajazeiras do Piauí;22;220207.0;22008.0;VALE DO CANINDE;2025-09-05;36;3559.0;93.0;0;2;0;;;0
Nordeste;PI;Cajueiro da Praia;22;220208.0;22005.0;PLANICIE LITORANEA;2025-09-05;36;7642.0;504.0;0;21;0;;;0
Nordeste;PI;Caldeirão Grande do Piauí;22;220209.0;22009.0;VALE DO RIO GUARIBAS;2025-09-05;36;5776.0;552.0;0;2;0;;;0
Nordeste;PI;Campinas do Piauí;22;220210.0;22008.0;VALE DO CANINDE;2025-09-05;36;5613.0;265.0;0;2;0;;;0
Nordeste;PI;Campo Alegre do Fidalgo;22;220211.0;22006.0;SERRA DA CAPIVARA;2025-09-05;36;5045.0;600.0;0;3;0;;;0
Nordeste;PI;Campo Grande do Piauí;22;220213.0;22009.0;VALE DO RIO GUARIBAS;2025-09-05;36;5943.0;557.0;0;12;0;;;0
Nordeste;PI;Campo Largo do Piauí;22;220217.0;22003.0;COCAIS;2025-09-05;36;7279.0;521.0;0;8;0;;;0
Nordeste;PI;Campo Maior;22;220220.0;22001.0;CARNAUBAIS;2025-09-05;36;46833.0;7364.0;0;182;0;;;0
Nordeste;PI;Canavieira;22;220225.0;22011.0;VALE DOS RIOS PIAUI E ITAUEIRAS;2025-09-05;36;3950.0;494.0;0;8;0;;;0
Nordeste;PI;Canto do Buriti;22;220230.0;22011.0;VALE DOS RIOS PIAUI E ITAUEIRAS;2025-09-05;36;21187.0;1716.0;0;54;0;;;0
Nordeste;PI;Capitão de Campos;22;220240.0;22003.0;COCAIS;2025-09-05;36;11417.0;856.0;0;31;0;;;0
Nordeste;PI;Capitão Gervásio Oliveira;22;220245.0;22006.0;SERRA DA CAPIVARA;2025-09-05;36;4100.0;146.0;0;12;0;;;0
Nordeste;PI;Caracol;22;220250.0;22006.0;SERRA DA CAPIVARA;2025-09-05;36;10916.0;442.0;0;19;0;;;0
Nordeste;PI;Caraúbas do Piauí;22;220253.0;22005.0;PLANICIE LITORANEA;2025-09-05;36;5868.0;199.0;0;12;0;;;0
Nordeste;PI;Caridade do Piauí;22;220255.0;22009.0;VALE DO RIO GUARIBAS;2025-09-05;36;5067.0;875.0;0;6;0;;;0
Nordeste;PI;Castelo do Piauí;22;220260.0;22001.0;CARNAUBAIS;2025-09-05;36;19716.0;2562.0;0;41;0;;;0
Nordeste;PI;Caxingó;22;220265.0;22005.0;PLANICIE LITORANEA;2025-09-05;36;5424.0;160.0;0;2;0;;;0
Nordeste;PI;Cocal;22;220270.0;22005.0;PLANICIE LITORANEA;2025-09-05;36;27787.0;2064.0;0;54;0;;;0
Nordeste;PI;Cocal de Telha;22;220271.0;22001.0;CARNAUBAIS;2025-09-05;36;4891.0;633.0;0;14;0;;;0
Nordeste;PI;Cocal dos Alves;22;220272.0;22005.0;PLANICIE LITORANEA;2025-09-05;36;6153.0;440.0;0;8;0;;;0
Nordeste;PI;Coivaras;22;220273.0;22004.0;ENTRE RIOS;2025-09-05;36;4020.0;361.0;0;6;0;;;1
Nordeste;PI;Colônia do Gurguéia;22;220275.0;22002.0;CHAPADA DAS MANGABEIRAS;2025-09-05;36;6484.0;730.0;0;14;0;;;0
Nordeste;PI;Colônia do Piauí;22;220277.0;22008.0;VALE DO CANINDE;2025-09-05;36;7656.0;1017.0;0;6;0;;;0
Nordeste;PI;Conceição do Canindé;22;220280.0;22008.0;VALE DO CANINDE;2025-09-05;36;4803.0;535.0;0;7;0;;;0
Nordeste;PI;Coronel José Dias;22;220285.0;22006.0;SERRA DA CAPIVARA;2025-09-05;36;4682.0;131.0;0;6;0;;;0
Nordeste;PI;Corrente;22;220290.0;22002.0;CHAPADA DAS MANGABEIRAS;2025-09-05;36;26644.0;2416.0;0;38;0;;;0
Nordeste;PI;Cristalândia do Piauí;22;220300.0;22002.0;CHAPADA DAS MANGABEIRAS;2025-09-05;36;8294.0;72.0;0;4;0;;;0
Nordeste;PI;Cristino Castro;22;220310.0;22002.0;CHAPADA DAS MANGABEIRAS;2025-09-05;36;10423.0;1061.0;0;15;0;;;0
Nordeste;PI;Curimatá;22;220320.0;22002.0;CHAPADA DAS MANGABEIRAS;2025-09-05;36;11388.0;1220.0;0;27;0;;;0
Nordeste;PI;Currais;22;220323.0;22002.0;CHAPADA DAS MANGABEIRAS;2025-09-05;36;4954.0;670.0;0;3;0;;;0
Nordeste;PI;Curralinhos;22;220325.0;22004.0;ENTRE RIOS;2025-09-05;36;4443.0;674.0;0;4;0;;;1
Nordeste;PI;Curral Novo do Piauí;22;220327.0;22009.0;VALE DO RIO GUARIBAS;2025-09-05;36;5343.0;362.0;0;2;0;;;0
Nordeste;PI;Demerval Lobão;22;220330.0;22004.0;ENTRE RIOS;2025-09-05;36;13817.0;3856.0;0;45;0;;;1
Nordeste;PI;Dirceu Arcoverde;22;220335.0;22006.0;SERRA DA CAPIVARA;2025-09-05;36;7011.0;383.0;0;13;0;;;0
Nordeste;PI;Dom Expedito Lopes;22;220340.0;22009.0;VALE DO RIO GUARIBAS;2025-09-05;36;6904.0;786.0;0;14;0;;;0
Nordeste;PI;Domingos Mourão;22;220342.0;22003.0;COCAIS;2025-09-05;36;4355.0;281.0;0;5;0;;;0
Nordeste;PI;Dom Inocêncio;22;220345.0;22006.0;SERRA DA CAPIVARA;2025-09-05;36;9556.0;720.0;0;8;0;;;0
Nordeste;PI;Elesbão Veloso;22;220350.0;22010.0;VALE DO SAMBITO;2025-09-05;36;14602.0;791.0;0;38;0;;;0
Nordeste;PI;Eliseu Martins;22;220360.0;22002.0;CHAPADA DAS MANGABEIRAS;2025-09-05;36;4915.0;420.0;0;17;0;;;0
Nordeste;PI;Esperantina;22;220370.0;22003.0;COCAIS;2025-09-05;36;39737.0;3249.0;0;108;0;;;0
Nordeste;PI;Fartura do Piauí;22;220375.0;22006.0;SERRA DA CAPIVARA;2025-09-05;36;5307.0;190.0;0;7;0;;;0
Nordeste;PI;Flores do Piauí;22;220380.0;22011.0;VALE DOS RIOS PIAUI E ITAUEIRAS;2025-09-05;36;4463.0;189.0;0;6;0;;;0
Nordeste;PI;Floresta do Piauí;22;220385.0;22008.0;VALE DO CANINDE;2025-09-05;36;2558.0;109.0;0;4;0;;;0
Nordeste;PI;Floriano;22;220390.0;22011.0;VALE DOS RIOS PIAUI E ITAUEIRAS;2025-09-05;36;59935.0;11223.0;0;188;0;;;0
Nordeste;PI;Francinópolis;22;220400.0;22010.0;VALE DO SAMBITO;2025-09-05;36;5348.0;81.0;0;7;0;;;0
Nordeste;PI;Francisco Ayres;22;220410.0;22011.0;VALE DOS RIOS PIAUI E ITAUEIRAS;2025-09-05;36;4348.0;536.0;0;7;0;;;0
Nordeste;PI;Francisco Macedo;22;220415.0;22009.0;VALE DO RIO GUARIBAS;2025-09-05;36;3184.0;604.0;0;6;0;;;0
Nordeste;PI;Francisco Santos;22;220420.0;22009.0;VALE DO RIO GUARIBAS;2025-09-05;36;9319.0;791.0;0;8;0;;;0
Nordeste;PI;Fronteiras;22;220430.0;22009.0;VALE DO RIO GUARIBAS;2025-09-05;36;11625.0;1343.0;0;13;0;;;0
Nordeste;PI;Geminiano;22;220435.0;22009.0;VALE DO RIO GUARIBAS;2025-09-05;36;5442.0;719.0;0;6;0;;;0
Nordeste;PI;Gilbués;22;220440.0;22002.0;CHAPADA DAS MANGABEIRAS;2025-09-05;36;10690.0;1180.0;0;7;0;;;0
Nordeste;PI;Guadalupe;22;220450.0;22011.0;VALE DOS RIOS PIAUI E ITAUEIRAS;2025-09-05;36;10499.0;1717.0;0;29;0;;;0
Nordeste;PI;Guaribas;22;220455.0;22006.0;SERRA DA CAPIVARA;2025-09-05;36;4562.0;108.0;0;2;0;;;0
Nordeste;PI;Hugo Napoleão;22;220460.0;22004.0;ENTRE RIOS;2025-09-05;36;3877.0;905.0;0;9;0;;;0
Nordeste;PI;Ilha Grande;22;220465.0;22005.0;PLANICIE LITORANEA;2025-09-05;36;9426.0;1381.0;0;21;0;;;0
Nordeste;PI;Inhuma;22;220470.0;22010.0;VALE DO SAMBITO;2025-09-05;36;15308.0;1788.0;0;32;0;;;0
Nordeste;PI;Ipiranga do Piauí;22;220480.0;22009.0;VALE DO RIO GUARIBAS;2025-09-05;36;9811.0;877.0;0;20;0;;;0
Nordeste;PI;Isaías Coelho;22;220490.0;22008.0;VALE DO CANINDE;2025-09-05;36;8549.0;1102.0;0;10;0;;;0
Nordeste;PI;Itainópolis;22;220500.0;22009.0;VALE DO RIO GUARIBAS;2025-09-05;36;11530.0;1796.0;0;15;0;;;0
Nordeste;PI;Itaueira;22;220510.0;22011.0;VALE DOS RIOS PIAUI E ITAUEIRAS;2025-09-05;36;11019.0;792.0;0;28;0;;;0
Nordeste;PI;Jacobina do Piauí;22;220515.0;22009.0;VALE DO RIO GUARIBAS;2025-09-05;36;5741.0;633.0;0;4;0;;;0
Nordeste;PI;Jaicós;22;220520.0;22009.0;VALE DO RIO GUARIBAS;2025-09-05;36;19104.0;3193.0;0;44;0;;;0
Nordeste;PI;Jardim do Mulato;22;220525.0;22004.0;ENTRE RIOS;2025-09-05;36;4504.0;366.0;0;5;0;;;0
Nordeste;PI;Jatobá do Piauí;22;220527.0;22001.0;CARNAUBAIS;2025-09-05;36;4865.0;410.0;0;11;0;;;0
Nordeste;PI;Jerumenha;22;220530.0;22011.0;VALE DOS RIOS PIAUI E ITAUEIRAS;2025-09-05;36;4452.0;215.0;0;8;0;;;0
Nordeste;PI;João Costa;22;220535.0;22006.0;SERRA DA CAPIVARA;2025-09-05;36;3008.0;331.0;0;4;0;;;0
Nordeste;PI;Joaquim Pires;22;220540.0;22003.0;COCAIS;2025-09-05;36;14354.0;1761.0;0;33;0;;;0
Nordeste;PI;Joca Marques;22;220545.0;22003.0;COCAIS;2025-09-05;36;5443.0;616.0;0;9;0;;;0
Nordeste;PI;José de Freitas;22;220550.0;22004.0;ENTRE RIOS;2025-09-05;36;39208.0;9011.0;0;95;0;;;1
Nordeste;PI;Juazeiro do Piauí;22;220551.0;22001.0;CARNAUBAIS;2025-09-05;36;5478.0;686.0;0;4;0;;;0
Nordeste;PI;Júlio Borges;22;220552.0;22002.0;CHAPADA DAS MANGABEIRAS;2025-09-05;36;5627.0;151.0;0;18;0;;;0
Nordeste;PI;Jurema;22;220553.0;22006.0;SERRA DA CAPIVARA;2025-09-05;36;4763.0;333.0;0;8;0;;;0
Nordeste;PI;Lagoinha do Piauí;22;220554.0;22004.0;ENTRE RIOS;2025-09-05;36;2845.0;399.0;0;9;0;;;0
Nordeste;PI;Lagoa Alegre;22;220555.0;22004.0;ENTRE RIOS;2025-09-05;36;8542.0;529.0;0;15;0;;;1
Nordeste;PI;Lagoa do Barro do Piauí;22;220556.0;22006.0;SERRA DA CAPIVARA;2025-09-05;36;4655.0;1074.0;0;11;0;;;0
Nordeste;PI;Lagoa de São Francisco;22;220557.0;22003.0;COCAIS;2025-09-05;36;6758.0;848.0;0;6;0;;;0
Nordeste;PI;Lagoa do Piauí;22;220558.0;22004.0;ENTRE RIOS;2025-09-05;36;4064.0;1263.0;0;6;0;;;1
Nordeste;PI;Lagoa do Sítio;22;220559.0;22010.0;VALE DO SAMBITO;2025-09-05;36;5177.0;100.0;0;14;0;;;0
Nordeste;PI;Landri Sales;22;220560.0;22011.0;VALE DOS RIOS PIAUI E ITAUEIRAS;2025-09-05;36;5295.0;1212.0;0;27;0;;;0
Nordeste;PI;Luís Correia;22;220570.0;22005.0;PLANICIE LITORANEA;2025-09-05;36;30311.0;2623.0;0;67;0;;;0
Nordeste;PI;Luzilândia;22;220580.0;22003.0;COCAIS;2025-09-05;36;25486.0;3374.0;0;68;0;;;0
Nordeste;PI;Madeiro;22;220585.0;22003.0;COCAIS;2025-09-05;36;8310.0;414.0;0;7;0;;;0
Nordeste;PI;Manoel Emídio;22;220590.0;22011.0;VALE DOS RIOS PIAUI E ITAUEIRAS;2025-09-05;36;5349.0;505.0;0;21;0;;;0
Nordeste;PI;Marcolândia;22;220595.0;22009.0;VALE DO RIO GUARIBAS;2025-09-05;36;8492.0;1012.0;0;21;0;;;0
Nordeste;PI;Marcos Parente;22;220600.0;22011.0;VALE DOS RIOS PIAUI E ITAUEIRAS;2025-09-05;36;4549.0;483.0;0;10;0;;;0
Nordeste;PI;Massapê do Piauí;22;220605.0;22009.0;VALE DO RIO GUARIBAS;2025-09-05;36;6441.0;757.0;0;3;0;;;0
Nordeste;PI;Matias Olímpio;22;220610.0;22003.0;COCAIS;2025-09-05;36;10936.0;755.0;0;15;0;;;0
Nordeste;PI;Miguel Alves;22;220620.0;22004.0;ENTRE RIOS;2025-09-05;36;33760.0;2306.0;0;41;0;;;0
Nordeste;PI;Miguel Leão;22;220630.0;22004.0;ENTRE RIOS;2025-09-05;36;1246.0;447.0;0;3;0;;;1
Nordeste;PI;Milton Brandão;22;220635.0;22003.0;COCAIS;2025-09-05;36;6613.0;361.0;0;3;0;;;0
Nordeste;PI;Monsenhor Gil;22;220640.0;22004.0;ENTRE RIOS;2025-09-05;36;10564.0;1910.0;0;49;0;;;1
Nordeste;PI;Monsenhor Hipólito;22;220650.0;22009.0;VALE DO RIO GUARIBAS;2025-09-05;36;7749.0;943.0;0;8;0;;;0
Nordeste;PI;Monte Alegre do Piauí;22;220660.0;22002.0;CHAPADA DAS MANGABEIRAS;2025-09-05;36;10613.0;1225.0;0;21;0;;;0
Nordeste;PI;Morro Cabeça no Tempo;22;220665.0;22002.0;CHAPADA DAS MANGABEIRAS;2025-09-05;36;4532.0;167.0;0;7;0;;;0
Nordeste;PI;Morro do Chapéu do Piauí;22;220667.0;22003.0;COCAIS;2025-09-05;36;6796.0;1238.0;0;7;0;;;0
Nordeste;PI;Murici dos Portelas;22;220669.0;22005.0;PLANICIE LITORANEA;2025-09-05;36;9159.0;341.0;0;11;0;;;0
Nordeste;PI;Nazaré do Piauí;22;220670.0;22011.0;VALE DOS RIOS PIAUI E ITAUEIRAS;2025-09-05;36;7339.0;458.0;0;16;0;;;0
Nordeste;PI;Nazária;22;220672.0;22004.0;ENTRE RIOS;2025-09-05;36;8570.0;476.0;0;19;0;;;1
Nordeste;PI;Nossa Senhora de Nazaré;22;220675.0;22001.0;CARNAUBAIS;2025-09-05;36;4870.0;938.0;0;20;0;;;0
Nordeste;PI;Nossa Senhora dos Remédios;22;220680.0;22003.0;COCAIS;2025-09-05;36;8692.0;949.0;0;16;0;;;0
Nordeste;PI;Novo Oriente do Piauí;22;220690.0;22010.0;VALE DO SAMBITO;2025-09-05;36;6565.0;426.0;0;13;0;;;0
Nordeste;PI;Novo Santo Antônio;22;220695.0;22001.0;CARNAUBAIS;2025-09-05;36;2991.0;330.0;0;5;0;;;0
Nordeste;PI;Oeiras;22;220700.0;22008.0;VALE DO CANINDE;2025-09-05;36;37029.0;6817.0;0;95;0;;;0
Nordeste;PI;Olho D'Água do Piauí;22;220710.0;22004.0;ENTRE RIOS;2025-09-05;36;2459.0;338.0;0;3;0;;;0
Nordeste;PI;Padre Marcos;22;220720.0;22009.0;VALE DO RIO GUARIBAS;2025-09-05;36;6868.0;602.0;0;9;0;;;0
Nordeste;PI;Paes Landim;22;220730.0;22011.0;VALE DOS RIOS PIAUI E ITAUEIRAS;2025-09-05;36;4129.0;320.0;0;9;0;;;0
Nordeste;PI;Pajeú do Piauí;22;220735.0;22011.0;VALE DOS RIOS PIAUI E ITAUEIRAS;2025-09-05;36;3389.0;105.0;0;9;0;;;0
Nordeste;PI;Palmeira do Piauí;22;220740.0;22002.0;CHAPADA DAS MANGABEIRAS;2025-09-05;36;5043.0;238.0;0;7;0;;;0
Nordeste;PI;Palmeirais;22;220750.0;22004.0;ENTRE RIOS;2025-09-05;36;14539.0;349.0;0;25;0;;;0
Nordeste;PI;Paquetá;22;220755.0;22009.0;VALE DO RIO GUARIBAS;2025-09-05;36;3945.0;205.0;0;9;0;;;0
Nordeste;PI;Parnaguá;22;220760.0;22002.0;CHAPADA DAS MANGABEIRAS;2025-09-05;36;10791.0;606.0;0;11;0;;;0
Nordeste;PI;Parnaíba;22;220770.0;22005.0;PLANICIE LITORANEA;2025-09-05;36;153078.0;24611.0;0;520;0;;;0
Nordeste;PI;Passagem Franca do Piauí;22;220775.0;22004.0;ENTRE RIOS;2025-09-05;36;4313.0;261.0;0;12;0;;;0
Nordeste;PI;Patos do Piauí;22;220777.0;22009.0;VALE DO RIO GUARIBAS;2025-09-05;36;6392.0;686.0;0;12;0;;;0
Nordeste;PI;Pau D'Arco do Piauí;22;220779.0;22004.0;ENTRE RIOS;2025-09-05;36;4045.0;504.0;0;5;0;;;0
Nordeste;PI;Paulistana;22;220780.0;22009.0;VALE DO RIO GUARIBAS;2025-09-05;36;20523.0;1339.0;0;20;0;;;0
Nordeste;PI;Pavussu;22;220785.0;22011.0;VALE DOS RIOS PIAUI E ITAUEIRAS;2025-09-05;36;3677.0;586.0;0;16;0;;;0
Nordeste;PI;Pedro II;22;220790.0;22003.0;COCAIS;2025-09-05;36;38742.0;5580.0;0;123;0;;;0
Nordeste;PI;Pedro Laurentino;22;220793.0;22011.0;VALE DOS RIOS PIAUI E ITAUEIRAS;2025-09-05;36;2536.0;82.0;0;4;0;;;0
Nordeste;PI;Nova Santa Rita;22;220795.0;22011.0;VALE DOS RIOS PIAUI E ITAUEIRAS;2025-09-05;36;4374.0;152.0;0;4;0;;;0
Nordeste;PI;Picos;22;220800.0;22009.0;VALE DO RIO GUARIBAS;2025-09-05;36;78222.0;14699.0;0;195;0;;;0
Nordeste;PI;Pimenteiras;22;220810.0;22010.0;VALE DO SAMBITO;2025-09-05;36;12127.0;1541.0;0;33;0;;;0
Nordeste;PI;Pio IX;22;220820.0;22009.0;VALE DO RIO GUARIBAS;2025-09-05;36;18425.0;2645.0;0;26;0;;;0
Nordeste;PI;Piracuruca;22;220830.0;22003.0;COCAIS;2025-09-05;36;28791.0;3057.0;0;118;0;;;0
Nordeste;PI;Piripiri;22;220840.0;22003.0;COCAIS;2025-09-05;36;63742.0;16126.0;0;228;0;;;0
Nordeste;PI;Porto;22;220850.0;22003.0;COCAIS;2025-09-05;36;12568.0;558.0;0;18;0;;;0
Nordeste;PI;Porto Alegre do Piauí;22;220855.0;22011.0;VALE DOS RIOS PIAUI E ITAUEIRAS;2025-09-05;36;2710.0;194.0;0;4;0;;;0
Nordeste;PI;Prata do Piauí;22;220860.0;22010.0;VALE DO SAMBITO;2025-09-05;36;3151.0;354.0;0;5;0;;;0
Nordeste;PI;Queimada Nova;22;220865.0;22009.0;VALE DO RIO GUARIBAS;2025-09-05;36;8992.0;1355.0;0;6;0;;;0
Nordeste;PI;Redenção do Gurguéia;22;220870.0;22002.0;CHAPADA DAS MANGABEIRAS;2025-09-05;36;8778.0;1080.0;0;25;0;;;0
Nordeste;PI;Regeneração;22;220880.0;22004.0;ENTRE RIOS;2025-09-05;36;17978.0;1493.0;0;31;0;;;0
Nordeste;PI;Riacho Frio;22;220885.0;22002.0;CHAPADA DAS MANGABEIRAS;2025-09-05;36;4312.0;223.0;0;5;0;;;0
Nordeste;PI;Ribeira do Piauí;22;220887.0;22011.0;VALE DOS RIOS PIAUI E ITAUEIRAS;2025-09-05;36;4477.0;108.0;0;7;0;;;0
Nordeste;PI;Ribeiro Gonçalves;22;220890.0;22007.0;TABULEIROS DO ALTO PARNAIBA;2025-09-05;36;7341.0;981.0;0;18;0;;;0
Nordeste;PI;Rio Grande do Piauí;22;220900.0;22011.0;VALE DOS RIOS PIAUI E ITAUEIRAS;2025-09-05;36;6432.0;670.0;0;10;0;;;0
Nordeste;PI;Santa Cruz do Piauí;22;220910.0;22009.0;VALE DO RIO GUARIBAS;2025-09-05;36;6240.0;888.0;0;15;0;;;0
Nordeste;PI;Santa Cruz dos Milagres;22;220915.0;22010.0;VALE DO SAMBITO;2025-09-05;36;4019.0;290.0;0;2;0;;;0
Nordeste;PI;Santa Filomena;22;220920.0;22002.0;CHAPADA DAS MANGABEIRAS;2025-09-05;36;6253.0;190.0;0;5;0;;;0
Nordeste;PI;Santa Luz;22;220930.0;22002.0;CHAPADA DAS MANGABEIRAS;2025-09-05;36;5860.0;619.0;0;8;0;;;0
Nordeste;PI;Santana do Piauí;22;220935.0;22009.0;VALE DO RIO GUARIBAS;2025-09-05;36;4634.0;348.0;0;7;0;;;0
Nordeste;PI;Santa Rosa do Piauí;22;220937.0;22008.0;VALE DO CANINDE;2025-09-05;36;5257.0;269.0;0;6;0;;;0
Nordeste;PI;Santo Antônio de Lisboa;22;220940.0;22009.0;VALE DO RIO GUARIBAS;2025-09-05;36;6415.0;128.0;0;5;0;;;0
Nordeste;PI;Santo Antônio dos Milagres;22;220945.0;22004.0;ENTRE RIOS;2025-09-05;36;2161.0;323.0;0;3;0;;;0
Nordeste;PI;Santo Inácio do Piauí;22;220950.0;22008.0;VALE DO CANINDE;2025-09-05;36;3798.0;337.0;0;7;0;;;0
Nordeste;PI;São Braz do Piauí;22;220955.0;22006.0;SERRA DA CAPIVARA;2025-09-05;36;4448.0;188.0;0;15;0;;;0
Nordeste;PI;São Félix do Piauí;22;220960.0;22010.0;VALE DO SAMBITO;2025-09-05;36;2942.0;551.0;0;4;0;;;0
Nordeste;PI;São Francisco de Assis do Piauí;22;220965.0;22008.0;VALE DO CANINDE;2025-09-05;36;5755.0;488.0;0;5;0;;;0
Nordeste;PI;São Francisco do Piauí;22;220970.0;22011.0;VALE DOS RIOS PIAUI E ITAUEIRAS;2025-09-05;36;6423.0;241.0;0;10;0;;;0
Nordeste;PI;São Gonçalo do Gurguéia;22;220975.0;22002.0;CHAPADA DAS MANGABEIRAS;2025-09-05;36;3041.0;231.0;0;6;0;;;0
Nordeste;PI;São Gonçalo do Piauí;22;220980.0;22004.0;ENTRE RIOS;2025-09-05;36;5015.0;476.0;0;9;0;;;0
Nordeste;PI;São João da Canabrava;22;220985.0;22009.0;VALE DO RIO GUARIBAS;2025-09-05;36;4608.0;630.0;0;11;0;;;0
Nordeste;PI;São João da Fronteira;22;220987.0;22003.0;COCAIS;2025-09-05;36;6042.0;267.0;0;7;0;;;0
Nordeste;PI;São João da Serra;22;220990.0;22001.0;CARNAUBAIS;2025-09-05;36;6139.0;445.0;0;19;0;;;0
Nordeste;PI;São João da Varjota;22;220995.0;22008.0;VALE DO CANINDE;2025-09-05;36;4840.0;379.0;0;2;0;;;0
Nordeste;PI;São João do Arraial;22;220997.0;22003.0;COCAIS;2025-09-05;36;7989.0;936.0;0;11;0;;;0
Nordeste;PI;São João do Piauí;22;221000.0;22006.0;SERRA DA CAPIVARA;2025-09-05;36;20601.0;4074.0;0;39;0;;;0
Nordeste;PI;São José do Divino;22;221005.0;22003.0;COCAIS;2025-09-05;36;5346.0;398.0;0;14;0;;;0
Nordeste;PI;São José do Peixe;22;221010.0;22011.0;VALE DOS RIOS PIAUI E ITAUEIRAS;2025-09-05;36;3745.0;396.0;0;4;0;;;0
Nordeste;PI;São José do Piauí;22;221020.0;22009.0;VALE DO RIO GUARIBAS;2025-09-05;36;6705.0;329.0;0;9;0;;;0
Nordeste;PI;São Julião;22;221030.0;22009.0;VALE DO RIO GUARIBAS;2025-09-05;36;6363.0;363.0;0;15;0;;;0
Nordeste;PI;São Lourenço do Piauí;22;221035.0;22006.0;SERRA DA CAPIVARA;2025-09-05;36;4573.0;69.0;0;4;0;;;0
Nordeste;PI;São Luis do Piauí;22;221037.0;22009.0;VALE DO RIO GUARIBAS;2025-09-05;36;2644.0;205.0;0;1;0;;;0
Nordeste;PI;São Miguel da Baixa Grande;22;221038.0;22010.0;VALE DO SAMBITO;2025-09-05;36;2452.0;320.0;0;4;0;;;0
Nordeste;PI;São Miguel do Fidalgo;22;221039.0;22011.0;VALE DOS RIOS PIAUI E ITAUEIRAS;2025-09-05;36;3039.0;317.0;0;4;0;;;0
Nordeste;PI;São Miguel do Tapuio;22;221040.0;22001.0;CARNAUBAIS;2025-09-05;36;17662.0;687.0;0;19;0;;;0
Nordeste;PI;São Pedro do Piauí;22;221050.0;22004.0;ENTRE RIOS;2025-09-05;36;14291.0;2536.0;0;35;0;;;0
Nordeste;PI;São Raimundo Nonato;22;221060.0;22006.0;SERRA DA CAPIVARA;2025-09-05;36;34710.0;4941.0;0;75;0;;;0
Nordeste;PI;Sebastião Barros;22;221062.0;22002.0;CHAPADA DAS MANGABEIRAS;2025-09-05;36;3469.0;26.0;0;3;0;;;0
Nordeste;PI;Sebastião Leal;22;221063.0;22007.0;TABULEIROS DO ALTO PARNAIBA;2025-09-05;36;4294.0;1127.0;0;9;0;;;0
Nordeste;PI;Sigefredo Pacheco;22;221065.0;22001.0;CARNAUBAIS;2025-09-05;36;10041.0;467.0;0;16;0;;;0
Nordeste;PI;Simões;22;221070.0;22009.0;VALE DO RIO GUARIBAS;2025-09-05;36;14633.0;1217.0;0;17;0;;;0
Nordeste;PI;Simplício Mendes;22;221080.0;22008.0;VALE DO CANINDE;2025-09-05;36;12711.0;2079.0;0;57;0;;;0
Nordeste;PI;Socorro do Piauí;22;221090.0;22011.0;VALE DOS RIOS PIAUI E ITAUEIRAS;2025-09-05;36;4569.0;373.0;0;8;0;;;0
Nordeste;PI;Sussuapara;22;221093.0;22009.0;VALE DO RIO GUARIBAS;2025-09-05;36;6730.0;709.0;0;15;0;;;0
Nordeste;PI;Tamboril do Piauí;22;221095.0;22011.0;VALE DOS RIOS PIAUI E ITAUEIRAS;2025-09-05;36;2919.0;56.0;0;8;0;;;0
Nordeste;PI;Tanque do Piauí;22;221097.0;22008.0;VALE DO CANINDE;2025-09-05;36;2765.0;480.0;0;1;0;;;0
Nordeste;PI;Teresina;22;221100.0;22004.0;ENTRE RIOS;2025-09-05;36;864845.0;147168.0;0;3053;0;;;1
Nordeste;PI;União;22;221110.0;22004.0;ENTRE RIOS;2025-09-05;36;44485.0;2599.0;0;80;0;;;1
Nordeste;PI;Uruçuí;22;221120.0;22007.0;TABULEIROS DO ALTO PARNAIBA;2025-09-05;36;21558.0;5718.0;0;74;0;;;0
Nordeste;PI;Valença do Piauí;22;221130.0;22010.0;VALE DO SAMBITO;2025-09-05;36;20918.0;2529.0;0;81;0;;;0
Nordeste;PI;Várzea Branca;22;221135.0;22006.0;SERRA DA CAPIVARA;2025-09-05;36;4947.0;205.0;0;12;0;;;0
Nordeste;PI;Várzea Grande;22;221140.0;22010.0;VALE DO SAMBITO;2025-09-05;36;4391.0;572.0;0;1;0;;;0
Nordeste;PI;Vera Mendes;22;221150.0;22009.0;VALE DO RIO GUARIBAS;2025-09-05;36;3077.0;497.0;0;3;0;;;0
Nordeste;PI;Vila Nova do Piauí;22;221160.0;22009.0;VALE DO RIO GUARIBAS;2025-09-05;36;2971.0;352.0;0;3;0;;;0
Nordeste;PI;Wall Ferraz;22;221170.0;22009.0;VALE DO RIO GUARIBAS;2025-09-05;36;4462.0;341.0;0;3;0;;;0
Nordeste;CE;;23;230000.0;;;2025-09-05;36;;18166.0;0;0;0;;;
Nordeste;CE;Abaiara;23;230010.0;23019.0;19ª REGIAO BREJO SANTO;2025-09-05;36;11737.0;1388.0;0;20;0;;;0
Nordeste;CE;Acarape;23;230015.0;23003.0;3ª REGIAO MARACANAU;2025-09-05;36;14929.0;3599.0;0;36;0;;;0
Nordeste;CE;Acaraú;23;230020.0;23012.0;12ª REGIAO ACARAU;2025-09-05;36;62641.0;8342.0;0;121;0;;;0
Nordeste;CE;Acopiara;23;230030.0;23018.0;18ª REGIAO IGUATU;2025-09-05;36;54270.0;6690.0;0;185;0;;;0
Nordeste;CE;Aiuaba;23;230040.0;23014.0;14ª REGIAO TAUA;2025-09-05;36;17399.0;1319.0;0;18;0;;;0
Nordeste;CE;Alcântaras;23;230050.0;23011.0;11ª REGIAO SOBRAL;2025-09-05;36;11714.0;2695.0;0;23;0;;;0
Nordeste;CE;Altaneira;23;230060.0;23020.0;20ª REGIAO CRATO;2025-09-05;36;7586.0;1185.0;0;21;0;;;0
Nordeste;CE;Alto Santo;23;230070.0;23010.0;10ª REGIAO LIMOEIRO DO NORTE;2025-09-05;36;17146.0;3697.0;0;44;0;;;0
Nordeste;CE;Amontada;23;230075.0;23006.0;6ª REGIAO ITAPIPOCA;2025-09-05;36;43452.0;3902.0;0;64;0;;;0
Nordeste;CE;Antonina do Norte;23;230080.0;23020.0;20ª REGIAO CRATO;2025-09-05;36;7353.0;1161.0;0;28;0;;;0
Nordeste;CE;Apuiarés;23;230090.0;23002.0;2ª REGIAO CAUCAIA;2025-09-05;36;14600.0;1991.0;0;29;0;;;0
Nordeste;CE;Aquiraz;23;230100.0;23001.0;1ª REGIAO FORTALEZA;2025-09-05;36;80271.0;12211.0;0;110;0;;;1
Nordeste;CE;Aracati;23;230110.0;23007.0;7ª REGIAO ARACATI;2025-09-05;36;74547.0;15997.0;0;185;0;;;0
Nordeste;CE;Aracoiaba;23;230120.0;23004.0;4ª REGIAO BATURITE;2025-09-05;36;26469.0;5837.0;0;41;0;;;0
Nordeste;CE;Ararendá;23;230125.0;23015.0;15ª REGIAO CRATEUS;2025-09-05;36;10935.0;2353.0;0;22;0;;;0
Nordeste;CE;Araripe;23;230130.0;23020.0;20ª REGIAO CRATO;2025-09-05;36;21600.0;2432.0;0;32;0;;;0
Nordeste;CE;Aratuba;23;230140.0;23004.0;4ª REGIAO BATURITE;2025-09-05;36;11847.0;2343.0;0;15;0;;;0
Nordeste;CE;Arneiroz;23;230150.0;23014.0;14ª REGIAO TAUA;2025-09-05;36;7840.0;1019.0;0;21;0;;;0
Nordeste;CE;Assaré;23;230160.0;23020.0;20ª REGIAO CRATO;2025-09-05;36;23417.0;3325.0;0;60;0;;;0
Nordeste;CE;Aurora;23;230170.0;23019.0;19ª REGIAO BREJO SANTO;2025-09-05;36;24654.0;2930.0;0;45;0;;;0
Nordeste;CE;Baixio;23;230180.0;23017.0;17ª REGIAO ICO;2025-09-05;36;6288.0;996.0;0;18;0;;;0
Nordeste;CE;Banabuiú;23;230185.0;23008.0;8ª REGIAO QUIXADA;2025-09-05;36;18197.0;3539.0;0;22;0;;;0
Nordeste;CE;Barbalha;23;230190.0;23021.0;21ª REGIAO JUAZEIRO DO NORTE;2025-09-05;36;60781.0;13925.0;0;216;0;;;0
Nordeste;CE;Barreira;23;230195.0;23003.0;3ª REGIAO MARACANAU;2025-09-05;36;22425.0;2561.0;0;56;0;;;0
Nordeste;CE;Barro;23;230200.0;23019.0;19ª REGIAO BREJO SANTO;2025-09-05;36;22680.0;3348.0;0;52;0;;;0
Nordeste;CE;Barroquinha;23;230205.0;23016.0;16ª REGIAO CAMOCIM;2025-09-05;36;15017.0;1872.0;0;28;0;;;0
Nordeste;CE;Baturité;23;230210.0;23004.0;4ª REGIAO BATURITE;2025-09-05;36;35750.0;6167.0;0;92;0;;;0
Nordeste;CE;Beberibe;23;230220.0;23022.0;22ª REGIAO CASCAVEL;2025-09-05;36;53573.0;12811.0;0;145;0;;;0
Nordeste;CE;Bela Cruz;23;230230.0;23012.0;12ª REGIAO ACARAU;2025-09-05;36;32591.0;4674.0;0;79;0;;;0
Nordeste;CE;Boa Viagem;23;230240.0;23005.0;5ª REGIAO CANINDE;2025-09-05;36;54470.0;7039.0;0;125;0;;;0
Nordeste;CE;Brejo Santo;23;230250.0;23019.0;19ª REGIAO BREJO SANTO;2025-09-05;36;49477.0;13596.0;0;159;0;;;0
Nordeste;CE;Camocim;23;230260.0;23016.0;16ª REGIAO CAMOCIM;2025-09-05;36;63661.0;10748.0;0;167;0;;;0
Nordeste;CE;Campos Sales;23;230270.0;23020.0;20ª REGIAO CRATO;2025-09-05;36;27426.0;4388.0;0;51;0;;;0
Nordeste;CE;Canindé;23;230280.0;23005.0;5ª REGIAO CANINDE;2025-09-05;36;76997.0;9483.0;0;234;0;;;0
Nordeste;CE;Capistrano;23;230290.0;23004.0;4ª REGIAO BATURITE;2025-09-05;36;17738.0;3345.0;0;38;0;;;0
Nordeste;CE;Caridade;23;230300.0;23005.0;5ª REGIAO CANINDE;2025-09-05;36;22547.0;2167.0;0;55;0;;;0
Nordeste;CE;Cariré;23;230310.0;23011.0;11ª REGIAO SOBRAL;2025-09-05;36;18448.0;4111.0;0;53;0;;;0
Nordeste;CE;Caririaçu;23;230320.0;23021.0;21ª REGIAO JUAZEIRO DO NORTE;2025-09-05;36;26965.0;2876.0;0;59;0;;;0
Nordeste;CE;Cariús;23;230330.0;23018.0;18ª REGIAO IGUATU;2025-09-05;36;18699.0;3278.0;0;33;0;;;0
Nordeste;CE;Carnaubal;23;230340.0;23013.0;13ª REGIAO TIANGUA;2025-09-05;36;17606.0;3357.0;0;29;0;;;0
Nordeste;CE;Cascavel;23;230350.0;23022.0;22ª REGIAO CASCAVEL;2025-09-05;36;71743.0;14116.0;0;174;0;;;1
Nordeste;CE;Catarina;23;230360.0;23018.0;18ª REGIAO IGUATU;2025-09-05;36;20698.0;1395.0;0;22;0;;;0
Nordeste;CE;Catunda;23;230365.0;23011.0;11ª REGIAO SOBRAL;2025-09-05;36;10342.0;2547.0;0;21;0;;;0
Nordeste;CE;Caucaia;23;230370.0;23002.0;2ª REGIAO CAUCAIA;2025-09-05;36;361400.0;36981.0;0;1086;0;;;1
Nordeste;CE;Cedro;23;230380.0;23017.0;17ª REGIAO ICO;2025-09-05;36;25557.0;5434.0;0;49;0;;;0
Nordeste;CE;Chaval;23;230390.0;23016.0;16ª REGIAO CAMOCIM;2025-09-05;36;13069.0;2024.0;0;27;0;;;0
Nordeste;CE;Choró;23;230393.0;23008.0;8ª REGIAO QUIXADA;2025-09-05;36;13521.0;1989.0;0;18;0;;;0
Nordeste;CE;Chorozinho;23;230395.0;23022.0;22ª REGIAO CASCAVEL;2025-09-05;36;20264.0;3044.0;0;47;0;;;1
Nordeste;CE;Coreaú;23;230400.0;23011.0;11ª REGIAO SOBRAL;2025-09-05;36;23136.0;3533.0;0;71;0;;;0
Nordeste;CE;Crateús;23;230410.0;23015.0;15ª REGIAO CRATEUS;2025-09-05;36;75074.0;18713.0;0;244;0;;;0
Nordeste;CE;Crato;23;230420.0;23020.0;20ª REGIAO CRATO;2025-09-05;36;132123.0;29173.0;0;272;0;;;0
Nordeste;CE;Croatá;23;230423.0;23013.0;13ª REGIAO TIANGUA;2025-09-05;36;18063.0;2061.0;0;18;0;;;0
Nordeste;CE;Cruz;23;230425.0;23012.0;12ª REGIAO ACARAU;2025-09-05;36;24827.0;5876.0;0;61;0;;;0
Nordeste;CE;Deputado Irapuan Pinheiro;23;230426.0;23018.0;18ª REGIAO IGUATU;2025-09-05;36;9625.0;1346.0;0;14;0;;;0
Nordeste;CE;Ereré;23;230427.0;23010.0;10ª REGIAO LIMOEIRO DO NORTE;2025-09-05;36;7198.0;1528.0;0;17;0;;;0
Nordeste;CE;Eusébio;23;230428.0;23001.0;1ª REGIAO FORTALEZA;2025-09-05;36;53618.0;19206.0;0;155;0;;;1
Nordeste;CE;Farias Brito;23;230430.0;23020.0;20ª REGIAO CRATO;2025-09-05;36;19450.0;3886.0;0;67;0;;;0
Nordeste;CE;Forquilha;23;230435.0;23011.0;11ª REGIAO SOBRAL;2025-09-05;36;24218.0;2447.0;0;82;0;;;0
Nordeste;CE;Fortaleza;23;230440.0;23001.0;1ª REGIAO FORTALEZA;2025-09-05;36;2669342.0;426506.0;0;11818;0;;;1
Nordeste;CE;Fortim;23;230445.0;23007.0;7ª REGIAO ARACATI;2025-09-05;36;16480.0;4243.0;0;40;0;;;0
Nordeste;CE;Frecheirinha;23;230450.0;23011.0;11ª REGIAO SOBRAL;2025-09-05;36;14072.0;3620.0;0;26;0;;;0
Nordeste;CE;General Sampaio;23;230460.0;23002.0;2ª REGIAO CAUCAIA;2025-09-05;36;7618.0;866.0;0;21;0;;;0
Nordeste;CE;Graça;23;230465.0;23011.0;11ª REGIAO SOBRAL;2025-09-05;36;14399.0;2121.0;0;21;0;;;0
Nordeste;CE;Granja;23;230470.0;23016.0;16ª REGIAO CAMOCIM;2025-09-05;36;54748.0;4589.0;0;93;0;;;0
Nordeste;CE;Granjeiro;23;230480.0;23021.0;21ª REGIAO JUAZEIRO DO NORTE;2025-09-05;36;4844.0;768.0;0;7;0;;;0
Nordeste;CE;Groaíras;23;230490.0;23011.0;11ª REGIAO SOBRAL;2025-09-05;36;11068.0;2545.0;0;33;0;;;0
Nordeste;CE;Guaiúba;23;230495.0;23003.0;3ª REGIAO MARACANAU;2025-09-05;36;26064.0;3158.0;0;71;0;;;1
Nordeste;CE;Guaraciaba do Norte;23;230500.0;23013.0;13ª REGIAO TIANGUA;2025-09-05;36;40642.0;4576.0;0;82;0;;;0
Nordeste;CE;Guaramiranga;23;230510.0;23004.0;4ª REGIAO BATURITE;2025-09-05;36;5193.0;2296.0;0;6;0;;;0
Nordeste;CE;Hidrolândia;23;230520.0;23011.0;11ª REGIAO SOBRAL;2025-09-05;36;19978.0;3697.0;0;27;0;;;0
Nordeste;CE;Horizonte;23;230523.0;23022.0;22ª REGIAO CASCAVEL;2025-09-05;36;67337.0;12798.0;0;150;0;;;1
Nordeste;CE;Ibaretama;23;230526.0;23008.0;8ª REGIAO QUIXADA;2025-09-05;36;13353.0;1699.0;0;31;0;;;0
Nordeste;CE;Ibiapina;23;230530.0;23013.0;13ª REGIAO TIANGUA;2025-09-05;36;24997.0;3366.0;0;33;0;;;0
Nordeste;CE;Ibicuitinga;23;230533.0;23008.0;8ª REGIAO QUIXADA;2025-09-05;36;12525.0;3185.0;0;27;0;;;0
Nordeste;CE;Icapuí;23;230535.0;23007.0;7ª REGIAO ARACATI;2025-09-05;36;19934.0;4824.0;0;39;0;;;0
Nordeste;CE;Icó;23;230540.0;23017.0;17ª REGIAO ICO;2025-09-05;36;68018.0;10821.0;0;143;0;;;0
Nordeste;CE;Iguatu;23;230550.0;23018.0;18ª REGIAO IGUATU;2025-09-05;36;102498.0;19262.0;0;254;0;;;0
Nordeste;CE;Independência;23;230560.0;23015.0;15ª REGIAO CRATEUS;2025-09-05;36;26178.0;4066.0;0;64;0;;;0
Nordeste;CE;Ipaporanga;23;230565.0;23015.0;15ª REGIAO CRATEUS;2025-09-05;36;11593.0;1599.0;0;18;0;;;0
Nordeste;CE;Ipaumirim;23;230570.0;23017.0;17ª REGIAO ICO;2025-09-05;36;12463.0;2121.0;0;26;0;;;0
Nordeste;CE;Ipu;23;230580.0;23011.0;11ª REGIAO SOBRAL;2025-09-05;36;41964.0;6663.0;0;83;0;;;0
Nordeste;CE;Ipueiras;23;230590.0;23015.0;15ª REGIAO CRATEUS;2025-09-05;36;38166.0;4910.0;0;68;0;;;0
Nordeste;CE;Iracema;23;230600.0;23010.0;10ª REGIAO LIMOEIRO DO NORTE;2025-09-05;36;14297.0;3300.0;0;38;0;;;0
Nordeste;CE;Irauçuba;23;230610.0;23011.0;11ª REGIAO SOBRAL;2025-09-05;36;24156.0;2595.0;0;48;0;;;0
Nordeste;CE;Itaiçaba;23;230620.0;23007.0;7ª REGIAO ARACATI;2025-09-05;36;7827.0;2316.0;0;29;0;;;0
Nordeste;CE;Itaitinga;23;230625.0;23001.0;1ª REGIAO FORTALEZA;2025-09-05;36;37980.0;6690.0;0;85;0;;;1
Nordeste;CE;Itapajé;23;230630.0;23002.0;2ª REGIAO CAUCAIA;2025-09-05;36;52675.0;4673.0;0;154;0;;;0
Nordeste;CE;Itapipoca;23;230640.0;23006.0;6ª REGIAO ITAPIPOCA;2025-09-05;36;129358.0;17192.0;0;311;0;;;0
Nordeste;CE;Itapiúna;23;230650.0;23004.0;4ª REGIAO BATURITE;2025-09-05;36;20382.0;3100.0;0;38;0;;;0
Nordeste;CE;Itarema;23;230655.0;23012.0;12ª REGIAO ACARAU;2025-09-05;36;41826.0;5001.0;0;55;0;;;0
Nordeste;CE;Itatira;23;230660.0;23005.0;5ª REGIAO CANINDE;2025-09-05;36;21647.0;3025.0;0;44;0;;;0
Nordeste;CE;Jaguaretama;23;230670.0;23009.0;9ª REGIAO RUSSAS;2025-09-05;36;18162.0;2602.0;0;52;0;;;0
Nordeste;CE;Jaguaribara;23;230680.0;23010.0;10ª REGIAO LIMOEIRO DO NORTE;2025-09-05;36;11401.0;1593.0;0;31;0;;;0
Nordeste;CE;Jaguaribe;23;230690.0;23010.0;10ª REGIAO LIMOEIRO DO NORTE;2025-09-05;36;34682.0;8242.0;0;88;0;;;0
Nordeste;CE;Jaguaruana;23;230700.0;23009.0;9ª REGIAO RUSSAS;2025-09-05;36;33705.0;6621.0;0;88;0;;;0
Nordeste;CE;Jardim;23;230710.0;23021.0;21ª REGIAO JUAZEIRO DO NORTE;2025-09-05;36;27174.0;3127.0;0;72;0;;;0
Nordeste;CE;Jati;23;230720.0;23019.0;19ª REGIAO BREJO SANTO;2025-09-05;36;8111.0;1535.0;0;14;0;;;0
Nordeste;CE;Jijoca de Jericoacoara;23;230725.0;23012.0;12ª REGIAO ACARAU;2025-09-05;36;19816.0;3629.0;0;33;0;;;0
Nordeste;CE;Juazeiro do Norte;23;230730.0;23021.0;21ª REGIAO JUAZEIRO DO NORTE;2025-09-05;36;274207.0;49405.0;0;768;0;;;0
Nordeste;CE;Jucás;23;230740.0;23018.0;18ª REGIAO IGUATU;2025-09-05;36;24833.0;3096.0;0;73;0;;;0
Nordeste;CE;Lavras da Mangabeira;23;230750.0;23017.0;17ª REGIAO ICO;2025-09-05;36;31508.0;4681.0;0;61;0;;;0
Nordeste;CE;Limoeiro do Norte;23;230760.0;23010.0;10ª REGIAO LIMOEIRO DO NORTE;2025-09-05;36;59540.0;14849.0;0;171;0;;;0
Nordeste;CE;Madalena;23;230763.0;23005.0;5ª REGIAO CANINDE;2025-09-05;36;19691.0;2075.0;0;39;0;;;0
Nordeste;CE;Maracanaú;23;230765.0;23003.0;3ª REGIAO MARACANAU;2025-09-05;36;227886.0;35198.0;0;879;0;;;1
Nordeste;CE;Maranguape;23;230770.0;23003.0;3ª REGIAO MARACANAU;2025-09-05;36;128978.0;21963.0;0;296;0;;;1
Nordeste;CE;Marco;23;230780.0;23012.0;12ª REGIAO ACARAU;2025-09-05;36;27361.0;2926.0;0;36;0;;;0
Nordeste;CE;Martinópole;23;230790.0;23016.0;16ª REGIAO CAMOCIM;2025-09-05;36;11233.0;2198.0;0;27;0;;;0
Nordeste;CE;Massapê;23;230800.0;23011.0;11ª REGIAO SOBRAL;2025-09-05;36;38737.0;4075.0;0;89;0;;;0
Nordeste;CE;Mauriti;23;230810.0;23019.0;19ª REGIAO BREJO SANTO;2025-09-05;36;47962.0;8441.0;0;126;0;;;0
Nordeste;CE;Meruoca;23;230820.0;23011.0;11ª REGIAO SOBRAL;2025-09-05;36;15057.0;2577.0;0;35;0;;;0
Nordeste;CE;Milagres;23;230830.0;23019.0;19ª REGIAO BREJO SANTO;2025-09-05;36;27512.0;4975.0;0;67;0;;;0
Nordeste;CE;Milhã;23;230835.0;23008.0;8ª REGIAO QUIXADA;2025-09-05;36;13155.0;2354.0;0;33;0;;;0
Nordeste;CE;Miraíma;23;230837.0;23006.0;6ª REGIAO ITAPIPOCA;2025-09-05;36;13818.0;1923.0;0;21;0;;;0
Nordeste;CE;Missão Velha;23;230840.0;23021.0;21ª REGIAO JUAZEIRO DO NORTE;2025-09-05;36;35393.0;3591.0;0;64;0;;;0
Nordeste;CE;Mombaça;23;230850.0;23018.0;18ª REGIAO IGUATU;2025-09-05;36;43797.0;5504.0;0;124;0;;;0
Nordeste;CE;Monsenhor Tabosa;23;230860.0;23015.0;15ª REGIAO CRATEUS;2025-09-05;36;17234.0;3494.0;0;44;0;;;0
Nordeste;CE;Morada Nova;23;230870.0;23009.0;9ª REGIAO RUSSAS;2025-09-05;36;61890.0;12618.0;0;214;0;;;0
Nordeste;CE;Moraújo;23;230880.0;23011.0;11ª REGIAO SOBRAL;2025-09-05;36;8724.0;2350.0;0;23;0;;;0
Nordeste;CE;Morrinhos;23;230890.0;23012.0;12ª REGIAO ACARAU;2025-09-05;36;22534.0;2376.0;0;41;0;;;0
Nordeste;CE;Mucambo;23;230900.0;23011.0;11ª REGIAO SOBRAL;2025-09-05;36;14537.0;3263.0;0;31;0;;;0
Nordeste;CE;Mulungu;23;230910.0;23004.0;4ª REGIAO BATURITE;2025-09-05;36;10823.0;2300.0;0;21;0;;;0
Nordeste;CE;Nova Olinda;23;230920.0;23020.0;20ª REGIAO CRATO;2025-09-05;36;15565.0;2318.0;0;24;0;;;0
Nordeste;CE;Nova Russas;23;230930.0;23015.0;15ª REGIAO CRATEUS;2025-09-05;36;32328.0;6254.0;0;73;0;;;0
Nordeste;CE;Novo Oriente;23;230940.0;23015.0;15ª REGIAO CRATEUS;2025-09-05;36;28607.0;3044.0;0;48;0;;;0
Nordeste;CE;Ocara;23;230945.0;23022.0;22ª REGIAO CASCAVEL;2025-09-05;36;25703.0;3793.0;0;48;0;;;0
Nordeste;CE;Orós;23;230950.0;23017.0;17ª REGIAO ICO;2025-09-05;36;21427.0;5390.0;0;95;0;;;0
Nordeste;CE;Pacajus;23;230960.0;23022.0;22ª REGIAO CASCAVEL;2025-09-05;36;72203.0;9805.0;0;131;0;;;1
Nordeste;CE;Pacatuba;23;230970.0;23003.0;3ª REGIAO MARACANAU;2025-09-05;36;83432.0;11984.0;0;278;0;;;1
Nordeste;CE;Pacoti;23;230980.0;23004.0;4ª REGIAO BATURITE;2025-09-05;36;12261.0;1860.0;0;29;0;;;0
Nordeste;CE;Pacujá;23;230990.0;23011.0;11ª REGIAO SOBRAL;2025-09-05;36;6533.0;839.0;0;13;0;;;0
Nordeste;CE;Palhano;23;231000.0;23009.0;9ª REGIAO RUSSAS;2025-09-05;36;9386.0;2534.0;0;26;0;;;0
Nordeste;CE;Palmácia;23;231010.0;23003.0;3ª REGIAO MARACANAU;2025-09-05;36;13322.0;1627.0;0;23;0;;;0
Nordeste;CE;Paracuru;23;231020.0;23002.0;2ª REGIAO CAUCAIA;2025-09-05;36;35076.0;8175.0;0;135;0;;;1
Nordeste;CE;Paraipaba;23;231025.0;23002.0;2ª REGIAO CAUCAIA;2025-09-05;36;32744.0;5172.0;0;83;0;;;1
Nordeste;CE;Parambu;23;231030.0;23014.0;14ª REGIAO TAUA;2025-09-05;36;31521.0;2203.0;0;78;0;;;0
Nordeste;CE;Paramoti;23;231040.0;23005.0;5ª REGIAO CANINDE;2025-09-05;36;12226.0;1659.0;0;20;0;;;0
Nordeste;CE;Pedra Branca;23;231050.0;23008.0;8ª REGIAO QUIXADA;2025-09-05;36;43258.0;4334.0;0;74;0;;;0
Nordeste;CE;Penaforte;23;231060.0;23019.0;19ª REGIAO BREJO SANTO;2025-09-05;36;9077.0;1532.0;0;19;0;;;0
Nordeste;CE;Pentecoste;23;231070.0;23002.0;2ª REGIAO CAUCAIA;2025-09-05;36;37751.0;4577.0;0;97;0;;;0
Nordeste;CE;Pereiro;23;231080.0;23010.0;10ª REGIAO LIMOEIRO DO NORTE;2025-09-05;36;16307.0;3673.0;0;29;0;;;0
Nordeste;CE;Pindoretama;23;231085.0;23022.0;22ª REGIAO CASCAVEL;2025-09-05;36;20567.0;5968.0;0;43;0;;;1
Nordeste;CE;Piquet Carneiro;23;231090.0;23018.0;18ª REGIAO IGUATU;2025-09-05;36;16959.0;2958.0;0;32;0;;;0
Nordeste;CE;Pires Ferreira;23;231095.0;23011.0;11ª REGIAO SOBRAL;2025-09-05;36;10951.0;1778.0;0;8;0;;;0
Nordeste;CE;Poranga;23;231100.0;23015.0;15ª REGIAO CRATEUS;2025-09-05;36;12336.0;1602.0;0;19;0;;;0
Nordeste;CE;Porteiras;23;231110.0;23019.0;19ª REGIAO BREJO SANTO;2025-09-05;36;14996.0;2159.0;0;31;0;;;0
Nordeste;CE;Potengi;23;231120.0;23020.0;20ª REGIAO CRATO;2025-09-05;36;11045.0;1042.0;0;7;0;;;0
Nordeste;CE;Potiretama;23;231123.0;23010.0;10ª REGIAO LIMOEIRO DO NORTE;2025-09-05;36;6419.0;1374.0;0;11;0;;;0
Nordeste;CE;Quiterianópolis;23;231126.0;23015.0;15ª REGIAO CRATEUS;2025-09-05;36;21084.0;2464.0;0;55;0;;;0
Nordeste;CE;Quixadá;23;231130.0;23008.0;8ª REGIAO QUIXADA;2025-09-05;36;87728.0;16678.0;0;216;0;;;0
Nordeste;CE;Quixelô;23;231135.0;23018.0;18ª REGIAO IGUATU;2025-09-05;36;16178.0;3472.0;0;36;0;;;0
Nordeste;CE;Quixeramobim;23;231140.0;23008.0;8ª REGIAO QUIXADA;2025-09-05;36;81082.0;15135.0;0;261;0;;;0
Nordeste;CE;Quixeré;23;231150.0;23010.0;10ª REGIAO LIMOEIRO DO NORTE;2025-09-05;36;22149.0;7504.0;0;48;0;;;0
Nordeste;CE;Redenção;23;231160.0;23003.0;3ª REGIAO MARACANAU;2025-09-05;36;29053.0;8359.0;0;120;0;;;0
Nordeste;CE;Reriutaba;23;231170.0;23011.0;11ª REGIAO SOBRAL;2025-09-05;36;18491.0;6339.0;0;34;0;;;0
Nordeste;CE;Russas;23;231180.0;23009.0;9ª REGIAO RUSSAS;2025-09-05;36;78194.0;20302.0;0;235;0;;;0
Nordeste;CE;Saboeiro;23;231190.0;23018.0;18ª REGIAO IGUATU;2025-09-05;36;15819.0;1783.0;0;19;0;;;0
Nordeste;CE;Salitre;23;231195.0;23020.0;20ª REGIAO CRATO;2025-09-05;36;16554.0;1424.0;0;26;0;;;0
Nordeste;CE;Santana do Acaraú;23;231200.0;23011.0;11ª REGIAO SOBRAL;2025-09-05;36;32452.0;3379.0;0;99;0;;;0
Nordeste;CE;Santana do Cariri;23;231210.0;23020.0;20ª REGIAO CRATO;2025-09-05;36;17700.0;2236.0;0;33;0;;;0
Nordeste;CE;Santa Quitéria;23;231220.0;23011.0;11ª REGIAO SOBRAL;2025-09-05;36;43703.0;10655.0;0;77;0;;;0
Nordeste;CE;São Benedito;23;231230.0;23013.0;13ª REGIAO TIANGUA;2025-09-05;36;47903.0;5714.0;0;70;0;;;0
Nordeste;CE;São Gonçalo do Amarante;23;231240.0;23002.0;2ª REGIAO CAUCAIA;2025-09-05;36;48422.0;14833.0;0;242;0;;;1
Nordeste;CE;São João do Jaguaribe;23;231250.0;23010.0;10ª REGIAO LIMOEIRO DO NORTE;2025-09-05;36;7645.0;1616.0;0;19;0;;;0
Nordeste;CE;São Luís do Curu;23;231260.0;23002.0;2ª REGIAO CAUCAIA;2025-09-05;36;13000.0;1864.0;0;42;0;;;1
Nordeste;CE;Senador Pompeu;23;231270.0;23008.0;8ª REGIAO QUIXADA;2025-09-05;36;25496.0;4035.0;0;70;0;;;0
Nordeste;CE;Senador Sá;23;231280.0;23011.0;11ª REGIAO SOBRAL;2025-09-05;36;7623.0;1737.0;0;14;0;;;0
Nordeste;CE;Sobral;23;231290.0;23011.0;11ª REGIAO SOBRAL;2025-09-05;36;208935.0;45526.0;0;780;0;;;0
Nordeste;CE;Solonópole;23;231300.0;23008.0;8ª REGIAO QUIXADA;2025-09-05;36;18324.0;3200.0;0;39;0;;;0
Nordeste;CE;Tabuleiro do Norte;23;231310.0;23010.0;10ª REGIAO LIMOEIRO DO NORTE;2025-09-05;36;30697.0;6860.0;0;84;0;;;0
Nordeste;CE;Tamboril;23;231320.0;23015.0;15ª REGIAO CRATEUS;2025-09-05;36;26251.0;6116.0;0;87;0;;;0
Nordeste;CE;Tarrafas;23;231325.0;23020.0;20ª REGIAO CRATO;2025-09-05;36;8592.0;941.0;0;19;0;;;0
Nordeste;CE;Tauá;23;231330.0;23014.0;14ª REGIAO TAUA;2025-09-05;36;58859.0;15245.0;0;213;0;;;0
Nordeste;CE;Tejuçuoca;23;231335.0;23002.0;2ª REGIAO CAUCAIA;2025-09-05;36;19187.0;2616.0;0;37;0;;;0
Nordeste;CE;Tianguá;23;231340.0;23013.0;13ª REGIAO TIANGUA;2025-09-05;36;75946.0;15307.0;0;211;0;;;0
Nordeste;CE;Trairi;23;231350.0;23006.0;6ª REGIAO ITAPIPOCA;2025-09-05;36;55918.0;4964.0;0;107;0;;;1
Nordeste;CE;Tururu;23;231355.0;23006.0;6ª REGIAO ITAPIPOCA;2025-09-05;36;16271.0;1838.0;0;42;0;;;0
Nordeste;CE;Ubajara;23;231360.0;23013.0;13ª REGIAO TIANGUA;2025-09-05;36;34792.0;3619.0;0;41;0;;;0
Nordeste;CE;Umari;23;231370.0;23017.0;17ª REGIAO ICO;2025-09-05;36;7733.0;676.0;0;15;0;;;0
Nordeste;CE;Umirim;23;231375.0;23006.0;6ª REGIAO ITAPIPOCA;2025-09-05;36;19825.0;1397.0;0;41;0;;;0
Nordeste;CE;Uruburetama;23;231380.0;23006.0;6ª REGIAO ITAPIPOCA;2025-09-05;36;21850.0;2673.0;0;65;0;;;0
Nordeste;CE;Uruoca;23;231390.0;23011.0;11ª REGIAO SOBRAL;2025-09-05;36;13840.0;2549.0;0;32;0;;;0
Nordeste;CE;Varjota;23;231395.0;23011.0;11ª REGIAO SOBRAL;2025-09-05;36;18420.0;3892.0;0;37;0;;;0
Nordeste;CE;Várzea Alegre;23;231400.0;23020.0;20ª REGIAO CRATO;2025-09-05;36;40721.0;6571.0;0;92;0;;;0
Nordeste;CE;Viçosa do Ceará;23;231410.0;23013.0;13ª REGIAO TIANGUA;2025-09-05;36;60889.0;7238.0;0;163;0;;;0
Nordeste;RN;;24;240000.0;;;2025-09-05;36;;0.0;0;0;0;;;
Nordeste;RN;Acari;24;240010.0;24004.0;4ª REGIAO DE SAUDE - CAICO;2025-09-05;36;11136.0;1512.0;0;33;0;;;0
Nordeste;RN;Açu;24;240020.0;24008.0;8ª REGIAO DE SAUDE - ACU;2025-09-05;36;58017.0;10926.0;0;180;0;;;0
Nordeste;RN;Afonso Bezerra;24;240030.0;24003.0;3ª REGIAO DE SAUDE - JOAO CAMARA;2025-09-05;36;11035.0;1348.0;0;21;0;;;0
Nordeste;RN;Água Nova;24;240040.0;24006.0;6ª REGIAO DE SAUDE - PAU DOS FERROS;2025-09-05;36;3252.0;501.0;0;7;0;;;0
Nordeste;RN;Alexandria;24;240050.0;24006.0;6ª REGIAO DE SAUDE - PAU DOS FERROS;2025-09-05;36;13577.0;2587.0;0;35;0;;;0
Nordeste;RN;Almino Afonso;24;240060.0;24006.0;6ª REGIAO DE SAUDE - PAU DOS FERROS;2025-09-05;36;4735.0;809.0;0;16;0;;;0
Nordeste;RN;Alto do Rodrigues;24;240070.0;24008.0;8ª REGIAO DE SAUDE - ACU;2025-09-05;36;14529.0;4222.0;0;53;0;;;0
Nordeste;RN;Angicos;24;240080.0;24008.0;8ª REGIAO DE SAUDE - ACU;2025-09-05;36;11714.0;2474.0;0;35;0;;;0
Nordeste;RN;Antônio Martins;24;240090.0;24006.0;6ª REGIAO DE SAUDE - PAU DOS FERROS;2025-09-05;36;7145.0;1083.0;0;8;0;;;0
Nordeste;RN;Apodi;24;240100.0;24002.0;2ª REGIAO DE SAUDE - MOSSORO;2025-09-05;36;35845.0;11047.0;0;122;0;;;0
Nordeste;RN;Areia Branca;24;240110.0;24002.0;2ª REGIAO DE SAUDE - MOSSORO;2025-09-05;36;27774.0;4665.0;0;126;0;;;0
Nordeste;RN;Arês;24;240120.0;24001.0;1ª REGIAO DE SAUDE - SAO JOSE DE MIPIBU;2025-09-05;36;14306.0;1853.0;0;29;0;;;1
Nordeste;RN;Campo Grande;24;240130.0;24002.0;2ª REGIAO DE SAUDE - MOSSORO;2025-09-05;36;9655.0;775.0;0;16;0;;;0
Nordeste;RN;Baía Formosa;24;240140.0;24001.0;1ª REGIAO DE SAUDE - SAO JOSE DE MIPIBU;2025-09-05;36;9271.0;947.0;0;11;0;;;0
Nordeste;RN;Baraúna;24;240145.0;24002.0;2ª REGIAO DE SAUDE - MOSSORO;2025-09-05;36;28374.0;1892.0;0;35;0;;;0
Nordeste;RN;Barcelona;24;240150.0;24005.0;5ª REGIAO DE SAUDE - SANTA CRUZ;2025-09-05;36;3998.0;561.0;0;12;0;;;0
Nordeste;RN;Bento Fernandes;24;240160.0;24003.0;3ª REGIAO DE SAUDE - JOAO CAMARA;2025-09-05;36;5497.0;314.0;0;4;0;;;0
Nordeste;RN;Bodó;24;240165.0;24004.0;4ª REGIAO DE SAUDE - CAICO;2025-09-05;36;2223.0;573.0;0;2;0;;;0
Nordeste;RN;Bom Jesus;24;240170.0;24005.0;5ª REGIAO DE SAUDE - SANTA CRUZ;2025-09-05;36;10210.0;1615.0;0;20;0;;;1
Nordeste;RN;Brejinho;24;240180.0;24001.0;1ª REGIAO DE SAUDE - SAO JOSE DE MIPIBU;2025-09-05;36;12699.0;2175.0;0;19;0;;;0
Nordeste;RN;Caiçara do Norte;24;240185.0;24003.0;3ª REGIAO DE SAUDE - JOAO CAMARA;2025-09-05;36;6549.0;818.0;0;15;0;;;0
Nordeste;RN;Caiçara do Rio do Vento;24;240190.0;24003.0;3ª REGIAO DE SAUDE - JOAO CAMARA;2025-09-05;36;3684.0;941.0;0;8;0;;;0
Nordeste;RN;Caicó;24;240200.0;24004.0;4ª REGIAO DE SAUDE - CAICO;2025-09-05;36;67952.0;21986.0;0;206;0;;;0
Nordeste;RN;Campo Redondo;24;240210.0;24005.0;5ª REGIAO DE SAUDE - SANTA CRUZ;2025-09-05;36;11217.0;1296.0;0;17;0;;;0
Nordeste;RN;Canguaretama;24;240220.0;24001.0;1ª REGIAO DE SAUDE - SAO JOSE DE MIPIBU;2025-09-05;36;34276.0;2887.0;0;53;0;;;0
Nordeste;RN;Caraúbas;24;240230.0;24002.0;2ª REGIAO DE SAUDE - MOSSORO;2025-09-05;36;20493.0;4870.0;0;62;0;;;0
Nordeste;RN;Carnaúba dos Dantas;24;240240.0;24004.0;4ª REGIAO DE SAUDE - CAICO;2025-09-05;36;8180.0;1094.0;0;10;0;;;0
Nordeste;RN;Carnaubais;24;240250.0;24008.0;8ª REGIAO DE SAUDE - ACU;2025-09-05;36;10759.0;1578.0;0;30;0;;;0
Nordeste;RN;Ceará-Mirim;24;240260.0;24003.0;3ª REGIAO DE SAUDE - JOAO CAMARA;2025-09-05;36;73497.0;6592.0;0;150;0;;;1
Nordeste;RN;Cerro Corá;24;240270.0;24004.0;4ª REGIAO DE SAUDE - CAICO;2025-09-05;36;11179.0;1458.0;0;16;0;;;0
Nordeste;RN;Coronel Ezequiel;24;240280.0;24005.0;5ª REGIAO DE SAUDE - SANTA CRUZ;2025-09-05;36;5506.0;298.0;0;7;0;;;0
Nordeste;RN;Coronel João Pessoa;24;240290.0;24006.0;6ª REGIAO DE SAUDE - PAU DOS FERROS;2025-09-05;36;4912.0;931.0;0;7;0;;;0
Nordeste;RN;Cruzeta;24;240300.0;24004.0;4ª REGIAO DE SAUDE - CAICO;2025-09-05;36;7998.0;2172.0;0;17;0;;;0
Nordeste;RN;Currais Novos;24;240310.0;24004.0;4ª REGIAO DE SAUDE - CAICO;2025-09-05;36;44786.0;7516.0;0;124;0;;;0
Nordeste;RN;Doutor Severiano;24;240320.0;24006.0;6ª REGIAO DE SAUDE - PAU DOS FERROS;2025-09-05;36;7076.0;1703.0;0;23;0;;;0
Nordeste;RN;Parnamirim;24;240325.0;24007.0;7ª REGIAO DE SAUDE - METROPOLITANA;2025-09-05;36;261469.0;49289.0;0;677;0;;;1
Nordeste;RN;Encanto;24;240330.0;24006.0;6ª REGIAO DE SAUDE - PAU DOS FERROS;2025-09-05;36;5638.0;1140.0;0;19;0;;;0
Nordeste;RN;Equador;24;240340.0;24004.0;4ª REGIAO DE SAUDE - CAICO;2025-09-05;36;6045.0;1202.0;0;7;0;;;0
Nordeste;RN;Espírito Santo;24;240350.0;24001.0;1ª REGIAO DE SAUDE - SAO JOSE DE MIPIBU;2025-09-05;36;10505.0;1150.0;0;23;0;;;0
Nordeste;RN;Extremoz;24;240360.0;24007.0;7ª REGIAO DE SAUDE - METROPOLITANA;2025-09-05;36;28583.0;7665.0;0;87;0;;;1
Nordeste;RN;Felipe Guerra;24;240370.0;24002.0;2ª REGIAO DE SAUDE - MOSSORO;2025-09-05;36;5985.0;2127.0;0;20;0;;;0
Nordeste;RN;Fernando Pedroza;24;240375.0;24008.0;8ª REGIAO DE SAUDE - ACU;2025-09-05;36;3054.0;668.0;0;5;0;;;0
Nordeste;RN;Florânia;24;240380.0;24004.0;4ª REGIAO DE SAUDE - CAICO;2025-09-05;36;9116.0;2233.0;0;22;0;;;0
Nordeste;RN;Francisco Dantas;24;240390.0;24006.0;6ª REGIAO DE SAUDE - PAU DOS FERROS;2025-09-05;36;2824.0;1095.0;0;5;0;;;0
Nordeste;RN;Frutuoso Gomes;24;240400.0;24006.0;6ª REGIAO DE SAUDE - PAU DOS FERROS;2025-09-05;36;4068.0;1879.0;0;11;0;;;0
Nordeste;RN;Galinhos;24;240410.0;24003.0;3ª REGIAO DE SAUDE - JOAO CAMARA;2025-09-05;36;2786.0;397.0;0;1;0;;;0
Nordeste;RN;Goianinha;24;240420.0;24001.0;1ª REGIAO DE SAUDE - SAO JOSE DE MIPIBU;2025-09-05;36;26328.0;4109.0;0;51;0;;;1
Nordeste;RN;Governador Dix-Sept Rosado;24;240430.0;24002.0;2ª REGIAO DE SAUDE - MOSSORO;2025-09-05;36;13037.0;1807.0;0;25;0;;;0
Nordeste;RN;Grossos;24;240440.0;24002.0;2ª REGIAO DE SAUDE - MOSSORO;2025-09-05;36;10383.0;1447.0;0;24;0;;;0
Nordeste;RN;Guamaré;24;240450.0;24003.0;3ª REGIAO DE SAUDE - JOAO CAMARA;2025-09-05;36;15659.0;4037.0;0;63;0;;;0
Nordeste;RN;Ielmo Marinho;24;240460.0;24003.0;3ª REGIAO DE SAUDE - JOAO CAMARA;2025-09-05;36;13766.0;1223.0;0;13;0;;;1
Nordeste;RN;Ipanguaçu;24;240470.0;24008.0;8ª REGIAO DE SAUDE - ACU;2025-09-05;36;15491.0;1768.0;0;33;0;;;0
Nordeste;RN;Ipueira;24;240480.0;24004.0;4ª REGIAO DE SAUDE - CAICO;2025-09-05;36;2241.0;813.0;0;4;0;;;0
Nordeste;RN;Itajá;24;240485.0;24008.0;8ª REGIAO DE SAUDE - ACU;2025-09-05;36;7548.0;772.0;0;17;0;;;0
Nordeste;RN;Itaú;24;240490.0;24006.0;6ª REGIAO DE SAUDE - PAU DOS FERROS;2025-09-05;36;5878.0;566.0;0;17;0;;;0
Nordeste;RN;Jaçanã;24;240500.0;24005.0;5ª REGIAO DE SAUDE - SANTA CRUZ;2025-09-05;36;9133.0;1260.0;0;8;0;;;0
Nordeste;RN;Jandaíra;24;240510.0;24003.0;3ª REGIAO DE SAUDE - JOAO CAMARA;2025-09-05;36;6878.0;1264.0;0;13;0;;;0
Nordeste;RN;Janduís;24;240520.0;24002.0;2ª REGIAO DE SAUDE - MOSSORO;2025-09-05;36;5268.0;1540.0;0;12;0;;;0
Nordeste;RN;Januário Cicco;24;240530.0;24005.0;5ª REGIAO DE SAUDE - SANTA CRUZ;2025-09-05;36;10181.0;1077.0;0;11;0;;;0
Nordeste;RN;Japi;24;240540.0;24005.0;5ª REGIAO DE SAUDE - SANTA CRUZ;2025-09-05;36;5055.0;845.0;0;10;0;;;0
Nordeste;RN;Jardim de Angicos;24;240550.0;24003.0;3ª REGIAO DE SAUDE - JOAO CAMARA;2025-09-05;36;2612.0;510.0;0;1;0;;;0
Nordeste;RN;Jardim de Piranhas;24;240560.0;24004.0;4ª REGIAO DE SAUDE - CAICO;2025-09-05;36;14837.0;4946.0;0;48;0;;;0
Nordeste;RN;Jardim do Seridó;24;240570.0;24004.0;4ª REGIAO DE SAUDE - CAICO;2025-09-05;36;12396.0;2379.0;0;28;0;;;0
Nordeste;RN;João Câmara;24;240580.0;24003.0;3ª REGIAO DE SAUDE - JOAO CAMARA;2025-09-05;36;34955.0;5537.0;0;60;0;;;0
Nordeste;RN;João Dias;24;240590.0;24006.0;6ª REGIAO DE SAUDE - PAU DOS FERROS;2025-09-05;36;2654.0;387.0;0;3;0;;;0
Nordeste;RN;José da Penha;24;240600.0;24006.0;6ª REGIAO DE SAUDE - PAU DOS FERROS;2025-09-05;36;5951.0;866.0;0;15;0;;;0
Nordeste;RN;Jucurutu;24;240610.0;24004.0;4ª REGIAO DE SAUDE - CAICO;2025-09-05;36;18295.0;4919.0;0;66;0;;;0
Nordeste;RN;Jundiá;24;240615.0;24001.0;1ª REGIAO DE SAUDE - SAO JOSE DE MIPIBU;2025-09-05;36;3898.0;776.0;0;7;0;;;0
Nordeste;RN;Lagoa d'Anta;24;240620.0;24001.0;1ª REGIAO DE SAUDE - SAO JOSE DE MIPIBU;2025-09-05;36;6769.0;621.0;0;10;0;;;0
Nordeste;RN;Lagoa de Pedras;24;240630.0;24001.0;1ª REGIAO DE SAUDE - SAO JOSE DE MIPIBU;2025-09-05;36;7544.0;777.0;0;13;0;;;0
Nordeste;RN;Lagoa de Velhos;24;240640.0;24005.0;5ª REGIAO DE SAUDE - SANTA CRUZ;2025-09-05;36;2732.0;439.0;0;10;0;;;0
Nordeste;RN;Lagoa Nova;24;240650.0;24004.0;4ª REGIAO DE SAUDE - CAICO;2025-09-05;36;15614.0;2767.0;0;22;0;;;0
Nordeste;RN;Lagoa Salgada;24;240660.0;24001.0;1ª REGIAO DE SAUDE - SAO JOSE DE MIPIBU;2025-09-05;36;8245.0;808.0;0;12;0;;;0
Nordeste;RN;Lajes;24;240670.0;24003.0;3ª REGIAO DE SAUDE - JOAO CAMARA;2025-09-05;36;11277.0;2213.0;0;18;0;;;0
Nordeste;RN;Lajes Pintadas;24;240680.0;24005.0;5ª REGIAO DE SAUDE - SANTA CRUZ;2025-09-05;36;4759.0;855.0;0;9;0;;;0
Nordeste;RN;Lucrécia;24;240690.0;24006.0;6ª REGIAO DE SAUDE - PAU DOS FERROS;2025-09-05;36;3996.0;1162.0;0;6;0;;;0
Nordeste;RN;Luís Gomes;24;240700.0;24006.0;6ª REGIAO DE SAUDE - PAU DOS FERROS;2025-09-05;36;10116.0;871.0;0;16;0;;;0
Nordeste;RN;Macaíba;24;240710.0;24007.0;7ª REGIAO DE SAUDE - METROPOLITANA;2025-09-05;36;80792.0;12317.0;0;199;0;;;1
Nordeste;RN;Macau;24;240720.0;24003.0;3ª REGIAO DE SAUDE - JOAO CAMARA;2025-09-05;36;31814.0;6370.0;0;60;0;;;0
Nordeste;RN;Major Sales;24;240725.0;24006.0;6ª REGIAO DE SAUDE - PAU DOS FERROS;2025-09-05;36;4020.0;654.0;0;16;0;;;0
Nordeste;RN;Marcelino Vieira;24;240730.0;24006.0;6ª REGIAO DE SAUDE - PAU DOS FERROS;2025-09-05;36;8347.0;1310.0;0;19;0;;;0
Nordeste;RN;Martins;24;240740.0;24006.0;6ª REGIAO DE SAUDE - PAU DOS FERROS;2025-09-05;36;8725.0;1257.0;0;13;0;;;0
Nordeste;RN;Maxaranguape;24;240750.0;24003.0;3ª REGIAO DE SAUDE - JOAO CAMARA;2025-09-05;36;12371.0;813.0;0;14;0;;;1
Nordeste;RN;Messias Targino;24;240760.0;24002.0;2ª REGIAO DE SAUDE - MOSSORO;2025-09-05;36;4601.0;907.0;0;6;0;;;0
Nordeste;RN;Montanhas;24;240770.0;24001.0;1ª REGIAO DE SAUDE - SAO JOSE DE MIPIBU;2025-09-05;36;11251.0;938.0;0;18;0;;;0
Nordeste;RN;Monte Alegre;24;240780.0;24001.0;1ª REGIAO DE SAUDE - SAO JOSE DE MIPIBU;2025-09-05;36;22451.0;2163.0;0;18;0;;;1
Nordeste;RN;Monte das Gameleiras;24;240790.0;24001.0;1ª REGIAO DE SAUDE - SAO JOSE DE MIPIBU;2025-09-05;36;2105.0;231.0;0;9;0;;;0
Nordeste;RN;Mossoró;24;240800.0;24002.0;2ª REGIAO DE SAUDE - MOSSORO;2025-09-05;36;297378.0;46306.0;0;765;0;;;0
Nordeste;RN;Natal;24;240810.0;24007.0;7ª REGIAO DE SAUDE - METROPOLITANA;2025-09-05;36;884122.0;161095.0;0;3360;0;;;1
Nordeste;RN;Nísia Floresta;24;240820.0;24001.0;1ª REGIAO DE SAUDE - SAO JOSE DE MIPIBU;2025-09-05;36;27602.0;3070.0;0;51;0;;;1
Nordeste;RN;Nova Cruz;24;240830.0;24001.0;1ª REGIAO DE SAUDE - SAO JOSE DE MIPIBU;2025-09-05;36;37343.0;4033.0;0;78;0;;;0
Nordeste;RN;Olho d'Água do Borges;24;240840.0;24006.0;6ª REGIAO DE SAUDE - PAU DOS FERROS;2025-09-05;36;4258.0;1393.0;0;11;0;;;0
Nordeste;RN;Ouro Branco;24;240850.0;24004.0;4ª REGIAO DE SAUDE - CAICO;2025-09-05;36;4812.0;1146.0;0;6;0;;;0
Nordeste;RN;Paraná;24;240860.0;24006.0;6ª REGIAO DE SAUDE - PAU DOS FERROS;2025-09-05;36;4254.0;1014.0;0;3;0;;;0
Nordeste;RN;Paraú;24;240870.0;24008.0;8ª REGIAO DE SAUDE - ACU;2025-09-05;36;3768.0;712.0;0;14;0;;;0
Nordeste;RN;Parazinho;24;240880.0;24003.0;3ª REGIAO DE SAUDE - JOAO CAMARA;2025-09-05;36;5237.0;866.0;0;12;0;;;0
Nordeste;RN;Parelhas;24;240890.0;24004.0;4ª REGIAO DE SAUDE - CAICO;2025-09-05;36;21477.0;6923.0;0;37;0;;;0
Nordeste;RN;Rio do Fogo;24;240895.0;24003.0;3ª REGIAO DE SAUDE - JOAO CAMARA;2025-09-05;36;10848.0;1285.0;0;16;0;;;0
Nordeste;RN;Passa e Fica;24;240910.0;24001.0;1ª REGIAO DE SAUDE - SAO JOSE DE MIPIBU;2025-09-05;36;13277.0;1684.0;0;8;0;;;0
Nordeste;RN;Passagem;24;240920.0;24001.0;1ª REGIAO DE SAUDE - SAO JOSE DE MIPIBU;2025-09-05;36;3089.0;356.0;0;3;0;;;0
Nordeste;RN;Patu;24;240930.0;24006.0;6ª REGIAO DE SAUDE - PAU DOS FERROS;2025-09-05;36;12755.0;2214.0;0;38;0;;;0
Nordeste;RN;Santa Maria;24;240933.0;24005.0;5ª REGIAO DE SAUDE - SANTA CRUZ;2025-09-05;36;5551.0;686.0;0;17;0;;;0
Nordeste;RN;Pau dos Ferros;24;240940.0;24006.0;6ª REGIAO DE SAUDE - PAU DOS FERROS;2025-09-05;36;30394.0;6045.0;0;58;0;;;0
Nordeste;RN;Pedra Grande;24;240950.0;24003.0;3ª REGIAO DE SAUDE - JOAO CAMARA;2025-09-05;36;3237.0;1210.0;0;5;0;;;0
Nordeste;RN;Pedra Preta;24;240960.0;24003.0;3ª REGIAO DE SAUDE - JOAO CAMARA;2025-09-05;36;2458.0;578.0;0;3;0;;;0
Nordeste;RN;Pedro Avelino;24;240970.0;24003.0;3ª REGIAO DE SAUDE - JOAO CAMARA;2025-09-05;36;6716.0;712.0;0;7;0;;;0
Nordeste;RN;Pedro Velho;24;240980.0;24001.0;1ª REGIAO DE SAUDE - SAO JOSE DE MIPIBU;2025-09-05;36;14806.0;1697.0;0;18;0;;;0
Nordeste;RN;Pendências;24;240990.0;24008.0;8ª REGIAO DE SAUDE - ACU;2025-09-05;36;15129.0;1490.0;0;44;0;;;0
Nordeste;RN;Pilões;24;241000.0;24006.0;6ª REGIAO DE SAUDE - PAU DOS FERROS;2025-09-05;36;3838.0;870.0;0;7;0;;;0
Nordeste;RN;Poço Branco;24;241010.0;24003.0;3ª REGIAO DE SAUDE - JOAO CAMARA;2025-09-05;36;15413.0;1957.0;0;20;0;;;0
Nordeste;RN;Portalegre;24;241020.0;24006.0;6ª REGIAO DE SAUDE - PAU DOS FERROS;2025-09-05;36;7867.0;1172.0;0;16;0;;;0
Nordeste;RN;Porto do Mangue;24;241025.0;24008.0;8ª REGIAO DE SAUDE - ACU;2025-09-05;36;6437.0;623.0;0;14;0;;;0
Nordeste;RN;Serra Caiada;24;241030.0;24005.0;5ª REGIAO DE SAUDE - SANTA CRUZ;2025-09-05;36;10395.0;1105.0;0;20;0;;;0
Nordeste;RN;Pureza;24;241040.0;24003.0;3ª REGIAO DE SAUDE - JOAO CAMARA;2025-09-05;36;9621.0;718.0;0;20;0;;;0
Nordeste;RN;Rafael Fernandes;24;241050.0;24006.0;6ª REGIAO DE SAUDE - PAU DOS FERROS;2025-09-05;36;5098.0;845.0;0;6;0;;;0
Nordeste;RN;Rafael Godeiro;24;241060.0;24006.0;6ª REGIAO DE SAUDE - PAU DOS FERROS;2025-09-05;36;3201.0;581.0;0;3;0;;;0
Nordeste;RN;Riacho da Cruz;24;241070.0;24006.0;6ª REGIAO DE SAUDE - PAU DOS FERROS;2025-09-05;36;3579.0;874.0;0;11;0;;;0
Nordeste;RN;Riacho de Santana;24;241080.0;24006.0;6ª REGIAO DE SAUDE - PAU DOS FERROS;2025-09-05;36;4204.0;1080.0;0;1;0;;;0
Nordeste;RN;Riachuelo;24;241090.0;24003.0;3ª REGIAO DE SAUDE - JOAO CAMARA;2025-09-05;36;8128.0;1208.0;0;16;0;;;0
Nordeste;RN;Rodolfo Fernandes;24;241100.0;24006.0;6ª REGIAO DE SAUDE - PAU DOS FERROS;2025-09-05;36;4467.0;580.0;0;11;0;;;0
Nordeste;RN;Tibau;24;241105.0;24002.0;2ª REGIAO DE SAUDE - MOSSORO;2025-09-05;36;4106.0;822.0;0;13;0;;;0
Nordeste;RN;Ruy Barbosa;24;241110.0;24005.0;5ª REGIAO DE SAUDE - SANTA CRUZ;2025-09-05;36;3600.0;220.0;0;1;0;;;0
Nordeste;RN;Santa Cruz;24;241120.0;24005.0;5ª REGIAO DE SAUDE - SANTA CRUZ;2025-09-05;36;39674.0;7568.0;0;91;0;;;0
Nordeste;RN;Santana do Matos;24;241140.0;24004.0;4ª REGIAO DE SAUDE - CAICO;2025-09-05;36;12791.0;1589.0;0;25;0;;;0
Nordeste;RN;Santana do Seridó;24;241142.0;24004.0;4ª REGIAO DE SAUDE - CAICO;2025-09-05;36;2680.0;821.0;0;4;0;;;0
Nordeste;RN;Santo Antônio;24;241150.0;24001.0;1ª REGIAO DE SAUDE - SAO JOSE DE MIPIBU;2025-09-05;36;24136.0;3500.0;0;72;0;;;0
Nordeste;RN;São Bento do Norte;24;241160.0;24003.0;3ª REGIAO DE SAUDE - JOAO CAMARA;2025-09-05;36;2747.0;371.0;0;4;0;;;0
Nordeste;RN;São Bento do Trairí;24;241170.0;24005.0;5ª REGIAO DE SAUDE - SANTA CRUZ;2025-09-05;36;4449.0;458.0;0;5;0;;;0
Nordeste;RN;São Fernando;24;241180.0;24004.0;4ª REGIAO DE SAUDE - CAICO;2025-09-05;36;3584.0;921.0;0;6;0;;;0
Nordeste;RN;São Francisco do Oeste;24;241190.0;24006.0;6ª REGIAO DE SAUDE - PAU DOS FERROS;2025-09-05;36;4228.0;630.0;0;6;0;;;0
Nordeste;RN;São Gonçalo do Amarante;24;241200.0;24007.0;7ª REGIAO DE SAUDE - METROPOLITANA;2025-09-05;36;102400.0;12643.0;0;278;0;;;1
Nordeste;RN;São João do Sabugi;24;241210.0;24004.0;4ª REGIAO DE SAUDE - CAICO;2025-09-05;36;6193.0;2439.0;0;17;0;;;0
Nordeste;RN;São José de Mipibu;24;241220.0;24001.0;1ª REGIAO DE SAUDE - SAO JOSE DE MIPIBU;2025-09-05;36;43899.0;6649.0;0;92;0;;;1
Nordeste;RN;São José do Campestre;24;241230.0;24005.0;5ª REGIAO DE SAUDE - SANTA CRUZ;2025-09-05;36;12856.0;1491.0;0;31;0;;;0
Nordeste;RN;São José do Seridó;24;241240.0;24004.0;4ª REGIAO DE SAUDE - CAICO;2025-09-05;36;4634.0;1229.0;0;3;0;;;0
Nordeste;RN;São Miguel;24;241250.0;24006.0;6ª REGIAO DE SAUDE - PAU DOS FERROS;2025-09-05;36;23519.0;3423.0;0;52;0;;;0
Nordeste;RN;São Miguel do Gostoso;24;241255.0;24003.0;3ª REGIAO DE SAUDE - JOAO CAMARA;2025-09-05;36;10282.0;1359.0;0;21;0;;;0
Nordeste;RN;São Paulo do Potengi;24;241260.0;24005.0;5ª REGIAO DE SAUDE - SANTA CRUZ;2025-09-05;36;17579.0;3779.0;0;64;0;;;0
Nordeste;RN;São Pedro;24;241270.0;24005.0;5ª REGIAO DE SAUDE - SANTA CRUZ;2025-09-05;36;5971.0;934.0;0;20;0;;;0
Nordeste;RN;São Rafael;24;241280.0;24008.0;8ª REGIAO DE SAUDE - ACU;2025-09-05;36;8202.0;1477.0;0;25;0;;;0
Nordeste;RN;São Tomé;24;241290.0;24005.0;5ª REGIAO DE SAUDE - SANTA CRUZ;2025-09-05;36;11055.0;2118.0;0;28;0;;;0
Nordeste;RN;São Vicente;24;241300.0;24004.0;4ª REGIAO DE SAUDE - CAICO;2025-09-05;36;6424.0;1743.0;0;3;0;;;0
Nordeste;RN;Senador Elói de Souza;24;241310.0;24005.0;5ª REGIAO DE SAUDE - SANTA CRUZ;2025-09-05;36;6086.0;881.0;0;10;0;;;0
Nordeste;RN;Senador Georgino Avelino;24;241320.0;24001.0;1ª REGIAO DE SAUDE - SAO JOSE DE MIPIBU;2025-09-05;36;4440.0;658.0;0;7;0;;;0
Nordeste;RN;Serra de São Bento;24;241330.0;24001.0;1ª REGIAO DE SAUDE - SAO JOSE DE MIPIBU;2025-09-05;36;5762.0;784.0;0;4;0;;;0
Nordeste;RN;Serra do Mel;24;241335.0;24002.0;2ª REGIAO DE SAUDE - MOSSORO;2025-09-05;36;11938.0;1978.0;0;23;0;;;0
Nordeste;RN;Serra Negra do Norte;24;241340.0;24004.0;4ª REGIAO DE SAUDE - CAICO;2025-09-05;36;8078.0;2830.0;0;21;0;;;0
Nordeste;RN;Serrinha;24;241350.0;24001.0;1ª REGIAO DE SAUDE - SAO JOSE DE MIPIBU;2025-09-05;36;6229.0;1154.0;0;15;0;;;0
Nordeste;RN;Serrinha dos Pintos;24;241355.0;24006.0;6ª REGIAO DE SAUDE - PAU DOS FERROS;2025-09-05;36;4800.0;1121.0;0;8;0;;;0
Nordeste;RN;Severiano Melo;24;241360.0;24006.0;6ª REGIAO DE SAUDE - PAU DOS FERROS;2025-09-05;36;2440.0;1394.0;0;16;0;;;0
Nordeste;RN;Sítio Novo;24;241370.0;24005.0;5ª REGIAO DE SAUDE - SANTA CRUZ;2025-09-05;36;5522.0;959.0;0;14;0;;;0
Nordeste;RN;Taboleiro Grande;24;241380.0;24006.0;6ª REGIAO DE SAUDE - PAU DOS FERROS;2025-09-05;36;2566.0;457.0;0;6;0;;;0
Nordeste;RN;Taipu;24;241390.0;24003.0;3ª REGIAO DE SAUDE - JOAO CAMARA;2025-09-05;36;12279.0;1724.0;0;19;0;;;0
Nordeste;RN;Tangará;24;241400.0;24005.0;5ª REGIAO DE SAUDE - SANTA CRUZ;2025-09-05;36;15727.0;1708.0;0;25;0;;;0
Nordeste;RN;Tenente Ananias;24;241410.0;24006.0;6ª REGIAO DE SAUDE - PAU DOS FERROS;2025-09-05;36;10786.0;2088.0;0;30;0;;;0
Nordeste;RN;Tenente Laurentino Cruz;24;241415.0;24004.0;4ª REGIAO DE SAUDE - CAICO;2025-09-05;36;5952.0;1672.0;0;3;0;;;0
Nordeste;RN;Tibau do Sul;24;241420.0;24001.0;1ª REGIAO DE SAUDE - SAO JOSE DE MIPIBU;2025-09-05;36;14180.0;2335.0;0;18;0;;;0
Nordeste;RN;Timbaúba dos Batistas;24;241430.0;24004.0;4ª REGIAO DE SAUDE - CAICO;2025-09-05;36;2414.0;1154.0;0;7;0;;;0
Nordeste;RN;Touros;24;241440.0;24003.0;3ª REGIAO DE SAUDE - JOAO CAMARA;2025-09-05;36;33287.0;2570.0;0;39;0;;;0
Nordeste;RN;Triunfo Potiguar;24;241445.0;24008.0;8ª REGIAO DE SAUDE - ACU;2025-09-05;36;3237.0;653.0;0;4;0;;;0
Nordeste;RN;Umarizal;24;241450.0;24006.0;6ª REGIAO DE SAUDE - PAU DOS FERROS;2025-09-05;36;10555.0;2931.0;0;24;0;;;0
Nordeste;RN;Upanema;24;241460.0;24002.0;2ª REGIAO DE SAUDE - MOSSORO;2025-09-05;36;14659.0;2009.0;0;24;0;;;0
Nordeste;RN;Várzea;24;241470.0;24001.0;1ª REGIAO DE SAUDE - SAO JOSE DE MIPIBU;2025-09-05;36;5500.0;593.0;0;11;0;;;0
Nordeste;RN;Venha-Ver;24;241475.0;24006.0;6ª REGIAO DE SAUDE - PAU DOS FERROS;2025-09-05;36;4177.0;565.0;0;6;0;;;0
Nordeste;RN;Vera Cruz;24;241480.0;24001.0;1ª REGIAO DE SAUDE - SAO JOSE DE MIPIBU;2025-09-05;36;12481.0;2379.0;0;29;0;;;1
Nordeste;RN;Viçosa;24;241490.0;24006.0;6ª REGIAO DE SAUDE - PAU DOS FERROS;2025-09-05;36;1718.0;921.0;0;5;0;;;0
Nordeste;RN;Vila Flor;24;241500.0;24001.0;1ª REGIAO DE SAUDE - SAO JOSE DE MIPIBU;2025-09-05;36;3170.0;430.0;0;3;0;;;0
Nordeste;PB;;25;250000.0;;;2025-09-05;36;;0.0;0;0;0;;;
Nordeste;PB;Água Branca;25;250010.0;25011.0;11ª REGIAO;2025-09-05;36;10234.0;2372.0;0;16;0;;;0
Nordeste;PB;Aguiar;25;250020.0;25007.0;7ª REGIAO;2025-09-05;36;5640.0;953.0;0;7;0;;;0
Nordeste;PB;Alagoa Grande;25;250030.0;25003.0;3ª REGIAO;2025-09-05;36;28496.0;6520.0;0;89;0;;;0
Nordeste;PB;Alagoa Nova;25;250040.0;25003.0;3ª REGIAO;2025-09-05;36;20849.0;3461.0;0;39;0;;;0
Nordeste;PB;Alagoinha;25;250050.0;25002.0;2ª REGIAO;2025-09-05;36;14489.0;2583.0;0;26;0;;;0
Nordeste;PB;Alcantil;25;250053.0;25015.0;15ª REGIAO;2025-09-05;36;5492.0;1474.0;0;10;0;;;0
Nordeste;PB;Algodão de Jandaíra;25;250057.0;25003.0;3ª REGIAO;2025-09-05;36;2567.0;572.0;0;2;0;;;0
Nordeste;PB;Alhandra;25;250060.0;25001.0;1ª REGIAO MATA ATLANTICA;2025-09-05;36;19588.0;3671.0;0;49;0;;;1
Nordeste;PB;São João do Rio do Peixe;25;250070.0;25009.0;9ª REGIAO;2025-09-05;36;18034.0;1878.0;0;39;0;;;0
Nordeste;PB;Amparo;25;250073.0;25005.0;5ª REGIAO;2025-09-05;36;2238.0;325.0;0;4;0;;;0
Nordeste;PB;Aparecida;25;250077.0;25010.0;10ª REGIAO;2025-09-05;36;8347.0;1972.0;0;16;0;;;0
Nordeste;PB;Araçagi;25;250080.0;25002.0;2ª REGIAO;2025-09-05;36;16987.0;3086.0;0;29;0;;;0
Nordeste;PB;Arara;25;250090.0;25003.0;3ª REGIAO;2025-09-05;36;13470.0;1350.0;0;35;0;;;0
Nordeste;PB;Araruna;25;250100.0;25002.0;2ª REGIAO;2025-09-05;36;20312.0;1137.0;0;18;0;;;0
Nordeste;PB;Areia;25;250110.0;25003.0;3ª REGIAO;2025-09-05;36;22819.0;3021.0;0;36;0;;;0
Nordeste;PB;Areia de Baraúnas;25;250115.0;25006.0;6ª REGIAO;2025-09-05;36;2128.0;388.0;0;7;0;;;0
Nordeste;PB;Areial;25;250120.0;25003.0;3ª REGIAO;2025-09-05;36;6998.0;661.0;0;14;0;;;0
Nordeste;PB;Aroeiras;25;250130.0;25015.0;15ª REGIAO;2025-09-05;36;19153.0;3274.0;0;21;0;;;0
Nordeste;PB;Assunção;25;250135.0;25016.0;16ª REGIAO;2025-09-05;36;3990.0;823.0;0;6;0;;;0
Nordeste;PB;Baía da Traição;25;250140.0;25014.0;14ª REGIAO;2025-09-05;36;8993.0;1826.0;0;13;0;;;0
Nordeste;PB;Bananeiras;25;250150.0;25002.0;2ª REGIAO;2025-09-05;36;21318.0;2103.0;0;30;0;;;0
Nordeste;PB;Baraúna;25;250153.0;25004.0;4ª REGIAO;2025-09-05;36;4892.0;821.0;0;9;0;;;0
Nordeste;PB;Barra de Santana;25;250157.0;25015.0;15ª REGIAO;2025-09-05;36;8359.0;1365.0;0;8;0;;;0
Nordeste;PB;Barra de Santa Rosa;25;250160.0;25004.0;4ª REGIAO;2025-09-05;36;15384.0;1916.0;0;16;0;;;0
Nordeste;PB;Barra de São Miguel;25;250170.0;25015.0;15ª REGIAO;2025-09-05;36;6036.0;1502.0;0;10;0;;;0
Nordeste;PB;Bayeux;25;250180.0;25001.0;1ª REGIAO MATA ATLANTICA;2025-09-05;36;96880.0;14259.0;0;277;0;;;1
Nordeste;PB;Belém;25;250190.0;25002.0;2ª REGIAO;2025-09-05;36;17676.0;3157.0;0;48;0;;;0
Nordeste;PB;Belém do Brejo do Cruz;25;250200.0;25008.0;8ª REGIAO;2025-09-05;36;7342.0;1011.0;0;11;0;;;0
Nordeste;PB;Bernardino Batista;25;250205.0;25009.0;9ª REGIAO;2025-09-05;36;3501.0;485.0;0;3;0;;;0
Nordeste;PB;Boa Ventura;25;250210.0;25007.0;7ª REGIAO;2025-09-05;36;5366.0;1102.0;0;12;0;;;0
Nordeste;PB;Boa Vista;25;250215.0;25016.0;16ª REGIAO;2025-09-05;36;7051.0;1834.0;0;18;0;;;0
Nordeste;PB;Bom Jesus;25;250220.0;25009.0;9ª REGIAO;2025-09-05;36;2561.0;508.0;0;4;0;;;0
Nordeste;PB;Bom Sucesso;25;250230.0;25008.0;8ª REGIAO;2025-09-05;36;4975.0;872.0;0;5;0;;;0
Nordeste;PB;Bonito de Santa Fé;25;250240.0;25009.0;9ª REGIAO;2025-09-05;36;11917.0;1000.0;0;14;0;;;0
Nordeste;PB;Boqueirão;25;250250.0;25015.0;15ª REGIAO;2025-09-05;36;17804.0;2764.0;0;53;0;;;0
Nordeste;PB;Igaracy;25;250260.0;25007.0;7ª REGIAO;2025-09-05;36;6117.0;487.0;0;8;0;;;0
Nordeste;PB;Borborema;25;250270.0;25002.0;2ª REGIAO;2025-09-05;36;5263.0;488.0;0;14;0;;;0
Nordeste;PB;Brejo do Cruz;25;250280.0;25008.0;8ª REGIAO;2025-09-05;36;14122.0;2157.0;0;25;0;;;0
Nordeste;PB;Brejo dos Santos;25;250290.0;25008.0;8ª REGIAO;2025-09-05;36;6449.0;1744.0;0;8;0;;;0
Nordeste;PB;Caaporã;25;250300.0;25001.0;1ª REGIAO MATA ATLANTICA;2025-09-05;36;21828.0;3164.0;0;41;0;;;1
Nordeste;PB;Cabaceiras;25;250310.0;25015.0;15ª REGIAO;2025-09-05;36;5611.0;743.0;0;6;0;;;0
Nordeste;PB;Cabedelo;25;250320.0;25001.0;1ª REGIAO MATA ATLANTICA;2025-09-05;36;67736.0;15561.0;0;230;0;;;1
Nordeste;PB;Cachoeira dos Índios;25;250330.0;25009.0;9ª REGIAO;2025-09-05;36;10244.0;1711.0;0;25;0;;;0
Nordeste;PB;Cacimba de Areia;25;250340.0;25006.0;6ª REGIAO;2025-09-05;36;3682.0;454.0;0;5;0;;;0
Nordeste;PB;Cacimba de Dentro;25;250350.0;25002.0;2ª REGIAO;2025-09-05;36;17187.0;1630.0;0;40;0;;;0
Nordeste;PB;Cacimbas;25;250355.0;25006.0;6ª REGIAO;2025-09-05;36;7173.0;513.0;0;11;0;;;0
Nordeste;PB;Caiçara;25;250360.0;25002.0;2ª REGIAO;2025-09-05;36;7201.0;1212.0;0;15;0;;;0
Nordeste;PB;Cajazeiras;25;250370.0;25009.0;9ª REGIAO;2025-09-05;36;61993.0;19781.0;0;197;0;;;0
Nordeste;PB;Cajazeirinhas;25;250375.0;25013.0;13ª REGIAO;2025-09-05;36;3193.0;368.0;0;1;0;;;0
Nordeste;PB;Caldas Brandão;25;250380.0;25012.0;12ª REGIAO;2025-09-05;36;6014.0;1133.0;0;14;0;;;0
Nordeste;PB;Camalaú;25;250390.0;25005.0;5ª REGIAO;2025-09-05;36;6013.0;1148.0;0;9;0;;;0
Nordeste;PB;Campina Grande;25;250400.0;25016.0;16ª REGIAO;2025-09-05;36;409731.0;73576.0;0;1292;0;;;0
Nordeste;PB;Capim;25;250403.0;25014.0;14ª REGIAO;2025-09-05;36;6523.0;301.0;0;12;0;;;0
Nordeste;PB;Caraúbas;25;250407.0;25005.0;5ª REGIAO;2025-09-05;36;4162.0;595.0;0;6;0;;;0
Nordeste;PB;Carrapateira;25;250410.0;25009.0;9ª REGIAO;2025-09-05;36;2659.0;611.0;0;6;0;;;0
Nordeste;PB;Casserengue;25;250415.0;25002.0;2ª REGIAO;2025-09-05;36;7468.0;1426.0;0;23;0;;;0
Nordeste;PB;Catingueira;25;250420.0;25006.0;6ª REGIAO;2025-09-05;36;4932.0;367.0;0;11;0;;;0
Nordeste;PB;Catolé do Rocha;25;250430.0;25008.0;8ª REGIAO;2025-09-05;36;30546.0;10139.0;0;68;0;;;0
Nordeste;PB;Caturité;25;250435.0;25015.0;15ª REGIAO;2025-09-05;36;4852.0;968.0;0;9;0;;;0
Nordeste;PB;Conceição;25;250440.0;25007.0;7ª REGIAO;2025-09-05;36;18982.0;965.0;0;33;0;;;0
Nordeste;PB;Condado;25;250450.0;25006.0;6ª REGIAO;2025-09-05;36;6654.0;1337.0;0;11;0;;;0
Nordeste;PB;Conde;25;250460.0;25001.0;1ª REGIAO MATA ATLANTICA;2025-09-05;36;24670.0;4717.0;0;52;0;;;1
Nordeste;PB;Congo;25;250470.0;25005.0;5ª REGIAO;2025-09-05;36;4786.0;689.0;0;17;0;;;0
Nordeste;PB;Coremas;25;250480.0;25007.0;7ª REGIAO;2025-09-05;36;15445.0;3751.0;0;43;0;;;0
Nordeste;PB;Coxixola;25;250485.0;25005.0;5ª REGIAO;2025-09-05;36;1921.0;201.0;0;4;0;;;0
Nordeste;PB;Cruz do Espírito Santo;25;250490.0;25001.0;1ª REGIAO MATA ATLANTICA;2025-09-05;36;17319.0;1401.0;0;28;0;;;1
Nordeste;PB;Cubati;25;250500.0;25004.0;4ª REGIAO;2025-09-05;36;7797.0;879.0;0;16;0;;;0
Nordeste;PB;Cuité;25;250510.0;25004.0;4ª REGIAO;2025-09-05;36;20338.0;3912.0;0;31;0;;;0
Nordeste;PB;Cuitegi;25;250520.0;25002.0;2ª REGIAO;2025-09-05;36;6803.0;1300.0;0;26;0;;;0
Nordeste;PB;Cuité de Mamanguape;25;250523.0;25014.0;14ª REGIAO;2025-09-05;36;6353.0;361.0;0;16;0;;;0
Nordeste;PB;Curral de Cima;25;250527.0;25014.0;14ª REGIAO;2025-09-05;36;5227.0;906.0;0;4;0;;;0
Nordeste;PB;Curral Velho;25;250530.0;25007.0;7ª REGIAO;2025-09-05;36;2516.0;766.0;0;1;0;;;0
Nordeste;PB;Damião;25;250535.0;25004.0;4ª REGIAO;2025-09-05;36;5330.0;534.0;0;6;0;;;0
Nordeste;PB;Desterro;25;250540.0;25006.0;6ª REGIAO;2025-09-05;36;8297.0;1258.0;0;13;0;;;0
Nordeste;PB;Vista Serrana;25;250550.0;25006.0;6ª REGIAO;2025-09-05;36;3798.0;772.0;0;7;0;;;0
Nordeste;PB;Diamante;25;250560.0;25007.0;7ª REGIAO;2025-09-05;36;6552.0;1070.0;0;12;0;;;0
Nordeste;PB;Dona Inês;25;250570.0;25002.0;2ª REGIAO;2025-09-05;36;10453.0;1089.0;0;22;0;;;0
Nordeste;PB;Duas Estradas;25;250580.0;25002.0;2ª REGIAO;2025-09-05;36;3596.0;1078.0;0;20;0;;;0
Nordeste;PB;Emas;25;250590.0;25006.0;6ª REGIAO;2025-09-05;36;3522.0;384.0;0;6;0;;;0
Nordeste;PB;Esperança;25;250600.0;25003.0;3ª REGIAO;2025-09-05;36;33007.0;8556.0;0;100;0;;;0
Nordeste;PB;Fagundes;25;250610.0;25016.0;16ª REGIAO;2025-09-05;36;11253.0;2218.0;0;26;0;;;0
Nordeste;PB;Frei Martinho;25;250620.0;25004.0;4ª REGIAO;2025-09-05;36;2989.0;891.0;0;7;0;;;0
Nordeste;PB;Gado Bravo;25;250625.0;25015.0;15ª REGIAO;2025-09-05;36;8316.0;1356.0;0;15;0;;;0
Nordeste;PB;Guarabira;25;250630.0;25002.0;2ª REGIAO;2025-09-05;36;58833.0;13825.0;0;157;0;;;0
Nordeste;PB;Gurinhém;25;250640.0;25012.0;12ª REGIAO;2025-09-05;36;14129.0;1608.0;0;19;0;;;0
Nordeste;PB;Gurjão;25;250650.0;25005.0;5ª REGIAO;2025-09-05;36;3428.0;311.0;0;8;0;;;0
Nordeste;PB;Ibiara;25;250660.0;25007.0;7ª REGIAO;2025-09-05;36;5929.0;931.0;0;7;0;;;0
Nordeste;PB;Imaculada;25;250670.0;25011.0;11ª REGIAO;2025-09-05;36;11819.0;654.0;0;11;0;;;0
Nordeste;PB;Ingá;25;250680.0;25012.0;12ª REGIAO;2025-09-05;36;18103.0;3926.0;0;45;0;;;0
Nordeste;PB;Itabaiana;25;250690.0;25012.0;12ª REGIAO;2025-09-05;36;24477.0;4569.0;0;91;0;;;0
Nordeste;PB;Itaporanga;25;250700.0;25007.0;7ª REGIAO;2025-09-05;36;24692.0;4217.0;0;34;0;;;0
Nordeste;PB;Itapororoca;25;250710.0;25014.0;14ª REGIAO;2025-09-05;36;18664.0;2822.0;0;40;0;;;0
Nordeste;PB;Itatuba;25;250720.0;25012.0;12ª REGIAO;2025-09-05;36;10962.0;1556.0;0;23;0;;;0
Nordeste;PB;Jacaraú;25;250730.0;25014.0;14ª REGIAO;2025-09-05;36;14431.0;2594.0;0;39;0;;;0
Nordeste;PB;Jericó;25;250740.0;25008.0;8ª REGIAO;2025-09-05;36;7739.0;2166.0;0;15;0;;;0
Nordeste;PB;João Pessoa;25;250750.0;25001.0;1ª REGIAO MATA ATLANTICA;2025-09-05;36;809015.0;184373.0;0;3347;0;;;1
Nordeste;PB;Juarez Távora;25;250760.0;25012.0;12ª REGIAO;2025-09-05;36;7936.0;1436.0;0;16;0;;;0
Nordeste;PB;Juazeirinho;25;250770.0;25016.0;16ª REGIAO;2025-09-05;36;18171.0;1605.0;0;19;0;;;0
Nordeste;PB;Junco do Seridó;25;250780.0;25006.0;6ª REGIAO;2025-09-05;36;7150.0;1267.0;0;12;0;;;0
Nordeste;PB;Juripiranga;25;250790.0;25012.0;12ª REGIAO;2025-09-05;36;10756.0;2128.0;0;33;0;;;0
Nordeste;PB;Juru;25;250800.0;25011.0;11ª REGIAO;2025-09-05;36;9867.0;1599.0;0;18;0;;;0
Nordeste;PB;Lagoa;25;250810.0;25013.0;13ª REGIAO;2025-09-05;36;4666.0;442.0;0;4;0;;;0
Nordeste;PB;Lagoa de Dentro;25;250820.0;25002.0;2ª REGIAO;2025-09-05;36;7719.0;1928.0;0;13;0;;;0
Nordeste;PB;Lagoa Seca;25;250830.0;25003.0;3ª REGIAO;2025-09-05;36;27503.0;3546.0;0;59;0;;;0
Nordeste;PB;Lastro;25;250840.0;25010.0;10ª REGIAO;2025-09-05;36;2737.0;766.0;0;4;0;;;0
Nordeste;PB;Livramento;25;250850.0;25016.0;16ª REGIAO;2025-09-05;36;7256.0;1725.0;0;11;0;;;0
Nordeste;PB;Logradouro;25;250855.0;25002.0;2ª REGIAO;2025-09-05;36;4332.0;650.0;0;11;0;;;0
Nordeste;PB;Lucena;25;250860.0;25001.0;1ª REGIAO MATA ATLANTICA;2025-09-05;36;13080.0;2028.0;0;20;0;;;1
Nordeste;PB;Mãe d'Água;25;250870.0;25006.0;6ª REGIAO;2025-09-05;36;4009.0;497.0;0;8;0;;;0
Nordeste;PB;Malta;25;250880.0;25006.0;6ª REGIAO;2025-09-05;36;5759.0;1124.0;0;13;0;;;0
Nordeste;PB;Mamanguape;25;250890.0;25014.0;14ª REGIAO;2025-09-05;36;44882.0;6790.0;0;99;0;;;0
Nordeste;PB;Manaíra;25;250900.0;25011.0;11ª REGIAO;2025-09-05;36;10955.0;1585.0;0;7;0;;;0
Nordeste;PB;Marcação;25;250905.0;25014.0;14ª REGIAO;2025-09-05;36;8558.0;1424.0;0;10;0;;;0
Nordeste;PB;Mari;25;250910.0;25001.0;1ª REGIAO MATA ATLANTICA;2025-09-05;36;21837.0;3870.0;0;57;0;;;0
Nordeste;PB;Marizópolis;25;250915.0;25010.0;10ª REGIAO;2025-09-05;36;6617.0;679.0;0;15;0;;;0
Nordeste;PB;Massaranduba;25;250920.0;25016.0;16ª REGIAO;2025-09-05;36;13918.0;2252.0;0;34;0;;;0
Nordeste;PB;Mataraca;25;250930.0;25014.0;14ª REGIAO;2025-09-05;36;8434.0;689.0;0;17;0;;;0
Nordeste;PB;Matinhas;25;250933.0;25003.0;3ª REGIAO;2025-09-05;36;4500.0;410.0;0;9;0;;;0
Nordeste;PB;Mato Grosso;25;250937.0;25008.0;8ª REGIAO;2025-09-05;36;2908.0;422.0;0;3;0;;;0
Nordeste;PB;Maturéia;25;250939.0;25006.0;6ª REGIAO;2025-09-05;36;6569.0;1474.0;0;15;0;;;0
Nordeste;PB;Mogeiro;25;250940.0;25012.0;12ª REGIAO;2025-09-05;36;13284.0;1763.0;0;23;0;;;0
Nordeste;PB;Montadas;25;250950.0;25003.0;3ª REGIAO;2025-09-05;36;5669.0;775.0;0;10;0;;;0
Nordeste;PB;Monte Horebe;25;250960.0;25009.0;9ª REGIAO;2025-09-05;36;4816.0;898.0;0;9;0;;;0
Nordeste;PB;Monteiro;25;250970.0;25005.0;5ª REGIAO;2025-09-05;36;33222.0;6934.0;0;89;0;;;0
Nordeste;PB;Mulungu;25;250980.0;25002.0;2ª REGIAO;2025-09-05;36;9902.0;1164.0;0;22;0;;;0
Nordeste;PB;Natuba;25;250990.0;25015.0;15ª REGIAO;2025-09-05;36;10454.0;633.0;0;9;0;;;0
Nordeste;PB;Nazarezinho;25;251000.0;25010.0;10ª REGIAO;2025-09-05;36;7301.0;1446.0;0;20;0;;;0
Nordeste;PB;Nova Floresta;25;251010.0;25004.0;4ª REGIAO;2025-09-05;36;10638.0;1927.0;0;17;0;;;0
Nordeste;PB;Nova Olinda;25;251020.0;25007.0;7ª REGIAO;2025-09-05;36;5949.0;687.0;0;11;0;;;0
Nordeste;PB;Nova Palmeira;25;251030.0;25004.0;4ª REGIAO;2025-09-05;36;4906.0;1422.0;0;6;0;;;0
Nordeste;PB;Olho d'Água;25;251040.0;25007.0;7ª REGIAO;2025-09-05;36;6526.0;660.0;0;11;0;;;0
Nordeste;PB;Olivedos;25;251050.0;25016.0;16ª REGIAO;2025-09-05;36;3932.0;1007.0;0;6;0;;;0
Nordeste;PB;Ouro Velho;25;251060.0;25005.0;5ª REGIAO;2025-09-05;36;3039.0;734.0;0;5;0;;;0
Nordeste;PB;Parari;25;251065.0;25005.0;5ª REGIAO;2025-09-05;36;1771.0;542.0;0;2;0;;;0
Nordeste;PB;Passagem;25;251070.0;25006.0;6ª REGIAO;2025-09-05;36;2419.0;251.0;0;2;0;;;0
Nordeste;PB;Patos;25;251080.0;25006.0;6ª REGIAO;2025-09-05;36;107605.0;23309.0;0;303;0;;;0
Nordeste;PB;Paulista;25;251090.0;25013.0;13ª REGIAO;2025-09-05;36;12347.0;1982.0;0;13;0;;;0
Nordeste;PB;Pedra Branca;25;251100.0;25007.0;7ª REGIAO;2025-09-05;36;3801.0;750.0;0;7;0;;;0
Nordeste;PB;Pedra Lavrada;25;251110.0;25004.0;4ª REGIAO;2025-09-05;36;7843.0;780.0;0;3;0;;;0
Nordeste;PB;Pedras de Fogo;25;251120.0;25012.0;12ª REGIAO;2025-09-05;36;28458.0;3989.0;0;58;0;;;1
Nordeste;PB;Piancó;25;251130.0;25007.0;7ª REGIAO;2025-09-05;36;16075.0;3426.0;0;36;0;;;0
Nordeste;PB;Picuí;25;251140.0;25004.0;4ª REGIAO;2025-09-05;36;18703.0;4745.0;0;51;0;;;0
Nordeste;PB;Pilar;25;251150.0;25012.0;12ª REGIAO;2025-09-05;36;11917.0;2301.0;0;36;0;;;0
Nordeste;PB;Pilões;25;251160.0;25002.0;2ª REGIAO;2025-09-05;36;6635.0;387.0;0;11;0;;;0
Nordeste;PB;Pilõezinhos;25;251170.0;25002.0;2ª REGIAO;2025-09-05;36;4976.0;792.0;0;14;0;;;0
Nordeste;PB;Pirpirituba;25;251180.0;25002.0;2ª REGIAO;2025-09-05;36;10579.0;972.0;0;19;0;;;0
Nordeste;PB;Pitimbu;25;251190.0;25001.0;1ª REGIAO MATA ATLANTICA;2025-09-05;36;19065.0;2447.0;0;25;0;;;1
Nordeste;PB;Pocinhos;25;251200.0;25016.0;16ª REGIAO;2025-09-05;36;18564.0;3311.0;0;36;0;;;0
Nordeste;PB;Poço Dantas;25;251203.0;25009.0;9ª REGIAO;2025-09-05;36;3888.0;393.0;0;5;0;;;0
Nordeste;PB;Poço de José de Moura;25;251207.0;25009.0;9ª REGIAO;2025-09-05;36;4307.0;423.0;0;8;0;;;0
Nordeste;PB;Pombal;25;251210.0;25013.0;13ª REGIAO;2025-09-05;36;32801.0;10936.0;0;92;0;;;0
Nordeste;PB;Prata;25;251220.0;25005.0;5ª REGIAO;2025-09-05;36;4209.0;847.0;0;6;0;;;0
Nordeste;PB;Princesa Isabel;25;251230.0;25011.0;11ª REGIAO;2025-09-05;36;23345.0;4237.0;0;55;0;;;0
Nordeste;PB;Puxinanã;25;251240.0;25016.0;16ª REGIAO;2025-09-05;36;13680.0;1142.0;0;9;0;;;0
Nordeste;PB;Queimadas;25;251250.0;25015.0;15ª REGIAO;2025-09-05;36;43967.0;7592.0;0;107;0;;;0
Nordeste;PB;Quixaba;25;251260.0;25006.0;6ª REGIAO;2025-09-05;36;1956.0;174.0;0;2;0;;;0
Nordeste;PB;Remígio;25;251270.0;25003.0;3ª REGIAO;2025-09-05;36;19621.0;2324.0;0;35;0;;;0
Nordeste;PB;Pedro Régis;25;251272.0;25014.0;14ª REGIAO;2025-09-05;36;6089.0;702.0;0;9;0;;;0
Nordeste;PB;Riachão;25;251274.0;25002.0;2ª REGIAO;2025-09-05;36;3588.0;266.0;0;5;0;;;0
Nordeste;PB;Riachão do Bacamarte;25;251275.0;25012.0;12ª REGIAO;2025-09-05;36;4521.0;845.0;0;1;0;;;0
Nordeste;PB;Riachão do Poço;25;251276.0;25001.0;1ª REGIAO MATA ATLANTICA;2025-09-05;36;4509.0;408.0;0;7;0;;;0
Nordeste;PB;Riacho de Santo Antônio;25;251278.0;25015.0;15ª REGIAO;2025-09-05;36;1948.0;318.0;0;6;0;;;0
Nordeste;PB;Riacho dos Cavalos;25;251280.0;25008.0;8ª REGIAO;2025-09-05;36;8526.0;1660.0;0;20;0;;;0
Nordeste;PB;Rio Tinto;25;251290.0;25014.0;14ª REGIAO;2025-09-05;36;24176.0;5170.0;0;62;0;;;1
Nordeste;PB;Salgadinho;25;251300.0;25006.0;6ª REGIAO;2025-09-05;36;3885.0;271.0;0;3;0;;;0
Nordeste;PB;Salgado de São Félix;25;251310.0;25012.0;12ª REGIAO;2025-09-05;36;12140.0;1264.0;0;15;0;;;0
Nordeste;PB;Santa Cecília;25;251315.0;25015.0;15ª REGIAO;2025-09-05;36;6558.0;1041.0;0;6;0;;;0
Nordeste;PB;Santa Cruz;25;251320.0;25010.0;10ª REGIAO;2025-09-05;36;6583.0;1891.0;0;11;0;;;0
Nordeste;PB;Santa Helena;25;251330.0;25009.0;9ª REGIAO;2025-09-05;36;5889.0;1391.0;0;14;0;;;0
Nordeste;PB;Santa Inês;25;251335.0;25007.0;7ª REGIAO;2025-09-05;36;3595.0;143.0;0;9;0;;;0
Nordeste;PB;Santa Luzia;25;251340.0;25006.0;6ª REGIAO;2025-09-05;36;15382.0;4257.0;0;35;0;;;0
Nordeste;PB;Santana de Mangueira;25;251350.0;25007.0;7ª REGIAO;2025-09-05;36;5162.0;770.0;0;6;0;;;0
Nordeste;PB;Santana dos Garrotes;25;251360.0;25007.0;7ª REGIAO;2025-09-05;36;7031.0;507.0;0;11;0;;;0
Nordeste;PB;Joca Claudino;25;251365.0;25009.0;9ª REGIAO;2025-09-05;36;2636.0;277.0;0;5;0;;;0
Nordeste;PB;Santa Rita;25;251370.0;25001.0;1ª REGIAO MATA ATLANTICA;2025-09-05;36;136586.0;14026.0;0;397;0;;;1
Nordeste;PB;Santa Teresinha;25;251380.0;25006.0;6ª REGIAO;2025-09-05;36;4573.0;710.0;0;14;0;;;0
Nordeste;PB;Santo André;25;251385.0;25016.0;16ª REGIAO;2025-09-05;36;2521.0;617.0;0;4;0;;;0
Nordeste;PB;São Bento;25;251390.0;25008.0;8ª REGIAO;2025-09-05;36;34031.0;8260.0;0;78;0;;;0
Nordeste;PB;São Bentinho;25;251392.0;25013.0;13ª REGIAO;2025-09-05;36;4529.0;1231.0;0;10;0;;;0
Nordeste;PB;São Domingos do Cariri;25;251394.0;25015.0;15ª REGIAO;2025-09-05;36;2615.0;510.0;0;5;0;;;0
Nordeste;PB;São Domingos;25;251396.0;25013.0;13ª REGIAO;2025-09-05;36;3073.0;365.0;0;2;0;;;0
Nordeste;PB;São Francisco;25;251398.0;25010.0;10ª REGIAO;2025-09-05;36;3392.0;760.0;0;5;0;;;0
Nordeste;PB;São João do Cariri;25;251400.0;25005.0;5ª REGIAO;2025-09-05;36;4199.0;530.0;0;6;0;;;0
Nordeste;PB;São João do Tigre;25;251410.0;25005.0;5ª REGIAO;2025-09-05;36;4422.0;348.0;0;6;0;;;0
Nordeste;PB;São José da Lagoa Tapada;25;251420.0;25010.0;10ª REGIAO;2025-09-05;36;7630.0;2191.0;0;10;0;;;0
Nordeste;PB;São José de Caiana;25;251430.0;25007.0;7ª REGIAO;2025-09-05;36;6359.0;640.0;0;10;0;;;0
Nordeste;PB;São José de Espinharas;25;251440.0;25006.0;6ª REGIAO;2025-09-05;36;4682.0;1066.0;0;7;0;;;0
Nordeste;PB;São José dos Ramos;25;251445.0;25012.0;12ª REGIAO;2025-09-05;36;5957.0;887.0;0;7;0;;;0
Nordeste;PB;São José de Piranhas;25;251450.0;25009.0;9ª REGIAO;2025-09-05;36;20251.0;4580.0;0;49;0;;;0
Nordeste;PB;São José de Princesa;25;251455.0;25011.0;11ª REGIAO;2025-09-05;36;4003.0;278.0;0;1;0;;;0
Nordeste;PB;São José do Bonfim;25;251460.0;25006.0;6ª REGIAO;2025-09-05;36;3557.0;357.0;0;7;0;;;0
Nordeste;PB;São José do Brejo do Cruz;25;251465.0;25008.0;8ª REGIAO;2025-09-05;36;1801.0;510.0;0;1;0;;;0
Nordeste;PB;São José do Sabugi;25;251470.0;25006.0;6ª REGIAO;2025-09-05;36;4141.0;999.0;0;10;0;;;0
Nordeste;PB;São José dos Cordeiros;25;251480.0;25005.0;5ª REGIAO;2025-09-05;36;3628.0;166.0;0;8;0;;;0
Nordeste;PB;São Mamede;25;251490.0;25006.0;6ª REGIAO;2025-09-05;36;7724.0;1168.0;0;35;0;;;0
Nordeste;PB;São Miguel de Taipu;25;251500.0;25012.0;12ª REGIAO;2025-09-05;36;7368.0;767.0;0;11;0;;;0
Nordeste;PB;São Sebastião de Lagoa de Roça;25;251510.0;25003.0;3ª REGIAO;2025-09-05;36;11661.0;1968.0;0;23;0;;;0
Nordeste;PB;São Sebastião do Umbuzeiro;25;251520.0;25005.0;5ª REGIAO;2025-09-05;36;3489.0;398.0;0;7;0;;;0
Nordeste;PB;Sapé;25;251530.0;25001.0;1ª REGIAO MATA ATLANTICA;2025-09-05;36;52625.0;5967.0;0;125;0;;;0
Nordeste;PB;São Vicente do Seridó;25;251540.0;25004.0;4ª REGIAO;2025-09-05;36;10775.0;1273.0;0;3;0;;;0
Nordeste;PB;Serra Branca;25;251550.0;25005.0;5ª REGIAO;2025-09-05;36;13699.0;1889.0;0;41;0;;;0
Nordeste;PB;Serra da Raiz;25;251560.0;25002.0;2ª REGIAO;2025-09-05;36;3148.0;1040.0;0;6;0;;;0
Nordeste;PB;Serra Grande;25;251570.0;25007.0;7ª REGIAO;2025-09-05;36;2909.0;437.0;0;8;0;;;0
Nordeste;PB;Serra Redonda;25;251580.0;25016.0;16ª REGIAO;2025-09-05;36;7041.0;1343.0;0;15;0;;;0
Nordeste;PB;Serraria;25;251590.0;25002.0;2ª REGIAO;2025-09-05;36;6099.0;1070.0;0;13;0;;;0
Nordeste;PB;Sertãozinho;25;251593.0;25002.0;2ª REGIAO;2025-09-05;36;5024.0;1102.0;0;7;0;;;0
Nordeste;PB;Sobrado;25;251597.0;25001.0;1ª REGIAO MATA ATLANTICA;2025-09-05;36;7783.0;1125.0;0;11;0;;;0
Nordeste;PB;Solânea;25;251600.0;25002.0;2ª REGIAO;2025-09-05;36;26407.0;5047.0;0;54;0;;;0
Nordeste;PB;Soledade;25;251610.0;25016.0;16ª REGIAO;2025-09-05;36;14989.0;2178.0;0;17;0;;;0
Nordeste;PB;Sossêgo;25;251615.0;25004.0;4ª REGIAO;2025-09-05;36;3555.0;434.0;0;3;0;;;0
Nordeste;PB;Sousa;25;251620.0;25010.0;10ª REGIAO;2025-09-05;36;69444.0;8075.0;0;176;0;;;0
Nordeste;PB;Sumé;25;251630.0;25005.0;5ª REGIAO;2025-09-05;36;16966.0;4077.0;0;47;0;;;0
Nordeste;PB;Tacima;25;251640.0;25002.0;2ª REGIAO;2025-09-05;36;10911.0;723.0;0;11;0;;;0
Nordeste;PB;Taperoá;25;251650.0;25016.0;16ª REGIAO;2025-09-05;36;15376.0;1863.0;0;25;0;;;0
Nordeste;PB;Tavares;25;251660.0;25011.0;11ª REGIAO;2025-09-05;36;14726.0;1501.0;0;19;0;;;0
Nordeste;PB;Teixeira;25;251670.0;25006.0;6ª REGIAO;2025-09-05;36;15161.0;3097.0;0;41;0;;;0
Nordeste;PB;Tenório;25;251675.0;25016.0;16ª REGIAO;2025-09-05;36;3058.0;289.0;0;4;0;;;0
Nordeste;PB;Triunfo;25;251680.0;25009.0;9ª REGIAO;2025-09-05;36;9455.0;2077.0;0;24;0;;;0
Nordeste;PB;Uiraúna;25;251690.0;25009.0;9ª REGIAO;2025-09-05;36;15242.0;1736.0;0;33;0;;;0
Nordeste;PB;Umbuzeiro;25;251700.0;25015.0;15ª REGIAO;2025-09-05;36;9907.0;1325.0;0;14;0;;;0
Nordeste;PB;Várzea;25;251710.0;25006.0;6ª REGIAO;2025-09-05;36;2810.0;693.0;0;1;0;;;0
Nordeste;PB;Vieirópolis;25;251720.0;25010.0;10ª REGIAO;2025-09-05;36;5348.0;453.0;0;9;0;;;0
Nordeste;PB;Zabelê;25;251740.0;25005.0;5ª REGIAO;2025-09-05;36;2240.0;337.0;0;1;0;;;0
Nordeste;PE;;26;260000.0;;;2025-09-05;36;;0.0;0;0;0;;;
Nordeste;PE;Abreu e Lima;26;260005.0;26010.0;RECIFE;2025-09-05;36;99990.0;6600.0;0;266;0;;;1
Nordeste;PE;Afogados da Ingazeira;26;260010.0;26001.0;AFOGADOS DA INGAZEIRA;2025-09-05;36;37259.0;10901.0;0;86;0;;;0
Nordeste;PE;Afrânio;26;260020.0;26009.0;PETROLINA;2025-09-05;36;19635.0;1806.0;0;16;0;;;0
Nordeste;PE;Agrestina;26;260030.0;26003.0;CARUARU;2025-09-05;36;24885.0;3354.0;0;76;0;;;0
Nordeste;PE;Água Preta;26;260040.0;26008.0;PALMARES;2025-09-05;36;36771.0;2590.0;0;71;0;;;0
Nordeste;PE;Águas Belas;26;260050.0;26004.0;GARANHUNS;2025-09-05;36;43443.0;3641.0;0;53;0;;;0
Nordeste;PE;Alagoinha;26;260060.0;26003.0;CARUARU;2025-09-05;36;14636.0;4129.0;0;31;0;;;0
Nordeste;PE;Aliança;26;260070.0;26005.0;GOIANA;2025-09-05;36;38386.0;2795.0;0;89;0;;;0
Nordeste;PE;Altinho;26;260080.0;26003.0;CARUARU;2025-09-05;36;22972.0;2094.0;0;31;0;;;0
Nordeste;PE;Amaraji;26;260090.0;26008.0;PALMARES;2025-09-05;36;22829.0;1589.0;0;51;0;;;0
Nordeste;PE;Angelim;26;260100.0;26004.0;GARANHUNS;2025-09-05;36;11150.0;347.0;0;16;0;;;0
Nordeste;PE;Araçoiaba;26;260105.0;26010.0;RECIFE;2025-09-05;36;20524.0;1375.0;0;34;0;;;1
Nordeste;PE;Araripina;26;260110.0;26007.0;OURICURI;2025-09-05;36;84418.0;12909.0;0;185;0;;;0
Nordeste;PE;Arcoverde;26;260120.0;26002.0;ARCOVERDE;2025-09-05;36;74338.0;13994.0;0;150;0;;;0
Nordeste;PE;Barra de Guabiraba;26;260130.0;26003.0;CARUARU;2025-09-05;36;14385.0;1072.0;0;21;0;;;0
Nordeste;PE;Barreiros;26;260140.0;26008.0;PALMARES;2025-09-05;36;42659.0;2086.0;0;69;0;;;0
Nordeste;PE;Belém de Maria;26;260150.0;26008.0;PALMARES;2025-09-05;36;12073.0;552.0;0;10;0;;;0
Nordeste;PE;Belém do São Francisco;26;260160.0;26011.0;SALGUEIRO;2025-09-05;36;20729.0;2755.0;0;26;0;;;0
Nordeste;PE;Belo Jardim;26;260170.0;26003.0;CARUARU;2025-09-05;36;76439.0;10978.0;0;144;0;;;0
Nordeste;PE;Betânia;26;260180.0;26012.0;SERRA TALHADA;2025-09-05;36;12719.0;1378.0;0;19;0;;;0
Nordeste;PE;Bezerros;26;260190.0;26003.0;CARUARU;2025-09-05;36;60798.0;10489.0;0;132;0;;;0
Nordeste;PE;Bodocó;26;260200.0;26007.0;OURICURI;2025-09-05;36;38146.0;3589.0;0;49;0;;;0
Nordeste;PE;Bom Conselho;26;260210.0;26004.0;GARANHUNS;2025-09-05;36;48554.0;4143.0;0;95;0;;;0
Nordeste;PE;Bom Jardim;26;260220.0;26006.0;LIMOEIRO;2025-09-05;36;39184.0;3810.0;0;80;0;;;0
Nordeste;PE;Bonito;26;260230.0;26003.0;CARUARU;2025-09-05;36;38134.0;3419.0;0;48;0;;;0
Nordeste;PE;Brejão;26;260240.0;26004.0;GARANHUNS;2025-09-05;36;8993.0;710.0;0;11;0;;;0
Nordeste;PE;Brejinho;26;260250.0;26001.0;AFOGADOS DA INGAZEIRA;2025-09-05;36;7487.0;1358.0;0;22;0;;;0
Nordeste;PE;Brejo da Madre de Deus;26;260260.0;26003.0;CARUARU;2025-09-05;36;50742.0;4658.0;0;64;0;;;0
Nordeste;PE;Buenos Aires;26;260270.0;26006.0;LIMOEIRO;2025-09-05;36;13155.0;783.0;0;29;0;;;0
Nordeste;PE;Buíque;26;260280.0;26002.0;ARCOVERDE;2025-09-05;36;58378.0;3344.0;0;64;0;;;0
Nordeste;PE;Cabo de Santo Agostinho;26;260290.0;26010.0;RECIFE;2025-09-05;36;207048.0;20501.0;0;576;0;;;1
Nordeste;PE;Cabrobó;26;260300.0;26009.0;PETROLINA;2025-09-05;36;34221.0;5899.0;0;40;0;;;0
Nordeste;PE;Cachoeirinha;26;260310.0;26003.0;CARUARU;2025-09-05;36;20380.0;1230.0;0;38;0;;;0
Nordeste;PE;Caetés;26;260320.0;26004.0;GARANHUNS;2025-09-05;36;28739.0;3187.0;0;29;0;;;0
Nordeste;PE;Calçado;26;260330.0;26004.0;GARANHUNS;2025-09-05;36;11053.0;1101.0;0;9;0;;;0
Nordeste;PE;Calumbi;26;260340.0;26012.0;SERRA TALHADA;2025-09-05;36;5750.0;1371.0;0;7;0;;;0
Nordeste;PE;Camaragibe;26;260345.0;26010.0;RECIFE;2025-09-05;36;157828.0;15308.0;0;482;0;;;1
Nordeste;PE;Camocim de São Félix;26;260350.0;26003.0;CARUARU;2025-09-05;36;18765.0;1410.0;0;25;0;;;0
Nordeste;PE;Camutanga;26;260360.0;26005.0;GOIANA;2025-09-05;36;8551.0;1487.0;0;26;0;;;0
Nordeste;PE;Canhotinho;26;260370.0;26004.0;GARANHUNS;2025-09-05;36;24804.0;1815.0;0;35;0;;;0
Nordeste;PE;Capoeiras;26;260380.0;26004.0;GARANHUNS;2025-09-05;36;20048.0;2368.0;0;28;0;;;0
Nordeste;PE;Carnaíba;26;260390.0;26001.0;AFOGADOS DA INGAZEIRA;2025-09-05;36;19551.0;4579.0;0;44;0;;;0
Nordeste;PE;Carnaubeira da Penha;26;260392.0;26012.0;SERRA TALHADA;2025-09-05;36;12932.0;2520.0;0;12;0;;;0
Nordeste;PE;Carpina;26;260400.0;26006.0;LIMOEIRO;2025-09-05;36;83641.0;11053.0;0;165;0;;;0
Nordeste;PE;Caruaru;26;260410.0;26003.0;CARUARU;2025-09-05;36;361118.0;68762.0;0;788;0;;;0
Nordeste;PE;Casinhas;26;260415.0;26006.0;LIMOEIRO;2025-09-05;36;14341.0;843.0;0;14;0;;;0
Nordeste;PE;Catende;26;260420.0;26008.0;PALMARES;2025-09-05;36;42892.0;2330.0;0;77;0;;;0
Nordeste;PE;Cedro;26;260430.0;26011.0;SALGUEIRO;2025-09-05;36;11807.0;3816.0;0;24;0;;;0
Nordeste;PE;Chã de Alegria;26;260440.0;26010.0;RECIFE;2025-09-05;36;13518.0;862.0;0;25;0;;;0
Nordeste;PE;Chã Grande;26;260450.0;26010.0;RECIFE;2025-09-05;36;21698.0;1095.0;0;34;0;;;0
Nordeste;PE;Condado;26;260460.0;26005.0;GOIANA;2025-09-05;36;26421.0;3201.0;0;48;0;;;0
Nordeste;PE;Correntes;26;260470.0;26004.0;GARANHUNS;2025-09-05;36;18207.0;781.0;0;14;0;;;0
Nordeste;PE;Cortês;26;260480.0;26008.0;PALMARES;2025-09-05;36;12578.0;662.0;0;28;0;;;0
Nordeste;PE;Cumaru;26;260490.0;26006.0;LIMOEIRO;2025-09-05;36;10906.0;1751.0;0;22;0;;;0
Nordeste;PE;Cupira;26;260500.0;26003.0;CARUARU;2025-09-05;36;24107.0;4012.0;0;59;0;;;0
Nordeste;PE;Custódia;26;260510.0;26002.0;ARCOVERDE;2025-09-05;36;37111.0;1291.0;0;69;0;;;0
Nordeste;PE;Dormentes;26;260515.0;26009.0;PETROLINA;2025-09-05;36;18908.0;3042.0;0;12;0;;;0
Nordeste;PE;Escada;26;260520.0;26008.0;PALMARES;2025-09-05;36;68875.0;2929.0;0;112;0;;;0
Nordeste;PE;Exu;26;260530.0;26007.0;OURICURI;2025-09-05;36;31825.0;6576.0;0;65;0;;;0
Nordeste;PE;Feira Nova;26;260540.0;26006.0;LIMOEIRO;2025-09-05;36;22131.0;3092.0;0;63;0;;;0
Nordeste;PE;Fernando de Noronha;26;260545.0;26010.0;RECIFE;2025-09-05;36;3061.0;745.0;0;2;0;;;0
Nordeste;PE;Ferreiros;26;260550.0;26005.0;GOIANA;2025-09-05;36;12123.0;1697.0;0;22;0;;;0
Nordeste;PE;Flores;26;260560.0;26012.0;SERRA TALHADA;2025-09-05;36;22624.0;2300.0;0;43;0;;;0
Nordeste;PE;Floresta;26;260570.0;26012.0;SERRA TALHADA;2025-09-05;36;32873.0;4823.0;0;36;0;;;0
Nordeste;PE;Frei Miguelinho;26;260580.0;26003.0;CARUARU;2025-09-05;36;15457.0;2367.0;0;28;0;;;0
Nordeste;PE;Gameleira;26;260590.0;26008.0;PALMARES;2025-09-05;36;31052.0;1454.0;0;44;0;;;0
Nordeste;PE;Garanhuns;26;260600.0;26004.0;GARANHUNS;2025-09-05;36;139788.0;34699.0;0;360;0;;;0
Nordeste;PE;Glória do Goitá;26;260610.0;26010.0;RECIFE;2025-09-05;36;30604.0;2858.0;0;52;0;;;0
Nordeste;PE;Goiana;26;260620.0;26005.0;GOIANA;2025-09-05;36;79758.0;13365.0;0;177;0;;;1
Nordeste;PE;Granito;26;260630.0;26007.0;OURICURI;2025-09-05;36;7486.0;1072.0;0;12;0;;;0
Nordeste;PE;Gravatá;26;260640.0;26003.0;CARUARU;2025-09-05;36;84074.0;13944.0;0;171;0;;;0
Nordeste;PE;Iati;26;260650.0;26004.0;GARANHUNS;2025-09-05;36;19197.0;2216.0;0;20;0;;;0
Nordeste;PE;Ibimirim;26;260660.0;26002.0;ARCOVERDE;2025-09-05;36;29235.0;1194.0;0;32;0;;;0
Nordeste;PE;Ibirajuba;26;260670.0;26003.0;CARUARU;2025-09-05;36;7762.0;666.0;0;12;0;;;0
Nordeste;PE;Igarassu;26;260680.0;26010.0;RECIFE;2025-09-05;36;117019.0;8531.0;0;262;0;;;1
Nordeste;PE;Iguaracy;26;260690.0;26001.0;AFOGADOS DA INGAZEIRA;2025-09-05;36;12228.0;2193.0;0;38;0;;;0
Nordeste;PE;Inajá;26;260700.0;26002.0;ARCOVERDE;2025-09-05;36;23247.0;1404.0;0;17;0;;;0
Nordeste;PE;Ingazeira;26;260710.0;26001.0;AFOGADOS DA INGAZEIRA;2025-09-05;36;4548.0;1050.0;0;9;0;;;0
Nordeste;PE;Ipojuca;26;260720.0;26010.0;RECIFE;2025-09-05;36;96204.0;7304.0;0;195;0;;;1
Nordeste;PE;Ipubi;26;260730.0;26007.0;OURICURI;2025-09-05;36;30854.0;2104.0;0;68;0;;;0
Nordeste;PE;Itacuruba;26;260740.0;26012.0;SERRA TALHADA;2025-09-05;36;4918.0;1226.0;0;9;0;;;0
Nordeste;PE;Itaíba;26;260750.0;26004.0;GARANHUNS;2025-09-05;36;26349.0;1311.0;0;17;0;;;0
Nordeste;PE;Ilha de Itamaracá;26;260760.0;26010.0;RECIFE;2025-09-05;36;26258.0;2477.0;0;38;0;;;1
Nordeste;PE;Itambé;26;260765.0;26005.0;GOIANA;2025-09-05;36;36447.0;3557.0;0;58;0;;;0
Nordeste;PE;Itapetim;26;260770.0;26001.0;AFOGADOS DA INGAZEIRA;2025-09-05;36;13616.0;3137.0;0;39;0;;;0
Nordeste;PE;Itapissuma;26;260775.0;26010.0;RECIFE;2025-09-05;36;26651.0;1498.0;0;54;0;;;1
Nordeste;PE;Itaquitinga;26;260780.0;26005.0;GOIANA;2025-09-05;36;16955.0;1342.0;0;41;0;;;0
Nordeste;PE;Jaboatão dos Guararapes;26;260790.0;26010.0;RECIFE;2025-09-05;36;702298.0;59481.0;0;1893;0;;;1
Nordeste;PE;Jaqueira;26;260795.0;26008.0;PALMARES;2025-09-05;36;11656.0;824.0;0;20;0;;;0
Nordeste;PE;Jataúba;26;260800.0;26003.0;CARUARU;2025-09-05;36;17150.0;2314.0;0;23;0;;;0
Nordeste;PE;Jatobá;26;260805.0;26002.0;ARCOVERDE;2025-09-05;36;14796.0;2907.0;0;22;0;;;0
Nordeste;PE;João Alfredo;26;260810.0;26006.0;LIMOEIRO;2025-09-05;36;33822.0;2054.0;0;59;0;;;0
Nordeste;PE;Joaquim Nabuco;26;260820.0;26008.0;PALMARES;2025-09-05;36;16023.0;893.0;0;31;0;;;0
Nordeste;PE;Jucati;26;260825.0;26004.0;GARANHUNS;2025-09-05;36;11424.0;1457.0;0;14;0;;;0
Nordeste;PE;Jupi;26;260830.0;26004.0;GARANHUNS;2025-09-05;36;14836.0;1766.0;0;28;0;;;0
Nordeste;PE;Jurema;26;260840.0;26003.0;CARUARU;2025-09-05;36;15378.0;1417.0;0;29;0;;;0
Nordeste;PE;Lagoa do Carro;26;260845.0;26006.0;LIMOEIRO;2025-09-05;36;18071.0;2290.0;0;30;0;;;0
Nordeste;PE;Lagoa de Itaenga;26;260850.0;26006.0;LIMOEIRO;2025-09-05;36;21429.0;1839.0;0;32;0;;;0
Nordeste;PE;Lagoa do Ouro;26;260860.0;26004.0;GARANHUNS;2025-09-05;36;13145.0;1328.0;0;15;0;;;0
Nordeste;PE;Lagoa dos Gatos;26;260870.0;26008.0;PALMARES;2025-09-05;36;16290.0;985.0;0;13;0;;;0
Nordeste;PE;Lagoa Grande;26;260875.0;26009.0;PETROLINA;2025-09-05;36;25601.0;3553.0;0;43;0;;;0
Nordeste;PE;Lajedo;26;260880.0;26004.0;GARANHUNS;2025-09-05;36;40288.0;5140.0;0;86;0;;;0
Nordeste;PE;Limoeiro;26;260890.0;26006.0;LIMOEIRO;2025-09-05;36;56250.0;7767.0;0;136;0;;;0
Nordeste;PE;Macaparana;26;260900.0;26005.0;GOIANA;2025-09-05;36;25376.0;3320.0;0;55;0;;;0
Nordeste;PE;Machados;26;260910.0;26006.0;LIMOEIRO;2025-09-05;36;16088.0;1692.0;0;20;0;;;0
Nordeste;PE;Manari;26;260915.0;26002.0;ARCOVERDE;2025-09-05;36;21434.0;964.0;0;8;0;;;0
Nordeste;PE;Maraial;26;260920.0;26008.0;PALMARES;2025-09-05;36;11345.0;372.0;0;13;0;;;0
Nordeste;PE;Mirandiba;26;260930.0;26011.0;SALGUEIRO;2025-09-05;36;15390.0;3060.0;0;22;0;;;0
Nordeste;PE;Moreno;26;260940.0;26010.0;RECIFE;2025-09-05;36;62784.0;4777.0;0;129;0;;;1
Nordeste;PE;Nazaré da Mata;26;260950.0;26006.0;LIMOEIRO;2025-09-05;36;32471.0;1772.0;0;93;0;;;0
Nordeste;PE;Olinda;26;260960.0;26010.0;RECIFE;2025-09-05;36;392482.0;50563.0;0;1138;0;;;1
Nordeste;PE;Orobó;26;260970.0;26006.0;LIMOEIRO;2025-09-05;36;23884.0;2914.0;0;35;0;;;0
Nordeste;PE;Orocó;26;260980.0;26009.0;PETROLINA;2025-09-05;36;14991.0;2005.0;0;19;0;;;0
Nordeste;PE;Ouricuri;26;260990.0;26007.0;OURICURI;2025-09-05;36;69459.0;5411.0;0;110;0;;;0
Nordeste;PE;Palmares;26;261000.0;26008.0;PALMARES;2025-09-05;36;63250.0;6644.0;0;134;0;;;0
Nordeste;PE;Palmeirina;26;261010.0;26004.0;GARANHUNS;2025-09-05;36;7693.0;647.0;0;10;0;;;0
Nordeste;PE;Panelas;26;261020.0;26003.0;CARUARU;2025-09-05;36;26474.0;2034.0;0;35;0;;;0
Nordeste;PE;Paranatama;26;261030.0;26004.0;GARANHUNS;2025-09-05;36;11523.0;636.0;0;26;0;;;0
Nordeste;PE;Parnamirim;26;261040.0;26007.0;OURICURI;2025-09-05;36;22010.0;2325.0;0;39;0;;;0
Nordeste;PE;Passira;26;261050.0;26006.0;LIMOEIRO;2025-09-05;36;28933.0;2411.0;0;60;0;;;0
Nordeste;PE;Paudalho;26;261060.0;26006.0;LIMOEIRO;2025-09-05;36;56506.0;5158.0;0;121;0;;;0
Nordeste;PE;Paulista;26;261070.0;26010.0;RECIFE;2025-09-05;36;331774.0;23173.0;0;932;0;;;1
Nordeste;PE;Pedra;26;261080.0;26002.0;ARCOVERDE;2025-09-05;36;22617.0;2749.0;0;36;0;;;0
Nordeste;PE;Pesqueira;26;261090.0;26003.0;CARUARU;2025-09-05;36;67395.0;10294.0;0;136;0;;;0
Nordeste;PE;Petrolândia;26;261100.0;26002.0;ARCOVERDE;2025-09-05;36;36548.0;4443.0;0;58;0;;;0
Nordeste;PE;Petrolina;26;261110.0;26009.0;PETROLINA;2025-09-05;36;349145.0;64361.0;0;613;0;;;0
Nordeste;PE;Poção;26;261120.0;26003.0;CARUARU;2025-09-05;36;11302.0;1289.0;0;19;0;;;0
Nordeste;PE;Pombos;26;261130.0;26010.0;RECIFE;2025-09-05;36;27091.0;2349.0;0;47;0;;;0
Nordeste;PE;Primavera;26;261140.0;26008.0;PALMARES;2025-09-05;36;14966.0;1118.0;0;21;0;;;0
Nordeste;PE;Quipapá;26;261150.0;26008.0;PALMARES;2025-09-05;36;26037.0;1819.0;0;19;0;;;0
Nordeste;PE;Quixaba;26;261153.0;26001.0;AFOGADOS DA INGAZEIRA;2025-09-05;36;6813.0;1023.0;0;14;0;;;0
Nordeste;PE;Recife;26;261160.0;26010.0;RECIFE;2025-09-05;36;1645727.0;316948.0;0;6924;0;;;1
Nordeste;PE;Riacho das Almas;26;261170.0;26003.0;CARUARU;2025-09-05;36;20546.0;2277.0;0;38;0;;;0
Nordeste;PE;Ribeirão;26;261180.0;26008.0;PALMARES;2025-09-05;36;47415.0;901.0;0;86;0;;;0
Nordeste;PE;Rio Formoso;26;261190.0;26008.0;PALMARES;2025-09-05;36;23535.0;2826.0;0;45;0;;;0
Nordeste;PE;Sairé;26;261200.0;26003.0;CARUARU;2025-09-05;36;9932.0;1212.0;0;18;0;;;0
Nordeste;PE;Salgadinho;26;261210.0;26006.0;LIMOEIRO;2025-09-05;36;10919.0;554.0;0;8;0;;;0
Nordeste;PE;Salgueiro;26;261220.0;26011.0;SALGUEIRO;2025-09-05;36;60930.0;19624.0;0;135;0;;;0
Nordeste;PE;Saloá;26;261230.0;26004.0;GARANHUNS;2025-09-05;36;15843.0;1871.0;0;27;0;;;0
Nordeste;PE;Sanharó;26;261240.0;26003.0;CARUARU;2025-09-05;36;26462.0;3117.0;0;29;0;;;0
Nordeste;PE;Santa Cruz;26;261245.0;26007.0;OURICURI;2025-09-05;36;15398.0;1399.0;0;13;0;;;0
Nordeste;PE;Santa Cruz da Baixa Verde;26;261247.0;26012.0;SERRA TALHADA;2025-09-05;36;12592.0;789.0;0;20;0;;;0
Nordeste;PE;Santa Cruz do Capibaribe;26;261250.0;26003.0;CARUARU;2025-09-05;36;107937.0;14053.0;0;193;0;;;0
Nordeste;PE;Santa Filomena;26;261255.0;26007.0;OURICURI;2025-09-05;36;14477.0;1332.0;0;18;0;;;0
Nordeste;PE;Santa Maria da Boa Vista;26;261260.0;26009.0;PETROLINA;2025-09-05;36;41931.0;2124.0;0;37;0;;;0
Nordeste;PE;Santa Maria do Cambucá;26;261270.0;26003.0;CARUARU;2025-09-05;36;14137.0;1850.0;0;22;0;;;0
Nordeste;PE;Santa Terezinha;26;261280.0;26001.0;AFOGADOS DA INGAZEIRA;2025-09-05;36;11815.0;1719.0;0;32;0;;;0
Nordeste;PE;São Benedito do Sul;26;261290.0;26008.0;PALMARES;2025-09-05;36;15895.0;956.0;0;18;0;;;0
Nordeste;PE;São Bento do Una;26;261300.0;26003.0;CARUARU;2025-09-05;36;59504.0;7121.0;0;92;0;;;0
Nordeste;PE;São Caitano;26;261310.0;26003.0;CARUARU;2025-09-05;36;37245.0;4803.0;0;95;0;;;0
Nordeste;PE;São João;26;261320.0;26004.0;GARANHUNS;2025-09-05;36;22793.0;2420.0;0;35;0;;;0
Nordeste;PE;São Joaquim do Monte;26;261330.0;26003.0;CARUARU;2025-09-05;36;21356.0;2336.0;0;46;0;;;0
Nordeste;PE;São José da Coroa Grande;26;261340.0;26008.0;PALMARES;2025-09-05;36;21298.0;1878.0;0;44;0;;;0
Nordeste;PE;São José do Belmonte;26;261350.0;26012.0;SERRA TALHADA;2025-09-05;36;33959.0;3146.0;0;68;0;;;0
Nordeste;PE;São José do Egito;26;261360.0;26001.0;AFOGADOS DA INGAZEIRA;2025-09-05;36;33951.0;6251.0;0;65;0;;;0
Nordeste;PE;São Lourenço da Mata;26;261370.0;26010.0;RECIFE;2025-09-05;36;113230.0;7383.0;0;294;0;;;1
Nordeste;PE;São Vicente Férrer;26;261380.0;26005.0;GOIANA;2025-09-05;36;18018.0;2777.0;0;38;0;;;0
Nordeste;PE;Serra Talhada;26;261390.0;26012.0;SERRA TALHADA;2025-09-05;36;86350.0;22543.0;0;209;0;;;0
Nordeste;PE;Serrita;26;261400.0;26011.0;SALGUEIRO;2025-09-05;36;19165.0;4306.0;0;29;0;;;0
Nordeste;PE;Sertânia;26;261410.0;26002.0;ARCOVERDE;2025-09-05;36;35907.0;3965.0;0;61;0;;;0
Nordeste;PE;Sirinhaém;26;261420.0;26008.0;PALMARES;2025-09-05;36;45865.0;2567.0;0;65;0;;;0
Nordeste;PE;Moreilândia;26;261430.0;26007.0;OURICURI;2025-09-05;36;11270.0;2062.0;0;14;0;;;0
Nordeste;PE;Solidão;26;261440.0;26001.0;AFOGADOS DA INGAZEIRA;2025-09-05;36;6007.0;1453.0;0;4;0;;;0
Nordeste;PE;Surubim;26;261450.0;26006.0;LIMOEIRO;2025-09-05;36;65089.0;6695.0;0;98;0;;;0
Nordeste;PE;Tabira;26;261460.0;26001.0;AFOGADOS DA INGAZEIRA;2025-09-05;36;28534.0;5148.0;0;56;0;;;0
Nordeste;PE;Tacaimbó;26;261470.0;26003.0;CARUARU;2025-09-05;36;12874.0;664.0;0;18;0;;;0
Nordeste;PE;Tacaratu;26;261480.0;26002.0;ARCOVERDE;2025-09-05;36;25765.0;1393.0;0;31;0;;;0
Nordeste;PE;Tamandaré;26;261485.0;26008.0;PALMARES;2025-09-05;36;23388.0;1053.0;0;41;0;;;0
Nordeste;PE;Taquaritinga do Norte;26;261500.0;26003.0;CARUARU;2025-09-05;36;28775.0;1257.0;0;30;0;;;0
Nordeste;PE;Terezinha;26;261510.0;26004.0;GARANHUNS;2025-09-05;36;7169.0;1350.0;0;11;0;;;0
Nordeste;PE;Terra Nova;26;261520.0;26011.0;SALGUEIRO;2025-09-05;36;10096.0;3318.0;0;16;0;;;0
Nordeste;PE;Timbaúba;26;261530.0;26005.0;GOIANA;2025-09-05;36;53022.0;7354.0;0;137;0;;;0
Nordeste;PE;Toritama;26;261540.0;26003.0;CARUARU;2025-09-05;36;45219.0;2619.0;0;51;0;;;0
Nordeste;PE;Tracunhaém;26;261550.0;26006.0;LIMOEIRO;2025-09-05;36;13769.0;1010.0;0;27;0;;;0
Nordeste;PE;Trindade;26;261560.0;26007.0;OURICURI;2025-09-05;36;30521.0;2837.0;0;60;0;;;0
Nordeste;PE;Triunfo;26;261570.0;26012.0;SERRA TALHADA;2025-09-05;36;15254.0;2131.0;0;32;0;;;0
Nordeste;PE;Tupanatinga;26;261580.0;26002.0;ARCOVERDE;2025-09-05;36;27304.0;1865.0;0;15;0;;;0
Nordeste;PE;Tuparetama;26;261590.0;26001.0;AFOGADOS DA INGAZEIRA;2025-09-05;36;8202.0;1588.0;0;33;0;;;0
Nordeste;PE;Venturosa;26;261600.0;26002.0;ARCOVERDE;2025-09-05;36;18482.0;3597.0;0;39;0;;;0
Nordeste;PE;Verdejante;26;261610.0;26011.0;SALGUEIRO;2025-09-05;36;9534.0;1030.0;0;12;0;;;0
Nordeste;PE;Vertente do Lério;26;261618.0;26006.0;LIMOEIRO;2025-09-05;36;7618.0;1085.0;0;10;0;;;0
Nordeste;PE;Vertentes;26;261620.0;26003.0;CARUARU;2025-09-05;36;20731.0;3146.0;0;15;0;;;0
Nordeste;PE;Vicência;26;261630.0;26006.0;LIMOEIRO;2025-09-05;36;32643.0;2022.0;0;39;0;;;0
Nordeste;PE;Vitória de Santo Antão;26;261640.0;26010.0;RECIFE;2025-09-05;36;138757.0;15803.0;0;379;0;;;0
Nordeste;PE;Xexéu;26;261650.0;26008.0;PALMARES;2025-09-05;36;14725.0;1264.0;0;30;0;;;0
Nordeste;AL;;27;270000.0;;;2025-09-05;36;;0.0;0;0;0;;;
Nordeste;AL;Água Branca;27;270010.0;27010.0;10ª REGIAO DE SAUDE;2025-09-05;36;20196.0;1132.0;0;33;0;;;0
Nordeste;AL;Anadia;27;270020.0;27005.0;5ª REGIAO DE SAUDE;2025-09-05;36;17545.0;1929.0;0;41;0;;;0
Nordeste;AL;Arapiraca;27;270030.0;27007.0;7ª REGIAO DE SAUDE;2025-09-05;36;231747.0;44311.0;0;602;0;;;0
Nordeste;AL;Atalaia;27;270040.0;27004.0;4ª REGIAO DE SAUDE;2025-09-05;36;47185.0;2425.0;0;62;0;;;0
Nordeste;AL;Barra de Santo Antônio;27;270050.0;27001.0;1ª REGIAO DE SAUDE;2025-09-05;36;15932.0;664.0;0;34;0;;;1
Nordeste;AL;Barra de São Miguel;27;270060.0;27001.0;1ª REGIAO DE SAUDE;2025-09-05;36;8322.0;1139.0;0;12;0;;;1
Nordeste;AL;Batalha;27;270070.0;27007.0;7ª REGIAO DE SAUDE;2025-09-05;36;18232.0;1352.0;0;26;0;;;0
Nordeste;AL;Belém;27;270080.0;27008.0;8ª REGIAO DE SAUDE;2025-09-05;36;4344.0;283.0;0;8;0;;;0
Nordeste;AL;Belo Monte;27;270090.0;27007.0;7ª REGIAO DE SAUDE;2025-09-05;36;6704.0;741.0;0;11;0;;;0
Nordeste;AL;Boca da Mata;27;270100.0;27005.0;5ª REGIAO DE SAUDE;2025-09-05;36;27281.0;2903.0;0;54;0;;;0
Nordeste;AL;Branquinha;27;270110.0;27003.0;3ª REGIAO DE SAUDE;2025-09-05;36;10494.0;1237.0;0;17;0;;;0
Nordeste;AL;Cacimbinhas;27;270120.0;27008.0;8ª REGIAO DE SAUDE;2025-09-05;36;10858.0;1166.0;0;13;0;;;0
Nordeste;AL;Cajueiro;27;270130.0;27004.0;4ª REGIAO DE SAUDE;2025-09-05;36;21264.0;968.0;0;36;0;;;0
Nordeste;AL;Campestre;27;270135.0;27003.0;3ª REGIAO DE SAUDE;2025-09-05;36;6936.0;319.0;0;7;0;;;0
Nordeste;AL;Campo Alegre;27;270140.0;27005.0;5ª REGIAO DE SAUDE;2025-09-05;36;57063.0;3444.0;0;88;0;;;0
Nordeste;AL;Campo Grande;27;270150.0;27007.0;7ª REGIAO DE SAUDE;2025-09-05;36;9558.0;685.0;0;13;0;;;0
Nordeste;AL;Canapi;27;270160.0;27009.0;9ª REGIAO DE SAUDE;2025-09-05;36;17722.0;732.0;0;18;0;;;0
Nordeste;AL;Capela;27;270170.0;27004.0;4ª REGIAO DE SAUDE;2025-09-05;36;17053.0;1521.0;0;20;0;;;0
Nordeste;AL;Carneiros;27;270180.0;27009.0;9ª REGIAO DE SAUDE;2025-09-05;36;9081.0;518.0;0;11;0;;;0
Nordeste;AL;Chã Preta;27;270190.0;27004.0;4ª REGIAO DE SAUDE;2025-09-05;36;7311.0;500.0;0;12;0;;;0
Nordeste;AL;Coité do Nóia;27;270200.0;27007.0;7ª REGIAO DE SAUDE;2025-09-05;36;10693.0;829.0;0;23;0;;;0
Nordeste;AL;Colônia Leopoldina;27;270210.0;27003.0;3ª REGIAO DE SAUDE;2025-09-05;36;21698.0;557.0;0;23;0;;;0
Nordeste;AL;Coqueiro Seco;27;270220.0;27001.0;1ª REGIAO DE SAUDE;2025-09-05;36;5845.0;628.0;0;9;0;;;1
Nordeste;AL;Coruripe;27;270230.0;27006.0;6ª REGIAO DE SAUDE;2025-09-05;36;56933.0;6240.0;0;74;0;;;0
Nordeste;AL;Craíbas;27;270235.0;27007.0;7ª REGIAO DE SAUDE;2025-09-05;36;24219.0;1742.0;0;35;0;;;0
Nordeste;AL;Delmiro Gouveia;27;270240.0;27010.0;10ª REGIAO DE SAUDE;2025-09-05;36;52016.0;6725.0;0;151;0;;;0
Nordeste;AL;Dois Riachos;27;270250.0;27009.0;9ª REGIAO DE SAUDE;2025-09-05;36;11075.0;924.0;0;10;0;;;0
Nordeste;AL;Estrela de Alagoas;27;270255.0;27008.0;8ª REGIAO DE SAUDE;2025-09-05;36;18205.0;830.0;0;25;0;;;0
Nordeste;AL;Feira Grande;27;270260.0;27007.0;7ª REGIAO DE SAUDE;2025-09-05;36;22166.0;1203.0;0;25;0;;;0
Nordeste;AL;Feliz Deserto;27;270270.0;27006.0;6ª REGIAO DE SAUDE;2025-09-05;36;4754.0;233.0;0;5;0;;;0
Nordeste;AL;Flexeiras;27;270280.0;27001.0;1ª REGIAO DE SAUDE;2025-09-05;36;12790.0;849.0;0;22;0;;;0
Nordeste;AL;Girau do Ponciano;27;270290.0;27007.0;7ª REGIAO DE SAUDE;2025-09-05;36;40917.0;2486.0;0;54;0;;;0
Nordeste;AL;Ibateguara;27;270300.0;27003.0;3ª REGIAO DE SAUDE;2025-09-05;36;15616.0;1105.0;0;23;0;;;0
Nordeste;AL;Igaci;27;270310.0;27008.0;8ª REGIAO DE SAUDE;2025-09-05;36;25631.0;2396.0;0;39;0;;;0
Nordeste;AL;Igreja Nova;27;270320.0;27006.0;6ª REGIAO DE SAUDE;2025-09-05;36;24499.0;2376.0;0;24;0;;;0
Nordeste;AL;Inhapi;27;270330.0;27010.0;10ª REGIAO DE SAUDE;2025-09-05;36;18385.0;881.0;0;23;0;;;0
Nordeste;AL;Jacaré dos Homens;27;270340.0;27007.0;7ª REGIAO DE SAUDE;2025-09-05;36;5253.0;725.0;0;5;0;;;0
Nordeste;AL;Jacuípe;27;270350.0;27002.0;2ª REGIAO DE SAUDE;2025-09-05;36;7021.0;378.0;0;4;0;;;0
Nordeste;AL;Japaratinga;27;270360.0;27002.0;2ª REGIAO DE SAUDE;2025-09-05;36;8361.0;772.0;0;16;0;;;0
Nordeste;AL;Jaramataia;27;270370.0;27007.0;7ª REGIAO DE SAUDE;2025-09-05;36;5770.0;360.0;0;5;0;;;0
Nordeste;AL;Jequiá da Praia;27;270375.0;27006.0;6ª REGIAO DE SAUDE;2025-09-05;36;11580.0;893.0;0;14;0;;;0
Nordeste;AL;Joaquim Gomes;27;270380.0;27003.0;3ª REGIAO DE SAUDE;2025-09-05;36;23993.0;1017.0;0;28;0;;;0
Nordeste;AL;Jundiá;27;270390.0;27003.0;3ª REGIAO DE SAUDE;2025-09-05;36;4155.0;201.0;0;5;0;;;0
Nordeste;AL;Junqueiro;27;270400.0;27005.0;5ª REGIAO DE SAUDE;2025-09-05;36;24727.0;1358.0;0;54;0;;;0
Nordeste;AL;Lagoa da Canoa;27;270410.0;27007.0;7ª REGIAO DE SAUDE;2025-09-05;36;17852.0;2269.0;0;26;0;;;0
Nordeste;AL;Limoeiro de Anadia;27;270420.0;27007.0;7ª REGIAO DE SAUDE;2025-09-05;36;28635.0;2411.0;0;38;0;;;0
Nordeste;AL;Maceió;27;270430.0;27001.0;1ª REGIAO DE SAUDE;2025-09-05;36;1018948.0;137404.0;0;3261;0;;;1
Nordeste;AL;Major Isidoro;27;270440.0;27007.0;7ª REGIAO DE SAUDE;2025-09-05;36;19804.0;1366.0;0;26;0;;;0
Nordeste;AL;Maragogi;27;270450.0;27002.0;2ª REGIAO DE SAUDE;2025-09-05;36;32704.0;2849.0;0;56;0;;;0
Nordeste;AL;Maravilha;27;270460.0;27009.0;9ª REGIAO DE SAUDE;2025-09-05;36;9163.0;537.0;0;21;0;;;0
Nordeste;AL;Marechal Deodoro;27;270470.0;27001.0;1ª REGIAO DE SAUDE;2025-09-05;36;51901.0;9017.0;0;132;0;;;1
Nordeste;AL;Maribondo;27;270480.0;27008.0;8ª REGIAO DE SAUDE;2025-09-05;36;13264.0;819.0;0;19;0;;;0
Nordeste;AL;Mar Vermelho;27;270490.0;27004.0;4ª REGIAO DE SAUDE;2025-09-05;36;3514.0;396.0;0;4;0;;;0
Nordeste;AL;Mata Grande;27;270500.0;27010.0;10ª REGIAO DE SAUDE;2025-09-05;36;25216.0;1200.0;0;28;0;;;0
Nordeste;AL;Matriz de Camaragibe;27;270510.0;27002.0;2ª REGIAO DE SAUDE;2025-09-05;36;24642.0;1776.0;0;45;0;;;0
Nordeste;AL;Messias;27;270520.0;27001.0;1ª REGIAO DE SAUDE;2025-09-05;36;17856.0;1991.0;0;34;0;;;1
Nordeste;AL;Minador do Negrão;27;270530.0;27008.0;8ª REGIAO DE SAUDE;2025-09-05;36;5329.0;504.0;0;10;0;;;0
Nordeste;AL;Monteirópolis;27;270540.0;27009.0;9ª REGIAO DE SAUDE;2025-09-05;36;7159.0;314.0;0;17;0;;;0
Nordeste;AL;Murici;27;270550.0;27003.0;3ª REGIAO DE SAUDE;2025-09-05;36;28236.0;1321.0;0;56;0;;;1
Nordeste;AL;Novo Lino;27;270560.0;27003.0;3ª REGIAO DE SAUDE;2025-09-05;36;12690.0;417.0;0;14;0;;;0
Nordeste;AL;Olho d'Água das Flores;27;270570.0;27009.0;9ª REGIAO DE SAUDE;2025-09-05;36;21688.0;2209.0;0;46;0;;;0
Nordeste;AL;Olho d'Água do Casado;27;270580.0;27010.0;10ª REGIAO DE SAUDE;2025-09-05;36;9373.0;244.0;0;8;0;;;0
Nordeste;AL;Olho d'Água Grande;27;270590.0;27007.0;7ª REGIAO DE SAUDE;2025-09-05;36;5123.0;254.0;0;10;0;;;0
Nordeste;AL;Olivença;27;270600.0;27009.0;9ª REGIAO DE SAUDE;2025-09-05;36;11624.0;635.0;0;18;0;;;0
Nordeste;AL;Ouro Branco;27;270610.0;27009.0;9ª REGIAO DE SAUDE;2025-09-05;36;11496.0;1027.0;0;13;0;;;0
Nordeste;AL;Palestina;27;270620.0;27009.0;9ª REGIAO DE SAUDE;2025-09-05;36;5011.0;585.0;0;5;0;;;0
Nordeste;AL;Palmeira dos Índios;27;270630.0;27008.0;8ª REGIAO DE SAUDE;2025-09-05;36;73218.0;7857.0;0;197;0;;;0
Nordeste;AL;Pão de Açúcar;27;270640.0;27009.0;9ª REGIAO DE SAUDE;2025-09-05;36;24399.0;1609.0;0;35;0;;;0
Nordeste;AL;Pariconha;27;270642.0;27010.0;10ª REGIAO DE SAUDE;2025-09-05;36;10533.0;1100.0;0;11;0;;;0
Nordeste;AL;Paripueira;27;270644.0;27001.0;1ª REGIAO DE SAUDE;2025-09-05;36;13176.0;603.0;0;29;0;;;1
Nordeste;AL;Passo de Camaragibe;27;270650.0;27002.0;2ª REGIAO DE SAUDE;2025-09-05;36;15245.0;989.0;0;24;0;;;0
Nordeste;AL;Paulo Jacinto;27;270660.0;27004.0;4ª REGIAO DE SAUDE;2025-09-05;36;7564.0;662.0;0;16;0;;;0
Nordeste;AL;Penedo;27;270670.0;27006.0;6ª REGIAO DE SAUDE;2025-09-05;36;63683.0;5781.0;0;105;0;;;0
Nordeste;AL;Piaçabuçu;27;270680.0;27006.0;6ª REGIAO DE SAUDE;2025-09-05;36;17827.0;1616.0;0;26;0;;;0
Nordeste;AL;Pilar;27;270690.0;27001.0;1ª REGIAO DE SAUDE;2025-09-05;36;35111.0;5417.0;0;68;0;;;1
Nordeste;AL;Pindoba;27;270700.0;27004.0;4ª REGIAO DE SAUDE;2025-09-05;36;2908.0;298.0;0;4;0;;;0
Nordeste;AL;Piranhas;27;270710.0;27010.0;10ª REGIAO DE SAUDE;2025-09-05;36;25039.0;1985.0;0;29;0;;;0
Nordeste;AL;Poço das Trincheiras;27;270720.0;27009.0;9ª REGIAO DE SAUDE;2025-09-05;36;14386.0;759.0;0;15;0;;;0
Nordeste;AL;Porto Calvo;27;270730.0;27002.0;2ª REGIAO DE SAUDE;2025-09-05;36;27165.0;1384.0;0;50;0;;;0
Nordeste;AL;Porto de Pedras;27;270740.0;27002.0;2ª REGIAO DE SAUDE;2025-09-05;36;7786.0;650.0;0;15;0;;;0
Nordeste;AL;Porto Real do Colégio;27;270750.0;27006.0;6ª REGIAO DE SAUDE;2025-09-05;36;20066.0;812.0;0;24;0;;;0
Nordeste;AL;Quebrangulo;27;270760.0;27004.0;4ª REGIAO DE SAUDE;2025-09-05;36;11294.0;1571.0;0;16;0;;;0
Nordeste;AL;Rio Largo;27;270770.0;27001.0;1ª REGIAO DE SAUDE;2025-09-05;36;75120.0;5541.0;0;196;0;;;1
Nordeste;AL;Roteiro;27;270780.0;27005.0;5ª REGIAO DE SAUDE;2025-09-05;36;6664.0;469.0;0;14;0;;;0
Nordeste;AL;Santa Luzia do Norte;27;270790.0;27001.0;1ª REGIAO DE SAUDE;2025-09-05;36;7296.0;900.0;0;12;0;;;1
Nordeste;AL;Santana do Ipanema;27;270800.0;27009.0;9ª REGIAO DE SAUDE;2025-09-05;36;47654.0;6929.0;0;115;0;;;0
Nordeste;AL;Santana do Mundaú;27;270810.0;27003.0;3ª REGIAO DE SAUDE;2025-09-05;36;10740.0;1019.0;0;19;0;;;0
Nordeste;AL;São Brás;27;270820.0;27006.0;6ª REGIAO DE SAUDE;2025-09-05;36;6961.0;522.0;0;6;0;;;0
Nordeste;AL;São José da Laje;27;270830.0;27003.0;3ª REGIAO DE SAUDE;2025-09-05;36;23927.0;1498.0;0;39;0;;;0
Nordeste;AL;São José da Tapera;27;270840.0;27009.0;9ª REGIAO DE SAUDE;2025-09-05;36;32260.0;1654.0;0;46;0;;;0
Nordeste;AL;São Luís do Quitunde;27;270850.0;27002.0;2ª REGIAO DE SAUDE;2025-09-05;36;34555.0;1695.0;0;28;0;;;0
Nordeste;AL;São Miguel dos Campos;27;270860.0;27005.0;5ª REGIAO DE SAUDE;2025-09-05;36;61251.0;6310.0;0;115;0;;;0
Nordeste;AL;São Miguel dos Milagres;27;270870.0;27002.0;2ª REGIAO DE SAUDE;2025-09-05;36;7951.0;389.0;0;16;0;;;0
Nordeste;AL;São Sebastião;27;270880.0;27007.0;7ª REGIAO DE SAUDE;2025-09-05;36;34152.0;2297.0;0;43;0;;;0
Nordeste;AL;Satuba;27;270890.0;27001.0;1ª REGIAO DE SAUDE;2025-09-05;36;13828.0;1825.0;0;47;0;;;1
Nordeste;AL;Senador Rui Palmeira;27;270895.0;27009.0;9ª REGIAO DE SAUDE;2025-09-05;36;13870.0;467.0;0;13;0;;;0
Nordeste;AL;Tanque d'Arca;27;270900.0;27008.0;8ª REGIAO DE SAUDE;2025-09-05;36;6162.0;536.0;0;14;0;;;0
Nordeste;AL;Taquarana;27;270910.0;27007.0;7ª REGIAO DE SAUDE;2025-09-05;36;19980.0;1295.0;0;33;0;;;0
Nordeste;AL;Teotônio Vilela;27;270915.0;27005.0;5ª REGIAO DE SAUDE;2025-09-05;36;44169.0;3384.0;0;78;0;;;0
Nordeste;AL;Traipu;27;270920.0;27007.0;7ª REGIAO DE SAUDE;2025-09-05;36;27715.0;937.0;0;30;0;;;0
Nordeste;AL;União dos Palmares;27;270930.0;27003.0;3ª REGIAO DE SAUDE;2025-09-05;36;65611.0;4325.0;0;108;0;;;0
Nordeste;AL;Viçosa;27;270940.0;27004.0;4ª REGIAO DE SAUDE;2025-09-05;36;25733.0;2812.0;0;43;0;;;0
Nordeste;SE;;28;280000.0;;;2025-09-05;36;;0.0;0;0;0;;;
Nordeste;SE;Amparo de São Francisco;28;280010.0;28007.0;PROPRIA;2025-09-05;36;2374.0;266.0;0;6;0;;;0
Nordeste;SE;Aquidabã;28;280020.0;28007.0;PROPRIA;2025-09-05;36;21563.0;2714.0;0;47;0;;;0
Nordeste;SE;Aracaju;28;280030.0;28001.0;ARACAJU;2025-09-05;36;657013.0;176391.0;0;2670;0;;;1
Nordeste;SE;Arauá;28;280040.0;28002.0;ESTANCIA;2025-09-05;36;10056.0;1471.0;0;23;0;;;0
Nordeste;SE;Areia Branca;28;280050.0;28003.0;ITABAIANA;2025-09-05;36;18542.0;2548.0;0;50;0;;;0
Nordeste;SE;Barra dos Coqueiros;28;280060.0;28001.0;ARACAJU;2025-09-05;36;30407.0;9279.0;0;112;0;;;1
Nordeste;SE;Boquim;28;280067.0;28002.0;ESTANCIA;2025-09-05;36;26816.0;4139.0;0;79;0;;;0
Nordeste;SE;Brejo Grande;28;280070.0;28007.0;PROPRIA;2025-09-05;36;8309.0;703.0;0;13;0;;;0
Nordeste;SE;Campo do Brito;28;280100.0;28003.0;ITABAIANA;2025-09-05;36;18109.0;2895.0;0;30;0;;;0
Nordeste;SE;Canhoba;28;280110.0;28007.0;PROPRIA;2025-09-05;36;4008.0;409.0;0;7;0;;;0
Nordeste;SE;Canindé de São Francisco;28;280120.0;28005.0;NOSSA SENHORA DA GLORIA;2025-09-05;36;29900.0;3551.0;0;51;0;;;0
Nordeste;SE;Capela;28;280130.0;28006.0;NOSSA SENHORA DO SOCORRO;2025-09-05;36;34213.0;3352.0;0;48;0;;;0
Nordeste;SE;Carira;28;280140.0;28003.0;ITABAIANA;2025-09-05;36;22082.0;2678.0;0;53;0;;;0
Nordeste;SE;Carmópolis;28;280150.0;28006.0;NOSSA SENHORA DO SOCORRO;2025-09-05;36;16634.0;1427.0;0;43;0;;;0
Nordeste;SE;Cedro de São João;28;280160.0;28007.0;PROPRIA;2025-09-05;36;5897.0;1288.0;0;22;0;;;0
Nordeste;SE;Cristinápolis;28;280170.0;28002.0;ESTANCIA;2025-09-05;36;17874.0;1093.0;0;32;0;;;0
Nordeste;SE;Cumbe;28;280190.0;28006.0;NOSSA SENHORA DO SOCORRO;2025-09-05;36;3987.0;394.0;0;4;0;;;0
Nordeste;SE;Divina Pastora;28;280200.0;28001.0;ARACAJU;2025-09-05;36;5138.0;1049.0;0;12;0;;;0
Nordeste;SE;Estância;28;280210.0;28002.0;ESTANCIA;2025-09-05;36;69184.0;9935.0;0;187;0;;;0
Nordeste;SE;Feira Nova;28;280220.0;28005.0;NOSSA SENHORA DA GLORIA;2025-09-05;36;5584.0;289.0;0;7;0;;;0
Nordeste;SE;Frei Paulo;28;280230.0;28003.0;ITABAIANA;2025-09-05;36;15421.0;2301.0;0;36;0;;;0
Nordeste;SE;Gararu;28;280240.0;28005.0;NOSSA SENHORA DA GLORIA;2025-09-05;36;11604.0;821.0;0;19;0;;;0
Nordeste;SE;General Maynard;28;280250.0;28006.0;NOSSA SENHORA DO SOCORRO;2025-09-05;36;3346.0;484.0;0;10;0;;;0
Nordeste;SE;Gracho Cardoso;28;280260.0;28005.0;NOSSA SENHORA DA GLORIA;2025-09-05;36;5818.0;672.0;0;7;0;;;0
Nordeste;SE;Ilha das Flores;28;280270.0;28007.0;PROPRIA;2025-09-05;36;8520.0;508.0;0;22;0;;;0
Nordeste;SE;Indiaroba;28;280280.0;28002.0;ESTANCIA;2025-09-05;36;17957.0;893.0;0;32;0;;;0
Nordeste;SE;Itabaiana;28;280290.0;28003.0;ITABAIANA;2025-09-05;36;95427.0;16620.0;0;265;0;;;0
Nordeste;SE;Itabaianinha;28;280300.0;28002.0;ESTANCIA;2025-09-05;36;41928.0;3901.0;0;77;0;;;0
Nordeste;SE;Itabi;28;280310.0;28005.0;NOSSA SENHORA DA GLORIA;2025-09-05;36;4903.0;379.0;0;3;0;;;0
Nordeste;SE;Itaporanga d'Ajuda;28;280320.0;28001.0;ARACAJU;2025-09-05;36;34356.0;4050.0;0;78;0;;;0
Nordeste;SE;Japaratuba;28;280330.0;28006.0;NOSSA SENHORA DO SOCORRO;2025-09-05;36;18743.0;2050.0;0;60;0;;;0
Nordeste;SE;Japoatã;28;280340.0;28007.0;PROPRIA;2025-09-05;36;13434.0;779.0;0;28;0;;;0
Nordeste;SE;Lagarto;28;280350.0;28004.0;LAGARTO;2025-09-05;36;104408.0;10226.0;0;250;0;;;0
Nordeste;SE;Laranjeiras;28;280360.0;28001.0;ARACAJU;2025-09-05;36;29826.0;2589.0;0;64;0;;;0
Nordeste;SE;Macambira;28;280370.0;28003.0;ITABAIANA;2025-09-05;36;6919.0;946.0;0;8;0;;;0
Nordeste;SE;Malhada dos Bois;28;280380.0;28007.0;PROPRIA;2025-09-05;36;3682.0;392.0;0;8;0;;;0
Nordeste;SE;Malhador;28;280390.0;28003.0;ITABAIANA;2025-09-05;36;12618.0;1372.0;0;32;0;;;0
Nordeste;SE;Maruim;28;280400.0;28006.0;NOSSA SENHORA DO SOCORRO;2025-09-05;36;17213.0;1228.0;0;44;0;;;0
Nordeste;SE;Moita Bonita;28;280410.0;28003.0;ITABAIANA;2025-09-05;36;11335.0;1481.0;0;15;0;;;0
Nordeste;SE;Monte Alegre de Sergipe;28;280420.0;28005.0;NOSSA SENHORA DA GLORIA;2025-09-05;36;15031.0;1161.0;0;16;0;;;0
Nordeste;SE;Muribeca;28;280430.0;28007.0;PROPRIA;2025-09-05;36;7625.0;685.0;0;17;0;;;0
Nordeste;SE;Neópolis;28;280440.0;28007.0;PROPRIA;2025-09-05;36;18719.0;2038.0;0;45;0;;;0
Nordeste;SE;Nossa Senhora Aparecida;28;280445.0;28003.0;ITABAIANA;2025-09-05;36;8796.0;1103.0;0;19;0;;;0
Nordeste;SE;Nossa Senhora da Glória;28;280450.0;28005.0;NOSSA SENHORA DA GLORIA;2025-09-05;36;36924.0;3218.0;0;83;0;;;0
Nordeste;SE;Nossa Senhora das Dores;28;280460.0;28006.0;NOSSA SENHORA DO SOCORRO;2025-09-05;36;26629.0;2742.0;0;55;0;;;0
Nordeste;SE;Nossa Senhora de Lourdes;28;280470.0;28007.0;PROPRIA;2025-09-05;36;6483.0;554.0;0;14;0;;;0
Nordeste;SE;Nossa Senhora do Socorro;28;280480.0;28006.0;NOSSA SENHORA DO SOCORRO;2025-09-05;36;183628.0;22527.0;0;613;0;;;1
Nordeste;SE;Pacatuba;28;280490.0;28007.0;PROPRIA;2025-09-05;36;14428.0;1109.0;0;27;0;;;0
Nordeste;SE;Pedra Mole;28;280500.0;28003.0;ITABAIANA;2025-09-05;36;3261.0;382.0;0;8;0;;;0
Nordeste;SE;Pedrinhas;28;280510.0;28002.0;ESTANCIA;2025-09-05;36;9602.0;727.0;0;19;0;;;0
Nordeste;SE;Pinhão;28;280520.0;28003.0;ITABAIANA;2025-09-05;36;6576.0;511.0;0;20;0;;;0
Nordeste;SE;Pirambu;28;280530.0;28006.0;NOSSA SENHORA DO SOCORRO;2025-09-05;36;9280.0;997.0;0;28;0;;;0
Nordeste;SE;Poço Redondo;28;280540.0;28005.0;NOSSA SENHORA DA GLORIA;2025-09-05;36;34775.0;1472.0;0;37;0;;;0
Nordeste;SE;Poço Verde;28;280550.0;28004.0;LAGARTO;2025-09-05;36;23728.0;2803.0;0;58;0;;;0
Nordeste;SE;Porto da Folha;28;280560.0;28005.0;NOSSA SENHORA DA GLORIA;2025-09-05;36;28596.0;1788.0;0;41;0;;;0
Nordeste;SE;Propriá;28;280570.0;28007.0;PROPRIA;2025-09-05;36;29626.0;4381.0;0;89;0;;;0
Nordeste;SE;Riachão do Dantas;28;280580.0;28004.0;LAGARTO;2025-09-05;36;19805.0;1655.0;0;37;0;;;0
Nordeste;SE;Riachuelo;28;280590.0;28001.0;ARACAJU;2025-09-05;36;10213.0;887.0;0;19;0;;;0
Nordeste;SE;Ribeirópolis;28;280600.0;28003.0;ITABAIANA;2025-09-05;36;18652.0;2202.0;0;37;0;;;0
Nordeste;SE;Rosário do Catete;28;280610.0;28006.0;NOSSA SENHORA DO SOCORRO;2025-09-05;36;10855.0;1298.0;0;22;0;;;0
Nordeste;SE;Salgado;28;280620.0;28004.0;LAGARTO;2025-09-05;36;19998.0;2278.0;0;48;0;;;0
Nordeste;SE;Santa Luzia do Itanhy;28;280630.0;28002.0;ESTANCIA;2025-09-05;36;14035.0;1242.0;0;16;0;;;0
Nordeste;SE;Santana do São Francisco;28;280640.0;28007.0;PROPRIA;2025-09-05;36;7780.0;825.0;0;15;0;;;0
Nordeste;SE;Santa Rosa de Lima;28;280650.0;28001.0;ARACAJU;2025-09-05;36;3913.0;452.0;0;9;0;;;0
Nordeste;SE;Santo Amaro das Brotas;28;280660.0;28006.0;NOSSA SENHORA DO SOCORRO;2025-09-05;36;12102.0;851.0;0;20;0;;;0
Nordeste;SE;São Cristóvão;28;280670.0;28001.0;ARACAJU;2025-09-05;36;90072.0;13314.0;0;262;0;;;1
Nordeste;SE;São Domingos;28;280680.0;28003.0;ITABAIANA;2025-09-05;36;11137.0;1020.0;0;32;0;;;0
Nordeste;SE;São Francisco;28;280690.0;28007.0;PROPRIA;2025-09-05;36;3724.0;387.0;0;13;0;;;0
Nordeste;SE;São Miguel do Aleixo;28;280700.0;28003.0;ITABAIANA;2025-09-05;36;3930.0;502.0;0;5;0;;;0
Nordeste;SE;Simão Dias;28;280710.0;28004.0;LAGARTO;2025-09-05;36;40484.0;4420.0;0;106;0;;;0
Nordeste;SE;Siriri;28;280720.0;28006.0;NOSSA SENHORA DO SOCORRO;2025-09-05;36;8893.0;1184.0;0;13;0;;;0
Nordeste;SE;Telha;28;280730.0;28007.0;PROPRIA;2025-09-05;36;3227.0;543.0;0;11;0;;;0
Nordeste;SE;Tobias Barreto;28;280740.0;28004.0;LAGARTO;2025-09-05;36;52191.0;5961.0;0;110;0;;;0
Nordeste;SE;Tomar do Geru;28;280750.0;28002.0;ESTANCIA;2025-09-05;36;13536.0;1454.0;0;30;0;;;0
Nordeste;SE;Umbaúba;28;280760.0;28002.0;ESTANCIA;2025-09-05;36;25294.0;2615.0;0;44;0;;;0
Nordeste;BA;;29;290000.0;;;2025-09-05;36;;22267.0;0;361;0;;;
Nordeste;BA;Abaíra;29;290010.0;29023.0;SEABRA;2025-09-05;36;8739.0;370.0;0;17;0;;;0
Nordeste;BA;Abaré;29;290020.0;29017.0;PAULO AFONSO;2025-09-05;36;20086.0;3166.0;0;19;0;;;0
Nordeste;BA;Acajutiba;29;290030.0;29001.0;ALAGOINHAS;2025-09-05;36;15159.0;801.0;0;28;0;;;0
Nordeste;BA;Adustina;29;290035.0;29019.0;RIBEIRA DO POMBAL;2025-09-05;36;17040.0;1832.0;0;31;0;;;0
Nordeste;BA;Água Fria;29;290040.0;29025.0;SERRINHA;2025-09-05;36;16970.0;582.0;0;13;0;;;0
Nordeste;BA;Érico Cardoso;29;290050.0;29003.0;BRUMADO;2025-09-05;36;10610.0;784.0;0;6;0;;;0
Nordeste;BA;Aiquara;29;290060.0;29015.0;JEQUIE;2025-09-05;36;4446.0;719.0;0;12;0;;;0
Nordeste;BA;Alagoinhas;29;290070.0;29001.0;ALAGOINHAS;2025-09-05;36;151596.0;21265.0;0;375;0;;;0
Nordeste;BA;Alcobaça;29;290080.0;29026.0;TEIXEIRA DE FREITAS;2025-09-05;36;22470.0;3088.0;0;33;0;;;0
Nordeste;BA;Almadina;29;290090.0;29012.0;ITABUNA;2025-09-05;36;5464.0;900.0;0;13;0;;;0
Nordeste;BA;Amargosa;29;290100.0;29022.0;SANTO ANTONIO DE JESUS;2025-09-05;36;37241.0;5458.0;0;71;0;;;0
Nordeste;BA;Amélia Rodrigues;29;290110.0;29006.0;FEIRA DE SANTANA;2025-09-05;36;25102.0;3182.0;0;57;0;;;0
Nordeste;BA;América Dourada;29;290115.0;29010.0;IRECE;2025-09-05;36;16094.0;1384.0;0;14;0;;;0
Nordeste;BA;Anagé;29;290120.0;29028.0;VITORIA DA CONQUISTA;2025-09-05;36;22005.0;1346.0;0;34;0;;;0
Nordeste;BA;Andaraí;29;290130.0;29011.0;ITABERABA;2025-09-05;36;13143.0;1579.0;0;15;0;;;0
Nordeste;BA;Andorinha;29;290135.0;29024.0;SENHOR DO BONFIM;2025-09-05;36;14595.0;1727.0;0;23;0;;;0
Nordeste;BA;Angical;29;290140.0;29002.0;BARREIRAS;2025-09-05;36;13977.0;1416.0;0;24;0;;;0
Nordeste;BA;Anguera;29;290150.0;29006.0;FEIRA DE SANTANA;2025-09-05;36;11221.0;808.0;0;6;0;;;0
Nordeste;BA;Antas;29;290160.0;29019.0;RIBEIRA DO POMBAL;2025-09-05;36;19291.0;1509.0;0;15;0;;;0
Nordeste;BA;Antônio Cardoso;29;290170.0;29006.0;FEIRA DE SANTANA;2025-09-05;36;11683.0;1244.0;0;13;0;;;0
Nordeste;BA;Antônio Gonçalves;29;290180.0;29024.0;SENHOR DO BONFIM;2025-09-05;36;11798.0;1303.0;0;12;0;;;0
Nordeste;BA;Aporá;29;290190.0;29001.0;ALAGOINHAS;2025-09-05;36;17731.0;742.0;0;26;0;;;0
Nordeste;BA;Apuarema;29;290195.0;29015.0;JEQUIE;2025-09-05;36;7330.0;971.0;0;13;0;;;0
Nordeste;BA;Aracatu;29;290200.0;29003.0;BRUMADO;2025-09-05;36;13135.0;1503.0;0;23;0;;;0
Nordeste;BA;Araçás;29;290205.0;29001.0;ALAGOINHAS;2025-09-05;36;12177.0;1106.0;0;16;0;;;0
Nordeste;BA;Araci;29;290210.0;29025.0;SERRINHA;2025-09-05;36;54379.0;4848.0;0;65;0;;;0
Nordeste;BA;Aramari;29;290220.0;29001.0;ALAGOINHAS;2025-09-05;36;11397.0;1099.0;0;16;0;;;0
Nordeste;BA;Arataca;29;290225.0;29009.0;ILHEUS;2025-09-05;36;11019.0;985.0;0;17;0;;;0
Nordeste;BA;Aratuípe;29;290230.0;29022.0;SANTO ANTONIO DE JESUS;2025-09-05;36;8825.0;1244.0;0;15;0;;;0
Nordeste;BA;Aurelino Leal;29;290240.0;29012.0;ITABUNA;2025-09-05;36;11531.0;1405.0;0;41;0;;;0
Nordeste;BA;Baianópolis;29;290250.0;29002.0;BARREIRAS;2025-09-05;36;13877.0;1398.0;0;27;0;;;0
Nordeste;BA;Baixa Grande;29;290260.0;29006.0;FEIRA DE SANTANA;2025-09-05;36;20468.0;1509.0;0;29;0;;;0
Nordeste;BA;Banzaê;29;290265.0;29019.0;RIBEIRA DO POMBAL;2025-09-05;36;13229.0;1521.0;0;14;0;;;0
Nordeste;BA;Barra;29;290270.0;29008.0;IBOTIRAMA;2025-09-05;36;53578.0;3720.0;0;72;0;;;0
Nordeste;BA;Barra da Estiva;29;290280.0;29003.0;BRUMADO;2025-09-05;36;20598.0;4046.0;0;39;0;;;0
Nordeste;BA;Barra do Choça;29;290290.0;29028.0;VITORIA DA CONQUISTA;2025-09-05;36;31603.0;3137.0;0;48;0;;;0
Nordeste;BA;Barra do Mendes;29;290300.0;29010.0;IRECE;2025-09-05;36;13865.0;1690.0;0;24;0;;;0
Nordeste;BA;Barra do Rocha;29;290310.0;29015.0;JEQUIE;2025-09-05;36;5714.0;916.0;0;8;0;;;0
Nordeste;BA;Barreiras;29;290320.0;29002.0;BARREIRAS;2025-09-05;36;155439.0;27929.0;0;360;0;;;0
Nordeste;BA;Barro Alto;29;290323.0;29010.0;IRECE;2025-09-05;36;14931.0;1403.0;0;17;0;;;0
Nordeste;BA;Barrocas;29;290327.0;29025.0;SERRINHA;2025-09-05;36;15978.0;1228.0;0;31;0;;;0
Nordeste;BA;Barro Preto;29;290330.0;29012.0;ITABUNA;2025-09-05;36;5591.0;807.0;0;15;0;;;0
Nordeste;BA;Belmonte;29;290340.0;29018.0;PORTO SEGURO;2025-09-05;36;23328.0;2031.0;0;34;0;;;0
Nordeste;BA;Belo Campo;29;290350.0;29028.0;VITORIA DA CONQUISTA;2025-09-05;36;17211.0;1441.0;0;24;0;;;0
Nordeste;BA;Biritinga;29;290360.0;29025.0;SERRINHA;2025-09-05;36;15979.0;1184.0;0;14;0;;;0
Nordeste;BA;Boa Nova;29;290370.0;29015.0;JEQUIE;2025-09-05;36;12633.0;1413.0;0;23;0;;;0
Nordeste;BA;Boa Vista do Tupim;29;290380.0;29011.0;ITABERABA;2025-09-05;36;18576.0;325.0;0;15;0;;;0
Nordeste;BA;Bom Jesus da Lapa;29;290390.0;29021.0;SANTA MARIA DA VITORIA;2025-09-05;36;69148.0;8886.0;0;116;0;;;0
Nordeste;BA;Bom Jesus da Serra;29;290395.0;29028.0;VITORIA DA CONQUISTA;2025-09-05;36;9880.0;734.0;0;13;0;;;0
Nordeste;BA;Boninal;29;290400.0;29023.0;SEABRA;2025-09-05;36;14368.0;1312.0;0;12;0;;;0
Nordeste;BA;Bonito;29;290405.0;29011.0;ITABERABA;2025-09-05;36;16764.0;1791.0;0;19;0;;;0
Nordeste;BA;Boquira;29;290410.0;29003.0;BRUMADO;2025-09-05;36;21508.0;1247.0;0;33;0;;;0
Nordeste;BA;Botuporã;29;290420.0;29003.0;BRUMADO;2025-09-05;36;10211.0;1227.0;0;8;0;;;0
Nordeste;BA;Brejões;29;290430.0;29015.0;JEQUIE;2025-09-05;36;14295.0;1576.0;0;20;0;;;0
Nordeste;BA;Brejolândia;29;290440.0;29002.0;BARREIRAS;2025-09-05;36;10557.0;432.0;0;13;0;;;0
Nordeste;BA;Brotas de Macaúbas;29;290450.0;29008.0;IBOTIRAMA;2025-09-05;36;10231.0;711.0;0;9;0;;;0
Nordeste;BA;Brumado;29;290460.0;29003.0;BRUMADO;2025-09-05;36;67195.0;12272.0;0;213;0;;;0
Nordeste;BA;Buerarema;29;290470.0;29012.0;ITABUNA;2025-09-05;36;18349.0;1845.0;0;54;0;;;0
Nordeste;BA;Buritirama;29;290475.0;29008.0;IBOTIRAMA;2025-09-05;36;21174.0;1652.0;0;30;0;;;0
Nordeste;BA;Caatiba;29;290480.0;29013.0;ITAPETINGA;2025-09-05;36;6758.0;1042.0;0;17;0;;;0
Nordeste;BA;Cabaceiras do Paraguaçu;29;290485.0;29005.0;CRUZ DAS ALMAS;2025-09-05;36;18807.0;1737.0;0;10;0;;;0
Nordeste;BA;Cachoeira;29;290490.0;29005.0;CRUZ DAS ALMAS;2025-09-05;36;33470.0;3985.0;0;34;0;;;0
Nordeste;BA;Caculé;29;290500.0;29007.0;GUANAMBI;2025-09-05;36;23170.0;3649.0;0;37;0;;;0
Nordeste;BA;Caém;29;290510.0;29014.0;JACOBINA;2025-09-05;36;9213.0;1223.0;0;10;0;;;0
Nordeste;BA;Caetanos;29;290515.0;29028.0;VITORIA DA CONQUISTA;2025-09-05;36;14542.0;894.0;0;16;0;;;0
Nordeste;BA;Caetité;29;290520.0;29007.0;GUANAMBI;2025-09-05;36;50975.0;7479.0;0;67;0;;;0
Nordeste;BA;Cafarnaum;29;290530.0;29010.0;IRECE;2025-09-05;36;18437.0;1365.0;0;24;0;;;0
Nordeste;BA;Cairu;29;290540.0;29027.0;VALENCA;2025-09-05;36;18176.0;1997.0;0;19;0;;;0
Nordeste;BA;Caldeirão Grande;29;290550.0;29014.0;JACOBINA;2025-09-05;36;13327.0;777.0;0;7;0;;;0
Nordeste;BA;Camacan;29;290560.0;29012.0;ITABUNA;2025-09-05;36;31988.0;4121.0;0;102;0;;;0
Nordeste;BA;Camaçari;29;290570.0;29004.0;CAMACARI;2025-09-05;36;299132.0;36625.0;0;712;0;;;1
Nordeste;BA;Camamu;29;290580.0;29027.0;VALENCA;2025-09-05;36;35316.0;3453.0;0;67;0;;;0
Nordeste;BA;Campo Alegre de Lourdes;29;290590.0;29016.0;JUAZEIRO;2025-09-05;36;28798.0;1354.0;0;41;0;;;0
Nordeste;BA;Campo Formoso;29;290600.0;29024.0;SENHOR DO BONFIM;2025-09-05;36;71206.0;7042.0;0;85;0;;;0
Nordeste;BA;Canápolis;29;290610.0;29021.0;SANTA MARIA DA VITORIA;2025-09-05;36;9711.0;969.0;0;10;0;;;0
Nordeste;BA;Canarana;29;290620.0;29010.0;IRECE;2025-09-05;36;26176.0;1885.0;0;46;0;;;0
Nordeste;BA;Canavieiras;29;290630.0;29009.0;ILHEUS;2025-09-05;36;31099.0;1815.0;0;91;0;;;0
Nordeste;BA;Candeal;29;290640.0;29006.0;FEIRA DE SANTANA;2025-09-05;36;8258.0;880.0;0;7;0;;;0
Nordeste;BA;Candeias;29;290650.0;29020.0;SALVADOR;2025-09-05;36;87076.0;11294.0;0;215;0;;;1
Nordeste;BA;Candiba;29;290660.0;29007.0;GUANAMBI;2025-09-05;36;14319.0;1529.0;0;23;0;;;0
Nordeste;BA;Cândido Sales;29;290670.0;29028.0;VITORIA DA CONQUISTA;2025-09-05;36;25189.0;2610.0;0;61;0;;;0
Nordeste;BA;Cansanção;29;290680.0;29025.0;SERRINHA;2025-09-05;36;34834.0;2342.0;0;48;0;;;0
Nordeste;BA;Canudos;29;290682.0;29016.0;JUAZEIRO;2025-09-05;36;16668.0;1200.0;0;19;0;;;0
Nordeste;BA;Capela do Alto Alegre;29;290685.0;29006.0;FEIRA DE SANTANA;2025-09-05;36;11637.0;1617.0;0;23;0;;;0
Nordeste;BA;Capim Grosso;29;290687.0;29014.0;JACOBINA;2025-09-05;36;30662.0;4265.0;0;41;0;;;0
Nordeste;BA;Caraíbas;29;290689.0;29028.0;VITORIA DA CONQUISTA;2025-09-05;36;8951.0;763.0;0;9;0;;;0
Nordeste;BA;Caravelas;29;290690.0;29026.0;TEIXEIRA DE FREITAS;2025-09-05;36;22016.0;2553.0;0;18;0;;;0
Nordeste;BA;Cardeal da Silva;29;290700.0;29001.0;ALAGOINHAS;2025-09-05;36;9295.0;754.0;0;8;0;;;0
Nordeste;BA;Carinhanha;29;290710.0;29007.0;GUANAMBI;2025-09-05;36;29018.0;1879.0;0;35;0;;;0
Nordeste;BA;Casa Nova;29;290720.0;29016.0;JUAZEIRO;2025-09-05;36;71969.0;3534.0;0;81;0;;;0
Nordeste;BA;Castro Alves;29;290730.0;29022.0;SANTO ANTONIO DE JESUS;2025-09-05;36;26264.0;3127.0;0;45;0;;;0
Nordeste;BA;Catolândia;29;290740.0;29002.0;BARREIRAS;2025-09-05;36;3577.0;493.0;0;2;0;;;0
Nordeste;BA;Catu;29;290750.0;29001.0;ALAGOINHAS;2025-09-05;36;54704.0;9512.0;0;113;0;;;0
Nordeste;BA;Caturama;29;290755.0;29003.0;BRUMADO;2025-09-05;36;9329.0;296.0;0;11;0;;;0
Nordeste;BA;Central;29;290760.0;29010.0;IRECE;2025-09-05;36;17266.0;1552.0;0;20;0;;;0
Nordeste;BA;Chorrochó;29;290770.0;29017.0;PAULO AFONSO;2025-09-05;36;11177.0;990.0;0;17;0;;;0
Nordeste;BA;Cícero Dantas;29;290780.0;29019.0;RIBEIRA DO POMBAL;2025-09-05;36;32515.0;3097.0;0;63;0;;;0
Nordeste;BA;Cipó;29;290790.0;29019.0;RIBEIRA DO POMBAL;2025-09-05;36;17300.0;1937.0;0;20;0;;;0
Nordeste;BA;Coaraci;29;290800.0;29012.0;ITABUNA;2025-09-05;36;16993.0;2904.0;0;60;0;;;0
Nordeste;BA;Cocos;29;290810.0;29021.0;SANTA MARIA DA VITORIA;2025-09-05;36;18777.0;2402.0;0;26;0;;;0
Nordeste;BA;Conceição da Feira;29;290820.0;29005.0;CRUZ DAS ALMAS;2025-09-05;36;22581.0;2455.0;0;35;0;;;0
Nordeste;BA;Conceição do Almeida;29;290830.0;29022.0;SANTO ANTONIO DE JESUS;2025-09-05;36;17247.0;4235.0;0;34;0;;;0
Nordeste;BA;Conceição do Coité;29;290840.0;29025.0;SERRINHA;2025-09-05;36;66612.0;11159.0;0;59;0;;;0
Nordeste;BA;Conceição do Jacuípe;29;290850.0;29006.0;FEIRA DE SANTANA;2025-09-05;36;33153.0;5204.0;0;50;0;;;0
Nordeste;BA;Conde;29;290860.0;29004.0;CAMACARI;2025-09-05;36;25837.0;1331.0;0;18;0;;;0
Nordeste;BA;Condeúba;29;290870.0;29028.0;VITORIA DA CONQUISTA;2025-09-05;36;17247.0;2354.0;0;37;0;;;0
Nordeste;BA;Contendas do Sincorá;29;290880.0;29003.0;BRUMADO;2025-09-05;36;4066.0;415.0;0;7;0;;;0
Nordeste;BA;Coração de Maria;29;290890.0;29006.0;FEIRA DE SANTANA;2025-09-05;36;22605.0;3140.0;0;28;0;;;0
Nordeste;BA;Cordeiros;29;290900.0;29028.0;VITORIA DA CONQUISTA;2025-09-05;36;8614.0;1240.0;0;10;0;;;0
Nordeste;BA;Coribe;29;290910.0;29021.0;SANTA MARIA DA VITORIA;2025-09-05;36;14194.0;2167.0;0;24;0;;;0
Nordeste;BA;Coronel João Sá;29;290920.0;29019.0;RIBEIRA DO POMBAL;2025-09-05;36;15895.0;1779.0;0;21;0;;;0
Nordeste;BA;Correntina;29;290930.0;29021.0;SANTA MARIA DA VITORIA;2025-09-05;36;32137.0;4811.0;0;52;0;;;0
Nordeste;BA;Cotegipe;29;290940.0;29002.0;BARREIRAS;2025-09-05;36;13782.0;1437.0;0;26;0;;;0
Nordeste;BA;Cravolândia;29;290950.0;29015.0;JEQUIE;2025-09-05;36;5349.0;893.0;0;2;0;;;0
Nordeste;BA;Crisópolis;29;290960.0;29001.0;ALAGOINHAS;2025-09-05;36;21103.0;779.0;0;20;0;;;0
Nordeste;BA;Cristópolis;29;290970.0;29002.0;BARREIRAS;2025-09-05;36;13910.0;1460.0;0;11;0;;;0
Nordeste;BA;Cruz das Almas;29;290980.0;29005.0;CRUZ DAS ALMAS;2025-09-05;36;63239.0;8742.0;0;82;0;;;0
Nordeste;BA;Curaçá;29;290990.0;29016.0;JUAZEIRO;2025-09-05;36;34700.0;2440.0;0;41;0;;;0
Nordeste;BA;Dário Meira;29;291000.0;29015.0;JEQUIE;2025-09-05;36;10710.0;1275.0;0;23;0;;;0
Nordeste;BA;Dias d'Ávila;29;291005.0;29004.0;CAMACARI;2025-09-05;36;81089.0;8010.0;0;193;0;;;1
Nordeste;BA;Dom Basílio;29;291010.0;29003.0;BRUMADO;2025-09-05;36;12199.0;1733.0;0;19;0;;;0
Nordeste;BA;Dom Macedo Costa;29;291020.0;29022.0;SANTO ANTONIO DE JESUS;2025-09-05;36;4058.0;524.0;0;10;0;;;0
Nordeste;BA;Elísio Medrado;29;291030.0;29022.0;SANTO ANTONIO DE JESUS;2025-09-05;36;8122.0;894.0;0;10;0;;;0
Nordeste;BA;Encruzilhada;29;291040.0;29028.0;VITORIA DA CONQUISTA;2025-09-05;36;17006.0;1008.0;0;26;0;;;0
Nordeste;BA;Entre Rios;29;291050.0;29001.0;ALAGOINHAS;2025-09-05;36;41780.0;2532.0;0;53;0;;;0
Nordeste;BA;Esplanada;29;291060.0;29001.0;ALAGOINHAS;2025-09-05;36;37237.0;3509.0;0;39;0;;;0
Nordeste;BA;Euclides da Cunha;29;291070.0;29025.0;SERRINHA;2025-09-05;36;60585.0;4839.0;0;74;0;;;0
Nordeste;BA;Eunápolis;29;291072.0;29018.0;PORTO SEGURO;2025-09-05;36;113380.0;18975.0;0;273;0;;;0
Nordeste;BA;Fátima;29;291075.0;29019.0;RIBEIRA DO POMBAL;2025-09-05;36;17890.0;1741.0;0;19;0;;;0
Nordeste;BA;Feira da Mata;29;291077.0;29021.0;SANTA MARIA DA VITORIA;2025-09-05;36;5665.0;694.0;0;6;0;;;0
Nordeste;BA;Feira de Santana;29;291080.0;29006.0;FEIRA DE SANTANA;2025-09-05;36;614872.0;82648.0;0;1247;0;;;0
Nordeste;BA;Filadélfia;29;291085.0;29024.0;SENHOR DO BONFIM;2025-09-05;36;16377.0;1469.0;0;38;0;;;0
Nordeste;BA;Firmino Alves;29;291090.0;29013.0;ITAPETINGA;2025-09-05;36;5617.0;489.0;0;14;0;;;0
Nordeste;BA;Floresta Azul;29;291100.0;29012.0;ITABUNA;2025-09-05;36;10629.0;1209.0;0;24;0;;;0
Nordeste;BA;Formosa do Rio Preto;29;291110.0;29002.0;BARREIRAS;2025-09-05;36;25591.0;2952.0;0;37;0;;;0
Nordeste;BA;Gandu;29;291120.0;29027.0;VALENCA;2025-09-05;36;32403.0;3943.0;0;67;0;;;0
Nordeste;BA;Gavião;29;291125.0;29006.0;FEIRA DE SANTANA;2025-09-05;36;4463.0;657.0;0;5;0;;;0
Nordeste;BA;Gentio do Ouro;29;291130.0;29010.0;IRECE;2025-09-05;36;11233.0;1046.0;0;13;0;;;0
Nordeste;BA;Glória;29;291140.0;29017.0;PAULO AFONSO;2025-09-05;36;15221.0;2119.0;0;26;0;;;0
Nordeste;BA;Gongogi;29;291150.0;29012.0;ITABUNA;2025-09-05;36;7128.0;1114.0;0;20;0;;;0
Nordeste;BA;Governador Mangabeira;29;291160.0;29005.0;CRUZ DAS ALMAS;2025-09-05;36;20722.0;2078.0;0;24;0;;;0
Nordeste;BA;Guajeru;29;291165.0;29003.0;BRUMADO;2025-09-05;36;6937.0;753.0;0;10;0;;;0
Nordeste;BA;Guanambi;29;291170.0;29007.0;GUANAMBI;2025-09-05;36;84481.0;18284.0;0;165;0;;;0
Nordeste;BA;Guaratinga;29;291180.0;29018.0;PORTO SEGURO;2025-09-05;36;20843.0;1768.0;0;51;0;;;0
Nordeste;BA;Heliópolis;29;291185.0;29019.0;RIBEIRA DO POMBAL;2025-09-05;36;13031.0;1442.0;0;16;0;;;0
Nordeste;BA;Iaçu;29;291190.0;29011.0;ITABERABA;2025-09-05;36;24305.0;3250.0;0;55;0;;;0
Nordeste;BA;Ibiassucê;29;291200.0;29007.0;GUANAMBI;2025-09-05;36;9224.0;2580.0;0;13;0;;;0
Nordeste;BA;Ibicaraí;29;291210.0;29012.0;ITABUNA;2025-09-05;36;21689.0;3411.0;0;78;0;;;0
Nordeste;BA;Ibicoara;29;291220.0;29003.0;BRUMADO;2025-09-05;36;19571.0;1866.0;0;14;0;;;0
Nordeste;BA;Ibicuí;29;291230.0;29013.0;ITAPETINGA;2025-09-05;36;16198.0;1539.0;0;30;0;;;0
Nordeste;BA;Ibipeba;29;291240.0;29010.0;IRECE;2025-09-05;36;18211.0;1420.0;0;14;0;;;0
Nordeste;BA;Ibipitanga;29;291250.0;29003.0;BRUMADO;2025-09-05;36;14902.0;2108.0;0;26;0;;;0
Nordeste;BA;Ibiquera;29;291260.0;29011.0;ITABERABA;2025-09-05;36;4044.0;198.0;0;6;0;;;0
Nordeste;BA;Ibirapitanga;29;291270.0;29012.0;ITABUNA;2025-09-05;36;23375.0;2341.0;0;48;0;;;0
Nordeste;BA;Ibirapuã;29;291280.0;29026.0;TEIXEIRA DE FREITAS;2025-09-05;36;8637.0;2033.0;0;19;0;;;0
Nordeste;BA;Ibirataia;29;291290.0;29015.0;JEQUIE;2025-09-05;36;15312.0;2855.0;0;50;0;;;0
Nordeste;BA;Ibitiara;29;291300.0;29023.0;SEABRA;2025-09-05;36;16339.0;1722.0;0;14;0;;;0
Nordeste;BA;Ibititá;29;291310.0;29010.0;IRECE;2025-09-05;36;17113.0;1860.0;0;32;0;;;0
Nordeste;BA;Ibotirama;29;291320.0;29008.0;IBOTIRAMA;2025-09-05;36;26927.0;1800.0;0;57;0;;;0
Nordeste;BA;Ichu;29;291330.0;29006.0;FEIRA DE SANTANA;2025-09-05;36;6206.0;795.0;0;4;0;;;0
Nordeste;BA;Igaporã;29;291340.0;29007.0;GUANAMBI;2025-09-05;36;15640.0;1433.0;0;25;0;;;0
Nordeste;BA;Igrapiúna;29;291345.0;29027.0;VALENCA;2025-09-05;36;13226.0;897.0;0;14;0;;;0
Nordeste;BA;Iguaí;29;291350.0;29013.0;ITAPETINGA;2025-09-05;36;26916.0;1687.0;0;43;0;;;0
Nordeste;BA;Ilhéus;29;291360.0;29009.0;ILHEUS;2025-09-05;36;162327.0;27807.0;0;654;0;;;0
Nordeste;BA;Inhambupe;29;291370.0;29001.0;ALAGOINHAS;2025-09-05;36;39926.0;2914.0;0;53;0;;;0
Nordeste;BA;Ipecaetá;29;291380.0;29006.0;FEIRA DE SANTANA;2025-09-05;36;14487.0;760.0;0;13;0;;;0
Nordeste;BA;Ipiaú;29;291390.0;29015.0;JEQUIE;2025-09-05;36;45873.0;5699.0;0;101;0;;;0
Nordeste;BA;Ipirá;29;291400.0;29006.0;FEIRA DE SANTANA;2025-09-05;36;59595.0;3450.0;0;80;0;;;0
Nordeste;BA;Ipupiara;29;291410.0;29008.0;IBOTIRAMA;2025-09-05;36;9865.0;951.0;0;7;0;;;0
Nordeste;BA;Irajuba;29;291420.0;29015.0;JEQUIE;2025-09-05;36;7260.0;490.0;0;2;0;;;0
Nordeste;BA;Iramaia;29;291430.0;29015.0;JEQUIE;2025-09-05;36;8537.0;716.0;0;17;0;;;0
Nordeste;BA;Iraquara;29;291440.0;29023.0;SEABRA;2025-09-05;36;25216.0;2820.0;0;24;0;;;0
Nordeste;BA;Irará;29;291450.0;29006.0;FEIRA DE SANTANA;2025-09-05;36;29034.0;3061.0;0;39;0;;;0
Nordeste;BA;Irecê;29;291460.0;29010.0;IRECE;2025-09-05;36;72967.0;15556.0;0;172;0;;;0
Nordeste;BA;Itabela;29;291465.0;29018.0;PORTO SEGURO;2025-09-05;36;30584.0;3055.0;0;80;0;;;0
Nordeste;BA;Itaberaba;29;291470.0;29011.0;ITABERABA;2025-09-05;36;64489.0;8645.0;0;180;0;;;0
Nordeste;BA;Itabuna;29;291480.0;29012.0;ITABUNA;2025-09-05;36;213223.0;46993.0;0;825;0;;;0
Nordeste;BA;Itacaré;29;291490.0;29009.0;ILHEUS;2025-09-05;36;28296.0;1919.0;0;33;0;;;0
Nordeste;BA;Itaeté;29;291500.0;29011.0;ITABERABA;2025-09-05;36;16056.0;509.0;0;13;0;;;0
Nordeste;BA;Itagi;29;291510.0;29015.0;JEQUIE;2025-09-05;36;12351.0;1414.0;0;26;0;;;0
Nordeste;BA;Itagibá;29;291520.0;29015.0;JEQUIE;2025-09-05;36;14579.0;1976.0;0;33;0;;;0
Nordeste;BA;Itagimirim;29;291530.0;29018.0;PORTO SEGURO;2025-09-05;36;6869.0;816.0;0;16;0;;;0
Nordeste;BA;Itaguaçu da Bahia;29;291535.0;29010.0;IRECE;2025-09-05;36;14429.0;1196.0;0;10;0;;;0
Nordeste;BA;Itaju do Colônia;29;291540.0;29012.0;ITABUNA;2025-09-05;36;6682.0;546.0;0;10;0;;;0
Nordeste;BA;Itajuípe;29;291550.0;29012.0;ITABUNA;2025-09-05;36;20491.0;3569.0;0;65;0;;;0
Nordeste;BA;Itamaraju;29;291560.0;29026.0;TEIXEIRA DE FREITAS;2025-09-05;36;64486.0;8843.0;0;172;0;;;0
Nordeste;BA;Itamari;29;291570.0;29015.0;JEQUIE;2025-09-05;36;8035.0;854.0;0;13;0;;;0
Nordeste;BA;Itambé;29;291580.0;29013.0;ITAPETINGA;2025-09-05;36;23049.0;2910.0;0;27;0;;;0
Nordeste;BA;Itanagra;29;291590.0;29001.0;ALAGOINHAS;2025-09-05;36;6441.0;766.0;0;9;0;;;0
Nordeste;BA;Itanhém;29;291600.0;29026.0;TEIXEIRA DE FREITAS;2025-09-05;36;19405.0;1897.0;0;42;0;;;0
Nordeste;BA;Itaparica;29;291610.0;29020.0;SALVADOR;2025-09-05;36;22228.0;2003.0;0;44;0;;;1
Nordeste;BA;Itapé;29;291620.0;29012.0;ITABUNA;2025-09-05;36;8761.0;1099.0;0;34;0;;;0
Nordeste;BA;Itapebi;29;291630.0;29018.0;PORTO SEGURO;2025-09-05;36;10259.0;1279.0;0;28;0;;;0
Nordeste;BA;Itapetinga;29;291640.0;29013.0;ITAPETINGA;2025-09-05;36;76147.0;8362.0;0;186;0;;;0
Nordeste;BA;Itapicuru;29;291650.0;29001.0;ALAGOINHAS;2025-09-05;36;35576.0;2203.0;0;27;0;;;0
Nordeste;BA;Itapitanga;29;291660.0;29012.0;ITABUNA;2025-09-05;36;10313.0;1253.0;0;17;0;;;0
Nordeste;BA;Itaquara;29;291670.0;29015.0;JEQUIE;2025-09-05;36;8319.0;854.0;0;10;0;;;0
Nordeste;BA;Itarantim;29;291680.0;29013.0;ITAPETINGA;2025-09-05;36;19747.0;956.0;0;41;0;;;0
Nordeste;BA;Itatim;29;291685.0;29022.0;SANTO ANTONIO DE JESUS;2025-09-05;36;14487.0;1479.0;0;29;0;;;0
Nordeste;BA;Itiruçu;29;291690.0;29015.0;JEQUIE;2025-09-05;36;12576.0;1583.0;0;28;0;;;0
Nordeste;BA;Itiúba;29;291700.0;29024.0;SENHOR DO BONFIM;2025-09-05;36;36089.0;2912.0;0;49;0;;;0
Nordeste;BA;Itororó;29;291710.0;29013.0;ITAPETINGA;2025-09-05;36;20382.0;4005.0;0;41;0;;;0
Nordeste;BA;Ituaçu;29;291720.0;29003.0;BRUMADO;2025-09-05;36;18962.0;2732.0;0;35;0;;;0
Nordeste;BA;Ituberá;29;291730.0;29027.0;VALENCA;2025-09-05;36;28602.0;2335.0;0;58;0;;;0
Nordeste;BA;Iuiu;29;291733.0;29007.0;GUANAMBI;2025-09-05;36;10994.0;1125.0;0;15;0;;;0
Nordeste;BA;Jaborandi;29;291735.0;29021.0;SANTA MARIA DA VITORIA;2025-09-05;36;8385.0;878.0;0;10;0;;;0
Nordeste;BA;Jacaraci;29;291740.0;29007.0;GUANAMBI;2025-09-05;36;14842.0;1939.0;0;41;0;;;0
Nordeste;BA;Jacobina;29;291750.0;29014.0;JACOBINA;2025-09-05;36;80518.0;10003.0;0;135;0;;;0
Nordeste;BA;Jaguaquara;29;291760.0;29015.0;JEQUIE;2025-09-05;36;54423.0;7639.0;0;67;0;;;0
Nordeste;BA;Jaguarari;29;291770.0;29024.0;SENHOR DO BONFIM;2025-09-05;36;33570.0;3709.0;0;61;0;;;0
Nordeste;BA;Jaguaripe;29;291780.0;29022.0;SANTO ANTONIO DE JESUS;2025-09-05;36;18788.0;1743.0;0;27;0;;;0
Nordeste;BA;Jandaíra;29;291790.0;29001.0;ALAGOINHAS;2025-09-05;36;10709.0;1010.0;0;15;0;;;0
Nordeste;BA;Jequié;29;291800.0;29015.0;JEQUIE;2025-09-05;36;155966.0;26220.0;0;451;0;;;0
Nordeste;BA;Jeremoabo;29;291810.0;29017.0;PAULO AFONSO;2025-09-05;36;40463.0;3044.0;0;53;0;;;0
Nordeste;BA;Jiquiriçá;29;291820.0;29022.0;SANTO ANTONIO DE JESUS;2025-09-05;36;14537.0;1847.0;0;32;0;;;0
Nordeste;BA;Jitaúna;29;291830.0;29015.0;JEQUIE;2025-09-05;36;11166.0;1372.0;0;31;0;;;0
Nordeste;BA;João Dourado;29;291835.0;29010.0;IRECE;2025-09-05;36;25188.0;2383.0;0;61;0;;;0
Nordeste;BA;Juazeiro;29;291840.0;29016.0;JUAZEIRO;2025-09-05;36;216707.0;30454.0;0;500;0;;;0
Nordeste;BA;Jucuruçu;29;291845.0;29026.0;TEIXEIRA DE FREITAS;2025-09-05;36;9126.0;1272.0;0;14;0;;;0
Nordeste;BA;Jussara;29;291850.0;29010.0;IRECE;2025-09-05;36;15284.0;1323.0;0;17;0;;;0
Nordeste;BA;Jussari;29;291855.0;29012.0;ITABUNA;2025-09-05;36;5833.0;881.0;0;12;0;;;0
Nordeste;BA;Jussiape;29;291860.0;29003.0;BRUMADO;2025-09-05;36;6186.0;525.0;0;10;0;;;0
Nordeste;BA;Lafaiete Coutinho;29;291870.0;29015.0;JEQUIE;2025-09-05;36;3724.0;622.0;0;9;0;;;0
Nordeste;BA;Lagoa Real;29;291875.0;29007.0;GUANAMBI;2025-09-05;36;15665.0;1632.0;0;15;0;;;0
Nordeste;BA;Laje;29;291880.0;29022.0;SANTO ANTONIO DE JESUS;2025-09-05;36;23840.0;2850.0;0;47;0;;;0
Nordeste;BA;Lajedão;29;291890.0;29026.0;TEIXEIRA DE FREITAS;2025-09-05;36;3955.0;866.0;0;11;0;;;0
Nordeste;BA;Lajedinho;29;291900.0;29011.0;ITABERABA;2025-09-05;36;3783.0;440.0;0;1;0;;;0
Nordeste;BA;Lajedo do Tabocal;29;291905.0;29015.0;JEQUIE;2025-09-05;36;8562.0;1052.0;0;15;0;;;0
Nordeste;BA;Lamarão;29;291910.0;29025.0;SERRINHA;2025-09-05;36;8307.0;465.0;0;8;0;;;0
Nordeste;BA;Lapão;29;291915.0;29010.0;IRECE;2025-09-05;36;27223.0;2915.0;0;38;0;;;0
Nordeste;BA;Lauro de Freitas;29;291920.0;29020.0;SALVADOR;2025-09-05;36;198440.0;35040.0;0;599;0;;;1
Nordeste;BA;Lençóis;29;291930.0;29023.0;SEABRA;2025-09-05;36;11409.0;1666.0;0;23;0;;;0
Nordeste;BA;Licínio de Almeida;29;291940.0;29007.0;GUANAMBI;2025-09-05;36;12388.0;719.0;0;14;0;;;0
Nordeste;BA;Livramento de Nossa Senhora;29;291950.0;29003.0;BRUMADO;2025-09-05;36;45732.0;4594.0;0;94;0;;;0
Nordeste;BA;Luís Eduardo Magalhães;29;291955.0;29002.0;BARREIRAS;2025-09-05;36;87519.0;21014.0;0;162;0;;;0
Nordeste;BA;Macajuba;29;291960.0;29011.0;ITABERABA;2025-09-05;36;11348.0;1172.0;0;15;0;;;0
Nordeste;BA;Macarani;29;291970.0;29013.0;ITAPETINGA;2025-09-05;36;18755.0;1070.0;0;32;0;;;0
Nordeste;BA;Macaúbas;29;291980.0;29003.0;BRUMADO;2025-09-05;36;49826.0;4030.0;0;41;0;;;0
Nordeste;BA;Macururé;29;291990.0;29017.0;PAULO AFONSO;2025-09-05;36;7824.0;465.0;0;12;0;;;0
Nordeste;BA;Madre de Deus;29;291992.0;29020.0;SALVADOR;2025-09-05;36;21093.0;3740.0;0;52;0;;;1
Nordeste;BA;Maetinga;29;291995.0;29028.0;VITORIA DA CONQUISTA;2025-09-05;36;3161.0;810.0;0;10;0;;;0
Nordeste;BA;Maiquinique;29;292000.0;29013.0;ITAPETINGA;2025-09-05;36;10112.0;1432.0;0;16;0;;;0
Nordeste;BA;Mairi;29;292010.0;29014.0;JACOBINA;2025-09-05;36;18676.0;2270.0;0;23;0;;;0
Nordeste;BA;Malhada;29;292020.0;29007.0;GUANAMBI;2025-09-05;36;16845.0;763.0;0;24;0;;;0
Nordeste;BA;Malhada de Pedras;29;292030.0;29003.0;BRUMADO;2025-09-05;36;8393.0;865.0;0;16;0;;;0
Nordeste;BA;Manoel Vitorino;29;292040.0;29015.0;JEQUIE;2025-09-05;36;13240.0;1712.0;0;36;0;;;0
Nordeste;BA;Mansidão;29;292045.0;29002.0;BARREIRAS;2025-09-05;36;13643.0;367.0;0;12;0;;;0
Nordeste;BA;Maracás;29;292050.0;29015.0;JEQUIE;2025-09-05;36;20834.0;5210.0;0;82;0;;;0
Nordeste;BA;Maragogipe;29;292060.0;29005.0;CRUZ DAS ALMAS;2025-09-05;36;44677.0;3103.0;0;60;0;;;0
Nordeste;BA;Maraú;29;292070.0;29012.0;ITABUNA;2025-09-05;36;20570.0;2429.0;0;22;0;;;0
Nordeste;BA;Marcionílio Souza;29;292080.0;29011.0;ITABERABA;2025-09-05;36;10406.0;859.0;0;24;0;;;0
Nordeste;BA;Mascote;29;292090.0;29009.0;ILHEUS;2025-09-05;36;13822.0;1334.0;0;29;0;;;0
Nordeste;BA;Mata de São João;29;292100.0;29004.0;CAMACARI;2025-09-05;36;46583.0;6061.0;0;82;0;;;1
Nordeste;BA;Matina;29;292105.0;29007.0;GUANAMBI;2025-09-05;36;12201.0;1192.0;0;14;0;;;0
Nordeste;BA;Medeiros Neto;29;292110.0;29026.0;TEIXEIRA DE FREITAS;2025-09-05;36;22688.0;4415.0;0;67;0;;;0
Nordeste;BA;Miguel Calmon;29;292120.0;29014.0;JACOBINA;2025-09-05;36;26023.0;4009.0;0;43;0;;;0
Nordeste;BA;Milagres;29;292130.0;29022.0;SANTO ANTONIO DE JESUS;2025-09-05;36;10950.0;989.0;0;9;0;;;0
Nordeste;BA;Mirangaba;29;292140.0;29014.0;JACOBINA;2025-09-05;36;18338.0;824.0;0;11;0;;;0
Nordeste;BA;Mirante;29;292145.0;29028.0;VITORIA DA CONQUISTA;2025-09-05;36;8641.0;869.0;0;10;0;;;0
Nordeste;BA;Monte Santo;29;292150.0;29025.0;SERRINHA;2025-09-05;36;49418.0;2115.0;0;72;0;;;0
Nordeste;BA;Morpará;29;292160.0;29008.0;IBOTIRAMA;2025-09-05;36;8519.0;527.0;0;16;0;;;0
Nordeste;BA;Morro do Chapéu;29;292170.0;29014.0;JACOBINA;2025-09-05;36;35413.0;4771.0;0;36;0;;;0
Nordeste;BA;Mortugaba;29;292180.0;29007.0;GUANAMBI;2025-09-05;36;12042.0;1298.0;0;20;0;;;0
Nordeste;BA;Mucugê;29;292190.0;29023.0;SEABRA;2025-09-05;36;9062.0;1555.0;0;15;0;;;0
Nordeste;BA;Mucuri;29;292200.0;29026.0;TEIXEIRA DE FREITAS;2025-09-05;36;41748.0;6904.0;0;80;0;;;0
Nordeste;BA;Mulungu do Morro;29;292205.0;29010.0;IRECE;2025-09-05;36;10889.0;1176.0;0;24;0;;;0
Nordeste;BA;Mundo Novo;29;292210.0;29006.0;FEIRA DE SANTANA;2025-09-05;36;26776.0;1430.0;0;17;0;;;0
Nordeste;BA;Muniz Ferreira;29;292220.0;29022.0;SANTO ANTONIO DE JESUS;2025-09-05;36;7422.0;1409.0;0;3;0;;;0
Nordeste;BA;Muquém do São Francisco;29;292225.0;29008.0;IBOTIRAMA;2025-09-05;36;11348.0;907.0;0;8;0;;;0
Nordeste;BA;Muritiba;29;292230.0;29005.0;CRUZ DAS ALMAS;2025-09-05;36;29399.0;3015.0;0;38;0;;;0
Nordeste;BA;Mutuípe;29;292240.0;29022.0;SANTO ANTONIO DE JESUS;2025-09-05;36;22221.0;3194.0;0;33;0;;;0
Nordeste;BA;Nazaré;29;292250.0;29022.0;SANTO ANTONIO DE JESUS;2025-09-05;36;28525.0;3998.0;0;61;0;;;0
Nordeste;BA;Nilo Peçanha;29;292260.0;29027.0;VALENCA;2025-09-05;36;13997.0;1151.0;0;22;0;;;0
Nordeste;BA;Nordestina;29;292265.0;29025.0;SERRINHA;2025-09-05;36;13130.0;1401.0;0;32;0;;;0
Nordeste;BA;Nova Canaã;29;292270.0;29013.0;ITAPETINGA;2025-09-05;36;16462.0;1539.0;0;29;0;;;0
Nordeste;BA;Nova Fátima;29;292273.0;29006.0;FEIRA DE SANTANA;2025-09-05;36;7812.0;949.0;0;7;0;;;0
Nordeste;BA;Nova Ibiá;29;292275.0;29027.0;VALENCA;2025-09-05;36;6591.0;784.0;0;24;0;;;0
Nordeste;BA;Nova Itarana;29;292280.0;29015.0;JEQUIE;2025-09-05;36;8226.0;979.0;0;10;0;;;0
Nordeste;BA;Nova Redenção;29;292285.0;29011.0;ITABERABA;2025-09-05;36;9118.0;449.0;0;11;0;;;0
Nordeste;BA;Nova Soure;29;292290.0;29019.0;RIBEIRA DO POMBAL;2025-09-05;36;26947.0;1831.0;0;33;0;;;0
Nordeste;BA;Nova Viçosa;29;292300.0;29026.0;TEIXEIRA DE FREITAS;2025-09-05;36;43376.0;4687.0;0;77;0;;;0
Nordeste;BA;Novo Horizonte;29;292303.0;29023.0;SEABRA;2025-09-05;36;12385.0;964.0;0;12;0;;;0
Nordeste;BA;Novo Triunfo;29;292305.0;29019.0;RIBEIRA DO POMBAL;2025-09-05;36;15440.0;757.0;0;14;0;;;0
Nordeste;BA;Olindina;29;292310.0;29019.0;RIBEIRA DO POMBAL;2025-09-05;36;28229.0;1620.0;0;32;0;;;0
Nordeste;BA;Oliveira dos Brejinhos;29;292320.0;29008.0;IBOTIRAMA;2025-09-05;36;21825.0;1427.0;0;27;0;;;0
Nordeste;BA;Ouriçangas;29;292330.0;29001.0;ALAGOINHAS;2025-09-05;36;8564.0;778.0;0;14;0;;;0
Nordeste;BA;Ourolândia;29;292335.0;29014.0;JACOBINA;2025-09-05;36;17451.0;2121.0;0;16;0;;;0
Nordeste;BA;Palmas de Monte Alto;29;292340.0;29007.0;GUANAMBI;2025-09-05;36;21750.0;1964.0;0;24;0;;;0
Nordeste;BA;Palmeiras;29;292350.0;29023.0;SEABRA;2025-09-05;36;9019.0;825.0;0;12;0;;;0
Nordeste;BA;Paramirim;29;292360.0;29003.0;BRUMADO;2025-09-05;36;21607.0;3135.0;0;23;0;;;0
Nordeste;BA;Paratinga;29;292370.0;29008.0;IBOTIRAMA;2025-09-05;36;32000.0;2241.0;0;37;0;;;0
Nordeste;BA;Paripiranga;29;292380.0;29019.0;RIBEIRA DO POMBAL;2025-09-05;36;28989.0;2405.0;0;38;0;;;0
Nordeste;BA;Pau Brasil;29;292390.0;29012.0;ITABUNA;2025-09-05;36;9831.0;1571.0;0;31;0;;;0
Nordeste;BA;Paulo Afonso;29;292400.0;29017.0;PAULO AFONSO;2025-09-05;36;117782.0;16146.0;0;262;0;;;0
Nordeste;BA;Pé de Serra;29;292405.0;29006.0;FEIRA DE SANTANA;2025-09-05;36;13578.0;1962.0;0;11;0;;;0
Nordeste;BA;Pedrão;29;292410.0;29001.0;ALAGOINHAS;2025-09-05;36;7347.0;565.0;0;6;0;;;0
Nordeste;BA;Pedro Alexandre;29;292420.0;29017.0;PAULO AFONSO;2025-09-05;36;16667.0;838.0;0;10;0;;;0
Nordeste;BA;Piatã;29;292430.0;29023.0;SEABRA;2025-09-05;36;17123.0;1773.0;0;43;0;;;0
Nordeste;BA;Pilão Arcado;29;292440.0;29016.0;JUAZEIRO;2025-09-05;36;35048.0;928.0;0;31;0;;;0
Nordeste;BA;Pindaí;29;292450.0;29007.0;GUANAMBI;2025-09-05;36;16260.0;1304.0;0;20;0;;;0
Nordeste;BA;Pindobaçu;29;292460.0;29024.0;SENHOR DO BONFIM;2025-09-05;36;20150.0;2103.0;0;35;0;;;0
Nordeste;BA;Pintadas;29;292465.0;29006.0;FEIRA DE SANTANA;2025-09-05;36;10437.0;1716.0;0;9;0;;;0
Nordeste;BA;Piraí do Norte;29;292467.0;29027.0;VALENCA;2025-09-05;36;10023.0;1145.0;0;13;0;;;0
Nordeste;BA;Piripá;29;292470.0;29028.0;VITORIA DA CONQUISTA;2025-09-05;36;10707.0;1257.0;0;13;0;;;0
Nordeste;BA;Piritiba;29;292480.0;29014.0;JACOBINA;2025-09-05;36;24755.0;812.0;0;17;0;;;0
Nordeste;BA;Planaltino;29;292490.0;29015.0;JEQUIE;2025-09-05;36;9322.0;1201.0;0;10;0;;;0
Nordeste;BA;Planalto;29;292500.0;29028.0;VITORIA DA CONQUISTA;2025-09-05;36;26265.0;2472.0;0;48;0;;;0
Nordeste;BA;Poções;29;292510.0;29028.0;VITORIA DA CONQUISTA;2025-09-05;36;46871.0;6767.0;0;98;0;;;0
Nordeste;BA;Pojuca;29;292520.0;29004.0;CAMACARI;2025-09-05;36;39519.0;5904.0;0;69;0;;;1
Nordeste;BA;Ponto Novo;29;292525.0;29024.0;SENHOR DO BONFIM;2025-09-05;36;14914.0;823.0;0;16;0;;;0
Nordeste;BA;Porto Seguro;29;292530.0;29018.0;PORTO SEGURO;2025-09-05;36;148686.0;21494.0;0;305;0;;;0
Nordeste;BA;Potiraguá;29;292540.0;29013.0;ITAPETINGA;2025-09-05;36;7224.0;776.0;0;16;0;;;0
Nordeste;BA;Prado;29;292550.0;29026.0;TEIXEIRA DE FREITAS;2025-09-05;36;28174.0;4256.0;0;73;0;;;0
Nordeste;BA;Presidente Dutra;29;292560.0;29010.0;IRECE;2025-09-05;36;15142.0;1708.0;0;29;0;;;0
Nordeste;BA;Presidente Jânio Quadros;29;292570.0;29028.0;VITORIA DA CONQUISTA;2025-09-05;36;12338.0;1048.0;0;16;0;;;0
Nordeste;BA;Presidente Tancredo Neves;29;292575.0;29022.0;SANTO ANTONIO DE JESUS;2025-09-05;36;27719.0;2350.0;0;46;0;;;0
Nordeste;BA;Queimadas;29;292580.0;29025.0;SERRINHA;2025-09-05;36;25439.0;2040.0;0;48;0;;;0
Nordeste;BA;Quijingue;29;292590.0;29025.0;SERRINHA;2025-09-05;36;27580.0;897.0;0;30;0;;;0
Nordeste;BA;Quixabeira;29;292593.0;29014.0;JACOBINA;2025-09-05;36;8972.0;1457.0;0;9;0;;;0
Nordeste;BA;Rafael Jambeiro;29;292595.0;29006.0;FEIRA DE SANTANA;2025-09-05;36;22621.0;2323.0;0;36;0;;;0
Nordeste;BA;Remanso;29;292600.0;29016.0;JUAZEIRO;2025-09-05;36;41008.0;4805.0;0;98;0;;;0
Nordeste;BA;Retirolândia;29;292610.0;29025.0;SERRINHA;2025-09-05;36;14396.0;2137.0;0;16;0;;;0
Nordeste;BA;Riachão das Neves;29;292620.0;29002.0;BARREIRAS;2025-09-05;36;22339.0;2068.0;0;47;0;;;0
Nordeste;BA;Riachão do Jacuípe;29;292630.0;29006.0;FEIRA DE SANTANA;2025-09-05;36;33436.0;7089.0;0;53;0;;;0
Nordeste;BA;Riacho de Santana;29;292640.0;29007.0;GUANAMBI;2025-09-05;36;35421.0;3184.0;0;53;0;;;0
Nordeste;BA;Ribeira do Amparo;29;292650.0;29019.0;RIBEIRA DO POMBAL;2025-09-05;36;14592.0;1433.0;0;9;0;;;0
Nordeste;BA;Ribeira do Pombal;29;292660.0;29019.0;RIBEIRA DO POMBAL;2025-09-05;36;53807.0;8261.0;0;84;0;;;0
Nordeste;BA;Ribeirão do Largo;29;292665.0;29028.0;VITORIA DA CONQUISTA;2025-09-05;36;5812.0;792.0;0;10;0;;;0
Nordeste;BA;Rio de Contas;29;292670.0;29003.0;BRUMADO;2025-09-05;36;12989.0;1277.0;0;9;0;;;0
Nordeste;BA;Rio do Antônio;29;292680.0;29007.0;GUANAMBI;2025-09-05;36;15371.0;1638.0;0;22;0;;;0
Nordeste;BA;Rio do Pires;29;292690.0;29003.0;BRUMADO;2025-09-05;36;11655.0;473.0;0;16;0;;;0
Nordeste;BA;Rio Real;29;292700.0;29001.0;ALAGOINHAS;2025-09-05;36;40732.0;4665.0;0;55;0;;;0
Nordeste;BA;Rodelas;29;292710.0;29017.0;PAULO AFONSO;2025-09-05;36;9331.0;556.0;0;9;0;;;0
Nordeste;BA;Ruy Barbosa;29;292720.0;29011.0;ITABERABA;2025-09-05;36;30814.0;3890.0;0;35;0;;;0
Nordeste;BA;Salinas da Margarida;29;292730.0;29022.0;SANTO ANTONIO DE JESUS;2025-09-05;36;15667.0;2143.0;0;25;0;;;0
Nordeste;BA;Salvador;29;292740.0;29020.0;SALVADOR;2025-09-05;36;2872347.0;356133.0;0;9265;0;;;1
Nordeste;BA;Santa Bárbara;29;292750.0;29006.0;FEIRA DE SANTANA;2025-09-05;36;20791.0;2271.0;0;28;0;;;0
Nordeste;BA;Santa Brígida;29;292760.0;29017.0;PAULO AFONSO;2025-09-05;36;14213.0;1218.0;0;21;0;;;0
Nordeste;BA;Santa Cruz Cabrália;29;292770.0;29018.0;PORTO SEGURO;2025-09-05;36;27778.0;4851.0;0;47;0;;;0
Nordeste;BA;Santa Cruz da Vitória;29;292780.0;29012.0;ITABUNA;2025-09-05;36;6315.0;955.0;0;11;0;;;0
Nordeste;BA;Santa Inês;29;292790.0;29015.0;JEQUIE;2025-09-05;36;10631.0;1219.0;0;14;0;;;0
Nordeste;BA;Santaluz;29;292800.0;29025.0;SERRINHA;2025-09-05;36;37348.0;4573.0;0;67;0;;;0
Nordeste;BA;Santa Luzia;29;292805.0;29009.0;ILHEUS;2025-09-05;36;12597.0;1526.0;0;36;0;;;0
Nordeste;BA;Santa Maria da Vitória;29;292810.0;29021.0;SANTA MARIA DA VITORIA;2025-09-05;36;39845.0;4827.0;0;73;0;;;0
Nordeste;BA;Santana;29;292820.0;29021.0;SANTA MARIA DA VITORIA;2025-09-05;36;26614.0;1318.0;0;54;0;;;0
Nordeste;BA;Santanópolis;29;292830.0;29006.0;FEIRA DE SANTANA;2025-09-05;36;8943.0;1044.0;0;15;0;;;0
Nordeste;BA;Santa Rita de Cássia;29;292840.0;29002.0;BARREIRAS;2025-09-05;36;28338.0;3758.0;0;45;0;;;0
Nordeste;BA;Santa Terezinha;29;292850.0;29022.0;SANTO ANTONIO DE JESUS;2025-09-05;36;10405.0;1516.0;0;18;0;;;0
Nordeste;BA;Santo Amaro;29;292860.0;29020.0;SALVADOR;2025-09-05;36;60069.0;5353.0;0;108;0;;;0
Nordeste;BA;Santo Antônio de Jesus;29;292870.0;29022.0;SANTO ANTONIO DE JESUS;2025-09-05;36;101512.0;22213.0;0;199;0;;;0
Nordeste;BA;Santo Estêvão;29;292880.0;29006.0;FEIRA DE SANTANA;2025-09-05;36;52850.0;6364.0;0;69;0;;;0
Nordeste;BA;São Desidério;29;292890.0;29002.0;BARREIRAS;2025-09-05;36;33742.0;5132.0;0;54;0;;;0
Nordeste;BA;São Domingos;29;292895.0;29025.0;SERRINHA;2025-09-05;36;9058.0;1706.0;0;14;0;;;0
Nordeste;BA;São Félix;29;292900.0;29005.0;CRUZ DAS ALMAS;2025-09-05;36;14740.0;1339.0;0;9;0;;;0
Nordeste;BA;São Félix do Coribe;29;292905.0;29021.0;SANTA MARIA DA VITORIA;2025-09-05;36;15391.0;1813.0;0;35;0;;;0
Nordeste;BA;São Felipe;29;292910.0;29022.0;SANTO ANTONIO DE JESUS;2025-09-05;36;21074.0;4128.0;0;36;0;;;0
Nordeste;BA;São Francisco do Conde;29;292920.0;29020.0;SALVADOR;2025-09-05;36;39802.0;6083.0;0;80;0;;;1
Nordeste;BA;São Gabriel;29;292925.0;29010.0;IRECE;2025-09-05;36;18793.0;2690.0;0;24;0;;;0
Nordeste;BA;São Gonçalo dos Campos;29;292930.0;29006.0;FEIRA DE SANTANA;2025-09-05;36;37550.0;3451.0;0;42;0;;;0
Nordeste;BA;São José da Vitória;29;292935.0;29012.0;ITABUNA;2025-09-05;36;5657.0;934.0;0;15;0;;;0
Nordeste;BA;São José do Jacuípe;29;292937.0;29014.0;JACOBINA;2025-09-05;36;10462.0;881.0;0;3;0;;;0
Nordeste;BA;São Miguel das Matas;29;292940.0;29022.0;SANTO ANTONIO DE JESUS;2025-09-05;36;11675.0;1223.0;0;10;0;;;0
Nordeste;BA;São Sebastião do Passé;29;292950.0;29020.0;SALVADOR;2025-09-05;36;44300.0;5191.0;0;107;0;;;1
Nordeste;BA;Sapeaçu;29;292960.0;29005.0;CRUZ DAS ALMAS;2025-09-05;36;17398.0;3038.0;0;31;0;;;0
Nordeste;BA;Sátiro Dias;29;292970.0;29001.0;ALAGOINHAS;2025-09-05;36;17273.0;1668.0;0;16;0;;;0
Nordeste;BA;Saubara;29;292975.0;29020.0;SALVADOR;2025-09-05;36;12043.0;718.0;0;21;0;;;0
Nordeste;BA;Saúde;29;292980.0;29014.0;JACOBINA;2025-09-05;36;12913.0;728.0;0;6;0;;;0
Nordeste;BA;Seabra;29;292990.0;29023.0;SEABRA;2025-09-05;36;44091.0;8454.0;0;100;0;;;0
Nordeste;BA;Sebastião Laranjeiras;29;293000.0;29007.0;GUANAMBI;2025-09-05;36;11434.0;902.0;0;11;0;;;0
Nordeste;BA;Senhor do Bonfim;29;293010.0;29024.0;SENHOR DO BONFIM;2025-09-05;36;79015.0;8878.0;0;123;0;;;0
Nordeste;BA;Serra do Ramalho;29;293015.0;29021.0;SANTA MARIA DA VITORIA;2025-09-05;36;31472.0;1450.0;0;40;0;;;0
Nordeste;BA;Sento Sé;29;293020.0;29016.0;JUAZEIRO;2025-09-05;36;40684.0;1759.0;0;52;0;;;0
Nordeste;BA;Serra Dourada;29;293030.0;29021.0;SANTA MARIA DA VITORIA;2025-09-05;36;17386.0;1148.0;0;25;0;;;0
Nordeste;BA;Serra Preta;29;293040.0;29006.0;FEIRA DE SANTANA;2025-09-05;36;14878.0;1249.0;0;23;0;;;0
Nordeste;BA;Serrinha;29;293050.0;29025.0;SERRINHA;2025-09-05;36;80861.0;12235.0;0;117;0;;;0
Nordeste;BA;Serrolândia;29;293060.0;29014.0;JACOBINA;2025-09-05;36;13397.0;1319.0;0;16;0;;;0
Nordeste;BA;Simões Filho;29;293070.0;29004.0;CAMACARI;2025-09-05;36;134377.0;12063.0;0;290;0;;;1
Nordeste;BA;Sítio do Mato;29;293075.0;29021.0;SANTA MARIA DA VITORIA;2025-09-05;36;13012.0;332.0;0;15;0;;;0
Nordeste;BA;Sítio do Quinto;29;293076.0;29019.0;RIBEIRA DO POMBAL;2025-09-05;36;9986.0;967.0;0;12;0;;;0
Nordeste;BA;Sobradinho;29;293077.0;29016.0;JUAZEIRO;2025-09-05;36;23191.0;3551.0;0;66;0;;;0
Nordeste;BA;Souto Soares;29;293080.0;29023.0;SEABRA;2025-09-05;36;16979.0;1335.0;0;24;0;;;0
Nordeste;BA;Tabocas do Brejo Velho;29;293090.0;29002.0;BARREIRAS;2025-09-05;36;12518.0;353.0;0;18;0;;;0
Nordeste;BA;Tanhaçu;29;293100.0;29003.0;BRUMADO;2025-09-05;36;20403.0;2408.0;0;34;0;;;0
Nordeste;BA;Tanque Novo;29;293105.0;29007.0;GUANAMBI;2025-09-05;36;17366.0;2167.0;0;19;0;;;0
Nordeste;BA;Tanquinho;29;293110.0;29006.0;FEIRA DE SANTANA;2025-09-05;36;7918.0;994.0;0;17;0;;;0
Nordeste;BA;Taperoá;29;293120.0;29027.0;VALENCA;2025-09-05;36;21074.0;1497.0;0;37;0;;;0
Nordeste;BA;Tapiramutá;29;293130.0;29014.0;JACOBINA;2025-09-05;36;17010.0;796.0;0;11;0;;;0
Nordeste;BA;Teixeira de Freitas;29;293135.0;29026.0;TEIXEIRA DE FREITAS;2025-09-05;36;160487.0;29612.0;0;397;0;;;0
Nordeste;BA;Teodoro Sampaio;29;293140.0;29006.0;FEIRA DE SANTANA;2025-09-05;36;7425.0;601.0;0;11;0;;;0
Nordeste;BA;Teofilândia;29;293150.0;29025.0;SERRINHA;2025-09-05;36;22518.0;1334.0;0;24;0;;;0
Nordeste;BA;Teolândia;29;293160.0;29027.0;VALENCA;2025-09-05;36;14943.0;1399.0;0;12;0;;;0
Nordeste;BA;Terra Nova;29;293170.0;29006.0;FEIRA DE SANTANA;2025-09-05;36;13033.0;1202.0;0;26;0;;;0
Nordeste;BA;Tremedal;29;293180.0;29028.0;VITORIA DA CONQUISTA;2025-09-05;36;16394.0;1586.0;0;25;0;;;0
Nordeste;BA;Tucano;29;293190.0;29025.0;SERRINHA;2025-09-05;36;50687.0;4913.0;0;74;0;;;0
Nordeste;BA;Uauá;29;293200.0;29016.0;JUAZEIRO;2025-09-05;36;24240.0;3803.0;0;70;0;;;0
Nordeste;BA;Ubaíra;29;293210.0;29022.0;SANTO ANTONIO DE JESUS;2025-09-05;36;19895.0;2311.0;0;34;0;;;0
Nordeste;BA;Ubaitaba;29;293220.0;29012.0;ITABUNA;2025-09-05;36;19056.0;1942.0;0;53;0;;;0
Nordeste;BA;Ubatã;29;293230.0;29012.0;ITABUNA;2025-09-05;36;27035.0;2559.0;0;59;0;;;0
Nordeste;BA;Uibaí;29;293240.0;29010.0;IRECE;2025-09-05;36;13887.0;1521.0;0;33;0;;;0
Nordeste;BA;Umburanas;29;293245.0;29014.0;JACOBINA;2025-09-05;36;19222.0;934.0;0;11;0;;;0
Nordeste;BA;Una;29;293250.0;29009.0;ILHEUS;2025-09-05;36;19002.0;2662.0;0;52;0;;;0
Nordeste;BA;Urandi;29;293260.0;29007.0;GUANAMBI;2025-09-05;36;16658.0;1691.0;0;20;0;;;0
Nordeste;BA;Uruçuca;29;293270.0;29009.0;ILHEUS;2025-09-05;36;20519.0;3243.0;0;82;0;;;0
Nordeste;BA;Utinga;29;293280.0;29011.0;ITABERABA;2025-09-05;36;19178.0;2003.0;0;19;0;;;0
Nordeste;BA;Valença;29;293290.0;29027.0;VALENCA;2025-09-05;36;96562.0;12549.0;0;163;0;;;0
Nordeste;BA;Valente;29;293300.0;29025.0;SERRINHA;2025-09-05;36;28473.0;3965.0;0;34;0;;;0
Nordeste;BA;Várzea da Roça;29;293305.0;29014.0;JACOBINA;2025-09-05;36;14104.0;1743.0;0;16;0;;;0
Nordeste;BA;Várzea do Poço;29;293310.0;29014.0;JACOBINA;2025-09-05;36;9170.0;613.0;0;7;0;;;0
Nordeste;BA;Várzea Nova;29;293315.0;29014.0;JACOBINA;2025-09-05;36;12697.0;1228.0;0;14;0;;;0
Nordeste;BA;Varzedo;29;293317.0;29022.0;SANTO ANTONIO DE JESUS;2025-09-05;36;8838.0;969.0;0;9;0;;;0
Nordeste;BA;Vera Cruz;29;293320.0;29020.0;SALVADOR;2025-09-05;36;43223.0;2423.0;0;101;0;;;1
Nordeste;BA;Vereda;29;293325.0;29026.0;TEIXEIRA DE FREITAS;2025-09-05;36;6205.0;1119.0;0;23;0;;;0
Nordeste;BA;Vitória da Conquista;29;293330.0;29028.0;VITORIA DA CONQUISTA;2025-09-05;36;338480.0;52955.0;0;776;0;;;0
Nordeste;BA;Wagner;29;293340.0;29011.0;ITABERABA;2025-09-05;36;9345.0;1456.0;0;10;0;;;0
Nordeste;BA;Wanderley;29;293345.0;29002.0;BARREIRAS;2025-09-05;36;12238.0;1173.0;0;30;0;;;0
Nordeste;BA;Wenceslau Guimarães;29;293350.0;29027.0;VALENCA;2025-09-05;36;21101.0;2431.0;0;37;0;;;0
Nordeste;BA;Xique-Xique;29;293360.0;29010.0;IRECE;2025-09-05;36;46483.0;3432.0;0;102;0;;;0
Sudeste;MG;;31;310000.0;;;2025-09-05;36;;0.0;0;0;0;;;
Sudeste;MG;Abadia dos Dourados;31;310010.0;31074.0;PATROCINIO / MONTE CARMELO;2025-09-05;36;6989.0;2021.0;0;21;0;;;0
Sudeste;MG;Abaeté;31;310020.0;31024.0;SETE LAGOAS;2025-09-05;36;23237.0;4381.0;0;53;0;;;0
Sudeste;MG;Abre Campo;31;310030.0;31059.0;MANHUACU;2025-09-05;36;13454.0;2146.0;0;19;0;;;0
Sudeste;MG;Acaiaca;31;310040.0;31060.0;PONTE NOVA;2025-09-05;36;3994.0;307.0;0;12;0;;;0
Sudeste;MG;Açucena;31;310050.0;31037.0;IPATINGA;2025-09-05;36;9470.0;1016.0;0;39;0;;;0
Sudeste;MG;Água Boa;31;310060.0;31081.0;SANTA MARIA DO SUACUI;2025-09-05;36;13735.0;1230.0;0;18;0;;;0
Sudeste;MG;Água Comprida;31;310070.0;31072.0;UBERABA;2025-09-05;36;1999.0;628.0;0;9;0;;;0
Sudeste;MG;Aguanil;31;310080.0;31089.0;CAMPO BELO;2025-09-05;36;4486.0;1582.0;0;9;0;;;0
Sudeste;MG;Águas Formosas;31;310090.0;31062.0;AGUAS FORMOSAS;2025-09-05;36;19207.0;1829.0;0;39;0;;;0
Sudeste;MG;Águas Vermelhas;31;310100.0;31068.0;PEDRA AZUL;2025-09-05;36;13539.0;591.0;0;14;0;;;0
Sudeste;MG;Aimorés;31;310110.0;31040.0;RESPLENDOR;2025-09-05;36;25167.0;4231.0;0;102;0;;;0
Sudeste;MG;Aiuruoca;31;310120.0;31008.0;SAO LOURENCO;2025-09-05;36;6003.0;1350.0;0;16;0;;;0
Sudeste;MG;Alagoa;31;310130.0;31008.0;SAO LOURENCO;2025-09-05;36;2674.0;748.0;0;9;0;;;0
Sudeste;MG;Albertina;31;310140.0;31006.0;POCOS DE CALDAS;2025-09-05;36;3007.0;1032.0;0;14;0;;;0
Sudeste;MG;Além Paraíba;31;310150.0;31041.0;ALEM  PARAIBA;2025-09-05;36;35362.0;9273.0;0;179;0;;;0
Sudeste;MG;Alfenas;31;310160.0;31001.0;ALFENAS / MACHADO;2025-09-05;36;79996.0;26277.0;0;266;0;;;0
Sudeste;MG;Alfredo Vasconcelos;31;310163.0;31013.0;BARBACENA;2025-09-05;36;6907.0;1815.0;0;19;0;;;0
Sudeste;MG;Almenara;31;310170.0;31094.0;ALMENARA/JACINTO;2025-09-05;36;41896.0;7704.0;0;71;0;;;0
Sudeste;MG;Alpercata;31;310180.0;31036.0;GOVERNADOR VALADARES;2025-09-05;36;7424.0;615.0;0;28;0;;;0
Sudeste;MG;Alpinópolis;31;310190.0;31092.0;PASSOS;2025-09-05;36;19853.0;5067.0;0;54;0;;;0
Sudeste;MG;Alterosa;31;310200.0;31001.0;ALFENAS / MACHADO;2025-09-05;36;14466.0;2353.0;0;50;0;;;0
Sudeste;MG;Alto Caparaó;31;310205.0;31059.0;MANHUACU;2025-09-05;36;5847.0;738.0;0;10;0;;;0
Sudeste;MG;Alto Rio Doce;31;310210.0;31013.0;BARBACENA;2025-09-05;36;11000.0;1332.0;0;34;0;;;0
Sudeste;MG;Alvarenga;31;310220.0;31040.0;RESPLENDOR;2025-09-05;36;3907.0;810.0;0;8;0;;;0
Sudeste;MG;Alvinópolis;31;310230.0;31060.0;PONTE NOVA;2025-09-05;36;15203.0;2795.0;0;27;0;;;0
Sudeste;MG;Alvorada de Minas;31;310240.0;31095.0;SERRO;2025-09-05;36;3606.0;611.0;0;4;0;;;0
Sudeste;MG;Amparo do Serra;31;310250.0;31060.0;PONTE NOVA;2025-09-05;36;4713.0;461.0;0;13;0;;;0
Sudeste;MG;Andradas;31;310260.0;31006.0;POCOS DE CALDAS;2025-09-05;36;41077.0;9743.0;0;151;0;;;0
Sudeste;MG;Cachoeira de Pajeú;31;310270.0;31068.0;PEDRA AZUL;2025-09-05;36;9412.0;700.0;0;11;0;;;0
Sudeste;MG;Andrelândia;31;310280.0;31090.0;LIMA DUARTE;2025-09-05;36;12224.0;316.0;0;25;0;;;0
Sudeste;MG;Angelândia;31;310285.0;31099.0;TEOFILO OTONI / MALACACHETA;2025-09-05;36;8520.0;650.0;0;4;0;;;0
Sudeste;MG;Antônio Carlos;31;310290.0;31013.0;BARBACENA;2025-09-05;36;11445.0;2523.0;0;25;0;;;0
Sudeste;MG;Antônio Dias;31;310300.0;31035.0;CORONEL FABRICIANO/TIMOTEO;2025-09-05;36;9318.0;989.0;0;30;0;;;0
Sudeste;MG;Antônio Prado de Minas;31;310310.0;31045.0;MURIAE;2025-09-05;36;1598.0;496.0;0;6;0;;;0
Sudeste;MG;Araçaí;31;310320.0;31024.0;SETE LAGOAS;2025-09-05;36;2347.0;430.0;0;2;0;;;0
Sudeste;MG;Aracitaba;31;310330.0;31046.0;SANTOS DUMONT;2025-09-05;36;2063.0;128.0;0;12;0;;;0
Sudeste;MG;Araçuaí;31;310340.0;31064.0;ARACUAI;2025-09-05;36;36708.0;4573.0;0;63;0;;;0
Sudeste;MG;Araguari;31;310350.0;31075.0;UBERLANDIA / ARAGUARI;2025-09-05;36;117267.0;36957.0;0;555;0;;;0
Sudeste;MG;Arantina;31;310360.0;31090.0;LIMA DUARTE;2025-09-05;36;2795.0;703.0;0;7;0;;;0
Sudeste;MG;Araponga;31;310370.0;31061.0;VICOSA;2025-09-05;36;8439.0;990.0;0;16;0;;;0
Sudeste;MG;Araporã;31;310375.0;31075.0;UBERLANDIA / ARAGUARI;2025-09-05;36;6869.0;3011.0;0;46;0;;;0
Sudeste;MG;Arapuá;31;310380.0;31082.0;SAO GOTARDO;2025-09-05;36;2834.0;467.0;0;3;0;;;0
Sudeste;MG;Araújos;31;310390.0;31086.0;DIVINOPOLIS;2025-09-05;36;9273.0;1101.0;0;15;0;;;0
Sudeste;MG;Araxá;31;310400.0;31070.0;ARAXA;2025-09-05;36;106229.0;43642.0;0;334;0;;;0
Sudeste;MG;Arceburgo;31;310410.0;31002.0;GUAXUPE;2025-09-05;36;10772.0;2850.0;0;37;0;;;0
Sudeste;MG;Arcos;31;310420.0;31087.0;LAGOA DA PRATA/STO ANT DO MONTE;2025-09-05;36;40092.0;12823.0;0;182;0;;;0
Sudeste;MG;Areado;31;310430.0;31001.0;ALFENAS / MACHADO;2025-09-05;36;15070.0;4151.0;0;39;0;;;0
Sudeste;MG;Argirita;31;310440.0;31044.0;LEOPOLDINA / CATAGUASES;2025-09-05;36;2727.0;833.0;0;16;0;;;0
Sudeste;MG;Aricanduva;31;310445.0;31027.0;TURMALINA/MINAS NOVAS/CAPELINHA;2025-09-05;36;5231.0;480.0;0;0;0;;;0
Sudeste;MG;Arinos;31;310450.0;31058.0;UNAI;2025-09-05;36;17875.0;3820.0;0;34;0;;;0
Sudeste;MG;Astolfo Dutra;31;310460.0;31044.0;LEOPOLDINA / CATAGUASES;2025-09-05;36;14179.0;2567.0;0;38;0;;;0
Sudeste;MG;Ataléia;31;310470.0;31099.0;TEOFILO OTONI / MALACACHETA;2025-09-05;36;12868.0;1542.0;0;14;0;;;0
Sudeste;MG;Augusto de Lima;31;310480.0;31019.0;CURVELO;2025-09-05;36;4869.0;348.0;0;12;0;;;0
Sudeste;MG;Baependi;31;310490.0;31008.0;SAO LOURENCO;2025-09-05;36;19148.0;4066.0;0;39;0;;;0
Sudeste;MG;Baldim;31;310500.0;31024.0;SETE LAGOAS;2025-09-05;36;7826.0;988.0;0;28;0;;;1
Sudeste;MG;Bambuí;31;310510.0;31030.0;FORMIGA;2025-09-05;36;23829.0;6529.0;0;69;0;;;0
Sudeste;MG;Bandeira;31;310520.0;31094.0;ALMENARA/JACINTO;2025-09-05;36;4795.0;763.0;0;12;0;;;0
Sudeste;MG;Bandeira do Sul;31;310530.0;31001.0;ALFENAS / MACHADO;2025-09-05;36;5746.0;1564.0;0;20;0;;;0
Sudeste;MG;Barão de Cocais;31;310540.0;31021.0;ITABIRA;2025-09-05;36;32485.0;8468.0;0;86;0;;;0
Sudeste;MG;Barão de Monte Alto;31;310550.0;31045.0;MURIAE;2025-09-05;36;5397.0;472.0;0;16;0;;;0
Sudeste;MG;Barbacena;31;310560.0;31013.0;BARBACENA;2025-09-05;36;137313.0;21654.0;0;387;0;;;0
Sudeste;MG;Barra Longa;31;310570.0;31060.0;PONTE NOVA;2025-09-05;36;5131.0;719.0;0;14;0;;;0
Sudeste;MG;Barroso;31;310590.0;31015.0;SAO JOAO DEL REI;2025-09-05;36;20810.0;6297.0;0;79;0;;;0
Sudeste;MG;Bela Vista de Minas;31;310600.0;31023.0;JOAO MONLEVADE;2025-09-05;36;10255.0;1394.0;0;29;0;;;0
Sudeste;MG;Belmiro Braga;31;310610.0;31097.0;JUIZ DE FORA;2025-09-05;36;3429.0;1110.0;0;7;0;;;0
Sudeste;MG;Belo Horizonte;31;310620.0;31016.0;BELO HORIZONTE/ NOVA LIMA/ CAETE ;2025-09-05;36;2512070.0;502303.0;0;8733;0;;;1
Sudeste;MG;Belo Oriente;31;310630.0;31037.0;IPATINGA;2025-09-05;36;26700.0;3757.0;0;86;0;;;0
Sudeste;MG;Belo Vale;31;310640.0;31016.0;BELO HORIZONTE/ NOVA LIMA/ CAETE ;2025-09-05;36;7715.0;1836.0;0;23;0;;;0
Sudeste;MG;Berilo;31;310650.0;31064.0;ARACUAI;2025-09-05;36;11932.0;650.0;0;3;0;;;0
Sudeste;MG;Bertópolis;31;310660.0;31062.0;AGUAS FORMOSAS;2025-09-05;36;4604.0;963.0;0;7;0;;;0
Sudeste;MG;Berizal;31;310665.0;31085.0;TAIOBEIRAS;2025-09-05;36;4735.0;445.0;0;3;0;;;0
Sudeste;MG;Betim;31;310670.0;31017.0;BETIM;2025-09-05;36;439340.0;56846.0;0;1495;0;;;1
Sudeste;MG;Bias Fortes;31;310680.0;31090.0;LIMA DUARTE;2025-09-05;36;3379.0;667.0;0;4;0;;;0
Sudeste;MG;Bicas;31;310690.0;31047.0;SAO JOAO NEPOMUCENO / BICAS;2025-09-05;36;14494.0;4399.0;0;57;0;;;0
Sudeste;MG;Biquinhas;31;310700.0;31024.0;SETE LAGOAS;2025-09-05;36;2515.0;431.0;0;4;0;;;0
Sudeste;MG;Boa Esperança;31;310710.0;31011.0;TRES PONTAS;2025-09-05;36;40127.0;10436.0;0;173;0;;;0
Sudeste;MG;Bocaina de Minas;31;310720.0;31090.0;LIMA DUARTE;2025-09-05;36;5090.0;981.0;0;7;0;;;0
Sudeste;MG;Bocaiúva;31;310730.0;31083.0;BOCAIUVA;2025-09-05;36;49979.0;5188.0;0;86;0;;;0
Sudeste;MG;Bom Despacho;31;310740.0;31028.0;BOM DESPACHO;2025-09-05;36;50605.0;14080.0;0;144;0;;;0
Sudeste;MG;Bom Jardim de Minas;31;310750.0;31090.0;LIMA DUARTE;2025-09-05;36;6474.0;1613.0;0;9;0;;;0
Sudeste;MG;Bom Jesus da Penha;31;310760.0;31092.0;PASSOS;2025-09-05;36;4217.0;1422.0;0;21;0;;;0
Sudeste;MG;Bom Jesus do Amparo;31;310770.0;31021.0;ITABIRA;2025-09-05;36;6083.0;657.0;0;10;0;;;0
Sudeste;MG;Bom Jesus do Galho;31;310780.0;31034.0;CARATINGA;2025-09-05;36;14935.0;1092.0;0;42;0;;;0
Sudeste;MG;Bom Repouso;31;310790.0;31007.0;POUSO ALEGRE;2025-09-05;36;10547.0;2917.0;0;35;0;;;0
Sudeste;MG;Bom Sucesso;31;310800.0;31015.0;SAO JOAO DEL REI;2025-09-05;36;17603.0;2722.0;0;41;0;;;0
Sudeste;MG;Bonfim;31;310810.0;31017.0;BETIM;2025-09-05;36;6868.0;1125.0;0;21;0;;;0
Sudeste;MG;Bonfinópolis de Minas;31;310820.0;31058.0;UNAI;2025-09-05;36;5493.0;1345.0;0;16;0;;;0
Sudeste;MG;Bonito de Minas;31;310825.0;31053.0;JANUARIA;2025-09-05;36;11230.0;382.0;0;8;0;;;0
Sudeste;MG;Borda da Mata;31;310830.0;31007.0;POUSO ALEGRE;2025-09-05;36;19412.0;6647.0;0;67;0;;;0
Sudeste;MG;Botelhos;31;310840.0;31001.0;ALFENAS / MACHADO;2025-09-05;36;14971.0;4367.0;0;40;0;;;0
Sudeste;MG;Botumirim;31;310850.0;31051.0;FRANCISCO SA;2025-09-05;36;6319.0;1027.0;0;5;0;;;0
Sudeste;MG;Brasilândia de Minas;31;310855.0;31077.0;JOAO PINHEIRO;2025-09-05;36;16538.0;3763.0;0;33;0;;;0
Sudeste;MG;Brasília de Minas;31;310860.0;31049.0;BRASILIA DE MINAS/SAO FRANCISCO;2025-09-05;36;32347.0;2265.0;0;21;0;;;0
Sudeste;MG;Brás Pires;31;310870.0;31048.0;UBA;2025-09-05;36;4333.0;742.0;0;13;0;;;0
Sudeste;MG;Braúnas;31;310880.0;31037.0;IPATINGA;2025-09-05;36;4801.0;522.0;0;12;0;;;0
Sudeste;MG;Brazópolis;31;310890.0;31003.0;ITAJUBA;2025-09-05;36;14459.0;2230.0;0;41;0;;;0
Sudeste;MG;Brumadinho;31;310900.0;31017.0;BETIM;2025-09-05;36;40103.0;9107.0;0;120;0;;;1
Sudeste;MG;Bueno Brandão;31;310910.0;31007.0;POUSO ALEGRE;2025-09-05;36;11001.0;3132.0;0;49;0;;;0
Sudeste;MG;Buenópolis;31;310920.0;31019.0;CURVELO;2025-09-05;36;10365.0;1125.0;0;23;0;;;0
Sudeste;MG;Bugre;31;310925.0;31037.0;IPATINGA;2025-09-05;36;3982.0;401.0;0;14;0;;;0
Sudeste;MG;Buritis;31;310930.0;31058.0;UNAI;2025-09-05;36;24841.0;7251.0;0;65;0;;;0
Sudeste;MG;Buritizeiro;31;310940.0;31055.0;PIRAPORA;2025-09-05;36;28056.0;4441.0;0;44;0;;;0
Sudeste;MG;Cabeceira Grande;31;310945.0;31058.0;UNAI;2025-09-05;36;6949.0;1888.0;0;11;0;;;0
Sudeste;MG;Cabo Verde;31;310950.0;31002.0;GUAXUPE;2025-09-05;36;14075.0;2849.0;0;24;0;;;0
Sudeste;MG;Cachoeira da Prata;31;310960.0;31024.0;SETE LAGOAS;2025-09-05;36;3603.0;320.0;0;17;0;;;0
Sudeste;MG;Cachoeira de Minas;31;310970.0;31007.0;POUSO ALEGRE;2025-09-05;36;11547.0;2732.0;0;21;0;;;0
Sudeste;MG;Cachoeira Dourada;31;310980.0;31073.0;ITUIUTABA;2025-09-05;36;2692.0;643.0;0;3;0;;;0
Sudeste;MG;Caetanópolis;31;310990.0;31024.0;SETE LAGOAS;2025-09-05;36;11624.0;1976.0;0;26;0;;;0
Sudeste;MG;Caeté;31;311000.0;31016.0;BELO HORIZONTE/ NOVA LIMA/ CAETE ;2025-09-05;36;44718.0;3704.0;0;91;0;;;1
Sudeste;MG;Caiana;31;311010.0;31042.0;CARANGOLA;2025-09-05;36;5496.0;329.0;0;7;0;;;0
Sudeste;MG;Cajuri;31;311020.0;31061.0;VICOSA;2025-09-05;36;3987.0;817.0;0;12;0;;;0
Sudeste;MG;Caldas;31;311030.0;31006.0;POCOS DE CALDAS;2025-09-05;36;14480.0;2822.0;0;44;0;;;0
Sudeste;MG;Camacho;31;311040.0;31089.0;CAMPO BELO;2025-09-05;36;2901.0;422.0;0;2;0;;;0
Sudeste;MG;Camanducaia;31;311050.0;31007.0;POUSO ALEGRE;2025-09-05;36;21770.0;5998.0;0;93;0;;;0
Sudeste;MG;Cambuí;31;311060.0;31007.0;POUSO ALEGRE;2025-09-05;36;29551.0;9667.0;0;69;0;;;0
Sudeste;MG;Cambuquira;31;311070.0;31010.0;TRES CORACOES;2025-09-05;36;12814.0;2427.0;0;43;0;;;0
Sudeste;MG;Campanário;31;311080.0;31096.0;ITAMBACURI;2025-09-05;36;3721.0;410.0;0;6;0;;;0
Sudeste;MG;Campanha;31;311090.0;31010.0;TRES CORACOES;2025-09-05;36;16665.0;4444.0;0;74;0;;;0
Sudeste;MG;Campestre;31;311100.0;31001.0;ALFENAS / MACHADO;2025-09-05;36;21055.0;6463.0;0;54;0;;;0
Sudeste;MG;Campina Verde;31;311110.0;31073.0;ITUIUTABA;2025-09-05;36;19745.0;4382.0;0;55;0;;;0
Sudeste;MG;Campo Azul;31;311115.0;31049.0;BRASILIA DE MINAS/SAO FRANCISCO;2025-09-05;36;3817.0;661.0;0;4;0;;;0
Sudeste;MG;Campo Belo;31;311120.0;31089.0;CAMPO BELO;2025-09-05;36;54029.0;18966.0;0;257;0;;;0
Sudeste;MG;Campo do Meio;31;311130.0;31001.0;ALFENAS / MACHADO;2025-09-05;36;11655.0;2791.0;0;22;0;;;0
Sudeste;MG;Campo Florido;31;311140.0;31072.0;UBERABA;2025-09-05;36;8151.0;1975.0;0;20;0;;;0
Sudeste;MG;Campos Altos;31;311150.0;31070.0;ARAXA;2025-09-05;36;15461.0;3156.0;0;33;0;;;0
Sudeste;MG;Campos Gerais;31;311160.0;31001.0;ALFENAS / MACHADO;2025-09-05;36;28774.0;6709.0;0;56;0;;;0
Sudeste;MG;Canaã;31;311170.0;31061.0;VICOSA;2025-09-05;36;4563.0;945.0;0;5;0;;;0
Sudeste;MG;Canápolis;31;311180.0;31073.0;ITUIUTABA;2025-09-05;36;12150.0;3098.0;0;35;0;;;0
Sudeste;MG;Cana Verde;31;311190.0;31089.0;CAMPO BELO;2025-09-05;36;5603.0;760.0;0;12;0;;;0
Sudeste;MG;Candeias;31;311200.0;31089.0;CAMPO BELO;2025-09-05;36;14886.0;2583.0;0;40;0;;;0
Sudeste;MG;Cantagalo;31;311205.0;31080.0;PECANHA/SAO JOAO EVANGELISTA;2025-09-05;36;4525.0;626.0;0;8;0;;;0
Sudeste;MG;Caparaó;31;311210.0;31042.0;CARANGOLA;2025-09-05;36;5438.0;630.0;0;7;0;;;0
Sudeste;MG;Capela Nova;31;311220.0;31013.0;BARBACENA;2025-09-05;36;4653.0;548.0;0;7;0;;;0
Sudeste;MG;Capelinha;31;311230.0;31027.0;TURMALINA/MINAS NOVAS/CAPELINHA;2025-09-05;36;37784.0;6926.0;0;37;0;;;0
Sudeste;MG;Capetinga;31;311240.0;31091.0;CASSIA;2025-09-05;36;6920.0;1948.0;0;39;0;;;0
Sudeste;MG;Capim Branco;31;311250.0;31024.0;SETE LAGOAS;2025-09-05;36;9754.0;1748.0;0;23;0;;;1
Sudeste;MG;Capinópolis;31;311260.0;31073.0;ITUIUTABA;2025-09-05;36;16173.0;5237.0;0;69;0;;;0
Sudeste;MG;Capitão Andrade;31;311265.0;31036.0;GOVERNADOR VALADARES;2025-09-05;36;5468.0;1173.0;0;29;0;;;0
Sudeste;MG;Capitão Enéas;31;311270.0;31051.0;FRANCISCO SA;2025-09-05;36;15234.0;2597.0;0;30;0;;;0
Sudeste;MG;Capitólio;31;311280.0;31093.0;PIUMHI;2025-09-05;36;8632.0;3780.0;0;45;0;;;0
Sudeste;MG;Caputira;31;311290.0;31059.0;MANHUACU;2025-09-05;36;9298.0;1684.0;0;23;0;;;0
Sudeste;MG;Caraí;31;311300.0;31067.0;PADRE PARAISO;2025-09-05;36;23685.0;1892.0;0;23;0;;;0
Sudeste;MG;Caranaíba;31;311310.0;31079.0;CONSELHEIRO LAFAIETE;2025-09-05;36;3183.0;362.0;0;5;0;;;0
Sudeste;MG;Carandaí;31;311320.0;31013.0;BARBACENA;2025-09-05;36;25501.0;4348.0;0;62;0;;;0
Sudeste;MG;Carangola;31;311330.0;31042.0;CARANGOLA;2025-09-05;36;33000.0;6775.0;0;140;0;;;0
Sudeste;MG;Caratinga;31;311340.0;31034.0;CARATINGA;2025-09-05;36;92062.0;14279.0;0;334;0;;;0
Sudeste;MG;Carbonita;31;311350.0;31026.0;DIAMANTINA;2025-09-05;36;9405.0;1566.0;0;9;0;;;0
Sudeste;MG;Careaçu;31;311360.0;31007.0;POUSO ALEGRE;2025-09-05;36;6757.0;1389.0;0;18;0;;;0
Sudeste;MG;Carlos Chagas;31;311370.0;31066.0;NANUQUE;2025-09-05;36;18837.0;3961.0;0;40;0;;;0
Sudeste;MG;Carmésia;31;311380.0;31020.0;GUANHAES;2025-09-05;36;2632.0;352.0;0;1;0;;;0
Sudeste;MG;Carmo da Cachoeira;31;311390.0;31010.0;TRES CORACOES;2025-09-05;36;12170.0;2153.0;0;25;0;;;0
Sudeste;MG;Carmo da Mata;31;311400.0;31088.0;OLIVEIRA/SANTO ANTONIO DO AMPARO;2025-09-05;36;11476.0;1496.0;0;14;0;;;0
Sudeste;MG;Carmo de Minas;31;311410.0;31008.0;SAO LOURENCO;2025-09-05;36;14859.0;1997.0;0;31;0;;;0
Sudeste;MG;Carmo do Cajuru;31;311420.0;31086.0;DIVINOPOLIS;2025-09-05;36;22478.0;1685.0;0;66;0;;;0
Sudeste;MG;Carmo do Paranaíba;31;311430.0;31082.0;SAO GOTARDO;2025-09-05;36;30329.0;5828.0;0;150;0;;;0
Sudeste;MG;Carmo do Rio Claro;31;311440.0;31092.0;PASSOS;2025-09-05;36;21225.0;7073.0;0;80;0;;;0
Sudeste;MG;Carmópolis de Minas;31;311450.0;31088.0;OLIVEIRA/SANTO ANTONIO DO AMPARO;2025-09-05;36;19355.0;6128.0;0;69;0;;;0
Sudeste;MG;Carneirinho;31;311455.0;31071.0;FRUTAL / ITURAMA;2025-09-05;36;10027.0;4217.0;0;59;0;;;0
Sudeste;MG;Carrancas;31;311460.0;31004.0;LAVRAS;2025-09-05;36;4047.0;1285.0;0;10;0;;;0
Sudeste;MG;Carvalhópolis;31;311470.0;31001.0;ALFENAS / MACHADO;2025-09-05;36;3579.0;1097.0;0;10;0;;;0
Sudeste;MG;Carvalhos;31;311480.0;31008.0;SAO LOURENCO;2025-09-05;36;4478.0;683.0;0;5;0;;;0
Sudeste;MG;Casa Grande;31;311490.0;31079.0;CONSELHEIRO LAFAIETE;2025-09-05;36;2257.0;345.0;0;4;0;;;0
Sudeste;MG;Cascalho Rico;31;311500.0;31075.0;UBERLANDIA / ARAGUARI;2025-09-05;36;3075.0;808.0;0;4;0;;;0
Sudeste;MG;Cássia;31;311510.0;31091.0;CASSIA;2025-09-05;36;17740.0;3691.0;0;74;0;;;0
Sudeste;MG;Conceição da Barra de Minas;31;311520.0;31015.0;SAO JOAO DEL REI;2025-09-05;36;3954.0;753.0;0;8;0;;;0
Sudeste;MG;Cataguases;31;311530.0;31044.0;LEOPOLDINA / CATAGUASES;2025-09-05;36;75123.0;18252.0;0;303;0;;;0
Sudeste;MG;Catas Altas;31;311535.0;31021.0;ITABIRA;2025-09-05;36;5376.0;915.0;0;13;0;;;0
Sudeste;MG;Catas Altas da Noruega;31;311540.0;31079.0;CONSELHEIRO LAFAIETE;2025-09-05;36;3641.0;449.0;0;5;0;;;0
Sudeste;MG;Catuji;31;311545.0;31067.0;PADRE PARAISO;2025-09-05;36;6311.0;863.0;0;10;0;;;0
Sudeste;MG;Catuti;31;311547.0;31052.0;JANAUBA/MONTE AZUL;2025-09-05;36;4986.0;574.0;0;5;0;;;0
Sudeste;MG;Caxambu;31;311550.0;31008.0;SAO LOURENCO;2025-09-05;36;21656.0;4619.0;0;72;0;;;0
Sudeste;MG;Cedro do Abaeté;31;311560.0;31024.0;SETE LAGOAS;2025-09-05;36;1164.0;232.0;0;1;0;;;0
Sudeste;MG;Central de Minas;31;311570.0;31038.0;MANTENA;2025-09-05;36;7032.0;790.0;0;40;0;;;0
Sudeste;MG;Centralina;31;311580.0;31073.0;ITUIUTABA;2025-09-05;36;10350.0;2203.0;0;53;0;;;0
Sudeste;MG;Chácara;31;311590.0;31097.0;JUIZ DE FORA;2025-09-05;36;3154.0;330.0;0;13;0;;;0
Sudeste;MG;Chalé;31;311600.0;31059.0;MANHUACU;2025-09-05;36;5704.0;1639.0;0;14;0;;;0
Sudeste;MG;Chapada do Norte;31;311610.0;31027.0;TURMALINA/MINAS NOVAS/CAPELINHA;2025-09-05;36;15356.0;897.0;0;3;0;;;0
Sudeste;MG;Chapada Gaúcha;31;311615.0;31058.0;UNAI;2025-09-05;36;13680.0;2418.0;0;23;0;;;0
Sudeste;MG;Chiador;31;311620.0;31097.0;JUIZ DE FORA;2025-09-05;36;2687.0;638.0;0;9;0;;;0
Sudeste;MG;Cipotânea;31;311630.0;31013.0;BARBACENA;2025-09-05;36;6787.0;1044.0;0;26;0;;;0
Sudeste;MG;Claraval;31;311640.0;31091.0;CASSIA;2025-09-05;36;4843.0;1172.0;0;4;0;;;0
Sudeste;MG;Claro dos Poções;31;311650.0;31084.0;MONTES CLAROS;2025-09-05;36;7551.0;1483.0;0;12;0;;;0
Sudeste;MG;Cláudio;31;311660.0;31086.0;DIVINOPOLIS;2025-09-05;36;28617.0;4575.0;0;74;0;;;0
Sudeste;MG;Coimbra;31;311670.0;31048.0;UBA;2025-09-05;36;7556.0;1049.0;0;14;0;;;0
Sudeste;MG;Coluna;31;311680.0;31026.0;DIAMANTINA;2025-09-05;36;8873.0;1037.0;0;12;0;;;0
Sudeste;MG;Comendador Gomes;31;311690.0;31071.0;FRUTAL / ITURAMA;2025-09-05;36;3111.0;659.0;0;5;0;;;0
Sudeste;MG;Comercinho;31;311700.0;31065.0;ITAOBIM;2025-09-05;36;6929.0;604.0;0;6;0;;;0
Sudeste;MG;Conceição da Aparecida;31;311710.0;31001.0;ALFENAS / MACHADO;2025-09-05;36;10292.0;1732.0;0;15;0;;;0
Sudeste;MG;Conceição das Pedras;31;311720.0;31003.0;ITAJUBA;2025-09-05;36;2812.0;451.0;0;5;0;;;0
Sudeste;MG;Conceição das Alagoas;31;311730.0;31072.0;UBERABA;2025-09-05;36;27893.0;6676.0;0;158;0;;;0
Sudeste;MG;Conceição de Ipanema;31;311740.0;31059.0;MANHUACU;2025-09-05;36;4574.0;773.0;0;5;0;;;0
Sudeste;MG;Conceição do Mato Dentro;31;311750.0;31095.0;SERRO;2025-09-05;36;17842.0;5002.0;0;39;0;;;0
Sudeste;MG;Conceição do Pará;31;311760.0;31032.0;PARA DE MINAS;2025-09-05;36;5507.0;822.0;0;12;0;;;0
Sudeste;MG;Conceição do Rio Verde;31;311770.0;31008.0;SAO LOURENCO;2025-09-05;36;13638.0;2627.0;0;33;0;;;0
Sudeste;MG;Conceição dos Ouros;31;311780.0;31007.0;POUSO ALEGRE;2025-09-05;36;11638.0;1928.0;0;40;0;;;0
Sudeste;MG;Cônego Marinho;31;311783.0;31053.0;JANUARIA;2025-09-05;36;7642.0;391.0;0;4;0;;;0
Sudeste;MG;Confins;31;311787.0;31025.0;VESPASIANO;2025-09-05;36;6730.0;755.0;0;20;0;;;1
Sudeste;MG;Congonhal;31;311790.0;31007.0;POUSO ALEGRE;2025-09-05;36;11950.0;2991.0;0;34;0;;;0
Sudeste;MG;Congonhas;31;311800.0;31078.0;CONGONHAS;2025-09-05;36;54762.0;13307.0;0;126;0;;;0
Sudeste;MG;Congonhas do Norte;31;311810.0;31026.0;DIAMANTINA;2025-09-05;36;5045.0;398.0;0;6;0;;;0
Sudeste;MG;Conquista;31;311820.0;31072.0;UBERABA;2025-09-05;36;6939.0;2557.0;0;21;0;;;0
Sudeste;MG;Conselheiro Lafaiete;31;311830.0;31079.0;CONSELHEIRO LAFAIETE;2025-09-05;36;128589.0;27462.0;0;349;0;;;0
Sudeste;MG;Conselheiro Pena;31;311840.0;31040.0;RESPLENDOR;2025-09-05;36;22921.0;3866.0;0;81;0;;;0
Sudeste;MG;Consolação;31;311850.0;31003.0;ITAJUBA;2025-09-05;36;1783.0;549.0;0;5;0;;;0
Sudeste;MG;Contagem;31;311860.0;31018.0;CONTAGEM;2025-09-05;36;663855.0;84027.0;0;2264;0;;;1
Sudeste;MG;Coqueiral;31;311870.0;31011.0;TRES PONTAS;2025-09-05;36;9159.0;1785.0;0;33;0;;;0
Sudeste;MG;Coração de Jesus;31;311880.0;31050.0;CORACAO DE JESUS;2025-09-05;36;26602.0;2431.0;0;27;0;;;0
Sudeste;MG;Cordisburgo;31;311890.0;31024.0;SETE LAGOAS;2025-09-05;36;8890.0;445.0;0;22;0;;;0
Sudeste;MG;Cordislândia;31;311900.0;31012.0;VARGINHA;2025-09-05;36;3538.0;636.0;0;4;0;;;0
Sudeste;MG;Corinto;31;311910.0;31019.0;CURVELO;2025-09-05;36;23731.0;3429.0;0;70;0;;;0
Sudeste;MG;Coroaci;31;311920.0;31036.0;GOVERNADOR VALADARES;2025-09-05;36;9991.0;1123.0;0;24;0;;;0
Sudeste;MG;Coromandel;31;311930.0;31074.0;PATROCINIO / MONTE CARMELO;2025-09-05;36;27974.0;6911.0;0;102;0;;;0
Sudeste;MG;Coronel Fabriciano;31;311940.0;31035.0;CORONEL FABRICIANO/TIMOTEO;2025-09-05;36;109855.0;22230.0;0;393;0;;;0
Sudeste;MG;Coronel Murta;31;311950.0;31064.0;ARACUAI;2025-09-05;36;9222.0;928.0;0;10;0;;;0
Sudeste;MG;Coronel Pacheco;31;311960.0;31097.0;JUIZ DE FORA;2025-09-05;36;3086.0;279.0;0;10;0;;;0
Sudeste;MG;Coronel Xavier Chaves;31;311970.0;31015.0;SAO JOAO DEL REI;2025-09-05;36;3434.0;1236.0;0;4;0;;;0
Sudeste;MG;Córrego Danta;31;311980.0;31030.0;FORMIGA;2025-09-05;36;3215.0;503.0;0;11;0;;;0
Sudeste;MG;Córrego do Bom Jesus;31;311990.0;31007.0;POUSO ALEGRE;2025-09-05;36;3704.0;1361.0;0;8;0;;;0
Sudeste;MG;Córrego Fundo;31;311995.0;31030.0;FORMIGA;2025-09-05;36;6337.0;2019.0;0;14;0;;;0
Sudeste;MG;Córrego Novo;31;312000.0;31035.0;CORONEL FABRICIANO/TIMOTEO;2025-09-05;36;2771.0;454.0;0;14;0;;;0
Sudeste;MG;Couto de Magalhães de Minas;31;312010.0;31026.0;DIAMANTINA;2025-09-05;36;4410.0;326.0;0;7;0;;;0
Sudeste;MG;Crisólita;31;312015.0;31062.0;AGUAS FORMOSAS;2025-09-05;36;6704.0;437.0;0;3;0;;;0
Sudeste;MG;Cristais;31;312020.0;31089.0;CAMPO BELO;2025-09-05;36;12798.0;3164.0;0;34;0;;;0
Sudeste;MG;Cristália;31;312030.0;31051.0;FRANCISCO SA;2025-09-05;36;5971.0;606.0;0;3;0;;;0
Sudeste;MG;Cristiano Otoni;31;312040.0;31079.0;CONSELHEIRO LAFAIETE;2025-09-05;36;5150.0;852.0;0;20;0;;;0
Sudeste;MG;Cristina;31;312050.0;31008.0;SAO LOURENCO;2025-09-05;36;10242.0;1813.0;0;12;0;;;0
Sudeste;MG;Crucilândia;31;312060.0;31017.0;BETIM;2025-09-05;36;5034.0;1928.0;0;14;0;;;0
Sudeste;MG;Cruzeiro da Fortaleza;31;312070.0;31057.0;PATOS DE MINAS;2025-09-05;36;3626.0;1028.0;0;8;0;;;0
Sudeste;MG;Cruzília;31;312080.0;31008.0;SAO LOURENCO;2025-09-05;36;15417.0;3752.0;0;55;0;;;0
Sudeste;MG;Cuparaque;31;312083.0;31040.0;RESPLENDOR;2025-09-05;36;4982.0;1126.0;0;19;0;;;0
Sudeste;MG;Curral de Dentro;31;312087.0;31085.0;TAIOBEIRAS;2025-09-05;36;7729.0;1111.0;0;19;0;;;0
Sudeste;MG;Curvelo;31;312090.0;31019.0;CURVELO;2025-09-05;36;80129.0;10454.0;0;318;0;;;0
Sudeste;MG;Datas;31;312100.0;31026.0;DIAMANTINA;2025-09-05;36;5410.0;1259.0;0;17;0;;;0
Sudeste;MG;Delfim Moreira;31;312110.0;31003.0;ITAJUBA;2025-09-05;36;8025.0;1071.0;0;34;0;;;0
Sudeste;MG;Delfinópolis;31;312120.0;31091.0;CASSIA;2025-09-05;36;7114.0;2200.0;0;20;0;;;0
Sudeste;MG;Delta;31;312125.0;31072.0;UBERABA;2025-09-05;36;10533.0;2573.0;0;36;0;;;0
Sudeste;MG;Descoberto;31;312130.0;31047.0;SAO JOAO NEPOMUCENO / BICAS;2025-09-05;36;5013.0;441.0;0;13;0;;;0
Sudeste;MG;Desterro de Entre Rios;31;312140.0;31078.0;CONGONHAS;2025-09-05;36;7243.0;1331.0;0;17;0;;;0
Sudeste;MG;Desterro do Melo;31;312150.0;31013.0;BARBACENA;2025-09-05;36;2901.0;693.0;0;3;0;;;0
Sudeste;MG;Diamantina;31;312160.0;31026.0;DIAMANTINA;2025-09-05;36;47723.0;11415.0;0;108;0;;;0
Sudeste;MG;Diogo de Vasconcelos;31;312170.0;31060.0;PONTE NOVA;2025-09-05;36;3802.0;316.0;0;1;0;;;0
Sudeste;MG;Dionísio;31;312180.0;31035.0;CORONEL FABRICIANO/TIMOTEO;2025-09-05;36;7729.0;778.0;0;21;0;;;0
Sudeste;MG;Divinésia;31;312190.0;31048.0;UBA;2025-09-05;36;3417.0;1385.0;0;14;0;;;0
Sudeste;MG;Divino;31;312200.0;31042.0;CARANGOLA;2025-09-05;36;19931.0;2761.0;0;49;0;;;0
Sudeste;MG;Divino das Laranjeiras;31;312210.0;31038.0;MANTENA;2025-09-05;36;4979.0;537.0;0;18;0;;;0
Sudeste;MG;Divinolândia de Minas;31;312220.0;31036.0;GOVERNADOR VALADARES;2025-09-05;36;7571.0;670.0;0;17;0;;;0
Sudeste;MG;Divinópolis;31;312230.0;31086.0;DIVINOPOLIS;2025-09-05;36;238230.0;48654.0;0;783;0;;;0
Sudeste;MG;Divisa Alegre;31;312235.0;31068.0;PEDRA AZUL;2025-09-05;36;6786.0;967.0;0;10;0;;;0
Sudeste;MG;Divisa Nova;31;312240.0;31001.0;ALFENAS / MACHADO;2025-09-05;36;6011.0;1274.0;0;16;0;;;0
Sudeste;MG;Divisópolis;31;312245.0;31068.0;PEDRA AZUL;2025-09-05;36;11019.0;1132.0;0;7;0;;;0
Sudeste;MG;Dom Bosco;31;312247.0;31058.0;UNAI;2025-09-05;36;3677.0;1000.0;0;9;0;;;0
Sudeste;MG;Dom Cavati;31;312250.0;31037.0;IPATINGA;2025-09-05;36;5072.0;1115.0;0;27;0;;;0
Sudeste;MG;Dom Joaquim;31;312260.0;31020.0;GUANHAES;2025-09-05;36;4195.0;863.0;0;8;0;;;0
Sudeste;MG;Dom Silvério;31;312270.0;31060.0;PONTE NOVA;2025-09-05;36;5237.0;1136.0;0;19;0;;;0
Sudeste;MG;Dom Viçoso;31;312280.0;31008.0;SAO LOURENCO;2025-09-05;36;3001.0;866.0;0;8;0;;;0
Sudeste;MG;Dona Euzébia;31;312290.0;31044.0;LEOPOLDINA / CATAGUASES;2025-09-05;36;6572.0;2068.0;0;22;0;;;0
Sudeste;MG;Dores de Campos;31;312300.0;31015.0;SAO JOAO DEL REI;2025-09-05;36;10153.0;2162.0;0;38;0;;;0
Sudeste;MG;Dores de Guanhães;31;312310.0;31020.0;GUANHAES;2025-09-05;36;5169.0;870.0;0;10;0;;;0
Sudeste;MG;Dores do Indaiá;31;312320.0;31028.0;BOM DESPACHO;2025-09-05;36;13483.0;2734.0;0;29;0;;;0
Sudeste;MG;Dores do Turvo;31;312330.0;31048.0;UBA;2025-09-05;36;4259.0;533.0;0;20;0;;;0
Sudeste;MG;Doresópolis;31;312340.0;31093.0;PIUMHI;2025-09-05;36;1527.0;399.0;0;3;0;;;0
Sudeste;MG;Douradoquara;31;312350.0;31074.0;PATROCINIO / MONTE CARMELO;2025-09-05;36;1908.0;669.0;0;4;0;;;0
Sudeste;MG;Durandé;31;312352.0;31059.0;MANHUACU;2025-09-05;36;7841.0;1905.0;0;15;0;;;0
Sudeste;MG;Elói Mendes;31;312360.0;31012.0;VARGINHA;2025-09-05;36;28076.0;6196.0;0;70;0;;;0
Sudeste;MG;Engenheiro Caldas;31;312370.0;31036.0;GOVERNADOR VALADARES;2025-09-05;36;11134.0;1462.0;0;39;0;;;0
Sudeste;MG;Engenheiro Navarro;31;312380.0;31083.0;BOCAIUVA;2025-09-05;36;7242.0;449.0;0;12;0;;;0
Sudeste;MG;Entre Folhas;31;312385.0;31034.0;CARATINGA;2025-09-05;36;5370.0;1079.0;0;19;0;;;0
Sudeste;MG;Entre Rios de Minas;31;312390.0;31078.0;CONGONHAS;2025-09-05;36;15298.0;2554.0;0;32;0;;;0
Sudeste;MG;Ervália;31;312400.0;31048.0;UBA;2025-09-05;36;18895.0;3537.0;0;43;0;;;0
Sudeste;MG;Esmeraldas;31;312410.0;31017.0;BETIM;2025-09-05;36;70552.0;5928.0;0;187;0;;;1
Sudeste;MG;Espera Feliz;31;312420.0;31042.0;CARANGOLA;2025-09-05;36;24951.0;4116.0;0;56;0;;;0
Sudeste;MG;Espinosa;31;312430.0;31052.0;JANAUBA/MONTE AZUL;2025-09-05;36;31617.0;3337.0;0;50;0;;;0
Sudeste;MG;Espírito Santo do Dourado;31;312440.0;31007.0;POUSO ALEGRE;2025-09-05;36;4692.0;1393.0;0;19;0;;;0
Sudeste;MG;Estiva;31;312450.0;31007.0;POUSO ALEGRE;2025-09-05;36;11354.0;3760.0;0;32;0;;;0
Sudeste;MG;Estrela Dalva;31;312460.0;31041.0;ALEM  PARAIBA;2025-09-05;36;2343.0;818.0;0;9;0;;;0
Sudeste;MG;Estrela do Indaiá;31;312470.0;31028.0;BOM DESPACHO;2025-09-05;36;3500.0;589.0;0;1;0;;;0
Sudeste;MG;Estrela do Sul;31;312480.0;31074.0;PATROCINIO / MONTE CARMELO;2025-09-05;36;7978.0;1847.0;0;29;0;;;0
Sudeste;MG;Eugenópolis;31;312490.0;31045.0;MURIAE;2025-09-05;36;11275.0;2152.0;0;24;0;;;0
Sudeste;MG;Ewbank da Câmara;31;312500.0;31097.0;JUIZ DE FORA;2025-09-05;36;3913.0;457.0;0;16;0;;;0
Sudeste;MG;Extrema;31;312510.0;31007.0;POUSO ALEGRE;2025-09-05;36;36225.0;19851.0;0;149;0;;;0
Sudeste;MG;Fama;31;312520.0;31001.0;ALFENAS / MACHADO;2025-09-05;36;2377.0;825.0;0;2;0;;;0
Sudeste;MG;Faria Lemos;31;312530.0;31042.0;CARANGOLA;2025-09-05;36;3241.0;721.0;0;7;0;;;0
Sudeste;MG;Felício dos Santos;31;312540.0;31026.0;DIAMANTINA;2025-09-05;36;4753.0;499.0;0;6;0;;;0
Sudeste;MG;São Gonçalo do Rio Preto;31;312550.0;31026.0;DIAMANTINA;2025-09-05;36;3167.0;765.0;0;5;0;;;0
Sudeste;MG;Felisburgo;31;312560.0;31094.0;ALMENARA/JACINTO;2025-09-05;36;7457.0;1928.0;0;20;0;;;0
Sudeste;MG;Felixlândia;31;312570.0;31019.0;CURVELO;2025-09-05;36;15336.0;3368.0;0;39;0;;;0
Sudeste;MG;Fernandes Tourinho;31;312580.0;31036.0;GOVERNADOR VALADARES;2025-09-05;36;3431.0;552.0;0;20;0;;;0
Sudeste;MG;Ferros;31;312590.0;31021.0;ITABIRA;2025-09-05;36;9820.0;876.0;0;17;0;;;0
Sudeste;MG;Fervedouro;31;312595.0;31042.0;CARANGOLA;2025-09-05;36;11006.0;1671.0;0;20;0;;;0
Sudeste;MG;Florestal;31;312600.0;31017.0;BETIM;2025-09-05;36;7461.0;380.0;0;15;0;;;1
Sudeste;MG;Formiga;31;312610.0;31030.0;FORMIGA;2025-09-05;36;67683.0;26855.0;0;345;0;;;0
Sudeste;MG;Formoso;31;312620.0;31058.0;UNAI;2025-09-05;36;9562.0;647.0;0;11;0;;;0
Sudeste;MG;Fortaleza de Minas;31;312630.0;31092.0;PASSOS;2025-09-05;36;4412.0;1179.0;0;11;0;;;0
Sudeste;MG;Fortuna de Minas;31;312640.0;31024.0;SETE LAGOAS;2025-09-05;36;2947.0;377.0;0;3;0;;;0
Sudeste;MG;Francisco Badaró;31;312650.0;31064.0;ARACUAI;2025-09-05;36;10332.0;400.0;0;7;0;;;0
Sudeste;MG;Francisco Dumont;31;312660.0;31083.0;BOCAIUVA;2025-09-05;36;5215.0;376.0;0;7;0;;;0
Sudeste;MG;Francisco Sá;31;312670.0;31051.0;FRANCISCO SA;2025-09-05;36;26277.0;1741.0;0;51;0;;;0
Sudeste;MG;Franciscópolis;31;312675.0;31099.0;TEOFILO OTONI / MALACACHETA;2025-09-05;36;5391.0;708.0;0;4;0;;;0
Sudeste;MG;Frei Gaspar;31;312680.0;31096.0;ITAMBACURI;2025-09-05;36;5880.0;960.0;0;17;0;;;0
Sudeste;MG;Frei Inocêncio;31;312690.0;31036.0;GOVERNADOR VALADARES;2025-09-05;36;9611.0;1204.0;0;33;0;;;0
Sudeste;MG;Frei Lagonegro;31;312695.0;31080.0;PECANHA/SAO JOAO EVANGELISTA;2025-09-05;36;3478.0;296.0;0;5;0;;;0
Sudeste;MG;Fronteira;31;312700.0;31071.0;FRUTAL / ITURAMA;2025-09-05;36;18103.0;4440.0;0;70;0;;;0
Sudeste;MG;Fronteira dos Vales;31;312705.0;31062.0;AGUAS FORMOSAS;2025-09-05;36;4581.0;1062.0;0;11;0;;;0
Sudeste;MG;Fruta de Leite;31;312707.0;31098.0;SALINAS;2025-09-05;36;5369.0;381.0;0;3;0;;;0
Sudeste;MG;Frutal;31;312710.0;31071.0;FRUTAL / ITURAMA;2025-09-05;36;59496.0;19460.0;0;328;0;;;0
Sudeste;MG;Funilândia;31;312720.0;31024.0;SETE LAGOAS;2025-09-05;36;4349.0;678.0;0;12;0;;;0
Sudeste;MG;Galiléia;31;312730.0;31036.0;GOVERNADOR VALADARES;2025-09-05;36;6817.0;1237.0;0;36;0;;;0
Sudeste;MG;Gameleiras;31;312733.0;31052.0;JANAUBA/MONTE AZUL;2025-09-05;36;5109.0;658.0;0;5;0;;;0
Sudeste;MG;Glaucilândia;31;312735.0;31084.0;MONTES CLAROS;2025-09-05;36;3150.0;495.0;0;7;0;;;0
Sudeste;MG;Goiabeira;31;312737.0;31040.0;RESPLENDOR;2025-09-05;36;3353.0;698.0;0;12;0;;;0
Sudeste;MG;Goianá;31;312738.0;31097.0;JUIZ DE FORA;2025-09-05;36;3966.0;971.0;0;8;0;;;0
Sudeste;MG;Gonçalves;31;312740.0;31003.0;ITAJUBA;2025-09-05;36;4350.0;1344.0;0;10;0;;;0
Sudeste;MG;Gonzaga;31;312750.0;31036.0;GOVERNADOR VALADARES;2025-09-05;36;6158.0;847.0;0;18;0;;;0
Sudeste;MG;Gouveia;31;312760.0;31026.0;DIAMANTINA;2025-09-05;36;11825.0;1345.0;0;35;0;;;0
Sudeste;MG;Governador Valadares;31;312770.0;31036.0;GOVERNADOR VALADARES;2025-09-05;36;279885.0;57444.0;0;1561;0;;;0
Sudeste;MG;Grão Mogol;31;312780.0;31051.0;FRANCISCO SA;2025-09-05;36;15836.0;1561.0;0;14;0;;;0
Sudeste;MG;Grupiara;31;312790.0;31074.0;PATROCINIO / MONTE CARMELO;2025-09-05;36;1388.0;719.0;0;5;0;;;0
Sudeste;MG;Guanhães;31;312800.0;31020.0;GUANHAES;2025-09-05;36;34319.0;5552.0;0;62;0;;;0
Sudeste;MG;Guapé;31;312810.0;31093.0;PIUMHI;2025-09-05;36;14245.0;3094.0;0;55;0;;;0
Sudeste;MG;Guaraciaba;31;312820.0;31060.0;PONTE NOVA;2025-09-05;36;10324.0;1216.0;0;36;0;;;0
Sudeste;MG;Guaraciama;31;312825.0;31083.0;BOCAIUVA;2025-09-05;36;4972.0;524.0;0;6;0;;;0
Sudeste;MG;Guaranésia;31;312830.0;31002.0;GUAXUPE;2025-09-05;36;19021.0;6505.0;0;58;0;;;0
Sudeste;MG;Guarani;31;312840.0;31048.0;UBA;2025-09-05;36;8911.0;1510.0;0;13;0;;;0
Sudeste;MG;Guarará;31;312850.0;31047.0;SAO JOAO NEPOMUCENO / BICAS;2025-09-05;36;3796.0;1519.0;0;20;0;;;0
Sudeste;MG;Guarda-Mor;31;312860.0;31057.0;PATOS DE MINAS;2025-09-05;36;6580.0;2278.0;0;14;0;;;0
Sudeste;MG;Guaxupé;31;312870.0;31002.0;GUAXUPE;2025-09-05;36;51917.0;19593.0;0;208;0;;;0
Sudeste;MG;Guidoval;31;312880.0;31048.0;UBA;2025-09-05;36;7078.0;1442.0;0;24;0;;;0
Sudeste;MG;Guimarânia;31;312890.0;31057.0;PATOS DE MINAS;2025-09-05;36;8039.0;2127.0;0;17;0;;;0
Sudeste;MG;Guiricema;31;312900.0;31048.0;UBA;2025-09-05;36;8392.0;2676.0;0;42;0;;;0
Sudeste;MG;Gurinhatã;31;312910.0;31073.0;ITUIUTABA;2025-09-05;36;5639.0;1363.0;0;8;0;;;0
Sudeste;MG;Heliodora;31;312920.0;31007.0;POUSO ALEGRE;2025-09-05;36;6558.0;1449.0;0;20;0;;;0
Sudeste;MG;Iapu;31;312930.0;31037.0;IPATINGA;2025-09-05;36;11004.0;1962.0;0;37;0;;;0
Sudeste;MG;Ibertioga;31;312940.0;31013.0;BARBACENA;2025-09-05;36;5021.0;884.0;0;16;0;;;0
Sudeste;MG;Ibiá;31;312950.0;31070.0;ARAXA;2025-09-05;36;25199.0;6537.0;0;76;0;;;0
Sudeste;MG;Ibiaí;31;312960.0;31055.0;PIRAPORA;2025-09-05;36;8395.0;1078.0;0;12;0;;;0
Sudeste;MG;Ibiracatu;31;312965.0;31049.0;BRASILIA DE MINAS/SAO FRANCISCO;2025-09-05;36;5400.0;295.0;0;3;0;;;0
Sudeste;MG;Ibiraci;31;312970.0;31091.0;CASSIA;2025-09-05;36;13828.0;2355.0;0;31;0;;;0
Sudeste;MG;Ibirité;31;312980.0;31018.0;CONTAGEM;2025-09-05;36;180204.0;16932.0;0;460;0;;;1
Sudeste;MG;Ibitiúra de Minas;31;312990.0;31006.0;POCOS DE CALDAS;2025-09-05;36;3488.0;1358.0;0;7;0;;;0
Sudeste;MG;Ibituruna;31;313000.0;31015.0;SAO JOAO DEL REI;2025-09-05;36;2989.0;762.0;0;1;0;;;0
Sudeste;MG;Icaraí de Minas;31;313005.0;31049.0;BRASILIA DE MINAS/SAO FRANCISCO;2025-09-05;36;11990.0;871.0;0;6;0;;;0
Sudeste;MG;Igarapé;31;313010.0;31017.0;BETIM;2025-09-05;36;43045.0;6432.0;0;124;0;;;1
Sudeste;MG;Igaratinga;31;313020.0;31032.0;PARA DE MINAS;2025-09-05;36;10860.0;2626.0;0;18;0;;;0
Sudeste;MG;Iguatama;31;313030.0;31030.0;FORMIGA;2025-09-05;36;7947.0;1985.0;0;18;0;;;0
Sudeste;MG;Ijaci;31;313040.0;31004.0;LAVRAS;2025-09-05;36;6550.0;1258.0;0;21;0;;;0
Sudeste;MG;Ilicínea;31;313050.0;31011.0;TRES PONTAS;2025-09-05;36;12375.0;3257.0;0;34;0;;;0
Sudeste;MG;Imbé de Minas;31;313055.0;31034.0;CARATINGA;2025-09-05;36;6903.0;823.0;0;12;0;;;0
Sudeste;MG;Inconfidentes;31;313060.0;31007.0;POUSO ALEGRE;2025-09-05;36;7328.0;2274.0;0;12;0;;;0
Sudeste;MG;Indaiabira;31;313065.0;31085.0;TAIOBEIRAS;2025-09-05;36;7351.0;503.0;0;1;0;;;0
Sudeste;MG;Indianópolis;31;313070.0;31075.0;UBERLANDIA / ARAGUARI;2025-09-05;36;6891.0;1641.0;0;9;0;;;0
Sudeste;MG;Ingaí;31;313080.0;31004.0;LAVRAS;2025-09-05;36;2767.0;432.0;0;8;0;;;0
Sudeste;MG;Inhapim;31;313090.0;31034.0;CARATINGA;2025-09-05;36;24140.0;3404.0;0;77;0;;;0
Sudeste;MG;Inhaúma;31;313100.0;31024.0;SETE LAGOAS;2025-09-05;36;6271.0;1090.0;0;22;0;;;0
Sudeste;MG;Inimutaba;31;313110.0;31019.0;CURVELO;2025-09-05;36;7515.0;1416.0;0;23;0;;;0
Sudeste;MG;Ipaba;31;313115.0;31037.0;IPATINGA;2025-09-05;36;18607.0;2226.0;0;69;0;;;0
Sudeste;MG;Ipanema;31;313120.0;31059.0;MANHUACU;2025-09-05;36;19861.0;4198.0;0;84;0;;;0
Sudeste;MG;Ipatinga;31;313130.0;31037.0;IPATINGA;2025-09-05;36;263410.0;53584.0;0;1012;0;;;0
Sudeste;MG;Ipiaçu;31;313140.0;31073.0;ITUIUTABA;2025-09-05;36;4221.0;1570.0;0;21;0;;;0
Sudeste;MG;Ipuiúna;31;313150.0;31007.0;POUSO ALEGRE;2025-09-05;36;10079.0;2931.0;0;47;0;;;0
Sudeste;MG;Iraí de Minas;31;313160.0;31074.0;PATROCINIO / MONTE CARMELO;2025-09-05;36;6987.0;934.0;0;17;0;;;0
Sudeste;MG;Itabira;31;313170.0;31021.0;ITABIRA;2025-09-05;36;120060.0;36732.0;0;431;0;;;0
Sudeste;MG;Itabirinha;31;313180.0;31038.0;MANTENA;2025-09-05;36;11512.0;1795.0;0;56;0;;;0
Sudeste;MG;Itabirito;31;313190.0;31022.0;OURO PRETO;2025-09-05;36;51875.0;20020.0;0;182;0;;;0
Sudeste;MG;Itacambira;31;313200.0;31084.0;MONTES CLAROS;2025-09-05;36;5385.0;678.0;0;4;0;;;0
Sudeste;MG;Itacarambi;31;313210.0;31053.0;JANUARIA;2025-09-05;36;18153.0;1148.0;0;22;0;;;0
Sudeste;MG;Itaguara;31;313220.0;31031.0;ITAUNA;2025-09-05;36;13358.0;5223.0;0;39;0;;;1
Sudeste;MG;Itaipé;31;313230.0;31067.0;PADRE PARAISO;2025-09-05;36;12760.0;624.0;0;7;0;;;0
Sudeste;MG;Itajubá;31;313240.0;31003.0;ITAJUBA;2025-09-05;36;96869.0;28664.0;0;505;0;;;0
Sudeste;MG;Itamarandiba;31;313250.0;31026.0;DIAMANTINA;2025-09-05;36;34735.0;8208.0;0;34;0;;;0
Sudeste;MG;Itamarati de Minas;31;313260.0;31044.0;LEOPOLDINA / CATAGUASES;2025-09-05;36;4355.0;1277.0;0;8;0;;;0
Sudeste;MG;Itambacuri;31;313270.0;31096.0;ITAMBACURI;2025-09-05;36;23211.0;1866.0;0;36;0;;;0
Sudeste;MG;Itambé do Mato Dentro;31;313280.0;31021.0;ITABIRA;2025-09-05;36;2081.0;118.0;0;5;0;;;0
Sudeste;MG;Itamogi;31;313290.0;31009.0;SAO SEBASTIAO DO PARAISO;2025-09-05;36;10192.0;3131.0;0;60;0;;;0
Sudeste;MG;Itamonte;31;313300.0;31008.0;SAO LOURENCO;2025-09-05;36;15579.0;3970.0;0;52;0;;;0
Sudeste;MG;Itanhandu;31;313310.0;31008.0;SAO LOURENCO;2025-09-05;36;15331.0;5387.0;0;68;0;;;0
Sudeste;MG;Itanhomi;31;313320.0;31036.0;GOVERNADOR VALADARES;2025-09-05;36;12228.0;2329.0;0;39;0;;;0
Sudeste;MG;Itaobim;31;313330.0;31065.0;ITAOBIM;2025-09-05;36;21062.0;2996.0;0;61;0;;;0
Sudeste;MG;Itapagipe;31;313340.0;31071.0;FRUTAL / ITURAMA;2025-09-05;36;15243.0;5628.0;0;68;0;;;0
Sudeste;MG;Itapecerica;31;313350.0;31086.0;DIVINOPOLIS;2025-09-05;36;21762.0;5305.0;0;58;0;;;0
Sudeste;MG;Itapeva;31;313360.0;31007.0;POUSO ALEGRE;2025-09-05;36;9783.0;2962.0;0;41;0;;;0
Sudeste;MG;Itatiaiuçu;31;313370.0;31031.0;ITAUNA;2025-09-05;36;11146.0;2522.0;0;38;0;;;1
Sudeste;MG;Itaú de Minas;31;313375.0;31092.0;PASSOS;2025-09-05;36;16108.0;6511.0;0;60;0;;;0
Sudeste;MG;Itaúna;31;313380.0;31031.0;ITAUNA;2025-09-05;36;93214.0;26507.0;0;314;0;;;0
Sudeste;MG;Itaverava;31;313390.0;31079.0;CONSELHEIRO LAFAIETE;2025-09-05;36;5419.0;541.0;0;4;0;;;0
Sudeste;MG;Itinga;31;313400.0;31065.0;ITAOBIM;2025-09-05;36;14990.0;990.0;0;18;0;;;0
Sudeste;MG;Itueta;31;313410.0;31040.0;RESPLENDOR;2025-09-05;36;6051.0;1836.0;0;13;0;;;0
Sudeste;MG;Ituiutaba;31;313420.0;31073.0;ITUIUTABA;2025-09-05;36;104671.0;44474.0;0;563;0;;;0
Sudeste;MG;Itumirim;31;313430.0;31004.0;LAVRAS;2025-09-05;36;6023.0;703.0;0;14;0;;;0
Sudeste;MG;Iturama;31;313440.0;31071.0;FRUTAL / ITURAMA;2025-09-05;36;39263.0;14355.0;0;279;0;;;0
Sudeste;MG;Itutinga;31;313450.0;31004.0;LAVRAS;2025-09-05;36;3788.0;641.0;0;5;0;;;0
Sudeste;MG;Jaboticatubas;31;313460.0;31016.0;BELO HORIZONTE/ NOVA LIMA/ CAETE ;2025-09-05;36;20143.0;4799.0;0;57;0;;;1
Sudeste;MG;Jacinto;31;313470.0;31094.0;ALMENARA/JACINTO;2025-09-05;36;12326.0;1691.0;0;20;0;;;0
Sudeste;MG;Jacuí;31;313480.0;31009.0;SAO SEBASTIAO DO PARAISO;2025-09-05;36;7686.0;1816.0;0;45;0;;;0
Sudeste;MG;Jacutinga;31;313490.0;31007.0;POUSO ALEGRE;2025-09-05;36;25979.0;4936.0;0;61;0;;;0
Sudeste;MG;Jaguaraçu;31;313500.0;31035.0;CORONEL FABRICIANO/TIMOTEO;2025-09-05;36;3133.0;919.0;0;13;0;;;0
Sudeste;MG;Jaíba;31;313505.0;31052.0;JANAUBA/MONTE AZUL;2025-09-05;36;38909.0;5023.0;0;78;0;;;0
Sudeste;MG;Jampruca;31;313507.0;31036.0;GOVERNADOR VALADARES;2025-09-05;36;5404.0;481.0;0;8;0;;;0
Sudeste;MG;Janaúba;31;313510.0;31052.0;JANAUBA/MONTE AZUL;2025-09-05;36;71648.0;10633.0;0;156;0;;;0
Sudeste;MG;Januária;31;313520.0;31053.0;JANUARIA;2025-09-05;36;67742.0;5944.0;0;110;0;;;0
Sudeste;MG;Japaraíba;31;313530.0;31087.0;LAGOA DA PRATA/STO ANT DO MONTE;2025-09-05;36;4350.0;1406.0;0;8;0;;;0
Sudeste;MG;Japonvar;31;313535.0;31049.0;BRASILIA DE MINAS/SAO FRANCISCO;2025-09-05;36;7969.0;799.0;0;11;0;;;0
Sudeste;MG;Jeceaba;31;313540.0;31078.0;CONGONHAS;2025-09-05;36;4912.0;1038.0;0;14;0;;;0
Sudeste;MG;Jenipapo de Minas;31;313545.0;31064.0;ARACUAI;2025-09-05;36;7692.0;620.0;0;9;0;;;0
Sudeste;MG;Jequeri;31;313550.0;31060.0;PONTE NOVA;2025-09-05;36;12386.0;1144.0;0;31;0;;;0
Sudeste;MG;Jequitaí;31;313560.0;31050.0;CORACAO DE JESUS;2025-09-05;36;7531.0;741.0;0;12;0;;;0
Sudeste;MG;Jequitibá;31;313570.0;31024.0;SETE LAGOAS;2025-09-05;36;5211.0;989.0;0;10;0;;;0
Sudeste;MG;Jequitinhonha;31;313580.0;31094.0;ALMENARA/JACINTO;2025-09-05;36;25391.0;3971.0;0;22;0;;;0
Sudeste;MG;Jesuânia;31;313590.0;31008.0;SAO LOURENCO;2025-09-05;36;4787.0;1138.0;0;11;0;;;0
Sudeste;MG;Joaíma;31;313600.0;31094.0;ALMENARA/JACINTO;2025-09-05;36;15432.0;1295.0;0;47;0;;;0
Sudeste;MG;Joanésia;31;313610.0;31037.0;IPATINGA;2025-09-05;36;4573.0;787.0;0;18;0;;;0
Sudeste;MG;João Monlevade;31;313620.0;31023.0;JOAO MONLEVADE;2025-09-05;36;79910.0;17655.0;0;295;0;;;0
Sudeste;MG;João Pinheiro;31;313630.0;31077.0;JOAO PINHEIRO;2025-09-05;36;47452.0;9486.0;0;124;0;;;0
Sudeste;MG;Joaquim Felício;31;313640.0;31083.0;BOCAIUVA;2025-09-05;36;4695.0;835.0;0;4;0;;;0
Sudeste;MG;Jordânia;31;313650.0;31094.0;ALMENARA/JACINTO;2025-09-05;36;10812.0;1459.0;0;15;0;;;0
Sudeste;MG;José Gonçalves de Minas;31;313652.0;31027.0;TURMALINA/MINAS NOVAS/CAPELINHA;2025-09-05;36;4501.0;327.0;0;2;0;;;0
Sudeste;MG;José Raydan;31;313655.0;31081.0;SANTA MARIA DO SUACUI;2025-09-05;36;4995.0;633.0;0;3;0;;;0
Sudeste;MG;Josenópolis;31;313657.0;31051.0;FRANCISCO SA;2025-09-05;36;4867.0;733.0;0;3;0;;;0
Sudeste;MG;Nova União;31;313660.0;31016.0;BELO HORIZONTE/ NOVA LIMA/ CAETE ;2025-09-05;36;5725.0;809.0;0;13;0;;;1
Sudeste;MG;Juatuba;31;313665.0;31017.0;BETIM;2025-09-05;36;26946.0;4705.0;0;92;0;;;1
Sudeste;MG;Juiz de Fora;31;313670.0;31097.0;JUIZ DE FORA;2025-09-05;36;568873.0;78740.0;0;2479;0;;;0
Sudeste;MG;Juramento;31;313680.0;31084.0;MONTES CLAROS;2025-09-05;36;4331.0;391.0;0;4;0;;;0
Sudeste;MG;Juruaia;31;313690.0;31002.0;GUAXUPE;2025-09-05;36;10563.0;3278.0;0;30;0;;;0
Sudeste;MG;Juvenília;31;313695.0;31076.0;MANGA;2025-09-05;36;5724.0;1011.0;0;6;0;;;0
Sudeste;MG;Ladainha;31;313700.0;31099.0;TEOFILO OTONI / MALACACHETA;2025-09-05;36;18111.0;616.0;0;12;0;;;0
Sudeste;MG;Lagamar;31;313710.0;31057.0;PATOS DE MINAS;2025-09-05;36;7613.0;1250.0;0;16;0;;;0
Sudeste;MG;Lagoa da Prata;31;313720.0;31087.0;LAGOA DA PRATA/STO ANT DO MONTE;2025-09-05;36;52165.0;16239.0;0;188;0;;;0
Sudeste;MG;Lagoa dos Patos;31;313730.0;31050.0;CORACAO DE JESUS;2025-09-05;36;4102.0;286.0;0;2;0;;;0
Sudeste;MG;Lagoa Dourada;31;313740.0;31015.0;SAO JOAO DEL REI;2025-09-05;36;13009.0;2109.0;0;16;0;;;0
Sudeste;MG;Lagoa Formosa;31;313750.0;31057.0;PATOS DE MINAS;2025-09-05;36;18052.0;4677.0;0;75;0;;;0
Sudeste;MG;Lagoa Grande;31;313753.0;31077.0;JOAO PINHEIRO;2025-09-05;36;9532.0;2561.0;0;37;0;;;0
Sudeste;MG;Lagoa Santa;31;313760.0;31025.0;VESPASIANO;2025-09-05;36;64527.0;13097.0;0;160;0;;;1
Sudeste;MG;Lajinha;31;313770.0;31059.0;MANHUACU;2025-09-05;36;19923.0;3679.0;0;51;0;;;0
Sudeste;MG;Lambari;31;313780.0;31008.0;SAO LOURENCO;2025-09-05;36;20814.0;5125.0;0;66;0;;;0
Sudeste;MG;Lamim;31;313790.0;31079.0;CONSELHEIRO LAFAIETE;2025-09-05;36;3391.0;634.0;0;7;0;;;0
Sudeste;MG;Laranjal;31;313800.0;31044.0;LEOPOLDINA / CATAGUASES;2025-09-05;36;6810.0;1760.0;0;31;0;;;0
Sudeste;MG;Lassance;31;313810.0;31055.0;PIRAPORA;2025-09-05;36;6512.0;1292.0;0;8;0;;;0
Sudeste;MG;Lavras;31;313820.0;31004.0;LAVRAS;2025-09-05;36;103773.0;35199.0;0;228;0;;;0
Sudeste;MG;Leandro Ferreira;31;313830.0;31032.0;PARA DE MINAS;2025-09-05;36;3229.0;583.0;0;7;0;;;0
Sudeste;MG;Leme do Prado;31;313835.0;31027.0;TURMALINA/MINAS NOVAS/CAPELINHA;2025-09-05;36;4918.0;613.0;0;4;0;;;0
Sudeste;MG;Leopoldina;31;313840.0;31044.0;LEOPOLDINA / CATAGUASES;2025-09-05;36;52587.0;14766.0;0;216;0;;;0
Sudeste;MG;Liberdade;31;313850.0;31090.0;LIMA DUARTE;2025-09-05;36;5069.0;294.0;0;12;0;;;0
Sudeste;MG;Lima Duarte;31;313860.0;31090.0;LIMA DUARTE;2025-09-05;36;16698.0;3129.0;0;62;0;;;0
Sudeste;MG;Limeira do Oeste;31;313862.0;31071.0;FRUTAL / ITURAMA;2025-09-05;36;7536.0;3554.0;0;38;0;;;0
Sudeste;MG;Lontra;31;313865.0;31049.0;BRASILIA DE MINAS/SAO FRANCISCO;2025-09-05;36;9661.0;1024.0;0;13;0;;;0
Sudeste;MG;Luisburgo;31;313867.0;31059.0;MANHUACU;2025-09-05;36;6266.0;743.0;0;19;0;;;0
Sudeste;MG;Luislândia;31;313868.0;31049.0;BRASILIA DE MINAS/SAO FRANCISCO;2025-09-05;36;6699.0;430.0;0;4;0;;;0
Sudeste;MG;Luminárias;31;313870.0;31004.0;LAVRAS;2025-09-05;36;5446.0;844.0;0;15;0;;;0
Sudeste;MG;Luz;31;313880.0;31028.0;BOM DESPACHO;2025-09-05;36;18215.0;6635.0;0;44;0;;;0
Sudeste;MG;Machacalis;31;313890.0;31062.0;AGUAS FORMOSAS;2025-09-05;36;7111.0;918.0;0;15;0;;;0
Sudeste;MG;Machado;31;313900.0;31001.0;ALFENAS / MACHADO;2025-09-05;36;42133.0;11986.0;0;121;0;;;0
Sudeste;MG;Madre de Deus de Minas;31;313910.0;31015.0;SAO JOAO DEL REI;2025-09-05;36;5098.0;1344.0;0;18;0;;;0
Sudeste;MG;Malacacheta;31;313920.0;31099.0;TEOFILO OTONI / MALACACHETA;2025-09-05;36;18650.0;2172.0;0;31;0;;;0
Sudeste;MG;Mamonas;31;313925.0;31052.0;JANAUBA/MONTE AZUL;2025-09-05;36;6543.0;747.0;0;9;0;;;0
Sudeste;MG;Manga;31;313930.0;31076.0;MANGA;2025-09-05;36;18407.0;2067.0;0;24;0;;;0
Sudeste;MG;Manhuaçu;31;313940.0;31059.0;MANHUACU;2025-09-05;36;90229.0;13546.0;0;276;0;;;0
Sudeste;MG;Manhumirim;31;313950.0;31059.0;MANHUACU;2025-09-05;36;22707.0;3802.0;0;58;0;;;0
Sudeste;MG;Mantena;31;313960.0;31038.0;MANTENA;2025-09-05;36;27644.0;4780.0;0;119;0;;;0
Sudeste;MG;Maravilhas;31;313970.0;31024.0;SETE LAGOAS;2025-09-05;36;7976.0;1338.0;0;8;0;;;0
Sudeste;MG;Mar de Espanha;31;313980.0;31047.0;SAO JOAO NEPOMUCENO / BICAS;2025-09-05;36;12814.0;2792.0;0;46;0;;;0
Sudeste;MG;Maria da Fé;31;313990.0;31003.0;ITAJUBA;2025-09-05;36;14095.0;3776.0;0;60;0;;;0
Sudeste;MG;Mariana;31;314000.0;31022.0;OURO PRETO;2025-09-05;36;60724.0;18408.0;0;124;0;;;0
Sudeste;MG;Marilac;31;314010.0;31036.0;GOVERNADOR VALADARES;2025-09-05;36;4115.0;668.0;0;15;0;;;0
Sudeste;MG;Mário Campos;31;314015.0;31017.0;BETIM;2025-09-05;36;15416.0;1770.0;0;60;0;;;1
Sudeste;MG;Maripá de Minas;31;314020.0;31047.0;SAO JOAO NEPOMUCENO / BICAS;2025-09-05;36;2973.0;1188.0;0;17;0;;;0
Sudeste;MG;Marliéria;31;314030.0;31035.0;CORONEL FABRICIANO/TIMOTEO;2025-09-05;36;4039.0;714.0;0;21;0;;;0
Sudeste;MG;Marmelópolis;31;314040.0;31003.0;ITAJUBA;2025-09-05;36;2755.0;603.0;0;13;0;;;0
Sudeste;MG;Martinho Campos;31;314050.0;31028.0;BOM DESPACHO;2025-09-05;36;13388.0;3855.0;0;51;0;;;0
Sudeste;MG;Martins Soares;31;314053.0;31059.0;MANHUACU;2025-09-05;36;8417.0;744.0;0;15;0;;;0
Sudeste;MG;Mata Verde;31;314055.0;31094.0;ALMENARA/JACINTO;2025-09-05;36;8586.0;846.0;0;10;0;;;0
Sudeste;MG;Materlândia;31;314060.0;31020.0;GUANHAES;2025-09-05;36;4459.0;250.0;0;3;0;;;0
Sudeste;MG;Mateus Leme;31;314070.0;31017.0;BETIM;2025-09-05;36;31086.0;10375.0;0;107;0;;;1
Sudeste;MG;Matias Barbosa;31;314080.0;31097.0;JUIZ DE FORA;2025-09-05;36;14468.0;4036.0;0;68;0;;;0
Sudeste;MG;Matias Cardoso;31;314085.0;31052.0;JANAUBA/MONTE AZUL;2025-09-05;36;11157.0;652.0;0;12;0;;;0
Sudeste;MG;Matipó;31;314090.0;31059.0;MANHUACU;2025-09-05;36;18908.0;2871.0;0;46;0;;;0
Sudeste;MG;Mato Verde;31;314100.0;31052.0;JANAUBA/MONTE AZUL;2025-09-05;36;12459.0;2188.0;0;18;0;;;0
Sudeste;MG;Matozinhos;31;314110.0;31025.0;VESPASIANO;2025-09-05;36;37820.0;8952.0;0;132;0;;;1
Sudeste;MG;Matutina;31;314120.0;31082.0;SAO GOTARDO;2025-09-05;36;3749.0;640.0;0;9;0;;;0
Sudeste;MG;Medeiros;31;314130.0;31030.0;FORMIGA;2025-09-05;36;3802.0;498.0;0;2;0;;;0
Sudeste;MG;Medina;31;314140.0;31065.0;ITAOBIM;2025-09-05;36;20820.0;2123.0;0;38;0;;;0
Sudeste;MG;Mendes Pimentel;31;314150.0;31038.0;MANTENA;2025-09-05;36;6446.0;1293.0;0;11;0;;;0
Sudeste;MG;Mercês;31;314160.0;31048.0;UBA;2025-09-05;36;10739.0;576.0;0;23;0;;;0
Sudeste;MG;Mesquita;31;314170.0;31037.0;IPATINGA;2025-09-05;36;5605.0;641.0;0;13;0;;;0
Sudeste;MG;Minas Novas;31;314180.0;31027.0;TURMALINA/MINAS NOVAS/CAPELINHA;2025-09-05;36;31484.0;2159.0;0;27;0;;;0
Sudeste;MG;Minduri;31;314190.0;31008.0;SAO LOURENCO;2025-09-05;36;3894.0;539.0;0;11;0;;;0
Sudeste;MG;Mirabela;31;314200.0;31084.0;MONTES CLAROS;2025-09-05;36;13589.0;1985.0;0;28;0;;;0
Sudeste;MG;Miradouro;31;314210.0;31045.0;MURIAE;2025-09-05;36;10754.0;1686.0;0;16;0;;;0
Sudeste;MG;Miraí;31;314220.0;31045.0;MURIAE;2025-09-05;36;15014.0;3265.0;0;20;0;;;0
Sudeste;MG;Miravânia;31;314225.0;31076.0;MANGA;2025-09-05;36;4888.0;341.0;0;3;0;;;0
Sudeste;MG;Moeda;31;314230.0;31016.0;BELO HORIZONTE/ NOVA LIMA/ CAETE ;2025-09-05;36;4919.0;421.0;0;15;0;;;0
Sudeste;MG;Moema;31;314240.0;31028.0;BOM DESPACHO;2025-09-05;36;7517.0;2217.0;0;15;0;;;0
Sudeste;MG;Monjolos;31;314250.0;31019.0;CURVELO;2025-09-05;36;2220.0;75.0;0;3;0;;;0
Sudeste;MG;Monsenhor Paulo;31;314260.0;31012.0;VARGINHA;2025-09-05;36;8688.0;1975.0;0;11;0;;;0
Sudeste;MG;Montalvânia;31;314270.0;31076.0;MANGA;2025-09-05;36;14877.0;2419.0;0;25;0;;;0
Sudeste;MG;Monte Alegre de Minas;31;314280.0;31075.0;UBERLANDIA / ARAGUARI;2025-09-05;36;21120.0;3133.0;0;48;0;;;0
Sudeste;MG;Monte Azul;31;314290.0;31052.0;JANAUBA/MONTE AZUL;2025-09-05;36;20854.0;2670.0;0;41;0;;;0
Sudeste;MG;Monte Belo;31;314300.0;31002.0;GUAXUPE;2025-09-05;36;13166.0;3251.0;0;44;0;;;0
Sudeste;MG;Monte Carmelo;31;314310.0;31074.0;PATROCINIO / MONTE CARMELO;2025-09-05;36;47809.0;13881.0;0;216;0;;;0
Sudeste;MG;Monte Formoso;31;314315.0;31065.0;ITAOBIM;2025-09-05;36;4906.0;413.0;0;8;0;;;0
Sudeste;MG;Monte Santo de Minas;31;314320.0;31009.0;SAO SEBASTIAO DO PARAISO;2025-09-05;36;21524.0;6325.0;0;82;0;;;0
Sudeste;MG;Montes Claros;31;314330.0;31084.0;MONTES CLAROS;2025-09-05;36;409341.0;112210.0;0;1109;0;;;0
Sudeste;MG;Monte Sião;31;314340.0;31007.0;POUSO ALEGRE;2025-09-05;36;23803.0;8059.0;0;49;0;;;0
Sudeste;MG;Montezuma;31;314345.0;31085.0;TAIOBEIRAS;2025-09-05;36;8249.0;775.0;0;6;0;;;0
Sudeste;MG;Morada Nova de Minas;31;314350.0;31024.0;SETE LAGOAS;2025-09-05;36;8863.0;2058.0;0;13;0;;;0
Sudeste;MG;Morro da Garça;31;314360.0;31019.0;CURVELO;2025-09-05;36;2462.0;363.0;0;10;0;;;0
Sudeste;MG;Morro do Pilar;31;314370.0;31021.0;ITABIRA;2025-09-05;36;3182.0;205.0;0;5;0;;;0
Sudeste;MG;Munhoz;31;314380.0;31007.0;POUSO ALEGRE;2025-09-05;36;6029.0;1212.0;0;17;0;;;0
Sudeste;MG;Muriaé;31;314390.0;31045.0;MURIAE;2025-09-05;36;108763.0;19121.0;0;383;0;;;0
Sudeste;MG;Mutum;31;314400.0;31059.0;MANHUACU;2025-09-05;36;26979.0;4129.0;0;55;0;;;0
Sudeste;MG;Muzambinho;31;314410.0;31002.0;GUAXUPE;2025-09-05;36;20569.0;7417.0;0;57;0;;;0
Sudeste;MG;Nacip Raydan;31;314420.0;31036.0;GOVERNADOR VALADARES;2025-09-05;36;3220.0;554.0;0;10;0;;;0
Sudeste;MG;Nanuque;31;314430.0;31066.0;NANUQUE;2025-09-05;36;40750.0;8354.0;0;144;0;;;0
Sudeste;MG;Naque;31;314435.0;31037.0;IPATINGA;2025-09-05;36;6996.0;929.0;0;26;0;;;0
Sudeste;MG;Natalândia;31;314437.0;31058.0;UNAI;2025-09-05;36;3311.0;868.0;0;10;0;;;0
Sudeste;MG;Natércia;31;314440.0;31007.0;POUSO ALEGRE;2025-09-05;36;4730.0;1238.0;0;9;0;;;0
Sudeste;MG;Nazareno;31;314450.0;31015.0;SAO JOAO DEL REI;2025-09-05;36;8608.0;1169.0;0;14;0;;;0
Sudeste;MG;Nepomuceno;31;314460.0;31004.0;LAVRAS;2025-09-05;36;26769.0;6153.0;0;62;0;;;0
Sudeste;MG;Ninheira;31;314465.0;31085.0;TAIOBEIRAS;2025-09-05;36;10295.0;1127.0;0;9;0;;;0
Sudeste;MG;Nova Belém;31;314467.0;31038.0;MANTENA;2025-09-05;36;3190.0;737.0;0;18;0;;;0
Sudeste;MG;Nova Era;31;314470.0;31023.0;JOAO MONLEVADE;2025-09-05;36;17578.0;4827.0;0;65;0;;;0
Sudeste;MG;Nova Lima;31;314480.0;31016.0;BELO HORIZONTE/ NOVA LIMA/ CAETE ;2025-09-05;36;94889.0;37397.0;0;288;0;;;1
Sudeste;MG;Nova Módica;31;314490.0;31096.0;ITAMBACURI;2025-09-05;36;3600.0;633.0;0;17;0;;;0
Sudeste;MG;Nova Ponte;31;314500.0;31075.0;UBERLANDIA / ARAGUARI;2025-09-05;36;15545.0;3534.0;0;42;0;;;0
Sudeste;MG;Nova Porteirinha;31;314505.0;31052.0;JANAUBA/MONTE AZUL;2025-09-05;36;7500.0;906.0;0;13;0;;;0
Sudeste;MG;Nova Resende;31;314510.0;31092.0;PASSOS;2025-09-05;36;16723.0;4291.0;0;40;0;;;0
Sudeste;MG;Nova Serrana;31;314520.0;31032.0;PARA DE MINAS;2025-09-05;36;102693.0;10517.0;0;250;0;;;0
Sudeste;MG;Novo Cruzeiro;31;314530.0;31099.0;TEOFILO OTONI / MALACACHETA;2025-09-05;36;31331.0;2287.0;0;37;0;;;0
Sudeste;MG;Novo Oriente de Minas;31;314535.0;31099.0;TEOFILO OTONI / MALACACHETA;2025-09-05;36;10755.0;962.0;0;20;0;;;0
Sudeste;MG;Novorizonte;31;314537.0;31098.0;SALINAS;2025-09-05;36;5299.0;526.0;0;5;0;;;0
Sudeste;MG;Olaria;31;314540.0;31090.0;LIMA DUARTE;2025-09-05;36;1747.0;167.0;0;4;0;;;0
Sudeste;MG;Olhos-d'Água;31;314545.0;31083.0;BOCAIUVA;2025-09-05;36;6096.0;405.0;0;7;0;;;0
Sudeste;MG;Olímpio Noronha;31;314550.0;31008.0;SAO LOURENCO;2025-09-05;36;2787.0;595.0;0;4;0;;;0
Sudeste;MG;Oliveira;31;314560.0;31088.0;OLIVEIRA/SANTO ANTONIO DO AMPARO;2025-09-05;36;41687.0;6690.0;0;92;0;;;0
Sudeste;MG;Oliveira Fortes;31;314570.0;31046.0;SANTOS DUMONT;2025-09-05;36;2133.0;308.0;0;4;0;;;0
Sudeste;MG;Onça de Pitangui;31;314580.0;31032.0;PARA DE MINAS;2025-09-05;36;3148.0;462.0;0;6;0;;;0
Sudeste;MG;Oratórios;31;314585.0;31060.0;PONTE NOVA;2025-09-05;36;4655.0;517.0;0;16;0;;;0
Sudeste;MG;Orizânia;31;314587.0;31042.0;CARANGOLA;2025-09-05;36;8018.0;826.0;0;16;0;;;0
Sudeste;MG;Ouro Branco;31;314590.0;31078.0;CONGONHAS;2025-09-05;36;39500.0;9828.0;0;73;0;;;0
Sudeste;MG;Ouro Fino;31;314600.0;31007.0;POUSO ALEGRE;2025-09-05;36;33639.0;8130.0;0;88;0;;;0
Sudeste;MG;Ouro Preto;31;314610.0;31022.0;OURO PRETO;2025-09-05;36;74281.0;14308.0;0;149;0;;;0
Sudeste;MG;Ouro Verde de Minas;31;314620.0;31099.0;TEOFILO OTONI / MALACACHETA;2025-09-05;36;5934.0;507.0;0;10;0;;;0
Sudeste;MG;Padre Carvalho;31;314625.0;31098.0;SALINAS;2025-09-05;36;6378.0;672.0;0;8;0;;;0
Sudeste;MG;Padre Paraíso;31;314630.0;31067.0;PADRE PARAISO;2025-09-05;36;20154.0;1584.0;0;31;0;;;0
Sudeste;MG;Paineiras;31;314640.0;31024.0;SETE LAGOAS;2025-09-05;36;4486.0;700.0;0;8;0;;;0
Sudeste;MG;Pains;31;314650.0;31030.0;FORMIGA;2025-09-05;36;8283.0;1973.0;0;11;0;;;0
Sudeste;MG;Pai Pedro;31;314655.0;31052.0;JANAUBA/MONTE AZUL;2025-09-05;36;6089.0;422.0;0;5;0;;;0
Sudeste;MG;Paiva;31;314660.0;31013.0;BARBACENA;2025-09-05;36;1529.0;421.0;0;4;0;;;0
Sudeste;MG;Palma;31;314670.0;31044.0;LEOPOLDINA / CATAGUASES;2025-09-05;36;6616.0;1337.0;0;17;0;;;0
Sudeste;MG;Palmópolis;31;314675.0;31094.0;ALMENARA/JACINTO;2025-09-05;36;5507.0;572.0;0;14;0;;;0
Sudeste;MG;Papagaios;31;314690.0;31024.0;SETE LAGOAS;2025-09-05;36;15674.0;3731.0;0;25;0;;;0
Sudeste;MG;Paracatu;31;314700.0;31058.0;UNAI;2025-09-05;36;93158.0;19023.0;0;298;0;;;0
Sudeste;MG;Pará de Minas;31;314710.0;31032.0;PARA DE MINAS;2025-09-05;36;93969.0;20771.0;0;304;0;;;0
Sudeste;MG;Paraguaçu;31;314720.0;31001.0;ALFENAS / MACHADO;2025-09-05;36;21513.0;7872.0;0;64;0;;;0
Sudeste;MG;Paraisópolis;31;314730.0;31003.0;ITAJUBA;2025-09-05;36;21083.0;5286.0;0;72;0;;;0
Sudeste;MG;Paraopeba;31;314740.0;31024.0;SETE LAGOAS;2025-09-05;36;24540.0;4486.0;0;43;0;;;0
Sudeste;MG;Passabém;31;314750.0;31021.0;ITABIRA;2025-09-05;36;1649.0;207.0;0;6;0;;;0
Sudeste;MG;Passa Quatro;31;314760.0;31008.0;SAO LOURENCO;2025-09-05;36;16344.0;3866.0;0;56;0;;;0
Sudeste;MG;Passa Tempo;31;314770.0;31088.0;OLIVEIRA/SANTO ANTONIO DO AMPARO;2025-09-05;36;8084.0;1071.0;0;13;0;;;0
Sudeste;MG;Passa Vinte;31;314780.0;31090.0;LIMA DUARTE;2025-09-05;36;2039.0;270.0;0;7;0;;;0
Sudeste;MG;Passos;31;314790.0;31092.0;PASSOS;2025-09-05;36;114679.0;32150.0;0;422;0;;;0
Sudeste;MG;Patis;31;314795.0;31049.0;BRASILIA DE MINAS/SAO FRANCISCO;2025-09-05;36;5972.0;482.0;0;0;0;;;0
Sudeste;MG;Patos de Minas;31;314800.0;31057.0;PATOS DE MINAS;2025-09-05;36;152488.0;40920.0;0;676;0;;;0
Sudeste;MG;Patrocínio;31;314810.0;31074.0;PATROCINIO / MONTE CARMELO;2025-09-05;36;90757.0;17988.0;0;292;0;;;0
Sudeste;MG;Patrocínio do Muriaé;31;314820.0;31045.0;MURIAE;2025-09-05;36;5684.0;658.0;0;12;0;;;0
Sudeste;MG;Paula Cândido;31;314830.0;31061.0;VICOSA;2025-09-05;36;9571.0;1606.0;0;12;0;;;0
Sudeste;MG;Paulistas;31;314840.0;31080.0;PECANHA/SAO JOAO EVANGELISTA;2025-09-05;36;4830.0;714.0;0;7;0;;;0
Sudeste;MG;Pavão;31;314850.0;31062.0;AGUAS FORMOSAS;2025-09-05;36;8450.0;1202.0;0;12;0;;;0
Sudeste;MG;Peçanha;31;314860.0;31080.0;PECANHA/SAO JOAO EVANGELISTA;2025-09-05;36;17541.0;1818.0;0;32;0;;;0
Sudeste;MG;Pedra Azul;31;314870.0;31068.0;PEDRA AZUL;2025-09-05;36;24324.0;2616.0;0;49;0;;;0
Sudeste;MG;Pedra Bonita;31;314875.0;31042.0;CARANGOLA;2025-09-05;36;7097.0;735.0;0;9;0;;;0
Sudeste;MG;Pedra do Anta;31;314880.0;31061.0;VICOSA;2025-09-05;36;3052.0;513.0;0;7;0;;;0
Sudeste;MG;Pedra do Indaiá;31;314890.0;31087.0;LAGOA DA PRATA/STO ANT DO MONTE;2025-09-05;36;3972.0;1081.0;0;9;0;;;0
Sudeste;MG;Pedra Dourada;31;314900.0;31042.0;CARANGOLA;2025-09-05;36;2504.0;462.0;0;3;0;;;0
Sudeste;MG;Pedralva;31;314910.0;31003.0;ITAJUBA;2025-09-05;36;11195.0;2273.0;0;20;0;;;0
Sudeste;MG;Pedras de Maria da Cruz;31;314915.0;31053.0;JANUARIA;2025-09-05;36;12107.0;199.0;0;17;0;;;0
Sudeste;MG;Pedrinópolis;31;314920.0;31070.0;ARAXA;2025-09-05;36;3635.0;1045.0;0;12;0;;;0
Sudeste;MG;Pedro Leopoldo;31;314930.0;31025.0;VESPASIANO;2025-09-05;36;64258.0;9358.0;0;229;0;;;1
Sudeste;MG;Pedro Teixeira;31;314940.0;31090.0;LIMA DUARTE;2025-09-05;36;1807.0;34.0;0;0;0;;;0
Sudeste;MG;Pequeri;31;314950.0;31047.0;SAO JOAO NEPOMUCENO / BICAS;2025-09-05;36;3320.0;502.0;0;11;0;;;0
Sudeste;MG;Pequi;31;314960.0;31024.0;SETE LAGOAS;2025-09-05;36;4406.0;602.0;0;10;0;;;0
Sudeste;MG;Perdigão;31;314970.0;31086.0;DIVINOPOLIS;2025-09-05;36;11506.0;2698.0;0;21;0;;;0
Sudeste;MG;Perdizes;31;314980.0;31070.0;ARAXA;2025-09-05;36;16168.0;4929.0;0;33;0;;;0
Sudeste;MG;Perdões;31;314990.0;31004.0;LAVRAS;2025-09-05;36;21390.0;5952.0;0;50;0;;;0
Sudeste;MG;Periquito;31;314995.0;31037.0;IPATINGA;2025-09-05;36;6810.0;878.0;0;28;0;;;0
Sudeste;MG;Pescador;31;315000.0;31096.0;ITAMBACURI;2025-09-05;36;4252.0;958.0;0;6;0;;;0
Sudeste;MG;Piau;31;315010.0;31097.0;JUIZ DE FORA;2025-09-05;36;2748.0;468.0;0;15;0;;;0
Sudeste;MG;Piedade de Caratinga;31;315015.0;31034.0;CARATINGA;2025-09-05;36;8566.0;1444.0;0;26;0;;;0
Sudeste;MG;Piedade de Ponte Nova;31;315020.0;31060.0;PONTE NOVA;2025-09-05;36;4140.0;353.0;0;11;0;;;0
Sudeste;MG;Piedade do Rio Grande;31;315030.0;31015.0;SAO JOAO DEL REI;2025-09-05;36;4497.0;1086.0;0;13;0;;;0
Sudeste;MG;Piedade dos Gerais;31;315040.0;31017.0;BETIM;2025-09-05;36;4982.0;87.0;0;10;0;;;0
Sudeste;MG;Pimenta;31;315050.0;31093.0;PIUMHI;2025-09-05;36;8660.0;2623.0;0;25;0;;;0
Sudeste;MG;Pingo d'Água;31;315053.0;31035.0;CORONEL FABRICIANO/TIMOTEO;2025-09-05;36;4941.0;642.0;0;15;0;;;0
Sudeste;MG;Pintópolis;31;315057.0;31049.0;BRASILIA DE MINAS/SAO FRANCISCO;2025-09-05;36;7507.0;458.0;0;5;0;;;0
Sudeste;MG;Piracema;31;315060.0;31031.0;ITAUNA;2025-09-05;36;6409.0;330.0;0;20;0;;;0
Sudeste;MG;Pirajuba;31;315070.0;31071.0;FRUTAL / ITURAMA;2025-09-05;36;6199.0;1543.0;0;31;0;;;0
Sudeste;MG;Piranga;31;315080.0;31079.0;CONSELHEIRO LAFAIETE;2025-09-05;36;17626.0;1584.0;0;39;0;;;0
Sudeste;MG;Piranguçu;31;315090.0;31003.0;ITAJUBA;2025-09-05;36;5472.0;1434.0;0;19;0;;;0
Sudeste;MG;Piranguinho;31;315100.0;31003.0;ITAJUBA;2025-09-05;36;8596.0;2134.0;0;51;0;;;0
Sudeste;MG;Pirapetinga;31;315110.0;31041.0;ALEM  PARAIBA;2025-09-05;36;10752.0;5710.0;0;38;0;;;0
Sudeste;MG;Pirapora;31;315120.0;31055.0;PIRAPORA;2025-09-05;36;56428.0;13313.0;0;121;0;;;0
Sudeste;MG;Piraúba;31;315130.0;31048.0;UBA;2025-09-05;36;10787.0;2447.0;0;34;0;;;0
Sudeste;MG;Pitangui;31;315140.0;31032.0;PARA DE MINAS;2025-09-05;36;27989.0;3979.0;0;118;0;;;0
Sudeste;MG;Piumhi;31;315150.0;31093.0;PIUMHI;2025-09-05;36;34691.0;11853.0;0;148;0;;;0
Sudeste;MG;Planura;31;315160.0;31071.0;FRUTAL / ITURAMA;2025-09-05;36;12133.0;3195.0;0;54;0;;;0
Sudeste;MG;Poço Fundo;31;315170.0;31001.0;ALFENAS / MACHADO;2025-09-05;36;16791.0;5532.0;0;27;0;;;0
Sudeste;MG;Poços de Caldas;31;315180.0;31006.0;POCOS DE CALDAS;2025-09-05;36;167397.0;35816.0;0;631;0;;;0
Sudeste;MG;Pocrane;31;315190.0;31059.0;MANHUACU;2025-09-05;36;8432.0;1164.0;0;15;0;;;0
Sudeste;MG;Pompéu;31;315200.0;31024.0;SETE LAGOAS;2025-09-05;36;31812.0;7069.0;0;70;0;;;0
Sudeste;MG;Ponte Nova;31;315210.0;31060.0;PONTE NOVA;2025-09-05;36;59742.0;11180.0;0;229;0;;;0
Sudeste;MG;Ponto Chique;31;315213.0;31055.0;PIRAPORA;2025-09-05;36;4261.0;679.0;0;16;0;;;0
Sudeste;MG;Ponto dos Volantes;31;315217.0;31065.0;ITAOBIM;2025-09-05;36;12121.0;1107.0;0;24;0;;;0
Sudeste;MG;Porteirinha;31;315220.0;31052.0;JANAUBA/MONTE AZUL;2025-09-05;36;37906.0;6209.0;0;82;0;;;0
Sudeste;MG;Porto Firme;31;315230.0;31061.0;VICOSA;2025-09-05;36;11279.0;1452.0;0;17;0;;;0
Sudeste;MG;Poté;31;315240.0;31099.0;TEOFILO OTONI / MALACACHETA;2025-09-05;36;16555.0;1792.0;0;25;0;;;0
Sudeste;MG;Pouso Alegre;31;315250.0;31007.0;POUSO ALEGRE;2025-09-05;36;150737.0;48675.0;0;516;0;;;0
Sudeste;MG;Pouso Alto;31;315260.0;31008.0;SAO LOURENCO;2025-09-05;36;5940.0;1860.0;0;30;0;;;0
Sudeste;MG;Prados;31;315270.0;31015.0;SAO JOAO DEL REI;2025-09-05;36;9031.0;1567.0;0;23;0;;;0
Sudeste;MG;Prata;31;315280.0;31075.0;UBERLANDIA / ARAGUARI;2025-09-05;36;27856.0;10955.0;0;125;0;;;0
Sudeste;MG;Pratápolis;31;315290.0;31009.0;SAO SEBASTIAO DO PARAISO;2025-09-05;36;8603.0;3260.0;0;37;0;;;0
Sudeste;MG;Pratinha;31;315300.0;31070.0;ARAXA;2025-09-05;36;3603.0;681.0;0;6;0;;;0
Sudeste;MG;Presidente Bernardes;31;315310.0;31048.0;UBA;2025-09-05;36;5369.0;862.0;0;11;0;;;0
Sudeste;MG;Presidente Juscelino;31;315320.0;31019.0;CURVELO;2025-09-05;36;3641.0;381.0;0;8;0;;;0
Sudeste;MG;Presidente Kubitschek;31;315330.0;31026.0;DIAMANTINA;2025-09-05;36;3002.0;482.0;0;8;0;;;0
Sudeste;MG;Presidente Olegário;31;315340.0;31057.0;PATOS DE MINAS;2025-09-05;36;19573.0;3412.0;0;38;0;;;0
Sudeste;MG;Alto Jequitibá;31;315350.0;31059.0;MANHUACU;2025-09-05;36;8317.0;1541.0;0;16;0;;;0
Sudeste;MG;Prudente de Morais;31;315360.0;31024.0;SETE LAGOAS;2025-09-05;36;10733.0;988.0;0;25;0;;;0
Sudeste;MG;Quartel Geral;31;315370.0;31024.0;SETE LAGOAS;2025-09-05;36;3563.0;561.0;0;6;0;;;0
Sudeste;MG;Queluzito;31;315380.0;31079.0;CONSELHEIRO LAFAIETE;2025-09-05;36;1939.0;467.0;0;5;0;;;0
Sudeste;MG;Raposos;31;315390.0;31016.0;BELO HORIZONTE/ NOVA LIMA/ CAETE ;2025-09-05;36;16354.0;4239.0;0;49;0;;;1
Sudeste;MG;Raul Soares;31;315400.0;31060.0;PONTE NOVA;2025-09-05;36;23762.0;4687.0;0;69;0;;;0
Sudeste;MG;Recreio;31;315410.0;31044.0;LEOPOLDINA / CATAGUASES;2025-09-05;36;10517.0;2109.0;0;26;0;;;0
Sudeste;MG;Reduto;31;315415.0;31059.0;MANHUACU;2025-09-05;36;7154.0;829.0;0;18;0;;;0
Sudeste;MG;Resende Costa;31;315420.0;31015.0;SAO JOAO DEL REI;2025-09-05;36;11500.0;1743.0;0;24;0;;;0
Sudeste;MG;Resplendor;31;315430.0;31040.0;RESPLENDOR;2025-09-05;36;17397.0;3818.0;0;80;0;;;0
Sudeste;MG;Ressaquinha;31;315440.0;31013.0;BARBACENA;2025-09-05;36;4808.0;1038.0;0;13;0;;;0
Sudeste;MG;Riachinho;31;315445.0;31058.0;UNAI;2025-09-05;36;8136.0;1748.0;0;12;0;;;0
Sudeste;MG;Riacho dos Machados;31;315450.0;31052.0;JANAUBA/MONTE AZUL;2025-09-05;36;9481.0;929.0;0;8;0;;;0
Sudeste;MG;Ribeirão das Neves;31;315460.0;31016.0;BELO HORIZONTE/ NOVA LIMA/ CAETE ;2025-09-05;36;334858.0;29574.0;0;984;0;;;1
Sudeste;MG;Ribeirão Vermelho;31;315470.0;31004.0;LAVRAS;2025-09-05;36;4033.0;1256.0;0;14;0;;;0
Sudeste;MG;Rio Acima;31;315480.0;31016.0;BELO HORIZONTE/ NOVA LIMA/ CAETE ;2025-09-05;36;10312.0;1955.0;0;34;0;;;1
Sudeste;MG;Rio Casca;31;315490.0;31060.0;PONTE NOVA;2025-09-05;36;13564.0;2001.0;0;53;0;;;0
Sudeste;MG;Rio Doce;31;315500.0;31060.0;PONTE NOVA;2025-09-05;36;2610.0;522.0;0;9;0;;;0
Sudeste;MG;Rio do Prado;31;315510.0;31094.0;ALMENARA/JACINTO;2025-09-05;36;5150.0;760.0;0;9;0;;;0
Sudeste;MG;Rio Espera;31;315520.0;31079.0;CONSELHEIRO LAFAIETE;2025-09-05;36;5474.0;643.0;0;14;0;;;0
Sudeste;MG;Rio Manso;31;315530.0;31017.0;BETIM;2025-09-05;36;5832.0;1185.0;0;11;0;;;1
Sudeste;MG;Rio Novo;31;315540.0;31097.0;JUIZ DE FORA;2025-09-05;36;8949.0;723.0;0;30;0;;;0
Sudeste;MG;Rio Paranaíba;31;315550.0;31082.0;SAO GOTARDO;2025-09-05;36;12313.0;4174.0;0;36;0;;;0
Sudeste;MG;Rio Pardo de Minas;31;315560.0;31085.0;TAIOBEIRAS;2025-09-05;36;30914.0;2028.0;0;11;0;;;0
Sudeste;MG;Rio Piracicaba;31;315570.0;31023.0;JOAO MONLEVADE;2025-09-05;36;14339.0;3540.0;0;32;0;;;0
Sudeste;MG;Rio Pomba;31;315580.0;31048.0;UBA;2025-09-05;36;17910.0;1208.0;0;45;0;;;0
Sudeste;MG;Rio Preto;31;315590.0;31090.0;LIMA DUARTE;2025-09-05;36;5476.0;1486.0;0;7;0;;;0
Sudeste;MG;Rio Vermelho;31;315600.0;31020.0;GUANHAES;2025-09-05;36;12846.0;1290.0;0;11;0;;;0
Sudeste;MG;Ritápolis;31;315610.0;31015.0;SAO JOAO DEL REI;2025-09-05;36;4604.0;1168.0;0;16;0;;;0
Sudeste;MG;Rochedo de Minas;31;315620.0;31047.0;SAO JOAO NEPOMUCENO / BICAS;2025-09-05;36;2305.0;304.0;0;4;0;;;0
Sudeste;MG;Rodeiro;31;315630.0;31048.0;UBA;2025-09-05;36;8109.0;1658.0;0;21;0;;;0
Sudeste;MG;Romaria;31;315640.0;31074.0;PATROCINIO / MONTE CARMELO;2025-09-05;36;3533.0;2132.0;0;12;0;;;0
Sudeste;MG;Rosário da Limeira;31;315645.0;31045.0;MURIAE;2025-09-05;36;4594.0;456.0;0;8;0;;;0
Sudeste;MG;Rubelita;31;315650.0;31098.0;SALINAS;2025-09-05;36;5995.0;682.0;0;4;0;;;0
Sudeste;MG;Rubim;31;315660.0;31094.0;ALMENARA/JACINTO;2025-09-05;36;10241.0;2262.0;0;27;0;;;0
Sudeste;MG;Sabará;31;315670.0;31016.0;BELO HORIZONTE/ NOVA LIMA/ CAETE ;2025-09-05;36;136344.0;16076.0;0;288;0;;;1
Sudeste;MG;Sabinópolis;31;315680.0;31020.0;GUANHAES;2025-09-05;36;15470.0;1663.0;0;30;0;;;0
Sudeste;MG;Sacramento;31;315690.0;31072.0;UBERABA;2025-09-05;36;26185.0;10954.0;0;95;0;;;0
Sudeste;MG;Salinas;31;315700.0;31098.0;SALINAS;2025-09-05;36;41527.0;6503.0;0;65;0;;;0
Sudeste;MG;Salto da Divisa;31;315710.0;31094.0;ALMENARA/JACINTO;2025-09-05;36;7009.0;1001.0;0;21;0;;;0
Sudeste;MG;Santa Bárbara;31;315720.0;31021.0;ITABIRA;2025-09-05;36;31324.0;8424.0;0;63;0;;;0
Sudeste;MG;Santa Bárbara do Leste;31;315725.0;31034.0;CARATINGA;2025-09-05;36;8147.0;1014.0;0;33;0;;;0
Sudeste;MG;Santa Bárbara do Monte Verde;31;315727.0;31090.0;LIMA DUARTE;2025-09-05;36;3150.0;599.0;0;13;0;;;0
Sudeste;MG;Santa Bárbara do Tugúrio;31;315730.0;31013.0;BARBACENA;2025-09-05;36;4430.0;567.0;0;8;0;;;0
Sudeste;MG;Santa Cruz de Minas;31;315733.0;31015.0;SAO JOAO DEL REI;2025-09-05;36;8604.0;2569.0;0;26;0;;;0
Sudeste;MG;Santa Cruz de Salinas;31;315737.0;31098.0;SALINAS;2025-09-05;36;4142.0;294.0;0;3;0;;;0
Sudeste;MG;Santa Cruz do Escalvado;31;315740.0;31060.0;PONTE NOVA;2025-09-05;36;4758.0;840.0;0;9;0;;;0
Sudeste;MG;Santa Efigênia de Minas;31;315750.0;31036.0;GOVERNADOR VALADARES;2025-09-05;36;4409.0;1011.0;0;12;0;;;0
Sudeste;MG;Santa Fé de Minas;31;315760.0;31055.0;PIRAPORA;2025-09-05;36;3846.0;407.0;0;4;0;;;0
Sudeste;MG;Santa Helena de Minas;31;315765.0;31062.0;AGUAS FORMOSAS;2025-09-05;36;6366.0;1313.0;0;7;0;;;0
Sudeste;MG;Santa Juliana;31;315770.0;31070.0;ARAXA;2025-09-05;36;14003.0;1953.0;0;54;0;;;0
Sudeste;MG;Santa Luzia;31;315780.0;31016.0;BELO HORIZONTE/ NOVA LIMA/ CAETE ;2025-09-05;36;219134.0;15597.0;0;604;0;;;1
Sudeste;MG;Santa Margarida;31;315790.0;31059.0;MANHUACU;2025-09-05;36;16208.0;1676.0;0;43;0;;;0
Sudeste;MG;Santa Maria de Itabira;31;315800.0;31021.0;ITABIRA;2025-09-05;36;10847.0;2096.0;0;45;0;;;0
Sudeste;MG;Santa Maria do Salto;31;315810.0;31094.0;ALMENARA/JACINTO;2025-09-05;36;5232.0;1114.0;0;20;0;;;0
Sudeste;MG;Santa Maria do Suaçuí;31;315820.0;31081.0;SANTA MARIA DO SUACUI;2025-09-05;36;14615.0;1493.0;0;32;0;;;0
Sudeste;MG;Santana da Vargem;31;315830.0;31011.0;TRES PONTAS;2025-09-05;36;7100.0;1422.0;0;15;0;;;0
Sudeste;MG;Santana de Cataguases;31;315840.0;31044.0;LEOPOLDINA / CATAGUASES;2025-09-05;36;3872.0;1790.0;0;9;0;;;0
Sudeste;MG;Santana de Pirapama;31;315850.0;31024.0;SETE LAGOAS;2025-09-05;36;7642.0;1011.0;0;22;0;;;0
Sudeste;MG;Santana do Deserto;31;315860.0;31097.0;JUIZ DE FORA;2025-09-05;36;3976.0;763.0;0;18;0;;;0
Sudeste;MG;Santana do Garambéu;31;315870.0;31013.0;BARBACENA;2025-09-05;36;2458.0;322.0;0;6;0;;;0
Sudeste;MG;Santana do Jacaré;31;315880.0;31089.0;CAMPO BELO;2025-09-05;36;4821.0;1366.0;0;11;0;;;0
Sudeste;MG;Santana do Manhuaçu;31;315890.0;31059.0;MANHUACU;2025-09-05;36;8674.0;1761.0;0;19;0;;;0
Sudeste;MG;Santana do Paraíso;31;315895.0;31037.0;IPATINGA;2025-09-05;36;34663.0;8080.0;0;126;0;;;0
Sudeste;MG;Santana do Riacho;31;315900.0;31025.0;VESPASIANO;2025-09-05;36;4295.0;1213.0;0;7;0;;;0
Sudeste;MG;Santana dos Montes;31;315910.0;31079.0;CONSELHEIRO LAFAIETE;2025-09-05;36;3777.0;348.0;0;0;0;;;0
Sudeste;MG;Santa Rita de Caldas;31;315920.0;31006.0;POCOS DE CALDAS;2025-09-05;36;8949.0;2183.0;0;41;0;;;0
Sudeste;MG;Santa Rita de Jacutinga;31;315930.0;31090.0;LIMA DUARTE;2025-09-05;36;4884.0;1398.0;0;13;0;;;0
Sudeste;MG;Santa Rita de Minas;31;315935.0;31034.0;CARATINGA;2025-09-05;36;7212.0;1062.0;0;17;0;;;0
Sudeste;MG;Santa Rita de Ibitipoca;31;315940.0;31013.0;BARBACENA;2025-09-05;36;3425.0;646.0;0;4;0;;;0
Sudeste;MG;Santa Rita do Itueto;31;315950.0;31040.0;RESPLENDOR;2025-09-05;36;5489.0;1380.0;0;18;0;;;0
Sudeste;MG;Santa Rita do Sapucaí;31;315960.0;31007.0;POUSO ALEGRE;2025-09-05;36;43260.0;8972.0;0;94;0;;;0
Sudeste;MG;Santa Rosa da Serra;31;315970.0;31082.0;SAO GOTARDO;2025-09-05;36;3350.0;1280.0;0;6;0;;;0
Sudeste;MG;Santa Vitória;31;315980.0;31073.0;ITUIUTABA;2025-09-05;36;19742.0;9342.0;0;80;0;;;0
Sudeste;MG;Santo Antônio do Amparo;31;315990.0;31088.0;OLIVEIRA/SANTO ANTONIO DO AMPARO;2025-09-05;36;18525.0;2514.0;0;23;0;;;0
Sudeste;MG;Santo Antônio do Aventureiro;31;316000.0;31041.0;ALEM  PARAIBA;2025-09-05;36;3602.0;1370.0;0;21;0;;;0
Sudeste;MG;Santo Antônio do Grama;31;316010.0;31060.0;PONTE NOVA;2025-09-05;36;3911.0;945.0;0;11;0;;;0
Sudeste;MG;Santo Antônio do Itambé;31;316020.0;31095.0;SERRO;2025-09-05;36;3838.0;525.0;0;1;0;;;0
Sudeste;MG;Santo Antônio do Jacinto;31;316030.0;31094.0;ALMENARA/JACINTO;2025-09-05;36;11640.0;1594.0;0;15;0;;;0
Sudeste;MG;Santo Antônio do Monte;31;316040.0;31087.0;LAGOA DA PRATA/STO ANT DO MONTE;2025-09-05;36;28243.0;7848.0;0;98;0;;;0
Sudeste;MG;Santo Antônio do Retiro;31;316045.0;31085.0;TAIOBEIRAS;2025-09-05;36;7277.0;596.0;0;2;0;;;0
Sudeste;MG;Santo Antônio do Rio Abaixo;31;316050.0;31021.0;ITABIRA;2025-09-05;36;1765.0;138.0;0;5;0;;;0
Sudeste;MG;Santo Hipólito;31;316060.0;31019.0;CURVELO;2025-09-05;36;3087.0;451.0;0;7;0;;;0
Sudeste;MG;Santos Dumont;31;316070.0;31046.0;SANTOS DUMONT;2025-09-05;36;46487.0;8173.0;0;163;0;;;0
Sudeste;MG;São Bento Abade;31;316080.0;31010.0;TRES CORACOES;2025-09-05;36;5286.0;906.0;0;10;0;;;0
Sudeste;MG;São Brás do Suaçuí;31;316090.0;31078.0;CONGONHAS;2025-09-05;36;3738.0;1064.0;0;9;0;;;0
Sudeste;MG;São Domingos das Dores;31;316095.0;31034.0;CARATINGA;2025-09-05;36;5644.0;1073.0;0;13;0;;;0
Sudeste;MG;São Domingos do Prata;31;316100.0;31023.0;JOAO MONLEVADE;2025-09-05;36;17359.0;3439.0;0;28;0;;;0
Sudeste;MG;São Félix de Minas;31;316105.0;31038.0;MANTENA;2025-09-05;36;3369.0;437.0;0;8;0;;;0
Sudeste;MG;São Francisco;31;316110.0;31049.0;BRASILIA DE MINAS/SAO FRANCISCO;2025-09-05;36;56323.0;3607.0;0;85;0;;;0
Sudeste;MG;São Francisco de Paula;31;316120.0;31088.0;OLIVEIRA/SANTO ANTONIO DO AMPARO;2025-09-05;36;6527.0;1209.0;0;15;0;;;0
Sudeste;MG;São Francisco de Sales;31;316130.0;31071.0;FRUTAL / ITURAMA;2025-09-05;36;6238.0;1871.0;0;38;0;;;0
Sudeste;MG;São Francisco do Glória;31;316140.0;31045.0;MURIAE;2025-09-05;36;4844.0;775.0;0;10;0;;;0
Sudeste;MG;São Geraldo;31;316150.0;31048.0;UBA;2025-09-05;36;12366.0;1210.0;0;31;0;;;0
Sudeste;MG;São Geraldo da Piedade;31;316160.0;31036.0;GOVERNADOR VALADARES;2025-09-05;36;3962.0;616.0;0;16;0;;;0
Sudeste;MG;São Geraldo do Baixio;31;316165.0;31036.0;GOVERNADOR VALADARES;2025-09-05;36;4012.0;500.0;0;7;0;;;0
Sudeste;MG;São Gonçalo do Abaeté;31;316170.0;31057.0;PATOS DE MINAS;2025-09-05;36;8389.0;1355.0;0;18;0;;;0
Sudeste;MG;São Gonçalo do Pará;31;316180.0;31086.0;DIVINOPOLIS;2025-09-05;36;12411.0;769.0;0;32;0;;;0
Sudeste;MG;São Gonçalo do Rio Abaixo;31;316190.0;31021.0;ITABIRA;2025-09-05;36;10920.0;3345.0;0;32;0;;;0
Sudeste;MG;São Gonçalo do Sapucaí;31;316200.0;31012.0;VARGINHA;2025-09-05;36;25449.0;6347.0;0;79;0;;;0
Sudeste;MG;São Gotardo;31;316210.0;31082.0;SAO GOTARDO;2025-09-05;36;35469.0;9215.0;0;108;0;;;0
Sudeste;MG;São João Batista do Glória;31;316220.0;31092.0;PASSOS;2025-09-05;36;7453.0;2625.0;0;36;0;;;0
Sudeste;MG;São João da Lagoa;31;316225.0;31050.0;CORACAO DE JESUS;2025-09-05;36;4915.0;668.0;0;5;0;;;0
Sudeste;MG;São João da Mata;31;316230.0;31007.0;POUSO ALEGRE;2025-09-05;36;2749.0;1004.0;0;12;0;;;0
Sudeste;MG;São João da Ponte;31;316240.0;31049.0;BRASILIA DE MINAS/SAO FRANCISCO;2025-09-05;36;25165.0;793.0;0;32;0;;;0
Sudeste;MG;São João das Missões;31;316245.0;31076.0;MANGA;2025-09-05;36;13014.0;552.0;0;8;0;;;0
Sudeste;MG;São João del Rei;31;316250.0;31015.0;SAO JOAO DEL REI;2025-09-05;36;90082.0;21762.0;0;274;0;;;0
Sudeste;MG;São João do Manhuaçu;31;316255.0;31059.0;MANHUACU;2025-09-05;36;11559.0;1324.0;0;33;0;;;0
Sudeste;MG;São João do Manteninha;31;316257.0;31038.0;MANTENA;2025-09-05;36;5859.0;1111.0;0;19;0;;;0
Sudeste;MG;São João do Oriente;31;316260.0;31037.0;IPATINGA;2025-09-05;36;7498.0;1326.0;0;36;0;;;0
Sudeste;MG;São João do Pacuí;31;316265.0;31050.0;CORACAO DE JESUS;2025-09-05;36;4419.0;258.0;0;3;0;;;0
Sudeste;MG;São João do Paraíso;31;316270.0;31085.0;TAIOBEIRAS;2025-09-05;36;23618.0;3025.0;0;28;0;;;0
Sudeste;MG;São João Evangelista;31;316280.0;31080.0;PECANHA/SAO JOAO EVANGELISTA;2025-09-05;36;15774.0;1882.0;0;27;0;;;0
Sudeste;MG;São João Nepomuceno;31;316290.0;31047.0;SAO JOAO NEPOMUCENO / BICAS;2025-09-05;36;26361.0;4945.0;0;57;0;;;0
Sudeste;MG;São Joaquim de Bicas;31;316292.0;31017.0;BETIM;2025-09-05;36;31578.0;3066.0;0;123;0;;;1
Sudeste;MG;São José da Barra;31;316294.0;31092.0;PASSOS;2025-09-05;36;7426.0;1991.0;0;20;0;;;0
Sudeste;MG;São José da Lapa;31;316295.0;31025.0;VESPASIANO;2025-09-05;36;23766.0;5477.0;0;47;0;;;1
Sudeste;MG;São José da Safira;31;316300.0;31036.0;GOVERNADOR VALADARES;2025-09-05;36;4268.0;592.0;0;16;0;;;0
Sudeste;MG;São José da Varginha;31;316310.0;31032.0;PARA DE MINAS;2025-09-05;36;5004.0;369.0;0;1;0;;;0
Sudeste;MG;São José do Alegre;31;316320.0;31003.0;ITAJUBA;2025-09-05;36;4196.0;631.0;0;9;0;;;0
Sudeste;MG;São José do Divino;31;316330.0;31096.0;ITAMBACURI;2025-09-05;36;3860.0;426.0;0;5;0;;;0
Sudeste;MG;São José do Goiabal;31;316340.0;31060.0;PONTE NOVA;2025-09-05;36;5420.0;994.0;0;19;0;;;0
Sudeste;MG;São José do Jacuri;31;316350.0;31080.0;PECANHA/SAO JOAO EVANGELISTA;2025-09-05;36;6453.0;793.0;0;4;0;;;0
Sudeste;MG;São José do Mantimento;31;316360.0;31059.0;MANHUACU;2025-09-05;36;2791.0;354.0;0;3;0;;;0
Sudeste;MG;São Lourenço;31;316370.0;31008.0;SAO LOURENCO;2025-09-05;36;45851.0;17800.0;0;187;0;;;0
Sudeste;MG;São Miguel do Anta;31;316380.0;31061.0;VICOSA;2025-09-05;36;6938.0;1193.0;0;15;0;;;0
Sudeste;MG;São Pedro da União;31;316390.0;31002.0;GUAXUPE;2025-09-05;36;4659.0;1103.0;0;11;0;;;0
Sudeste;MG;São Pedro dos Ferros;31;316400.0;31060.0;PONTE NOVA;2025-09-05;36;7781.0;891.0;0;16;0;;;0
Sudeste;MG;São Pedro do Suaçuí;31;316410.0;31080.0;PECANHA/SAO JOAO EVANGELISTA;2025-09-05;36;5246.0;563.0;0;13;0;;;0
Sudeste;MG;São Romão;31;316420.0;31049.0;BRASILIA DE MINAS/SAO FRANCISCO;2025-09-05;36;12337.0;938.0;0;8;0;;;0
Sudeste;MG;São Roque de Minas;31;316430.0;31093.0;PIUMHI;2025-09-05;36;7051.0;2070.0;0;24;0;;;0
Sudeste;MG;São Sebastião da Bela Vista;31;316440.0;31007.0;POUSO ALEGRE;2025-09-05;36;5504.0;1321.0;0;16;0;;;0
Sudeste;MG;São Sebastião da Vargem Alegre;31;316443.0;31045.0;MURIAE;2025-09-05;36;3007.0;488.0;0;6;0;;;0
Sudeste;MG;São Sebastião do Anta;31;316447.0;31034.0;CARATINGA;2025-09-05;36;6555.0;704.0;0;15;0;;;0
Sudeste;MG;São Sebastião do Maranhão;31;316450.0;31081.0;SANTA MARIA DO SUACUI;2025-09-05;36;10044.0;1025.0;0;5;0;;;0
Sudeste;MG;São Sebastião do Oeste;31;316460.0;31086.0;DIVINOPOLIS;2025-09-05;36;6775.0;1077.0;0;18;0;;;0
Sudeste;MG;São Sebastião do Paraíso;31;316470.0;31009.0;SAO SEBASTIAO DO PARAISO;2025-09-05;36;70956.0;16996.0;0;347;0;;;0
Sudeste;MG;São Sebastião do Rio Preto;31;316480.0;31021.0;ITABIRA;2025-09-05;36;1506.0;256.0;0;2;0;;;0
Sudeste;MG;São Sebastião do Rio Verde;31;316490.0;31008.0;SAO LOURENCO;2025-09-05;36;2241.0;702.0;0;4;0;;;0
Sudeste;MG;São Tiago;31;316500.0;31015.0;SAO JOAO DEL REI;2025-09-05;36;10941.0;2500.0;0;19;0;;;0
Sudeste;MG;São Tomás de Aquino;31;316510.0;31009.0;SAO SEBASTIAO DO PARAISO;2025-09-05;36;7021.0;1614.0;0;33;0;;;0
Sudeste;MG;São Tomé das Letras;31;316520.0;31010.0;TRES CORACOES;2025-09-05;36;7089.0;1672.0;0;10;0;;;0
Sudeste;MG;São Vicente de Minas;31;316530.0;31015.0;SAO JOAO DEL REI;2025-09-05;36;7753.0;1026.0;0;12;0;;;0
Sudeste;MG;Sapucaí-Mirim;31;316540.0;31003.0;ITAJUBA;2025-09-05;36;6930.0;2243.0;0;7;0;;;0
Sudeste;MG;Sardoá;31;316550.0;31036.0;GOVERNADOR VALADARES;2025-09-05;36;6300.0;1066.0;0;12;0;;;0
Sudeste;MG;Sarzedo;31;316553.0;31018.0;CONTAGEM;2025-09-05;36;32752.0;4783.0;0;85;0;;;1
Sudeste;MG;Setubinha;31;316555.0;31099.0;TEOFILO OTONI / MALACACHETA;2025-09-05;36;12258.0;850.0;0;7;0;;;0
Sudeste;MG;Sem-Peixe;31;316556.0;31060.0;PONTE NOVA;2025-09-05;36;2633.0;381.0;0;7;0;;;0
Sudeste;MG;Senador Amaral;31;316557.0;31007.0;POUSO ALEGRE;2025-09-05;36;5356.0;1794.0;0;11;0;;;0
Sudeste;MG;Senador Cortes;31;316560.0;31047.0;SAO JOAO NEPOMUCENO / BICAS;2025-09-05;36;2005.0;739.0;0;5;0;;;0
Sudeste;MG;Senador Firmino;31;316570.0;31048.0;UBA;2025-09-05;36;7812.0;2065.0;0;14;0;;;0
Sudeste;MG;Senador José Bento;31;316580.0;31007.0;POUSO ALEGRE;2025-09-05;36;1502.0;488.0;0;6;0;;;0
Sudeste;MG;Senador Modestino Gonçalves;31;316590.0;31026.0;DIAMANTINA;2025-09-05;36;4156.0;577.0;0;8;0;;;0
Sudeste;MG;Senhora de Oliveira;31;316600.0;31079.0;CONSELHEIRO LAFAIETE;2025-09-05;36;5786.0;743.0;0;10;0;;;0
Sudeste;MG;Senhora do Porto;31;316610.0;31020.0;GUANHAES;2025-09-05;36;3523.0;435.0;0;2;0;;;0
Sudeste;MG;Senhora dos Remédios;31;316620.0;31013.0;BARBACENA;2025-09-05;36;10459.0;1037.0;0;19;0;;;0
Sudeste;MG;Sericita;31;316630.0;31060.0;PONTE NOVA;2025-09-05;36;7326.0;1123.0;0;6;0;;;0
Sudeste;MG;Seritinga;31;316640.0;31008.0;SAO LOURENCO;2025-09-05;36;1851.0;447.0;0;4;0;;;0
Sudeste;MG;Serra Azul de Minas;31;316650.0;31095.0;SERRO;2025-09-05;36;4293.0;320.0;0;0;0;;;0
Sudeste;MG;Serra da Saudade;31;316660.0;31028.0;BOM DESPACHO;2025-09-05;36;781.0;200.0;0;0;0;;;0
Sudeste;MG;Serra dos Aimorés;31;316670.0;31066.0;NANUQUE;2025-09-05;36;8699.0;903.0;0;12;0;;;0
Sudeste;MG;Serra do Salitre;31;316680.0;31057.0;PATOS DE MINAS;2025-09-05;36;11582.0;3131.0;0;49;0;;;0
Sudeste;MG;Serrania;31;316690.0;31001.0;ALFENAS / MACHADO;2025-09-05;36;7669.0;1581.0;0;29;0;;;0
Sudeste;MG;Serranópolis de Minas;31;316695.0;31052.0;JANAUBA/MONTE AZUL;2025-09-05;36;4781.0;441.0;0;2;0;;;0
Sudeste;MG;Serranos;31;316700.0;31008.0;SAO LOURENCO;2025-09-05;36;1963.0;368.0;0;1;0;;;0
Sudeste;MG;Serro;31;316710.0;31095.0;SERRO;2025-09-05;36;20966.0;2392.0;0;24;0;;;0
Sudeste;MG;Sete Lagoas;31;316720.0;31024.0;SETE LAGOAS;2025-09-05;36;239639.0;50258.0;0;727;0;;;0
Sudeste;MG;Silveirânia;31;316730.0;31048.0;UBA;2025-09-05;36;2261.0;279.0;0;3;0;;;0
Sudeste;MG;Silvianópolis;31;316740.0;31007.0;POUSO ALEGRE;2025-09-05;36;6238.0;1185.0;0;13;0;;;0
Sudeste;MG;Simão Pereira;31;316750.0;31097.0;JUIZ DE FORA;2025-09-05;36;2615.0;547.0;0;14;0;;;0
Sudeste;MG;Simonésia;31;316760.0;31059.0;MANHUACU;2025-09-05;36;19633.0;2942.0;0;50;0;;;0
Sudeste;MG;Sobrália;31;316770.0;31036.0;GOVERNADOR VALADARES;2025-09-05;36;5553.0;685.0;0;24;0;;;0
Sudeste;MG;Soledade de Minas;31;316780.0;31008.0;SAO LOURENCO;2025-09-05;36;6151.0;1250.0;0;11;0;;;0
Sudeste;MG;Tabuleiro;31;316790.0;31048.0;UBA;2025-09-05;36;3750.0;675.0;0;16;0;;;0
Sudeste;MG;Taiobeiras;31;316800.0;31085.0;TAIOBEIRAS;2025-09-05;36;34132.0;5936.0;0;47;0;;;0
Sudeste;MG;Taparuba;31;316805.0;31059.0;MANHUACU;2025-09-05;36;3110.0;1102.0;0;11;0;;;0
Sudeste;MG;Tapira;31;316810.0;31070.0;ARAXA;2025-09-05;36;4773.0;1219.0;0;9;0;;;0
Sudeste;MG;Tapiraí;31;316820.0;31030.0;FORMIGA;2025-09-05;36;1875.0;86.0;0;4;0;;;0
Sudeste;MG;Taquaraçu de Minas;31;316830.0;31016.0;BELO HORIZONTE/ NOVA LIMA/ CAETE ;2025-09-05;36;4077.0;678.0;0;10;0;;;1
Sudeste;MG;Tarumirim;31;316840.0;31036.0;GOVERNADOR VALADARES;2025-09-05;36;14326.0;624.0;0;52;0;;;0
Sudeste;MG;Teixeiras;31;316850.0;31061.0;VICOSA;2025-09-05;36;11661.0;2427.0;0;34;0;;;0
Sudeste;MG;Teófilo Otoni;31;316860.0;31099.0;TEOFILO OTONI / MALACACHETA;2025-09-05;36;140592.0;20711.0;0;399;0;;;0
Sudeste;MG;Timóteo;31;316870.0;31035.0;CORONEL FABRICIANO/TIMOTEO;2025-09-05;36;89842.0;18315.0;0;372;0;;;0
Sudeste;MG;Tiradentes;31;316880.0;31015.0;SAO JOAO DEL REI;2025-09-05;36;7981.0;2465.0;0;24;0;;;0
Sudeste;MG;Tiros;31;316890.0;31082.0;SAO GOTARDO;2025-09-05;36;6480.0;1299.0;0;18;0;;;0
Sudeste;MG;Tocantins;31;316900.0;31048.0;UBA;2025-09-05;36;16659.0;2783.0;0;62;0;;;0
Sudeste;MG;Tocos do Moji;31;316905.0;31007.0;POUSO ALEGRE;2025-09-05;36;4101.0;1599.0;0;10;0;;;0
Sudeste;MG;Toledo;31;316910.0;31007.0;POUSO ALEGRE;2025-09-05;36;6258.0;1716.0;0;34;0;;;0
Sudeste;MG;Tombos;31;316920.0;31042.0;CARANGOLA;2025-09-05;36;8022.0;1577.0;0;22;0;;;0
Sudeste;MG;Três Corações;31;316930.0;31010.0;TRES CORACOES;2025-09-05;36;79482.0;23118.0;0;326;0;;;0
Sudeste;MG;Três Marias;31;316935.0;31019.0;CURVELO;2025-09-05;36;32356.0;6244.0;0;93;0;;;0
Sudeste;MG;Três Pontas;31;316940.0;31011.0;TRES PONTAS;2025-09-05;36;56746.0;13272.0;0;192;0;;;0
Sudeste;MG;Tumiritinga;31;316950.0;31036.0;GOVERNADOR VALADARES;2025-09-05;36;6732.0;1084.0;0;22;0;;;0
Sudeste;MG;Tupaciguara;31;316960.0;31075.0;UBERLANDIA / ARAGUARI;2025-09-05;36;25327.0;6408.0;0;140;0;;;0
Sudeste;MG;Turmalina;31;316970.0;31027.0;TURMALINA/MINAS NOVAS/CAPELINHA;2025-09-05;36;19964.0;4534.0;0;29;0;;;0
Sudeste;MG;Turvolândia;31;316980.0;31007.0;POUSO ALEGRE;2025-09-05;36;5040.0;1931.0;0;17;0;;;0
Sudeste;MG;Ubá;31;316990.0;31048.0;UBA;2025-09-05;36;115552.0;29043.0;0;388;0;;;0
Sudeste;MG;Ubaí;31;317000.0;31049.0;BRASILIA DE MINAS/SAO FRANCISCO;2025-09-05;36;12533.0;1218.0;0;2;0;;;0
Sudeste;MG;Ubaporanga;31;317005.0;31034.0;CARATINGA;2025-09-05;36;12471.0;2228.0;0;45;0;;;0
Sudeste;MG;Uberaba;31;317010.0;31072.0;UBERABA;2025-09-05;36;333783.0;111377.0;0;1711;0;;;0
Sudeste;MG;Uberlândia;31;317020.0;31075.0;UBERLANDIA / ARAGUARI;2025-09-05;36;691305.0;246814.0;0;3678;0;;;0
Sudeste;MG;Umburatiba;31;317030.0;31062.0;AGUAS FORMOSAS;2025-09-05;36;2611.0;304.0;0;5;0;;;0
Sudeste;MG;Unaí;31;317040.0;31058.0;UNAI;2025-09-05;36;84378.0;25970.0;0;335;0;;;0
Sudeste;MG;União de Minas;31;317043.0;31071.0;FRUTAL / ITURAMA;2025-09-05;36;4304.0;811.0;0;11;0;;;0
Sudeste;MG;Uruana de Minas;31;317047.0;31058.0;UNAI;2025-09-05;36;3264.0;883.0;0;8;0;;;0
Sudeste;MG;Urucânia;31;317050.0;31060.0;PONTE NOVA;2025-09-05;36;10358.0;1506.0;0;34;0;;;0
Sudeste;MG;Urucuia;31;317052.0;31049.0;BRASILIA DE MINAS/SAO FRANCISCO;2025-09-05;36;16865.0;1004.0;0;8;0;;;0
Sudeste;MG;Vargem Alegre;31;317057.0;31034.0;CARATINGA;2025-09-05;36;6480.0;590.0;0;19;0;;;0
Sudeste;MG;Vargem Bonita;31;317060.0;31093.0;PIUMHI;2025-09-05;36;2153.0;646.0;0;4;0;;;0
Sudeste;MG;Vargem Grande do Rio Pardo;31;317065.0;31085.0;TAIOBEIRAS;2025-09-05;36;5007.0;768.0;0;7;0;;;0
Sudeste;MG;Varginha;31;317070.0;31012.0;VARGINHA;2025-09-05;36;135558.0;39467.0;0;460;0;;;0
Sudeste;MG;Varjão de Minas;31;317075.0;31057.0;PATOS DE MINAS;2025-09-05;36;7036.0;1641.0;0;17;0;;;0
Sudeste;MG;Várzea da Palma;31;317080.0;31055.0;PIRAPORA;2025-09-05;36;39493.0;7440.0;0;103;0;;;0
Sudeste;MG;Varzelândia;31;317090.0;31049.0;BRASILIA DE MINAS/SAO FRANCISCO;2025-09-05;36;19320.0;1125.0;0;37;0;;;0
Sudeste;MG;Vazante;31;317100.0;31057.0;PATOS DE MINAS;2025-09-05;36;20590.0;5640.0;0;75;0;;;0
Sudeste;MG;Verdelândia;31;317103.0;31052.0;JANAUBA/MONTE AZUL;2025-09-05;36;9355.0;808.0;0;9;0;;;0
Sudeste;MG;Veredinha;31;317107.0;31027.0;TURMALINA/MINAS NOVAS/CAPELINHA;2025-09-05;36;5720.0;674.0;0;2;0;;;0
Sudeste;MG;Veríssimo;31;317110.0;31072.0;UBERABA;2025-09-05;36;3999.0;1086.0;0;11;0;;;0
Sudeste;MG;Vermelho Novo;31;317115.0;31034.0;CARATINGA;2025-09-05;36;4839.0;533.0;0;14;0;;;0
Sudeste;MG;Vespasiano;31;317120.0;31025.0;VESPASIANO;2025-09-05;36;127601.0;12523.0;0;253;0;;;1
Sudeste;MG;Viçosa;31;317130.0;31061.0;VICOSA;2025-09-05;36;78846.0;20694.0;0;172;0;;;0
Sudeste;MG;Vieiras;31;317140.0;31045.0;MURIAE;2025-09-05;36;3608.0;695.0;0;7;0;;;0
Sudeste;MG;Mathias Lobato;31;317150.0;31036.0;GOVERNADOR VALADARES;2025-09-05;36;3203.0;616.0;0;14;0;;;0
Sudeste;MG;Virgem da Lapa;31;317160.0;31064.0;ARACUAI;2025-09-05;36;13752.0;1221.0;0;11;0;;;0
Sudeste;MG;Virgínia;31;317170.0;31008.0;SAO LOURENCO;2025-09-05;36;8674.0;1920.0;0;13;0;;;0
Sudeste;MG;Virginópolis;31;317180.0;31020.0;GUANHAES;2025-09-05;36;10510.0;1630.0;0;14;0;;;0
Sudeste;MG;Virgolândia;31;317190.0;31036.0;GOVERNADOR VALADARES;2025-09-05;36;5380.0;900.0;0;14;0;;;0
Sudeste;MG;Visconde do Rio Branco;31;317200.0;31048.0;UBA;2025-09-05;36;42564.0;9066.0;0;142;0;;;0
Sudeste;MG;Volta Grande;31;317210.0;31041.0;ALEM  PARAIBA;2025-09-05;36;5252.0;1513.0;0;17;0;;;0
Sudeste;MG;Wenceslau Braz;31;317220.0;31003.0;ITAJUBA;2025-09-05;36;2552.0;651.0;0;8;0;;;0
Sudeste;ES;;32;320000.0;;;2025-09-05;36;;9643.0;0;285;0;;;
Sudeste;ES;Afonso Cláudio;32;320010.0;32002.0;METROPOLITANA;2025-09-05;36;30586.0;8968.0;0;91;0;;;0
Sudeste;ES;Águia Branca;32;320013.0;32001.0;CENTRAL;2025-09-05;36;9642.0;4336.0;0;68;0;;;0
Sudeste;ES;Água Doce do Norte;32;320016.0;32003.0;NORTE;2025-09-05;36;11019.0;3064.0;0;50;0;;;0
Sudeste;ES;Alegre;32;320020.0;32004.0;SUL;2025-09-05;36;30084.0;9941.0;0;96;0;;;0
Sudeste;ES;Alfredo Chaves;32;320030.0;32004.0;SUL;2025-09-05;36;14601.0;5950.0;0;49;0;;;0
Sudeste;ES;Alto Rio Novo;32;320035.0;32001.0;CENTRAL;2025-09-05;36;7836.0;1788.0;0;29;0;;;0
Sudeste;ES;Anchieta;32;320040.0;32004.0;SUL;2025-09-05;36;29263.0;12685.0;0;122;0;;;0
Sudeste;ES;Apiacá;32;320050.0;32004.0;SUL;2025-09-05;36;7567.0;2808.0;0;42;0;;;0
Sudeste;ES;Aracruz;32;320060.0;32001.0;CENTRAL;2025-09-05;36;101220.0;42771.0;0;293;0;;;0
Sudeste;ES;Atílio Vivacqua;32;320070.0;32004.0;SUL;2025-09-05;36;11936.0;3560.0;0;40;0;;;0
Sudeste;ES;Baixo Guandu;32;320080.0;32001.0;CENTRAL;2025-09-05;36;30998.0;11743.0;0;109;0;;;0
Sudeste;ES;Barra de São Francisco;32;320090.0;32003.0;NORTE;2025-09-05;36;44650.0;13712.0;0;272;0;;;0
Sudeste;ES;Boa Esperança;32;320100.0;32003.0;NORTE;2025-09-05;36;15037.0;5619.0;0;60;0;;;0
Sudeste;ES;Bom Jesus do Norte;32;320110.0;32004.0;SUL;2025-09-05;36;9936.0;3175.0;0;33;0;;;0
Sudeste;ES;Brejetuba;32;320115.0;32002.0;METROPOLITANA;2025-09-05;36;12404.0;3241.0;0;23;0;;;0
Sudeste;ES;Cachoeiro de Itapemirim;32;320120.0;32004.0;SUL;2025-09-05;36;208972.0;69980.0;0;762;0;;;0
Sudeste;ES;Cariacica;32;320130.0;32002.0;METROPOLITANA;2025-09-05;36;381285.0;106358.0;0;1644;0;;;1
Sudeste;ES;Castelo;32;320140.0;32004.0;SUL;2025-09-05;36;37534.0;15621.0;0;154;0;;;0
Sudeste;ES;Colatina;32;320150.0;32001.0;CENTRAL;2025-09-05;36;122499.0;55394.0;0;417;0;;;0
Sudeste;ES;Conceição da Barra;32;320160.0;32003.0;NORTE;2025-09-05;36;31063.0;7949.0;0;82;0;;;0
Sudeste;ES;Conceição do Castelo;32;320170.0;32002.0;METROPOLITANA;2025-09-05;36;12723.0;3619.0;0;35;0;;;0
Sudeste;ES;Divino de São Lourenço;32;320180.0;32004.0;SUL;2025-09-05;36;4304.0;1055.0;0;15;0;;;0
Sudeste;ES;Domingos Martins;32;320190.0;32002.0;METROPOLITANA;2025-09-05;36;33850.0;13056.0;0;100;0;;;0
Sudeste;ES;Dores do Rio Preto;32;320200.0;32004.0;SUL;2025-09-05;36;6749.0;1839.0;0;15;0;;;0
Sudeste;ES;Ecoporanga;32;320210.0;32003.0;NORTE;2025-09-05;36;22923.0;8049.0;0;97;0;;;0
Sudeste;ES;Fundão;32;320220.0;32002.0;METROPOLITANA;2025-09-05;36;21509.0;7853.0;0;82;0;;;1
Sudeste;ES;Governador Lindenberg;32;320225.0;32001.0;CENTRAL;2025-09-05;36;12709.0;5697.0;0;35;0;;;0
Sudeste;ES;Guaçuí;32;320230.0;32004.0;SUL;2025-09-05;36;30867.0;7650.0;0;137;0;;;0
Sudeste;ES;Guarapari;32;320240.0;32002.0;METROPOLITANA;2025-09-05;36;124859.0;34866.0;0;545;0;;;1
Sudeste;ES;Ibatiba;32;320245.0;32002.0;METROPOLITANA;2025-09-05;36;26082.0;8664.0;0;123;0;;;0
Sudeste;ES;Ibiraçu;32;320250.0;32001.0;CENTRAL;2025-09-05;36;12479.0;5475.0;0;52;0;;;0
Sudeste;ES;Ibitirama;32;320255.0;32004.0;SUL;2025-09-05;36;8889.0;1849.0;0;21;0;;;0
Sudeste;ES;Iconha;32;320260.0;32004.0;SUL;2025-09-05;36;13860.0;6484.0;0;30;0;;;0
Sudeste;ES;Irupi;32;320265.0;32004.0;SUL;2025-09-05;36;13377.0;3674.0;0;55;0;;;0
Sudeste;ES;Itaguaçu;32;320270.0;32002.0;METROPOLITANA;2025-09-05;36;14066.0;6565.0;0;32;0;;;0
Sudeste;ES;Itapemirim;32;320280.0;32004.0;SUL;2025-09-05;36;34348.0;11327.0;0;181;0;;;0
Sudeste;ES;Itarana;32;320290.0;32002.0;METROPOLITANA;2025-09-05;36;10555.0;4549.0;0;31;0;;;0
Sudeste;ES;Iúna;32;320300.0;32004.0;SUL;2025-09-05;36;29161.0;7285.0;0;98;0;;;0
Sudeste;ES;Jaguaré;32;320305.0;32003.0;NORTE;2025-09-05;36;30477.0;10288.0;0;65;0;;;0
Sudeste;ES;Jerônimo Monteiro;32;320310.0;32004.0;SUL;2025-09-05;36;12192.0;5518.0;0;60;0;;;0
Sudeste;ES;João Neiva;32;320313.0;32001.0;CENTRAL;2025-09-05;36;16668.0;7239.0;0;62;0;;;0
Sudeste;ES;Laranja da Terra;32;320316.0;32002.0;METROPOLITANA;2025-09-05;36;10947.0;4017.0;0;20;0;;;0
Sudeste;ES;Linhares;32;320320.0;32001.0;CENTRAL;2025-09-05;36;173555.0;66186.0;0;523;0;;;0
Sudeste;ES;Mantenópolis;32;320330.0;32001.0;CENTRAL;2025-09-05;36;15350.0;2666.0;0;53;0;;;0
Sudeste;ES;Marataízes;32;320332.0;32004.0;SUL;2025-09-05;36;38499.0;15448.0;0;253;0;;;0
Sudeste;ES;Marechal Floriano;32;320334.0;32002.0;METROPOLITANA;2025-09-05;36;16694.0;8566.0;0;74;0;;;0
Sudeste;ES;Marilândia;32;320335.0;32001.0;CENTRAL;2025-09-05;36;12833.0;6791.0;0;39;0;;;0
Sudeste;ES;Mimoso do Sul;32;320340.0;32004.0;SUL;2025-09-05;36;26153.0;7746.0;0;82;0;;;0
Sudeste;ES;Montanha;32;320350.0;32003.0;NORTE;2025-09-05;36;18833.0;6037.0;0;79;0;;;0
Sudeste;ES;Mucurici;32;320360.0;32003.0;NORTE;2025-09-05;36;5524.0;1813.0;0;11;0;;;0
Sudeste;ES;Muniz Freire;32;320370.0;32004.0;SUL;2025-09-05;36;17465.0;5994.0;0;59;0;;;0
Sudeste;ES;Muqui;32;320380.0;32004.0;SUL;2025-09-05;36;15449.0;6387.0;0;66;0;;;0
Sudeste;ES;Nova Venécia;32;320390.0;32003.0;NORTE;2025-09-05;36;50110.0;17838.0;0;163;0;;;0
Sudeste;ES;Pancas;32;320400.0;32001.0;CENTRAL;2025-09-05;36;23184.0;6367.0;0;37;0;;;0
Sudeste;ES;Pedro Canário;32;320405.0;32003.0;NORTE;2025-09-05;36;26184.0;7075.0;0;72;0;;;0
Sudeste;ES;Pinheiros;32;320410.0;32003.0;NORTE;2025-09-05;36;27047.0;8877.0;0;109;0;;;0
Sudeste;ES;Piúma;32;320420.0;32004.0;SUL;2025-09-05;36;21711.0;7845.0;0;107;0;;;0
Sudeste;ES;Ponto Belo;32;320425.0;32003.0;NORTE;2025-09-05;36;7863.0;2692.0;0;18;0;;;0
Sudeste;ES;Presidente Kennedy;32;320430.0;32004.0;SUL;2025-09-05;36;11574.0;4670.0;0;61;0;;;0
Sudeste;ES;Rio Bananal;32;320435.0;32001.0;CENTRAL;2025-09-05;36;19141.0;6904.0;0;46;0;;;0
Sudeste;ES;Rio Novo do Sul;32;320440.0;32004.0;SUL;2025-09-05;36;11622.0;4015.0;0;38;0;;;0
Sudeste;ES;Santa Leopoldina;32;320450.0;32002.0;METROPOLITANA;2025-09-05;36;12224.0;3674.0;0;31;0;;;0
Sudeste;ES;Santa Maria de Jetibá;32;320455.0;32002.0;METROPOLITANA;2025-09-05;36;40431.0;15149.0;0;82;0;;;0
Sudeste;ES;Santa Teresa;32;320460.0;32002.0;METROPOLITANA;2025-09-05;36;23590.0;12654.0;0;82;0;;;0
Sudeste;ES;São Domingos do Norte;32;320465.0;32001.0;CENTRAL;2025-09-05;36;8638.0;4634.0;0;26;0;;;0
Sudeste;ES;São Gabriel da Palha;32;320470.0;32001.0;CENTRAL;2025-09-05;36;37947.0;19333.0;0;98;0;;;0
Sudeste;ES;São José do Calçado;32;320480.0;32004.0;SUL;2025-09-05;36;10556.0;3832.0;0;88;0;;;0
Sudeste;ES;São Mateus;32;320490.0;32003.0;NORTE;2025-09-05;36;130611.0;40508.0;0;375;0;;;0
Sudeste;ES;São Roque do Canaã;32;320495.0;32001.0;CENTRAL;2025-09-05;36;12415.0;5520.0;0;23;0;;;0
Sudeste;ES;Serra;32;320500.0;32002.0;METROPOLITANA;2025-09-05;36;517510.0;158836.0;0;1818;0;;;1
Sudeste;ES;Sooretama;32;320501.0;32001.0;CENTRAL;2025-09-05;36;30070.0;9582.0;0;73;0;;;0
Sudeste;ES;Vargem Alta;32;320503.0;32004.0;SUL;2025-09-05;36;21402.0;6489.0;0;53;0;;;0
Sudeste;ES;Venda Nova do Imigrante;32;320506.0;32002.0;METROPOLITANA;2025-09-05;36;25277.0;10423.0;0;61;0;;;0
Sudeste;ES;Viana;32;320510.0;32002.0;METROPOLITANA;2025-09-05;36;78239.0;23796.0;0;316;0;;;1
Sudeste;ES;Vila Pavão;32;320515.0;32003.0;NORTE;2025-09-05;36;9208.0;3285.0;0;22;0;;;0
Sudeste;ES;Vila Valério;32;320517.0;32001.0;CENTRAL;2025-09-05;36;14080.0;6894.0;0;38;0;;;0
Sudeste;ES;Vila Velha;32;320520.0;32002.0;METROPOLITANA;2025-09-05;36;493838.0;157507.0;0;2081;0;;;1
Sudeste;ES;Vitória;32;320530.0;32002.0;METROPOLITANA;2025-09-05;36;362097.0;162034.0;0;1490;0;;;1
Sudeste;RJ;;33;330000.0;;;2025-09-05;36;;0.0;0;0;0;;;
Sudeste;RJ;Angra dos Reis;33;330010.0;33001.0;BAIA DA ILHA GRANDE;2025-09-05;36;203785.0;30130.0;0;628;0;;;0
Sudeste;RJ;Aperibé;33;330015.0;33007.0;NOROESTE;2025-09-05;36;11759.0;2301.0;0;35;0;;;0
Sudeste;RJ;Araruama;33;330020.0;33002.0;BAIXADA LITORANEA;2025-09-05;36;132400.0;11644.0;0;531;0;;;0
Sudeste;RJ;Areal;33;330022.0;33003.0;CENTRO-SUL;2025-09-05;36;12572.0;2781.0;0;57;0;;;0
Sudeste;RJ;Armação dos Búzios;33;330023.0;33002.0;BAIXADA LITORANEA;2025-09-05;36;33870.0;9474.0;0;86;0;;;0
Sudeste;RJ;Arraial do Cabo;33;330025.0;33002.0;BAIXADA LITORANEA;2025-09-05;36;30349.0;4497.0;0;57;0;;;0
Sudeste;RJ;Barra do Piraí;33;330030.0;33004.0;MEDIO PARAIBA;2025-09-05;36;100374.0;14130.0;0;463;0;;;0
Sudeste;RJ;Barra Mansa;33;330040.0;33004.0;MEDIO PARAIBA;2025-09-05;36;184412.0;50234.0;0;782;0;;;0
Sudeste;RJ;Belford Roxo;33;330045.0;33005.0;METROPOLITANA I;2025-09-05;36;510906.0;53694.0;0;1040;0;;;1
Sudeste;RJ;Bom Jardim;33;330050.0;33009.0;SERRANA;2025-09-05;36;27446.0;5333.0;0;64;0;;;0
Sudeste;RJ;Bom Jesus do Itabapoana;33;330060.0;33007.0;NOROESTE;2025-09-05;36;37096.0;9156.0;0;127;0;;;0
Sudeste;RJ;Cabo Frio;33;330070.0;33002.0;BAIXADA LITORANEA;2025-09-05;36;226525.0;33351.0;0;1100;0;;;0
Sudeste;RJ;Cachoeiras de Macacu;33;330080.0;33009.0;SERRANA;2025-09-05;36;58937.0;8058.0;0;126;0;;;1
Sudeste;RJ;Cambuci;33;330090.0;33007.0;NOROESTE;2025-09-05;36;15505.0;3951.0;0;56;0;;;0
Sudeste;RJ;Carapebus;33;330093.0;33008.0;NORTE;2025-09-05;36;16301.0;3042.0;0;20;0;;;0
Sudeste;RJ;Comendador Levy Gasparian;33;330095.0;33003.0;CENTRO-SUL;2025-09-05;36;8561.0;1994.0;0;34;0;;;0
Sudeste;RJ;Campos dos Goytacazes;33;330100.0;33008.0;NORTE;2025-09-05;36;507548.0;58744.0;0;2483;0;;;0
Sudeste;RJ;Cantagalo;33;330110.0;33009.0;SERRANA;2025-09-05;36;20172.0;5932.0;0;39;0;;;0
Sudeste;RJ;Cardoso Moreira;33;330115.0;33007.0;NOROESTE;2025-09-05;36;12823.0;2789.0;0;23;0;;;0
Sudeste;RJ;Carmo;33;330120.0;33009.0;SERRANA;2025-09-05;36;18895.0;4297.0;0;63;0;;;0
Sudeste;RJ;Casimiro de Abreu;33;330130.0;33002.0;BAIXADA LITORANEA;2025-09-05;36;44184.0;9051.0;0;168;0;;;0
Sudeste;RJ;Conceição de Macabu;33;330140.0;33008.0;NORTE;2025-09-05;36;23228.0;3532.0;0;86;0;;;0
Sudeste;RJ;Cordeiro;33;330150.0;33009.0;SERRANA;2025-09-05;36;21926.0;7425.0;0;28;0;;;0
Sudeste;RJ;Duas Barras;33;330160.0;33009.0;SERRANA;2025-09-05;36;11492.0;590.0;0;9;0;;;0
Sudeste;RJ;Duque de Caxias;33;330170.0;33005.0;METROPOLITANA I;2025-09-05;36;919596.0;43216.0;0;1995;0;;;1
Sudeste;RJ;Engenheiro Paulo de Frontin;33;330180.0;33003.0;CENTRO-SUL;2025-09-05;36;14002.0;2909.0;0;77;0;;;0
Sudeste;RJ;Guapimirim;33;330185.0;33009.0;SERRANA;2025-09-05;36;60517.0;10369.0;0;209;0;;;1
Sudeste;RJ;Iguaba Grande;33;330187.0;33002.0;BAIXADA LITORANEA;2025-09-05;36;28310.0;8661.0;0;166;0;;;0
Sudeste;RJ;Itaboraí;33;330190.0;33006.0;METROPOLITANA II;2025-09-05;36;240592.0;31918.0;0;1082;0;;;1
Sudeste;RJ;Itaguaí;33;330200.0;33005.0;METROPOLITANA I;2025-09-05;36;133019.0;22779.0;0;444;0;;;1
Sudeste;RJ;Italva;33;330205.0;33007.0;NOROESTE;2025-09-05;36;15207.0;2441.0;0;38;0;;;0
Sudeste;RJ;Itaocara;33;330210.0;33007.0;NOROESTE;2025-09-05;36;23234.0;6971.0;0;98;0;;;0
Sudeste;RJ;Itaperuna;33;330220.0;33007.0;NOROESTE;2025-09-05;36;103224.0;31444.0;0;316;0;;;0
Sudeste;RJ;Itatiaia;33;330225.0;33004.0;MEDIO PARAIBA;2025-09-05;36;31805.0;6245.0;0;92;0;;;0
Sudeste;RJ;Japeri;33;330227.0;33005.0;METROPOLITANA I;2025-09-05;36;104768.0;1984.0;0;166;0;;;1
Sudeste;RJ;Laje do Muriaé;33;330230.0;33007.0;NOROESTE;2025-09-05;36;7355.0;1777.0;0;16;0;;;0
Sudeste;RJ;Macaé;33;330240.0;33008.0;NORTE;2025-09-05;36;256672.0;61092.0;0;948;0;;;0
Sudeste;RJ;Macuco;33;330245.0;33009.0;SERRANA;2025-09-05;36;5599.0;1865.0;0;17;0;;;0
Sudeste;RJ;Magé;33;330250.0;33005.0;METROPOLITANA I;2025-09-05;36;245071.0;22814.0;0;755;0;;;1
Sudeste;RJ;Mangaratiba;33;330260.0;33001.0;BAIA DA ILHA GRANDE;2025-09-05;36;44468.0;6688.0;0;180;0;;;0
Sudeste;RJ;Maricá;33;330270.0;33006.0;METROPOLITANA II;2025-09-05;36;161207.0;28236.0;0;854;0;;;1
Sudeste;RJ;Mendes;33;330280.0;33003.0;CENTRO-SUL;2025-09-05;36;18614.0;5692.0;0;69;0;;;0
Sudeste;RJ;Mesquita;33;330285.0;33005.0;METROPOLITANA I;2025-09-05;36;176103.0;9222.0;0;565;0;;;1
Sudeste;RJ;Miguel Pereira;33;330290.0;33003.0;CENTRO-SUL;2025-09-05;36;25538.0;8158.0;0;85;0;;;0
Sudeste;RJ;Miracema;33;330300.0;33007.0;NOROESTE;2025-09-05;36;27174.0;4084.0;0;158;0;;;0
Sudeste;RJ;Natividade;33;330310.0;33007.0;NOROESTE;2025-09-05;36;15317.0;1854.0;0;32;0;;;0
Sudeste;RJ;Nilópolis;33;330320.0;33005.0;METROPOLITANA I;2025-09-05;36;162485.0;9155.0;0;664;0;;;1
Sudeste;RJ;Niterói;33;330330.0;33006.0;METROPOLITANA II;2025-09-05;36;513584.0;95482.0;0;3118;0;;;1
Sudeste;RJ;Nova Friburgo;33;330340.0;33009.0;SERRANA;2025-09-05;36;190631.0;47875.0;0;1054;0;;;0
Sudeste;RJ;Nova Iguaçu;33;330350.0;33005.0;METROPOLITANA I;2025-09-05;36;821128.0;77667.0;0;2318;0;;;1
Sudeste;RJ;Paracambi;33;330360.0;33003.0;CENTRO-SUL;2025-09-05;36;52257.0;6113.0;0;144;0;;;1
Sudeste;RJ;Paraíba do Sul;33;330370.0;33003.0;CENTRO-SUL;2025-09-05;36;44285.0;12249.0;0;192;0;;;0
Sudeste;RJ;Paraty;33;330380.0;33001.0;BAIA DA ILHA GRANDE;2025-09-05;36;43165.0;5790.0;0;105;0;;;0
Sudeste;RJ;Paty do Alferes;33;330385.0;33003.0;CENTRO-SUL;2025-09-05;36;27769.0;4683.0;0;97;0;;;0
Sudeste;RJ;Petrópolis;33;330390.0;33009.0;SERRANA;2025-09-05;36;306191.0;84252.0;0;1832;0;;;1
Sudeste;RJ;Pinheiral;33;330395.0;33004.0;MEDIO PARAIBA;2025-09-05;36;25156.0;6985.0;0;90;0;;;0
Sudeste;RJ;Piraí;33;330400.0;33004.0;MEDIO PARAIBA;2025-09-05;36;29277.0;8765.0;0;125;0;;;0
Sudeste;RJ;Porciúncula;33;330410.0;33007.0;NOROESTE;2025-09-05;36;18847.0;4283.0;0;113;0;;;0
Sudeste;RJ;Porto Real;33;330411.0;33004.0;MEDIO PARAIBA;2025-09-05;36;19683.0;4542.0;0;49;0;;;0
Sudeste;RJ;Quatis;33;330412.0;33004.0;MEDIO PARAIBA;2025-09-05;36;14302.0;1868.0;0;38;0;;;0
Sudeste;RJ;Queimados;33;330414.0;33005.0;METROPOLITANA I;2025-09-05;36;150319.0;11385.0;0;272;0;;;1
Sudeste;RJ;Quissamã;33;330415.0;33008.0;NORTE;2025-09-05;36;24700.0;7190.0;0;125;0;;;0
Sudeste;RJ;Resende;33;330420.0;33004.0;MEDIO PARAIBA;2025-09-05;36;131341.0;35075.0;0;602;0;;;0
Sudeste;RJ;Rio Bonito;33;330430.0;33006.0;METROPOLITANA II;2025-09-05;36;60201.0;15501.0;0;292;0;;;1
Sudeste;RJ;Rio Claro;33;330440.0;33004.0;MEDIO PARAIBA;2025-09-05;36;18529.0;2712.0;0;79;0;;;0
Sudeste;RJ;Rio das Flores;33;330450.0;33004.0;MEDIO PARAIBA;2025-09-05;36;9284.0;1277.0;0;18;0;;;0
Sudeste;RJ;Rio das Ostras;33;330452.0;33002.0;BAIXADA LITORANEA;2025-09-05;36;150674.0;31892.0;0;592;0;;;0
Sudeste;RJ;Rio de Janeiro;33;330455.0;33005.0;METROPOLITANA I;2025-09-05;36;6718903.0;1441445.0;0;38769;0;;;1
Sudeste;RJ;Santa Maria Madalena;33;330460.0;33009.0;SERRANA;2025-09-05;36;10404.0;460.0;0;11;0;;;0
Sudeste;RJ;Santo Antônio de Pádua;33;330470.0;33007.0;NOROESTE;2025-09-05;36;42479.0;12575.0;0;176;0;;;0
Sudeste;RJ;São Francisco de Itabapoana;33;330475.0;33008.0;NORTE;2025-09-05;36;42205.0;5634.0;0;139;0;;;0
Sudeste;RJ;São Fidélis;33;330480.0;33008.0;NORTE;2025-09-05;36;38669.0;1001.0;0;117;0;;;0
Sudeste;RJ;São Gonçalo;33;330490.0;33006.0;METROPOLITANA II;2025-09-05;36;1084839.0;133281.0;0;4265;0;;;1
Sudeste;RJ;São João da Barra;33;330500.0;33008.0;NORTE;2025-09-05;36;36102.0;8087.0;0;184;0;;;0
Sudeste;RJ;São João de Meriti;33;330510.0;33005.0;METROPOLITANA I;2025-09-05;36;472406.0;33838.0;0;1525;0;;;1
Sudeste;RJ;São José de Ubá;33;330513.0;33007.0;NOROESTE;2025-09-05;36;7171.0;1664.0;0;9;0;;;0
Sudeste;RJ;São José do Vale do Rio Preto;33;330515.0;33009.0;SERRANA;2025-09-05;36;21795.0;4286.0;0;75;0;;;0
Sudeste;RJ;São Pedro da Aldeia;33;330520.0;33002.0;BAIXADA LITORANEA;2025-09-05;36;104476.0;10902.0;0;359;0;;;0
Sudeste;RJ;São Sebastião do Alto;33;330530.0;33009.0;SERRANA;2025-09-05;36;9357.0;834.0;0;35;0;;;0
Sudeste;RJ;Sapucaia;33;330540.0;33003.0;CENTRO-SUL;2025-09-05;36;18228.0;5808.0;0;128;0;;;0
Sudeste;RJ;Saquarema;33;330550.0;33002.0;BAIXADA LITORANEA;2025-09-05;36;89170.0;13275.0;0;430;0;;;0
Sudeste;RJ;Seropédica;33;330555.0;33005.0;METROPOLITANA I;2025-09-05;36;82312.0;11477.0;0;254;0;;;1
Sudeste;RJ;Silva Jardim;33;330560.0;33006.0;METROPOLITANA II;2025-09-05;36;21774.0;5193.0;0;40;0;;;0
Sudeste;RJ;Sumidouro;33;330570.0;33009.0;SERRANA;2025-09-05;36;15623.0;3663.0;0;62;0;;;0
Sudeste;RJ;Tanguá;33;330575.0;33006.0;METROPOLITANA II;2025-09-05;36;34309.0;7541.0;0;161;0;;;1
Sudeste;RJ;Teresópolis;33;330580.0;33009.0;SERRANA;2025-09-05;36;182594.0;44480.0;0;1049;0;;;0
Sudeste;RJ;Trajano de Moraes;33;330590.0;33009.0;SERRANA;2025-09-05;36;10626.0;1679.0;0;7;0;;;0
Sudeste;RJ;Três Rios;33;330600.0;33003.0;CENTRO-SUL;2025-09-05;36;81804.0;15369.0;0;321;0;;;0
Sudeste;RJ;Valença;33;330610.0;33004.0;MEDIO PARAIBA;2025-09-05;36;76523.0;14529.0;0;259;0;;;0
Sudeste;RJ;Varre-Sai;33;330615.0;33007.0;NOROESTE;2025-09-05;36;11000.0;3715.0;0;12;0;;;0
Sudeste;RJ;Vassouras;33;330620.0;33003.0;CENTRO-SUL;2025-09-05;36;36896.0;10589.0;0;153;0;;;0
Sudeste;RJ;Volta Redonda;33;330630.0;33004.0;MEDIO PARAIBA;2025-09-05;36;273012.0;77629.0;0;1547;0;;;0
Sudeste;SP;;35;350000.0;;;2025-09-05;36;;265.0;0;0;0;;;
Sudeste;SP;Adamantina;35;350010.0;35091.0;ADAMANTINA;2025-09-05;36;35068.0;12255.0;0;196;0;;;0
Sudeste;SP;Adolfo;35;350020.0;35156.0;JOSE BONIFACIO;2025-09-05;36;3562.0;1364.0;0;28;0;;;0
Sudeste;SP;Aguaí;35;350030.0;35142.0;MANTIQUEIRA;2025-09-05;36;36305.0;8364.0;0;143;0;;;0
Sudeste;SP;Águas da Prata;35;350040.0;35142.0;MANTIQUEIRA;2025-09-05;36;8180.0;2385.0;0;41;0;;;0
Sudeste;SP;Águas de Lindóia;35;350050.0;35074.0;CIRCUITO DAS AGUAS;2025-09-05;36;18705.0;5902.0;0;69;0;;;0
Sudeste;SP;Águas de Santa Bárbara;35;350055.0;35061.0;VALE DO JURUMIRIM;2025-09-05;36;6075.0;626.0;0;25;0;;;0
Sudeste;SP;Águas de São Pedro;35;350060.0;35103.0;PIRACICABA;2025-09-05;36;3451.0;489.0;0;17;0;;;0
Sudeste;SP;Agudos;35;350070.0;35062.0;BAURU;2025-09-05;36;37214.0;9476.0;0;124;0;;;0
Sudeste;SP;Alambari;35;350075.0;35161.0;ITAPETININGA;2025-09-05;36;6025.0;1755.0;0;13;0;;;0
Sudeste;SP;Alfredo Marcondes;35;350080.0;35112.0;ALTA SOROCABANA;2025-09-05;36;4166.0;327.0;0;24;0;;;0
Sudeste;SP;Altair;35;350090.0;35051.0;NORTE - BARRETOS;2025-09-05;36;4160.0;329.0;0;18;0;;;0
Sudeste;SP;Altinópolis;35;350100.0;35133.0;VALE DAS CACHOEIRAS;2025-09-05;36;16184.0;1253.0;0;70;0;;;0
Sudeste;SP;Alto Alegre;35;350110.0;35023.0;CONSORCIOS DO DRS II;2025-09-05;36;4099.0;425.0;0;30;0;;;0
Sudeste;SP;Alumínio;35;350115.0;35163.0;SOROCABA;2025-09-05;36;18628.0;2286.0;0;56;0;;;0
Sudeste;SP;Álvares Florence;35;350120.0;35157.0;VOTUPORANGA;2025-09-05;36;3679.0;663.0;0;20;0;;;0
Sudeste;SP;Álvares Machado;35;350130.0;35112.0;ALTA SOROCABANA;2025-09-05;36;24915.0;4612.0;0;97;0;;;0
Sudeste;SP;Álvaro de Carvalho;35;350140.0;35093.0;MARILIA;2025-09-05;36;5227.0;358.0;0;9;0;;;0
Sudeste;SP;Alvinlândia;35;350150.0;35093.0;MARILIA;2025-09-05;36;3222.0;159.0;0;11;0;;;0
Sudeste;SP;Americana;35;350160.0;35072.0;REGIAO METROPOLITANA DE CAMPINAS;2025-09-05;36;239597.0;29910.0;0;1059;0;;;1
Sudeste;SP;Américo Brasiliense;35;350170.0;35031.0;CENTRAL DO DRS III;2025-09-05;36;40504.0;8265.0;0;116;0;;;0
Sudeste;SP;Américo de Campos;35;350180.0;35157.0;VOTUPORANGA;2025-09-05;36;5969.0;1299.0;0;41;0;;;0
Sudeste;SP;Amparo;35;350190.0;35074.0;CIRCUITO DAS AGUAS;2025-09-05;36;72195.0;10684.0;0;269;0;;;0
Sudeste;SP;Analândia;35;350200.0;35104.0;RIO CLARO;2025-09-05;36;4995.0;874.0;0;6;0;;;0
Sudeste;SP;Andradina;35;350210.0;35022.0;LAGOS DO DRS II;2025-09-05;36;57157.0;16531.0;0;327;0;;;0
Sudeste;SP;Angatuba;35;350220.0;35161.0;ITAPETININGA;2025-09-05;36;25228.0;6753.0;0;101;0;;;0
Sudeste;SP;Anhembi;35;350230.0;35063.0;POLO CUESTA;2025-09-05;36;6724.0;473.0;0;16;0;;;0
Sudeste;SP;Anhumas;35;350240.0;35112.0;ALTA SOROCABANA;2025-09-05;36;4115.0;416.0;0;10;0;;;0
Sudeste;SP;Aparecida;35;350250.0;35172.0;CIRCUITO DA FE E VALE HISTORICO;2025-09-05;36;36157.0;3017.0;0;130;0;;;0
Sudeste;SP;Aparecida d'Oeste;35;350260.0;35153.0;JALES;2025-09-05;36;4196.0;2059.0;0;29;0;;;0
Sudeste;SP;Apiaí;35;350270.0;35162.0;ITAPEVA;2025-09-05;36;24374.0;1815.0;0;112;0;;;0
Sudeste;SP;Araçariguama;35;350275.0;35163.0;SOROCABA;2025-09-05;36;22364.0;3395.0;0;81;0;;;0
Sudeste;SP;Araçatuba;35;350280.0;35021.0;CENTRAL DO DRS II;2025-09-05;36;197016.0;50110.0;0;1044;0;;;0
Sudeste;SP;Araçoiaba da Serra;35;350290.0;35163.0;SOROCABA;2025-09-05;36;34146.0;3327.0;0;106;0;;;0
Sudeste;SP;Aramina;35;350300.0;35083.0;ALTA MOGIANA;2025-09-05;36;5620.0;397.0;0;21;0;;;0
Sudeste;SP;Arandu;35;350310.0;35061.0;VALE DO JURUMIRIM;2025-09-05;36;6357.0;670.0;0;23;0;;;0
Sudeste;SP;Arapeí;35;350315.0;35172.0;CIRCUITO DA FE E VALE HISTORICO;2025-09-05;36;2469.0;277.0;0;7;0;;;0
Sudeste;SP;Araraquara;35;350320.0;35031.0;CENTRAL DO DRS III;2025-09-05;36;236072.0;76688.0;0;714;0;;;0
Sudeste;SP;Araras;35;350330.0;35101.0;ARARAS;2025-09-05;36;134236.0;20533.0;0;473;0;;;0
Sudeste;SP;Arco-Íris;35;350335.0;35095.0;TUPA;2025-09-05;36;1791.0;729.0;0;10;0;;;0
Sudeste;SP;Arealva;35;350340.0;35062.0;BAURU;2025-09-05;36;8560.0;2388.0;0;33;0;;;0
Sudeste;SP;Areias;35;350350.0;35172.0;CIRCUITO DA FE E VALE HISTORICO;2025-09-05;36;3886.0;402.0;0;7;0;;;0
Sudeste;SP;Areiópolis;35;350360.0;35063.0;POLO CUESTA;2025-09-05;36;11129.0;2428.0;0;33;0;;;0
Sudeste;SP;Ariranha;35;350370.0;35151.0;CATANDUVA;2025-09-05;36;9668.0;1033.0;0;37;0;;;0
Sudeste;SP;Artur Nogueira;35;350380.0;35072.0;REGIAO METROPOLITANA DE CAMPINAS;2025-09-05;36;54408.0;9545.0;0;168;0;;;1
Sudeste;SP;Arujá;35;350390.0;35011.0;ALTO DO TIETE;2025-09-05;36;89824.0;12931.0;0;368;0;;;1
Sudeste;SP;Aspásia;35;350395.0;35153.0;JALES;2025-09-05;36;1822.0;679.0;0;13;0;;;0
Sudeste;SP;Assis;35;350400.0;35092.0;ASSIS;2025-09-05;36;104386.0;27674.0;0;505;0;;;0
Sudeste;SP;Atibaia;35;350410.0;35071.0;BRAGANCA;2025-09-05;36;142761.0;13548.0;0;531;0;;;0
Sudeste;SP;Auriflama;35;350420.0;35021.0;CENTRAL DO DRS II;2025-09-05;36;15189.0;2587.0;0;92;0;;;0
Sudeste;SP;Avaí;35;350430.0;35062.0;BAURU;2025-09-05;36;5403.0;848.0;0;14;0;;;0
Sudeste;SP;Avanhandava;35;350440.0;35023.0;CONSORCIOS DO DRS II;2025-09-05;36;13649.0;2001.0;0;51;0;;;0
Sudeste;SP;Avaré;35;350450.0;35061.0;VALE DO JURUMIRIM;2025-09-05;36;90655.0;15951.0;0;338;0;;;0
Sudeste;SP;Bady Bassitt;35;350460.0;35155.0;SAO JOSE DO RIO PRETO;2025-09-05;36;17502.0;5645.0;0;106;0;;;0
Sudeste;SP;Balbinos;35;350470.0;35062.0;BAURU;2025-09-05;36;5735.0;840.0;0;4;0;;;0
Sudeste;SP;Bálsamo;35;350480.0;35155.0;SAO JOSE DO RIO PRETO;2025-09-05;36;9068.0;3373.0;0;79;0;;;0
Sudeste;SP;Bananal;35;350490.0;35172.0;CIRCUITO DA FE E VALE HISTORICO;2025-09-05;36;10945.0;1170.0;0;11;0;;;0
Sudeste;SP;Barão de Antonina;35;350500.0;35061.0;VALE DO JURUMIRIM;2025-09-05;36;3469.0;1133.0;0;11;0;;;0
Sudeste;SP;Barbosa;35;350510.0;35023.0;CONSORCIOS DO DRS II;2025-09-05;36;7402.0;993.0;0;26;0;;;0
Sudeste;SP;Bariri;35;350520.0;35064.0;JAU;2025-09-05;36;35264.0;8811.0;0;161;0;;;0
Sudeste;SP;Barra Bonita;35;350530.0;35064.0;JAU;2025-09-05;36;36126.0;5686.0;0;131;0;;;0
Sudeste;SP;Barra do Chapéu;35;350535.0;35162.0;ITAPEVA;2025-09-05;36;5724.0;469.0;0;16;0;;;0
Sudeste;SP;Barra do Turvo;35;350540.0;35121.0;VALE DO RIBEIRA;2025-09-05;36;7659.0;919.0;0;27;0;;;0
Sudeste;SP;Barretos;35;350550.0;35051.0;NORTE - BARRETOS;2025-09-05;36;122098.0;34929.0;0;670;0;;;0
Sudeste;SP;Barrinha;35;350560.0;35131.0;HORIZONTE VERDE;2025-09-05;36;32812.0;1788.0;0;97;0;;;0
Sudeste;SP;Barueri;35;350570.0;35014.0;ROTA DOS BANDEIRANTES;2025-09-05;36;274182.0;52679.0;0;1291;0;;;1
Sudeste;SP;Bastos;35;350580.0;35095.0;TUPA;2025-09-05;36;20953.0;4163.0;0;105;0;;;0
Sudeste;SP;Batatais;35;350590.0;35133.0;VALE DAS CACHOEIRAS;2025-09-05;36;62508.0;7127.0;0;214;0;;;0
Sudeste;SP;Bauru;35;350600.0;35062.0;BAURU;2025-09-05;36;376818.0;97652.0;0;1539;0;;;0
Sudeste;SP;Bebedouro;35;350610.0;35052.0;SUL - BARRETOS;2025-09-05;36;77496.0;6257.0;0;369;0;;;0
Sudeste;SP;Bento de Abreu;35;350620.0;35021.0;CENTRAL DO DRS II;2025-09-05;36;2980.0;695.0;0;6;0;;;0
Sudeste;SP;Bernardino de Campos;35;350630.0;35094.0;OURINHOS;2025-09-05;36;11148.0;2076.0;0;42;0;;;0
Sudeste;SP;Bertioga;35;350635.0;35041.0;BAIXADA SANTISTA;2025-09-05;36;63249.0;11950.0;0;209;0;;;0
Sudeste;SP;Bilac;35;350640.0;35021.0;CENTRAL DO DRS II;2025-09-05;36;8034.0;973.0;0;27;0;;;0
Sudeste;SP;Birigui;35;350650.0;35023.0;CONSORCIOS DO DRS II;2025-09-05;36;123638.0;32615.0;0;668;0;;;0
Sudeste;SP;Biritiba Mirim;35;350660.0;35011.0;ALTO DO TIETE;2025-09-05;36;32598.0;1606.0;0;122;0;;;1
Sudeste;SP;Boa Esperança do Sul;35;350670.0;35031.0;CENTRAL DO DRS III;2025-09-05;36;14923.0;2715.0;0;33;0;;;0
Sudeste;SP;Bocaina;35;350680.0;35064.0;JAU;2025-09-05;36;12329.0;2591.0;0;41;0;;;0
Sudeste;SP;Bofete;35;350690.0;35063.0;POLO CUESTA;2025-09-05;36;11730.0;3063.0;0;30;0;;;0
Sudeste;SP;Boituva;35;350700.0;35163.0;SOROCABA;2025-09-05;36;60997.0;7146.0;0;221;0;;;0
Sudeste;SP;Bom Jesus dos Perdões;35;350710.0;35071.0;BRAGANCA;2025-09-05;36;25448.0;2575.0;0;61;0;;;0
Sudeste;SP;Bom Sucesso de Itararé;35;350715.0;35162.0;ITAPEVA;2025-09-05;36;3954.0;787.0;0;7;0;;;0
Sudeste;SP;Borá;35;350720.0;35092.0;ASSIS;2025-09-05;36;837.0;237.0;0;2;0;;;0
Sudeste;SP;Boracéia;35;350730.0;35064.0;JAU;2025-09-05;36;4823.0;1081.0;0;28;0;;;0
Sudeste;SP;Borborema;35;350740.0;35032.0;CENTRO OESTE DO DRS III;2025-09-05;36;16046.0;5242.0;0;64;0;;;0
Sudeste;SP;Borebi;35;350745.0;35062.0;BAURU;2025-09-05;36;2653.0;315.0;0;4;0;;;0
Sudeste;SP;Botucatu;35;350750.0;35063.0;POLO CUESTA;2025-09-05;36;146497.0;61275.0;0;426;0;;;0
Sudeste;SP;Bragança Paulista;35;350760.0;35071.0;BRAGANCA;2025-09-05;36;168668.0;51732.0;0;663;0;;;0
Sudeste;SP;Braúna;35;350770.0;35023.0;CONSORCIOS DO DRS II;2025-09-05;36;5686.0;639.0;0;27;0;;;0
Sudeste;SP;Brejo Alegre;35;350775.0;35023.0;CONSORCIOS DO DRS II;2025-09-05;36;2865.0;949.0;0;14;0;;;0
Sudeste;SP;Brodowski;35;350780.0;35133.0;VALE DAS CACHOEIRAS;2025-09-05;36;24939.0;5278.0;0;90;0;;;0
Sudeste;SP;Brotas;35;350790.0;35064.0;JAU;2025-09-05;36;24403.0;8127.0;0;77;0;;;0
Sudeste;SP;Buri;35;350800.0;35162.0;ITAPEVA;2025-09-05;36;19878.0;4940.0;0;109;0;;;0
Sudeste;SP;Buritama;35;350810.0;35023.0;CONSORCIOS DO DRS II;2025-09-05;36;17144.0;6387.0;0;92;0;;;0
Sudeste;SP;Buritizal;35;350820.0;35083.0;ALTA MOGIANA;2025-09-05;36;4481.0;360.0;0;10;0;;;0
Sudeste;SP;Cabrália Paulista;35;350830.0;35062.0;BAURU;2025-09-05;36;4264.0;1404.0;0;9;0;;;0
Sudeste;SP;Cabreúva;35;350840.0;35073.0;JUNDIAI;2025-09-05;36;49707.0;8808.0;0;163;0;;;0
Sudeste;SP;Caçapava;35;350850.0;35171.0;ALTO VALE DO PARAIBA;2025-09-05;36;94263.0;18123.0;0;348;0;;;0
Sudeste;SP;Cachoeira Paulista;35;350860.0;35172.0;CIRCUITO DA FE E VALE HISTORICO;2025-09-05;36;33327.0;6208.0;0;78;0;;;0
Sudeste;SP;Caconde;35;350870.0;35143.0;RIO PARDO;2025-09-05;36;18985.0;3980.0;0;47;0;;;0
Sudeste;SP;Cafelândia;35;350880.0;35065.0;LINS;2025-09-05;36;17767.0;942.0;0;62;0;;;0
Sudeste;SP;Caiabu;35;350890.0;35112.0;ALTA SOROCABANA;2025-09-05;36;4191.0;340.0;0;9;0;;;0
Sudeste;SP;Caieiras;35;350900.0;35012.0;FRANCO DA ROCHA;2025-09-05;36;101470.0;14940.0;0;375;0;;;1
Sudeste;SP;Caiuá;35;350910.0;35114.0;EXTREMO OESTE PAULISTA;2025-09-05;36;5874.0;538.0;0;12;0;;;0
Sudeste;SP;Cajamar;35;350920.0;35012.0;FRANCO DA ROCHA;2025-09-05;36;76801.0;5709.0;0;276;0;;;1
Sudeste;SP;Cajati;35;350925.0;35121.0;VALE DO RIBEIRA;2025-09-05;36;28549.0;7339.0;0;119;0;;;0
Sudeste;SP;Cajobi;35;350930.0;35051.0;NORTE - BARRETOS;2025-09-05;36;10542.0;2433.0;0;39;0;;;0
Sudeste;SP;Cajuru;35;350940.0;35133.0;VALE DAS CACHOEIRAS;2025-09-05;36;26167.0;2192.0;0;91;0;;;0
Sudeste;SP;Campina do Monte Alegre;35;350945.0;35161.0;ITAPETININGA;2025-09-05;36;6024.0;648.0;0;29;0;;;0
Sudeste;SP;Campinas;35;350950.0;35072.0;REGIAO METROPOLITANA DE CAMPINAS;2025-09-05;36;1204073.0;238325.0;0;5696;0;;;1
Sudeste;SP;Campo Limpo Paulista;35;350960.0;35073.0;JUNDIAI;2025-09-05;36;84650.0;11289.0;0;322;0;;;0
Sudeste;SP;Campos do Jordão;35;350970.0;35174.0;VALE DO PARAIBA/REGIAO SERRANA;2025-09-05;36;52088.0;13987.0;0;171;0;;;0
Sudeste;SP;Campos Novos Paulista;35;350980.0;35093.0;MARILIA;2025-09-05;36;4965.0;327.0;0;14;0;;;0
Sudeste;SP;Cananéia;35;350990.0;35121.0;VALE DO RIBEIRA;2025-09-05;36;12540.0;2654.0;0;39;0;;;0
Sudeste;SP;Canas;35;350995.0;35172.0;CIRCUITO DA FE E VALE HISTORICO;2025-09-05;36;5138.0;245.0;0;9;0;;;0
Sudeste;SP;Cândido Mota;35;351000.0;35092.0;ASSIS;2025-09-05;36;31280.0;8439.0;0;190;0;;;0
Sudeste;SP;Cândido Rodrigues;35;351010.0;35033.0;NORTE DO DRS III;2025-09-05;36;2793.0;160.0;0;8;0;;;0
Sudeste;SP;Canitar;35;351015.0;35094.0;OURINHOS;2025-09-05;36;5216.0;1670.0;0;30;0;;;0
Sudeste;SP;Capão Bonito;35;351020.0;35161.0;ITAPETININGA;2025-09-05;36;47138.0;11090.0;0;183;0;;;0
Sudeste;SP;Capela do Alto;35;351030.0;35163.0;SOROCABA;2025-09-05;36;20706.0;1752.0;0;56;0;;;0
Sudeste;SP;Capivari;35;351040.0;35103.0;PIRACICABA;2025-09-05;36;55768.0;5969.0;0;189;0;;;0
Sudeste;SP;Caraguatatuba;35;351050.0;35173.0;LITORAL NORTE;2025-09-05;36;121532.0;39946.0;0;561;0;;;0
Sudeste;SP;Carapicuíba;35;351060.0;35014.0;ROTA DOS BANDEIRANTES;2025-09-05;36;400927.0;48359.0;0;1315;0;;;1
Sudeste;SP;Cardoso;35;351070.0;35157.0;VOTUPORANGA;2025-09-05;36;12326.0;4151.0;0;73;0;;;0
Sudeste;SP;Casa Branca;35;351080.0;35143.0;RIO PARDO;2025-09-05;36;30380.0;7098.0;0;136;0;;;0
Sudeste;SP;Cássia dos Coqueiros;35;351090.0;35133.0;VALE DAS CACHOEIRAS;2025-09-05;36;2523.0;260.0;0;4;0;;;0
Sudeste;SP;Castilho;35;351100.0;35022.0;LAGOS DO DRS II;2025-09-05;36;21006.0;4836.0;0;103;0;;;0
Sudeste;SP;Catanduva;35;351110.0;35151.0;CATANDUVA;2025-09-05;36;121862.0;42047.0;0;769;0;;;0
Sudeste;SP;Catiguá;35;351120.0;35151.0;CATANDUVA;2025-09-05;36;7804.0;935.0;0;45;0;;;0
Sudeste;SP;Cedral;35;351130.0;35155.0;SAO JOSE DO RIO PRETO;2025-09-05;36;9237.0;4307.0;0;41;0;;;0
Sudeste;SP;Cerqueira César;35;351140.0;35061.0;VALE DO JURUMIRIM;2025-09-05;36;19985.0;4217.0;0;64;0;;;0
Sudeste;SP;Cerquilho;35;351150.0;35161.0;ITAPETININGA;2025-09-05;36;48949.0;16697.0;0;182;0;;;0
Sudeste;SP;Cesário Lange;35;351160.0;35161.0;ITAPETININGA;2025-09-05;36;18148.0;4804.0;0;98;0;;;0
Sudeste;SP;Charqueada;35;351170.0;35103.0;PIRACICABA;2025-09-05;36;17190.0;4420.0;0;57;0;;;0
Sudeste;SP;Clementina;35;351190.0;35023.0;CONSORCIOS DO DRS II;2025-09-05;36;8617.0;981.0;0;25;0;;;0
Sudeste;SP;Colina;35;351200.0;35051.0;NORTE - BARRETOS;2025-09-05;36;18468.0;2631.0;0;75;0;;;0
Sudeste;SP;Colômbia;35;351210.0;35051.0;NORTE - BARRETOS;2025-09-05;36;6210.0;1461.0;0;24;0;;;0
Sudeste;SP;Conchal;35;351220.0;35101.0;ARARAS;2025-09-05;36;28050.0;5273.0;0;98;0;;;0
Sudeste;SP;Conchas;35;351230.0;35063.0;POLO CUESTA;2025-09-05;36;17896.0;3982.0;0;88;0;;;0
Sudeste;SP;Cordeirópolis;35;351240.0;35102.0;LIMEIRA;2025-09-05;36;24528.0;6041.0;0;118;0;;;0
Sudeste;SP;Coroados;35;351250.0;35023.0;CONSORCIOS DO DRS II;2025-09-05;36;6058.0;1587.0;0;25;0;;;0
Sudeste;SP;Coronel Macedo;35;351260.0;35061.0;VALE DO JURUMIRIM;2025-09-05;36;4681.0;697.0;0;30;0;;;0
Sudeste;SP;Corumbataí;35;351270.0;35104.0;RIO CLARO;2025-09-05;36;4055.0;1098.0;0;9;0;;;0
Sudeste;SP;Cosmópolis;35;351280.0;35072.0;REGIAO METROPOLITANA DE CAMPINAS;2025-09-05;36;72252.0;8059.0;0;200;0;;;1
Sudeste;SP;Cosmorama;35;351290.0;35157.0;VOTUPORANGA;2025-09-05;36;7307.0;2369.0;0;50;0;;;0
Sudeste;SP;Cotia;35;351300.0;35013.0;MANANCIAIS;2025-09-05;36;249210.0;33537.0;0;841;0;;;1
Sudeste;SP;Cravinhos;35;351310.0;35132.0;AQUIFERO GUARANI;2025-09-05;36;35292.0;2440.0;0;122;0;;;0
Sudeste;SP;Cristais Paulista;35;351320.0;35081.0;TRES COLINAS;2025-09-05;36;8631.0;1308.0;0;21;0;;;0
Sudeste;SP;Cruzália;35;351330.0;35092.0;ASSIS;2025-09-05;36;2073.0;227.0;0;5;0;;;0
Sudeste;SP;Cruzeiro;35;351340.0;35172.0;CIRCUITO DA FE E VALE HISTORICO;2025-09-05;36;82238.0;7252.0;0;252;0;;;0
Sudeste;SP;Cubatão;35;351350.0;35041.0;BAIXADA SANTISTA;2025-09-05;36;130705.0;18095.0;0;554;0;;;0
Sudeste;SP;Cunha;35;351360.0;35172.0;CIRCUITO DA FE E VALE HISTORICO;2025-09-05;36;21547.0;1212.0;0;49;0;;;0
Sudeste;SP;Descalvado;35;351370.0;35034.0;CORACAO DO DRS III;2025-09-05;36;33718.0;9615.0;0;111;0;;;0
Sudeste;SP;Diadema;35;351380.0;35015.0;GRANDE ABC;2025-09-05;36;423884.0;31748.0;0;1614;0;;;1
Sudeste;SP;Dirce Reis;35;351385.0;35153.0;JALES;2025-09-05;36;1793.0;333.0;0;6;0;;;0
Sudeste;SP;Divinolândia;35;351390.0;35143.0;RIO PARDO;2025-09-05;36;11146.0;2296.0;0;52;0;;;0
Sudeste;SP;Dobrada;35;351400.0;35033.0;NORTE DO DRS III;2025-09-05;36;8929.0;654.0;0;13;0;;;0
Sudeste;SP;Dois Córregos;35;351410.0;35064.0;JAU;2025-09-05;36;27315.0;2102.0;0;46;0;;;0
Sudeste;SP;Dolcinópolis;35;351420.0;35153.0;JALES;2025-09-05;36;2115.0;567.0;0;9;0;;;0
Sudeste;SP;Dourado;35;351430.0;35034.0;CORACAO DO DRS III;2025-09-05;36;8873.0;2888.0;0;28;0;;;0
Sudeste;SP;Dracena;35;351440.0;35111.0;ALTA PAULISTA;2025-09-05;36;46793.0;13362.0;0;315;0;;;0
Sudeste;SP;Duartina;35;351450.0;35062.0;BAURU;2025-09-05;36;12445.0;2445.0;0;36;0;;;0
Sudeste;SP;Dumont;35;351460.0;35131.0;HORIZONTE VERDE;2025-09-05;36;9868.0;2872.0;0;31;0;;;0
Sudeste;SP;Echaporã;35;351470.0;35093.0;MARILIA;2025-09-05;36;6102.0;825.0;0;29;0;;;0
Sudeste;SP;Eldorado;35;351480.0;35121.0;VALE DO RIBEIRA;2025-09-05;36;15494.0;3434.0;0;35;0;;;0
Sudeste;SP;Elias Fausto;35;351490.0;35103.0;PIRACICABA;2025-09-05;36;17772.0;2815.0;0;42;0;;;0
Sudeste;SP;Elisiário;35;351492.0;35151.0;CATANDUVA;2025-09-05;36;3651.0;636.0;0;13;0;;;0
Sudeste;SP;Embaúba;35;351495.0;35151.0;CATANDUVA;2025-09-05;36;2452.0;226.0;0;11;0;;;0
Sudeste;SP;Embu das Artes;35;351500.0;35013.0;MANANCIAIS;2025-09-05;36;273726.0;5957.0;0;245;0;;;1
Sudeste;SP;Embu-Guaçu;35;351510.0;35013.0;MANANCIAIS;2025-09-05;36;69385.0;11385.0;0;783;0;;;1
Sudeste;SP;Emilianópolis;35;351512.0;35112.0;ALTA SOROCABANA;2025-09-05;36;3214.0;954.0;0;10;0;;;0
Sudeste;SP;Engenheiro Coelho;35;351515.0;35102.0;LIMEIRA;2025-09-05;36;20773.0;4667.0;0;67;0;;;1
Sudeste;SP;Espírito Santo do Pinhal;35;351518.0;35142.0;MANTIQUEIRA;2025-09-05;36;44330.0;16336.0;0;152;0;;;0
Sudeste;SP;Espírito Santo do Turvo;35;351519.0;35094.0;OURINHOS;2025-09-05;36;4829.0;825.0;0;13;0;;;0
Sudeste;SP;Estrela d'Oeste;35;351520.0;35154.0;FERNANDOPOLIS;2025-09-05;36;8419.0;3469.0;0;41;0;;;0
Sudeste;SP;Estrela do Norte;35;351530.0;35112.0;ALTA SOROCABANA;2025-09-05;36;2766.0;876.0;0;9;0;;;0
Sudeste;SP;Euclides da Cunha Paulista;35;351535.0;35115.0;PONTAL DO PARANAPANEMA;2025-09-05;36;9371.0;544.0;0;20;0;;;0
Sudeste;SP;Fartura;35;351540.0;35061.0;VALE DO JURUMIRIM;2025-09-05;36;16036.0;4479.0;0;68;0;;;0
Sudeste;SP;Fernandópolis;35;351550.0;35154.0;FERNANDOPOLIS;2025-09-05;36;69116.0;19990.0;0;433;0;;;0
Sudeste;SP;Fernando Prestes;35;351560.0;35151.0;CATANDUVA;2025-09-05;36;5783.0;1608.0;0;16;0;;;0
Sudeste;SP;Fernão;35;351565.0;35093.0;MARILIA;2025-09-05;36;1716.0;798.0;0;5;0;;;0
Sudeste;SP;Ferraz de Vasconcelos;35;351570.0;35011.0;ALTO DO TIETE;2025-09-05;36;194276.0;10747.0;0;546;0;;;1
Sudeste;SP;Flora Rica;35;351580.0;35111.0;ALTA PAULISTA;2025-09-05;36;1464.0;154.0;0;10;0;;;0
Sudeste;SP;Floreal;35;351590.0;35157.0;VOTUPORANGA;2025-09-05;36;2917.0;1140.0;0;10;0;;;0
Sudeste;SP;Flórida Paulista;35;351600.0;35091.0;ADAMANTINA;2025-09-05;36;14640.0;3908.0;0;50;0;;;0
Sudeste;SP;Florínea;35;351610.0;35092.0;ASSIS;2025-09-05;36;2676.0;448.0;0;18;0;;;0
Sudeste;SP;Franca;35;351620.0;35081.0;TRES COLINAS;2025-09-05;36;353187.0;39491.0;0;1359;0;;;0
Sudeste;SP;Francisco Morato;35;351630.0;35012.0;FRANCO DA ROCHA;2025-09-05;36;175844.0;16068.0;0;481;0;;;1
Sudeste;SP;Franco da Rocha;35;351640.0;35012.0;FRANCO DA ROCHA;2025-09-05;36;154489.0;19066.0;0;457;0;;;1
Sudeste;SP;Gabriel Monteiro;35;351650.0;35023.0;CONSORCIOS DO DRS II;2025-09-05;36;2776.0;1246.0;0;8;0;;;0
Sudeste;SP;Gália;35;351660.0;35093.0;MARILIA;2025-09-05;36;6548.0;1154.0;0;24;0;;;0
Sudeste;SP;Garça;35;351670.0;35093.0;MARILIA;2025-09-05;36;44390.0;13609.0;0;178;0;;;0
Sudeste;SP;Gastão Vidigal;35;351680.0;35157.0;VOTUPORANGA;2025-09-05;36;4808.0;655.0;0;18;0;;;0
Sudeste;SP;Gavião Peixoto;35;351685.0;35031.0;CENTRAL DO DRS III;2025-09-05;36;4789.0;2385.0;0;24;0;;;0
Sudeste;SP;General Salgado;35;351690.0;35157.0;VOTUPORANGA;2025-09-05;36;10869.0;1627.0;0;52;0;;;0
Sudeste;SP;Getulina;35;351700.0;35065.0;LINS;2025-09-05;36;11409.0;1096.0;0;38;0;;;0
Sudeste;SP;Glicério;35;351710.0;35023.0;CONSORCIOS DO DRS II;2025-09-05;36;4815.0;1527.0;0;24;0;;;0
Sudeste;SP;Guaiçara;35;351720.0;35065.0;LINS;2025-09-05;36;12168.0;1978.0;0;31;0;;;0
Sudeste;SP;Guaimbê;35;351730.0;35093.0;MARILIA;2025-09-05;36;5765.0;1092.0;0;9;0;;;0
Sudeste;SP;Guaíra;35;351740.0;35051.0;NORTE - BARRETOS;2025-09-05;36;40790.0;10666.0;0;248;0;;;0
Sudeste;SP;Guapiaçu;35;351750.0;35155.0;SAO JOSE DO RIO PRETO;2025-09-05;36;21454.0;2645.0;0;104;0;;;0
Sudeste;SP;Guapiara;35;351760.0;35162.0;ITAPEVA;2025-09-05;36;17157.0;3319.0;0;96;0;;;0
Sudeste;SP;Guará;35;351770.0;35083.0;ALTA MOGIANA;2025-09-05;36;21220.0;4142.0;0;118;0;;;0
Sudeste;SP;Guaraçaí;35;351780.0;35022.0;LAGOS DO DRS II;2025-09-05;36;8323.0;1736.0;0;31;0;;;0
Sudeste;SP;Guaraci;35;351790.0;35051.0;NORTE - BARRETOS;2025-09-05;36;11188.0;2815.0;0;32;0;;;0
Sudeste;SP;Guarani d'Oeste;35;351800.0;35154.0;FERNANDOPOLIS;2025-09-05;36;2000.0;1076.0;0;9;0;;;0
Sudeste;SP;Guarantã;35;351810.0;35093.0;MARILIA;2025-09-05;36;6664.0;332.0;0;25;0;;;0
Sudeste;SP;Guararapes;35;351820.0;35021.0;CENTRAL DO DRS II;2025-09-05;36;32939.0;10695.0;0;139;0;;;0
Sudeste;SP;Guararema;35;351830.0;35011.0;ALTO DO TIETE;2025-09-05;36;29798.0;2611.0;0;111;0;;;1
Sudeste;SP;Guaratinguetá;35;351840.0;35172.0;CIRCUITO DA FE E VALE HISTORICO;2025-09-05;36;121798.0;18552.0;0;405;0;;;0
Sudeste;SP;Guareí;35;351850.0;35161.0;ITAPETININGA;2025-09-05;36;18520.0;4702.0;0;42;0;;;0
Sudeste;SP;Guariba;35;351860.0;35131.0;HORIZONTE VERDE;2025-09-05;36;40105.0;5729.0;0;132;0;;;0
Sudeste;SP;Guarujá;35;351870.0;35041.0;BAIXADA SANTISTA;2025-09-05;36;320459.0;35474.0;0;1648;0;;;0
Sudeste;SP;Guarulhos;35;351880.0;35011.0;ALTO DO TIETE;2025-09-05;36;1379182.0;115645.0;0;5721;0;;;1
Sudeste;SP;Guatapará;35;351885.0;35132.0;AQUIFERO GUARANI;2025-09-05;36;7656.0;1252.0;0;30;0;;;0
Sudeste;SP;Guzolândia;35;351890.0;35021.0;CENTRAL DO DRS II;2025-09-05;36;5267.0;970.0;0;34;0;;;0
Sudeste;SP;Herculândia;35;351900.0;35095.0;TUPA;2025-09-05;36;9526.0;1265.0;0;35;0;;;0
Sudeste;SP;Holambra;35;351905.0;35072.0;REGIAO METROPOLITANA DE CAMPINAS;2025-09-05;36;14930.0;4096.0;0;26;0;;;1
Sudeste;SP;Hortolândia;35;351907.0;35072.0;REGIAO METROPOLITANA DE CAMPINAS;2025-09-05;36;230851.0;42574.0;0;903;0;;;1
Sudeste;SP;Iacanga;35;351910.0;35062.0;BAURU;2025-09-05;36;11710.0;2036.0;0;35;0;;;0
Sudeste;SP;Iacri;35;351920.0;35095.0;TUPA;2025-09-05;36;6321.0;1849.0;0;27;0;;;0
Sudeste;SP;Iaras;35;351925.0;35061.0;VALE DO JURUMIRIM;2025-09-05;36;9240.0;306.0;0;24;0;;;0
Sudeste;SP;Ibaté;35;351930.0;35034.0;CORACAO DO DRS III;2025-09-05;36;35104.0;6541.0;0;113;0;;;0
Sudeste;SP;Ibirá;35;351940.0;35155.0;SAO JOSE DO RIO PRETO;2025-09-05;36;12393.0;3094.0;0;54;0;;;0
Sudeste;SP;Ibirarema;35;351950.0;35094.0;OURINHOS;2025-09-05;36;7753.0;1235.0;0;41;0;;;0
Sudeste;SP;Ibitinga;35;351960.0;35032.0;CENTRO OESTE DO DRS III;2025-09-05;36;60033.0;16004.0;0;317;0;;;0
Sudeste;SP;Ibiúna;35;351970.0;35163.0;SOROCABA;2025-09-05;36;78878.0;5392.0;0;173;0;;;0
Sudeste;SP;Icém;35;351980.0;35155.0;SAO JOSE DO RIO PRETO;2025-09-05;36;8243.0;2146.0;0;41;0;;;0
Sudeste;SP;Iepê;35;351990.0;35113.0;ALTO CAPIVARI;2025-09-05;36;8159.0;2131.0;0;36;0;;;0
Sudeste;SP;Igaraçu do Tietê;35;352000.0;35064.0;JAU;2025-09-05;36;24674.0;6308.0;0;76;0;;;0
Sudeste;SP;Igarapava;35;352010.0;35083.0;ALTA MOGIANA;2025-09-05;36;30432.0;1420.0;0;112;0;;;0
Sudeste;SP;Igaratá;35;352020.0;35171.0;ALTO VALE DO PARAIBA;2025-09-05;36;9534.0;2465.0;0;44;0;;;0
Sudeste;SP;Iguape;35;352030.0;35121.0;VALE DO RIBEIRA;2025-09-05;36;30857.0;6083.0;0;128;0;;;0
Sudeste;SP;Ilhabela;35;352040.0;35173.0;LITORAL NORTE;2025-09-05;36;34970.0;7500.0;0;56;0;;;0
Sudeste;SP;Ilha Comprida;35;352042.0;35121.0;VALE DO RIBEIRA;2025-09-05;36;11166.0;4818.0;0;65;0;;;0
Sudeste;SP;Ilha Solteira;35;352044.0;35022.0;LAGOS DO DRS II;2025-09-05;36;26686.0;4547.0;0;123;0;;;0
Sudeste;SP;Indaiatuba;35;352050.0;35072.0;REGIAO METROPOLITANA DE CAMPINAS;2025-09-05;36;251627.0;28789.0;0;916;0;;;1
Sudeste;SP;Indiana;35;352060.0;35112.0;ALTA SOROCABANA;2025-09-05;36;4885.0;542.0;0;14;0;;;0
Sudeste;SP;Indiaporã;35;352070.0;35154.0;FERNANDOPOLIS;2025-09-05;36;3897.0;1494.0;0;16;0;;;0
Sudeste;SP;Inúbia Paulista;35;352080.0;35091.0;ADAMANTINA;2025-09-05;36;3991.0;1442.0;0;22;0;;;0
Sudeste;SP;Ipaussu;35;352090.0;35094.0;OURINHOS;2025-09-05;36;14971.0;4790.0;0;58;0;;;0
Sudeste;SP;Iperó;35;352100.0;35163.0;SOROCABA;2025-09-05;36;37133.0;6786.0;0;82;0;;;0
Sudeste;SP;Ipeúna;35;352110.0;35104.0;RIO CLARO;2025-09-05;36;7546.0;789.0;0;25;0;;;0
Sudeste;SP;Ipiguá;35;352115.0;35155.0;SAO JOSE DO RIO PRETO;2025-09-05;36;5392.0;2122.0;0;33;0;;;0
Sudeste;SP;Iporanga;35;352120.0;35121.0;VALE DO RIBEIRA;2025-09-05;36;4218.0;956.0;0;9;0;;;0
Sudeste;SP;Ipuã;35;352130.0;35082.0;ALTA ANHANGUERA;2025-09-05;36;16409.0;2929.0;0;74;0;;;0
Sudeste;SP;Iracemápolis;35;352140.0;35102.0;LIMEIRA;2025-09-05;36;24235.0;6999.0;0;113;0;;;0
Sudeste;SP;Irapuã;35;352150.0;35151.0;CATANDUVA;2025-09-05;36;7993.0;1631.0;0;34;0;;;0
Sudeste;SP;Irapuru;35;352160.0;35111.0;ALTA PAULISTA;2025-09-05;36;8294.0;2164.0;0;46;0;;;0
Sudeste;SP;Itaberá;35;352170.0;35162.0;ITAPEVA;2025-09-05;36;17556.0;6415.0;0;86;0;;;0
Sudeste;SP;Itaí;35;352180.0;35061.0;VALE DO JURUMIRIM;2025-09-05;36;27125.0;8103.0;0;95;0;;;0
Sudeste;SP;Itajobi;35;352190.0;35151.0;CATANDUVA;2025-09-05;36;15262.0;6046.0;0;76;0;;;0
Sudeste;SP;Itaju;35;352200.0;35064.0;JAU;2025-09-05;36;3835.0;1097.0;0;14;0;;;0
Sudeste;SP;Itanhaém;35;352210.0;35041.0;BAIXADA SANTISTA;2025-09-05;36;101816.0;16024.0;0;431;0;;;0
Sudeste;SP;Itaoca;35;352215.0;35162.0;ITAPEVA;2025-09-05;36;3328.0;288.0;0;9;0;;;0
Sudeste;SP;Itapecerica da Serra;35;352220.0;35013.0;MANANCIAIS;2025-09-05;36;175693.0;15604.0;0;509;0;;;1
Sudeste;SP;Itapetininga;35;352230.0;35161.0;ITAPETININGA;2025-09-05;36;163901.0;18335.0;0;621;0;;;0
Sudeste;SP;Itapeva;35;352240.0;35162.0;ITAPEVA;2025-09-05;36;94354.0;25316.0;0;486;0;;;0
Sudeste;SP;Itapevi;35;352250.0;35014.0;ROTA DOS BANDEIRANTES;2025-09-05;36;237700.0;13191.0;0;797;0;;;1
Sudeste;SP;Itapira;35;352260.0;35141.0;BAIXA MOGIANA;2025-09-05;36;74773.0;20760.0;0;387;0;;;0
Sudeste;SP;Itapirapuã Paulista;35;352265.0;35162.0;ITAPEVA;2025-09-05;36;4241.0;1374.0;0;8;0;;;0
Sudeste;SP;Itápolis;35;352270.0;35032.0;CENTRO OESTE DO DRS III;2025-09-05;36;43120.0;15562.0;0;192;0;;;0
Sudeste;SP;Itaporanga;35;352280.0;35061.0;VALE DO JURUMIRIM;2025-09-05;36;15149.0;3507.0;0;62;0;;;0
Sudeste;SP;Itapuí;35;352290.0;35064.0;JAU;2025-09-05;36;13992.0;2652.0;0;50;0;;;0
Sudeste;SP;Itapura;35;352300.0;35022.0;LAGOS DO DRS II;2025-09-05;36;4906.0;695.0;0;17;0;;;0
Sudeste;SP;Itaquaquecetuba;35;352310.0;35011.0;ALTO DO TIETE;2025-09-05;36;370821.0;33232.0;0;1187;0;;;1
Sudeste;SP;Itararé;35;352320.0;35162.0;ITAPEVA;2025-09-05;36;50503.0;11738.0;0;280;0;;;0
Sudeste;SP;Itariri;35;352330.0;35121.0;VALE DO RIBEIRA;2025-09-05;36;17436.0;1999.0;0;55;0;;;0
Sudeste;SP;Itatiba;35;352340.0;35072.0;REGIAO METROPOLITANA DE CAMPINAS;2025-09-05;36;120858.0;31743.0;0;398;0;;;1
Sudeste;SP;Itatinga;35;352350.0;35063.0;POLO CUESTA;2025-09-05;36;20697.0;4730.0;0;71;0;;;0
Sudeste;SP;Itirapina;35;352360.0;35104.0;RIO CLARO;2025-09-05;36;18157.0;3198.0;0;52;0;;;0
Sudeste;SP;Itirapuã;35;352370.0;35081.0;TRES COLINAS;2025-09-05;36;6499.0;326.0;0;8;0;;;0
Sudeste;SP;Itobi;35;352380.0;35143.0;RIO PARDO;2025-09-05;36;7841.0;1414.0;0;24;0;;;0
Sudeste;SP;Itu;35;352390.0;35163.0;SOROCABA;2025-09-05;36;173939.0;40629.0;0;612;0;;;0
Sudeste;SP;Itupeva;35;352400.0;35073.0;JUNDIAI;2025-09-05;36;61252.0;10340.0;0;175;0;;;0
Sudeste;SP;Ituverava;35;352410.0;35083.0;ALTA MOGIANA;2025-09-05;36;41824.0;4009.0;0;166;0;;;0
Sudeste;SP;Jaborandi;35;352420.0;35051.0;NORTE - BARRETOS;2025-09-05;36;6929.0;624.0;0;25;0;;;0
Sudeste;SP;Jaboticabal;35;352430.0;35131.0;HORIZONTE VERDE;2025-09-05;36;77263.0;9679.0;0;297;0;;;0
Sudeste;SP;Jacareí;35;352440.0;35171.0;ALTO VALE DO PARAIBA;2025-09-05;36;233662.0;33461.0;0;966;0;;;0
Sudeste;SP;Jaci;35;352450.0;35156.0;JOSE BONIFACIO;2025-09-05;36;7067.0;2865.0;0;35;0;;;0
Sudeste;SP;Jacupiranga;35;352460.0;35121.0;VALE DO RIBEIRA;2025-09-05;36;17866.0;3586.0;0;67;0;;;0
Sudeste;SP;Jaguariúna;35;352470.0;35072.0;REGIAO METROPOLITANA DE CAMPINAS;2025-09-05;36;57488.0;15436.0;0;218;0;;;1
Sudeste;SP;Jales;35;352480.0;35153.0;JALES;2025-09-05;36;49107.0;17823.0;0;327;0;;;0
Sudeste;SP;Jambeiro;35;352490.0;35171.0;ALTO VALE DO PARAIBA;2025-09-05;36;6602.0;559.0;0;18;0;;;0
Sudeste;SP;Jandira;35;352500.0;35014.0;ROTA DOS BANDEIRANTES;2025-09-05;36;124937.0;9900.0;0;375;0;;;1
Sudeste;SP;Jardinópolis;35;352510.0;35132.0;AQUIFERO GUARANI;2025-09-05;36;44380.0;5311.0;0;174;0;;;0
Sudeste;SP;Jarinu;35;352520.0;35073.0;JUNDIAI;2025-09-05;36;30044.0;4118.0;0;99;0;;;0
Sudeste;SP;Jaú;35;352530.0;35064.0;JAU;2025-09-05;36;150252.0;25688.0;0;629;0;;;0
Sudeste;SP;Jeriquara;35;352540.0;35081.0;TRES COLINAS;2025-09-05;36;3159.0;647.0;0;3;0;;;0
Sudeste;SP;Joanópolis;35;352550.0;35071.0;BRAGANCA;2025-09-05;36;13220.0;1592.0;0;21;0;;;0
Sudeste;SP;João Ramalho;35;352560.0;35113.0;ALTO CAPIVARI;2025-09-05;36;4523.0;1288.0;0;15;0;;;0
Sudeste;SP;José Bonifácio;35;352570.0;35156.0;JOSE BONIFACIO;2025-09-05;36;37015.0;10181.0;0;181;0;;;0
Sudeste;SP;Júlio Mesquita;35;352580.0;35093.0;MARILIA;2025-09-05;36;4776.0;369.0;0;16;0;;;0
Sudeste;SP;Jumirim;35;352585.0;35163.0;SOROCABA;2025-09-05;36;3367.0;698.0;0;8;0;;;0
Sudeste;SP;Jundiaí;35;352590.0;35073.0;JUNDIAI;2025-09-05;36;418962.0;74614.0;0;1891;0;;;0
Sudeste;SP;Junqueirópolis;35;352600.0;35111.0;ALTA PAULISTA;2025-09-05;36;20679.0;5618.0;0;115;0;;;0
Sudeste;SP;Juquiá;35;352610.0;35121.0;VALE DO RIBEIRA;2025-09-05;36;18812.0;3554.0;0;72;0;;;0
Sudeste;SP;Juquitiba;35;352620.0;35013.0;MANANCIAIS;2025-09-05;36;31444.0;1841.0;0;88;0;;;1
Sudeste;SP;Lagoinha;35;352630.0;35174.0;VALE DO PARAIBA/REGIAO SERRANA;2025-09-05;36;4896.0;255.0;0;16;0;;;0
Sudeste;SP;Laranjal Paulista;35;352640.0;35063.0;POLO CUESTA;2025-09-05;36;28516.0;6404.0;0;148;0;;;0
Sudeste;SP;Lavínia;35;352650.0;35022.0;LAGOS DO DRS II;2025-09-05;36;11980.0;1793.0;0;22;0;;;0
Sudeste;SP;Lavrinhas;35;352660.0;35172.0;CIRCUITO DA FE E VALE HISTORICO;2025-09-05;36;7260.0;394.0;0;16;0;;;0
Sudeste;SP;Leme;35;352670.0;35101.0;ARARAS;2025-09-05;36;103391.0;24548.0;0;480;0;;;0
Sudeste;SP;Lençóis Paulista;35;352680.0;35062.0;BAURU;2025-09-05;36;68432.0;27003.0;0;220;0;;;0
Sudeste;SP;Limeira;35;352690.0;35102.0;LIMEIRA;2025-09-05;36;306114.0;44013.0;0;1338;0;;;0
Sudeste;SP;Lindóia;35;352700.0;35074.0;CIRCUITO DAS AGUAS;2025-09-05;36;7980.0;3718.0;0;24;0;;;0
Sudeste;SP;Lins;35;352710.0;35065.0;LINS;2025-09-05;36;78013.0;16936.0;0;351;0;;;0
Sudeste;SP;Lorena;35;352720.0;35172.0;CIRCUITO DA FE E VALE HISTORICO;2025-09-05;36;88706.0;8068.0;0;287;0;;;0
Sudeste;SP;Lourdes;35;352725.0;35023.0;CONSORCIOS DO DRS II;2025-09-05;36;2289.0;508.0;0;6;0;;;0
Sudeste;SP;Louveira;35;352730.0;35073.0;JUNDIAI;2025-09-05;36;48885.0;12921.0;0;134;0;;;0
Sudeste;SP;Lucélia;35;352740.0;35091.0;ADAMANTINA;2025-09-05;36;21747.0;4845.0;0;87;0;;;0
Sudeste;SP;Lucianópolis;35;352750.0;35062.0;BAURU;2025-09-05;36;2394.0;506.0;0;6;0;;;0
Sudeste;SP;Luís Antônio;35;352760.0;35132.0;AQUIFERO GUARANI;2025-09-05;36;14947.0;3710.0;0;47;0;;;0
Sudeste;SP;Luiziânia;35;352770.0;35023.0;CONSORCIOS DO DRS II;2025-09-05;36;5790.0;575.0;0;16;0;;;0
Sudeste;SP;Lupércio;35;352780.0;35093.0;MARILIA;2025-09-05;36;4584.0;280.0;0;10;0;;;0
Sudeste;SP;Lutécia;35;352790.0;35092.0;ASSIS;2025-09-05;36;2649.0;964.0;0;9;0;;;0
Sudeste;SP;Macatuba;35;352800.0;35062.0;BAURU;2025-09-05;36;17163.0;5420.0;0;64;0;;;0
Sudeste;SP;Macaubal;35;352810.0;35157.0;VOTUPORANGA;2025-09-05;36;8120.0;1913.0;0;25;0;;;0
Sudeste;SP;Macedônia;35;352820.0;35154.0;FERNANDOPOLIS;2025-09-05;36;3698.0;1242.0;0;32;0;;;0
Sudeste;SP;Magda;35;352830.0;35157.0;VOTUPORANGA;2025-09-05;36;3119.0;1011.0;0;12;0;;;0
Sudeste;SP;Mairinque;35;352840.0;35163.0;SOROCABA;2025-09-05;36;47150.0;5314.0;0;94;0;;;0
Sudeste;SP;Mairiporã;35;352850.0;35012.0;FRANCO DA ROCHA;2025-09-05;36;100179.0;7633.0;0;292;0;;;1
Sudeste;SP;Manduri;35;352860.0;35061.0;VALE DO JURUMIRIM;2025-09-05;36;9846.0;1001.0;0;33;0;;;0
Sudeste;SP;Marabá Paulista;35;352870.0;35114.0;EXTREMO OESTE PAULISTA;2025-09-05;36;5853.0;1030.0;0;6;0;;;0
Sudeste;SP;Maracaí;35;352880.0;35092.0;ASSIS;2025-09-05;36;14002.0;3602.0;0;58;0;;;0
Sudeste;SP;Marapoama;35;352885.0;35151.0;CATANDUVA;2025-09-05;36;3031.0;1385.0;0;15;0;;;0
Sudeste;SP;Mariápolis;35;352890.0;35091.0;ADAMANTINA;2025-09-05;36;4084.0;1404.0;0;13;0;;;0
Sudeste;SP;Marília;35;352900.0;35093.0;MARILIA;2025-09-05;36;238882.0;58560.0;0;1222;0;;;0
Sudeste;SP;Marinópolis;35;352910.0;35153.0;JALES;2025-09-05;36;2112.0;885.0;0;7;0;;;0
Sudeste;SP;Martinópolis;35;352920.0;35112.0;ALTA SOROCABANA;2025-09-05;36;26461.0;2689.0;0;105;0;;;0
Sudeste;SP;Matão;35;352930.0;35033.0;NORTE DO DRS III;2025-09-05;36;83170.0;9201.0;0;245;0;;;0
Sudeste;SP;Mauá;35;352940.0;35015.0;GRANDE ABC;2025-09-05;36;472912.0;39247.0;0;1721;0;;;1
Sudeste;SP;Mendonça;35;352950.0;35156.0;JOSE BONIFACIO;2025-09-05;36;5490.0;2403.0;0;37;0;;;0
Sudeste;SP;Meridiano;35;352960.0;35154.0;FERNANDOPOLIS;2025-09-05;36;3836.0;824.0;0;42;0;;;0
Sudeste;SP;Mesópolis;35;352965.0;35153.0;JALES;2025-09-05;36;1908.0;726.0;0;7;0;;;0
Sudeste;SP;Miguelópolis;35;352970.0;35083.0;ALTA MOGIANA;2025-09-05;36;22226.0;1548.0;0;111;0;;;0
Sudeste;SP;Mineiros do Tietê;35;352980.0;35064.0;JAU;2025-09-05;36;12908.0;2496.0;0;35;0;;;0
Sudeste;SP;Miracatu;35;352990.0;35121.0;VALE DO RIBEIRA;2025-09-05;36;19779.0;3686.0;0;86;0;;;0
Sudeste;SP;Mira Estrela;35;353000.0;35154.0;FERNANDOPOLIS;2025-09-05;36;3086.0;640.0;0;17;0;;;0
Sudeste;SP;Mirandópolis;35;353010.0;35022.0;LAGOS DO DRS II;2025-09-05;36;29564.0;2310.0;0;122;0;;;0
Sudeste;SP;Mirante do Paranapanema;35;353020.0;35115.0;PONTAL DO PARANAPANEMA;2025-09-05;36;18259.0;2975.0;0;53;0;;;0
Sudeste;SP;Mirassol;35;353030.0;35155.0;SAO JOSE DO RIO PRETO;2025-09-05;36;59824.0;10662.0;0;341;0;;;0
Sudeste;SP;Mirassolândia;35;353040.0;35155.0;SAO JOSE DO RIO PRETO;2025-09-05;36;4871.0;791.0;0;23;0;;;0
Sudeste;SP;Mococa;35;353050.0;35143.0;RIO PARDO;2025-09-05;36;68885.0;15336.0;0;305;0;;;0
Sudeste;SP;Mogi das Cruzes;35;353060.0;35011.0;ALTO DO TIETE;2025-09-05;36;445842.0;56709.0;0;1940;0;;;1
Sudeste;SP;Mogi Guaçu;35;353070.0;35141.0;BAIXA MOGIANA;2025-09-05;36;151888.0;41176.0;0;754;0;;;0
Sudeste;SP;Mogi Mirim;35;353080.0;35141.0;BAIXA MOGIANA;2025-09-05;36;93189.0;27564.0;0;439;0;;;0
Sudeste;SP;Mombuca;35;353090.0;35103.0;PIRACICABA;2025-09-05;36;3493.0;470.0;0;11;0;;;0
Sudeste;SP;Monções;35;353100.0;35157.0;VOTUPORANGA;2025-09-05;36;2259.0;585.0;0;8;0;;;0
Sudeste;SP;Mongaguá;35;353110.0;35041.0;BAIXADA SANTISTA;2025-09-05;36;56702.0;5809.0;0;117;0;;;0
Sudeste;SP;Monte Alegre do Sul;35;353120.0;35074.0;CIRCUITO DAS AGUAS;2025-09-05;36;8038.0;1899.0;0;24;0;;;0
Sudeste;SP;Monte Alto;35;353130.0;35131.0;HORIZONTE VERDE;2025-09-05;36;50498.0;11164.0;0;245;0;;;0
Sudeste;SP;Monte Aprazível;35;353140.0;35156.0;JOSE BONIFACIO;2025-09-05;36;25087.0;5055.0;0;125;0;;;0
Sudeste;SP;Monte Azul Paulista;35;353150.0;35052.0;SUL - BARRETOS;2025-09-05;36;19008.0;2401.0;0;31;0;;;0
Sudeste;SP;Monte Castelo;35;353160.0;35111.0;ALTA PAULISTA;2025-09-05;36;4166.0;1760.0;0;25;0;;;0
Sudeste;SP;Monteiro Lobato;35;353170.0;35171.0;ALTO VALE DO PARAIBA;2025-09-05;36;4653.0;335.0;0;14;0;;;0
Sudeste;SP;Monte Mor;35;353180.0;35072.0;REGIAO METROPOLITANA DE CAMPINAS;2025-09-05;36;59772.0;8648.0;0;179;0;;;1
Sudeste;SP;Morro Agudo;35;353190.0;35082.0;ALTA ANHANGUERA;2025-09-05;36;32968.0;6380.0;0;124;0;;;0
Sudeste;SP;Morungaba;35;353200.0;35072.0;REGIAO METROPOLITANA DE CAMPINAS;2025-09-05;36;13622.0;1094.0;0;42;0;;;1
Sudeste;SP;Motuca;35;353205.0;35031.0;CENTRAL DO DRS III;2025-09-05;36;4758.0;382.0;0;11;0;;;0
Sudeste;SP;Murutinga do Sul;35;353210.0;35022.0;LAGOS DO DRS II;2025-09-05;36;4486.0;1231.0;0;22;0;;;0
Sudeste;SP;Nantes;35;353215.0;35113.0;ALTO CAPIVARI;2025-09-05;36;3141.0;260.0;0;8;0;;;0
Sudeste;SP;Narandiba;35;353220.0;35112.0;ALTA SOROCABANA;2025-09-05;36;4857.0;2013.0;0;25;0;;;0
Sudeste;SP;Natividade da Serra;35;353230.0;35174.0;VALE DO PARAIBA/REGIAO SERRANA;2025-09-05;36;6661.0;261.0;0;17;0;;;0
Sudeste;SP;Nazaré Paulista;35;353240.0;35071.0;BRAGANCA;2025-09-05;36;18524.0;3278.0;0;71;0;;;0
Sudeste;SP;Neves Paulista;35;353250.0;35155.0;SAO JOSE DO RIO PRETO;2025-09-05;36;8930.0;2794.0;0;67;0;;;0
Sudeste;SP;Nhandeara;35;353260.0;35157.0;VOTUPORANGA;2025-09-05;36;11478.0;3430.0;0;60;0;;;0
Sudeste;SP;Nipoã;35;353270.0;35156.0;JOSE BONIFACIO;2025-09-05;36;5213.0;564.0;0;21;0;;;0
Sudeste;SP;Nova Aliança;35;353280.0;35155.0;SAO JOSE DO RIO PRETO;2025-09-05;36;6973.0;1598.0;0;35;0;;;0
Sudeste;SP;Nova Campina;35;353282.0;35162.0;ITAPEVA;2025-09-05;36;9755.0;1392.0;0;46;0;;;0
Sudeste;SP;Nova Canaã Paulista;35;353284.0;35152.0;SANTA FE DO SUL;2025-09-05;36;1881.0;859.0;0;10;0;;;0
Sudeste;SP;Nova Castilho;35;353286.0;35021.0;CENTRAL DO DRS II;2025-09-05;36;1267.0;324.0;0;4;0;;;0
Sudeste;SP;Nova Europa;35;353290.0;35032.0;CENTRO OESTE DO DRS III;2025-09-05;36;11186.0;885.0;0;32;0;;;0
Sudeste;SP;Nova Granada;35;353300.0;35155.0;SAO JOSE DO RIO PRETO;2025-09-05;36;21500.0;7060.0;0;92;0;;;0
Sudeste;SP;Nova Guataporanga;35;353310.0;35111.0;ALTA PAULISTA;2025-09-05;36;2316.0;172.0;0;6;0;;;0
Sudeste;SP;Nova Independência;35;353320.0;35022.0;LAGOS DO DRS II;2025-09-05;36;3969.0;1863.0;0;8;0;;;0
Sudeste;SP;Novais;35;353325.0;35151.0;CATANDUVA;2025-09-05;36;5830.0;325.0;0;21;0;;;0
Sudeste;SP;Nova Luzitânia;35;353330.0;35021.0;CENTRAL DO DRS II;2025-09-05;36;4101.0;397.0;0;15;0;;;0
Sudeste;SP;Nova Odessa;35;353340.0;35072.0;REGIAO METROPOLITANA DE CAMPINAS;2025-09-05;36;60174.0;11807.0;0;287;0;;;1
Sudeste;SP;Novo Horizonte;35;353350.0;35151.0;CATANDUVA;2025-09-05;36;41052.0;6711.0;0;252;0;;;0
Sudeste;SP;Nuporanga;35;353360.0;35082.0;ALTA ANHANGUERA;2025-09-05;36;7432.0;427.0;0;17;0;;;0
Sudeste;SP;Ocauçu;35;353370.0;35093.0;MARILIA;2025-09-05;36;4289.0;956.0;0;9;0;;;0
Sudeste;SP;Óleo;35;353380.0;35094.0;OURINHOS;2025-09-05;36;2496.0;163.0;0;6;0;;;0
Sudeste;SP;Olímpia;35;353390.0;35051.0;NORTE - BARRETOS;2025-09-05;36;54772.0;15882.0;0;328;0;;;0
Sudeste;SP;Onda Verde;35;353400.0;35155.0;SAO JOSE DO RIO PRETO;2025-09-05;36;4381.0;1003.0;0;31;0;;;0
Sudeste;SP;Oriente;35;353410.0;35093.0;MARILIA;2025-09-05;36;6515.0;447.0;0;30;0;;;0
Sudeste;SP;Orindiúva;35;353420.0;35155.0;SAO JOSE DO RIO PRETO;2025-09-05;36;7066.0;2526.0;0;21;0;;;0
Sudeste;SP;Orlândia;35;353430.0;35082.0;ALTA ANHANGUERA;2025-09-05;36;44028.0;8815.0;0;136;0;;;0
Sudeste;SP;Osasco;35;353440.0;35014.0;ROTA DOS BANDEIRANTES;2025-09-05;36;698418.0;50842.0;0;3296;0;;;1
Sudeste;SP;Oscar Bressane;35;353450.0;35093.0;MARILIA;2025-09-05;36;2603.0;734.0;0;11;0;;;0
Sudeste;SP;Osvaldo Cruz;35;353460.0;35091.0;ADAMANTINA;2025-09-05;36;32879.0;10679.0;0;145;0;;;0
Sudeste;SP;Ourinhos;35;353470.0;35094.0;OURINHOS;2025-09-05;36;113542.0;28214.0;0;607;0;;;0
Sudeste;SP;Ouroeste;35;353475.0;35154.0;FERNANDOPOLIS;2025-09-05;36;10361.0;3111.0;0;54;0;;;0
Sudeste;SP;Ouro Verde;35;353480.0;35111.0;ALTA PAULISTA;2025-09-05;36;8562.0;1249.0;0;42;0;;;0
Sudeste;SP;Pacaembu;35;353490.0;35091.0;ADAMANTINA;2025-09-05;36;14197.0;4348.0;0;62;0;;;0
Sudeste;SP;Palestina;35;353500.0;35155.0;SAO JOSE DO RIO PRETO;2025-09-05;36;12957.0;2922.0;0;52;0;;;0
Sudeste;SP;Palmares Paulista;35;353510.0;35151.0;CATANDUVA;2025-09-05;36;13275.0;2633.0;0;47;0;;;0
Sudeste;SP;Palmeira d'Oeste;35;353520.0;35153.0;JALES;2025-09-05;36;9283.0;2984.0;0;45;0;;;0
Sudeste;SP;Palmital;35;353530.0;35092.0;ASSIS;2025-09-05;36;22221.0;5014.0;0;84;0;;;0
Sudeste;SP;Panorama;35;353540.0;35111.0;ALTA PAULISTA;2025-09-05;36;15777.0;4774.0;0;85;0;;;0
Sudeste;SP;Paraguaçu Paulista;35;353550.0;35092.0;ASSIS;2025-09-05;36;45703.0;10777.0;0;182;0;;;0
Sudeste;SP;Paraibuna;35;353560.0;35171.0;ALTO VALE DO PARAIBA;2025-09-05;36;18222.0;1363.0;0;60;0;;;0
Sudeste;SP;Paraíso;35;353570.0;35151.0;CATANDUVA;2025-09-05;36;6454.0;1397.0;0;31;0;;;0
Sudeste;SP;Paranapanema;35;353580.0;35061.0;VALE DO JURUMIRIM;2025-09-05;36;20197.0;2208.0;0;92;0;;;0
Sudeste;SP;Paranapuã;35;353590.0;35153.0;JALES;2025-09-05;36;4078.0;1501.0;0;30;0;;;0
Sudeste;SP;Parapuã;35;353600.0;35095.0;TUPA;2025-09-05;36;10964.0;1624.0;0;55;0;;;0
Sudeste;SP;Pardinho;35;353610.0;35063.0;POLO CUESTA;2025-09-05;36;6435.0;1237.0;0;19;0;;;0
Sudeste;SP;Pariquera-Açu;35;353620.0;35121.0;VALE DO RIBEIRA;2025-09-05;36;19648.0;4579.0;0;77;0;;;0
Sudeste;SP;Parisi;35;353625.0;35157.0;VOTUPORANGA;2025-09-05;36;2161.0;1131.0;0;20;0;;;0
Sudeste;SP;Patrocínio Paulista;35;353630.0;35081.0;TRES COLINAS;2025-09-05;36;14670.0;1153.0;0;47;0;;;0
Sudeste;SP;Paulicéia;35;353640.0;35111.0;ALTA PAULISTA;2025-09-05;36;7366.0;2159.0;0;28;0;;;0
Sudeste;SP;Paulínia;35;353650.0;35072.0;REGIAO METROPOLITANA DE CAMPINAS;2025-09-05;36;109424.0;27769.0;0;363;0;;;1
Sudeste;SP;Paulistânia;35;353657.0;35062.0;BAURU;2025-09-05;36;1833.0;216.0;0;7;0;;;0
Sudeste;SP;Paulo de Faria;35;353660.0;35155.0;SAO JOSE DO RIO PRETO;2025-09-05;36;8945.0;1732.0;0;46;0;;;0
Sudeste;SP;Pederneiras;35;353670.0;35062.0;BAURU;2025-09-05;36;46687.0;11147.0;0;147;0;;;0
Sudeste;SP;Pedra Bela;35;353680.0;35071.0;BRAGANCA;2025-09-05;36;6093.0;304.0;0;12;0;;;0
Sudeste;SP;Pedranópolis;35;353690.0;35154.0;FERNANDOPOLIS;2025-09-05;36;2494.0;280.0;0;13;0;;;0
Sudeste;SP;Pedregulho;35;353700.0;35081.0;TRES COLINAS;2025-09-05;36;16744.0;403.0;0;31;0;;;0
Sudeste;SP;Pedreira;35;353710.0;35072.0;REGIAO METROPOLITANA DE CAMPINAS;2025-09-05;36;47919.0;6428.0;0;154;0;;;1
Sudeste;SP;Pedrinhas Paulista;35;353715.0;35092.0;ASSIS;2025-09-05;36;3093.0;782.0;0;15;0;;;0
Sudeste;SP;Pedro de Toledo;35;353720.0;35121.0;VALE DO RIBEIRA;2025-09-05;36;11331.0;1189.0;0;26;0;;;0
Sudeste;SP;Penápolis;35;353730.0;35023.0;CONSORCIOS DO DRS II;2025-09-05;36;63407.0;22217.0;0;339;0;;;0
Sudeste;SP;Pereira Barreto;35;353740.0;35022.0;LAGOS DO DRS II;2025-09-05;36;25669.0;5948.0;0;120;0;;;0
Sudeste;SP;Pereiras;35;353750.0;35063.0;POLO CUESTA;2025-09-05;36;8668.0;1220.0;0;24;0;;;0
Sudeste;SP;Peruíbe;35;353760.0;35041.0;BAIXADA SANTISTA;2025-09-05;36;68284.0;13375.0;0;319;0;;;0
Sudeste;SP;Piacatu;35;353770.0;35023.0;CONSORCIOS DO DRS II;2025-09-05;36;5980.0;2103.0;0;12;0;;;0
Sudeste;SP;Piedade;35;353780.0;35163.0;SOROCABA;2025-09-05;36;55348.0;9471.0;0;193;0;;;0
Sudeste;SP;Pilar do Sul;35;353790.0;35163.0;SOROCABA;2025-09-05;36;29185.0;6965.0;0;96;0;;;0
Sudeste;SP;Pindamonhangaba;35;353800.0;35174.0;VALE DO PARAIBA/REGIAO SERRANA;2025-09-05;36;168328.0;44584.0;0;625;0;;;0
Sudeste;SP;Pindorama;35;353810.0;35151.0;CATANDUVA;2025-09-05;36;17049.0;4510.0;0;74;0;;;0
Sudeste;SP;Pinhalzinho;35;353820.0;35071.0;BRAGANCA;2025-09-05;36;15207.0;2743.0;0;43;0;;;0
Sudeste;SP;Piquerobi;35;353830.0;35114.0;EXTREMO OESTE PAULISTA;2025-09-05;36;3692.0;269.0;0;9;0;;;0
Sudeste;SP;Piquete;35;353850.0;35172.0;CIRCUITO DA FE E VALE HISTORICO;2025-09-05;36;13657.0;420.0;0;35;0;;;0
Sudeste;SP;Piracaia;35;353860.0;35071.0;BRAGANCA;2025-09-05;36;27303.0;6193.0;0;106;0;;;0
Sudeste;SP;Piracicaba;35;353870.0;35103.0;PIRACICABA;2025-09-05;36;404142.0;110070.0;0;1725;0;;;0
Sudeste;SP;Piraju;35;353880.0;35061.0;VALE DO JURUMIRIM;2025-09-05;36;29806.0;8505.0;0;129;0;;;0
Sudeste;SP;Pirajuí;35;353890.0;35062.0;BAURU;2025-09-05;36;25492.0;5133.0;0;77;0;;;0
Sudeste;SP;Pirangi;35;353900.0;35151.0;CATANDUVA;2025-09-05;36;11417.0;3361.0;0;76;0;;;0
Sudeste;SP;Pirapora do Bom Jesus;35;353910.0;35014.0;ROTA DOS BANDEIRANTES;2025-09-05;36;18895.0;1684.0;0;29;0;;;1
Sudeste;SP;Pirapozinho;35;353920.0;35112.0;ALTA SOROCABANA;2025-09-05;36;27527.0;4476.0;0;96;0;;;0
Sudeste;SP;Pirassununga;35;353930.0;35101.0;ARARAS;2025-09-05;36;76409.0;21510.0;0;324;0;;;0
Sudeste;SP;Piratininga;35;353940.0;35062.0;BAURU;2025-09-05;36;13636.0;2364.0;0;53;0;;;0
Sudeste;SP;Pitangueiras;35;353950.0;35131.0;HORIZONTE VERDE;2025-09-05;36;39719.0;9075.0;0;200;0;;;0
Sudeste;SP;Planalto;35;353960.0;35156.0;JOSE BONIFACIO;2025-09-05;36;5237.0;1491.0;0;14;0;;;0
Sudeste;SP;Platina;35;353970.0;35092.0;ASSIS;2025-09-05;36;3550.0;787.0;0;12;0;;;0
Sudeste;SP;Poá;35;353980.0;35011.0;ALTO DO TIETE;2025-09-05;36;117452.0;13307.0;0;458;0;;;1
Sudeste;SP;Poloni;35;353990.0;35156.0;JOSE BONIFACIO;2025-09-05;36;6059.0;2126.0;0;26;0;;;0
Sudeste;SP;Pompéia;35;354000.0;35093.0;MARILIA;2025-09-05;36;22014.0;1079.0;0;68;0;;;0
Sudeste;SP;Pongaí;35;354010.0;35065.0;LINS;2025-09-05;36;3416.0;402.0;0;12;0;;;0
Sudeste;SP;Pontal;35;354020.0;35131.0;HORIZONTE VERDE;2025-09-05;36;49961.0;9076.0;0;188;0;;;0
Sudeste;SP;Pontalinda;35;354025.0;35153.0;JALES;2025-09-05;36;4628.0;608.0;0;21;0;;;0
Sudeste;SP;Pontes Gestal;35;354030.0;35157.0;VOTUPORANGA;2025-09-05;36;2577.0;993.0;0;12;0;;;0
Sudeste;SP;Populina;35;354040.0;35154.0;FERNANDOPOLIS;2025-09-05;36;4169.0;1562.0;0;23;0;;;0
Sudeste;SP;Porangaba;35;354050.0;35063.0;POLO CUESTA;2025-09-05;36;9925.0;1258.0;0;29;0;;;0
Sudeste;SP;Porto Feliz;35;354060.0;35163.0;SOROCABA;2025-09-05;36;53098.0;14883.0;0;206;0;;;0
Sudeste;SP;Porto Ferreira;35;354070.0;35034.0;CORACAO DO DRS III;2025-09-05;36;56150.0;18239.0;0;222;0;;;0
Sudeste;SP;Potim;35;354075.0;35172.0;CIRCUITO DA FE E VALE HISTORICO;2025-09-05;36;24643.0;3817.0;0;41;0;;;0
Sudeste;SP;Potirendaba;35;354080.0;35155.0;SAO JOSE DO RIO PRETO;2025-09-05;36;17361.0;6142.0;0;103;0;;;0
Sudeste;SP;Pracinha;35;354085.0;35091.0;ADAMANTINA;2025-09-05;36;4093.0;600.0;0;7;0;;;0
Sudeste;SP;Pradópolis;35;354090.0;35131.0;HORIZONTE VERDE;2025-09-05;36;21496.0;2069.0;0;50;0;;;0
Sudeste;SP;Praia Grande;35;354100.0;35041.0;BAIXADA SANTISTA;2025-09-05;36;325073.0;38191.0;0;1398;0;;;0
Sudeste;SP;Pratânia;35;354105.0;35063.0;POLO CUESTA;2025-09-05;36;5261.0;1703.0;0;19;0;;;0
Sudeste;SP;Presidente Alves;35;354110.0;35062.0;BAURU;2025-09-05;36;4094.0;734.0;0;12;0;;;0
Sudeste;SP;Presidente Bernardes;35;354120.0;35112.0;ALTA SOROCABANA;2025-09-05;36;13106.0;1444.0;0;54;0;;;0
Sudeste;SP;Presidente Epitácio;35;354130.0;35114.0;EXTREMO OESTE PAULISTA;2025-09-05;36;44200.0;7452.0;0;154;0;;;0
Sudeste;SP;Presidente Prudente;35;354140.0;35112.0;ALTA SOROCABANA;2025-09-05;36;228743.0;44252.0;0;1117;0;;;0
Sudeste;SP;Presidente Venceslau;35;354150.0;35114.0;EXTREMO OESTE PAULISTA;2025-09-05;36;39516.0;6692.0;0;144;0;;;0
Sudeste;SP;Promissão;35;354160.0;35065.0;LINS;2025-09-05;36;40432.0;10622.0;0;136;0;;;0
Sudeste;SP;Quadra;35;354165.0;35161.0;ITAPETININGA;2025-09-05;36;3804.0;259.0;0;10;0;;;0
Sudeste;SP;Quatá;35;354170.0;35113.0;ALTO CAPIVARI;2025-09-05;36;14109.0;2988.0;0;33;0;;;0
Sudeste;SP;Queiroz;35;354180.0;35095.0;TUPA;2025-09-05;36;3406.0;1062.0;0;3;0;;;0
Sudeste;SP;Queluz;35;354190.0;35172.0;CIRCUITO DA FE E VALE HISTORICO;2025-09-05;36;13420.0;1095.0;0;33;0;;;0
Sudeste;SP;Quintana;35;354200.0;35093.0;MARILIA;2025-09-05;36;6638.0;595.0;0;35;0;;;0
Sudeste;SP;Rafard;35;354210.0;35103.0;PIRACICABA;2025-09-05;36;9076.0;1177.0;0;18;0;;;0
Sudeste;SP;Rancharia;35;354220.0;35113.0;ALTO CAPIVARI;2025-09-05;36;29707.0;8240.0;0;125;0;;;0
Sudeste;SP;Redenção da Serra;35;354230.0;35174.0;VALE DO PARAIBA/REGIAO SERRANA;2025-09-05;36;3851.0;135.0;0;9;0;;;0
Sudeste;SP;Regente Feijó;35;354240.0;35112.0;ALTA SOROCABANA;2025-09-05;36;20261.0;2490.0;0;83;0;;;0
Sudeste;SP;Reginópolis;35;354250.0;35062.0;BAURU;2025-09-05;36;9621.0;1082.0;0;27;0;;;0
Sudeste;SP;Registro;35;354260.0;35121.0;VALE DO RIBEIRA;2025-09-05;36;56322.0;13717.0;0;263;0;;;0
Sudeste;SP;Restinga;35;354270.0;35081.0;TRES COLINAS;2025-09-05;36;7593.0;733.0;0;11;0;;;0
Sudeste;SP;Ribeira;35;354280.0;35162.0;ITAPEVA;2025-09-05;36;3340.0;539.0;0;9;0;;;0
Sudeste;SP;Ribeirão Bonito;35;354290.0;35034.0;CORACAO DO DRS III;2025-09-05;36;13219.0;1838.0;0;36;0;;;0
Sudeste;SP;Ribeirão Branco;35;354300.0;35162.0;ITAPEVA;2025-09-05;36;16444.0;2866.0;0;72;0;;;0
Sudeste;SP;Ribeirão Corrente;35;354310.0;35081.0;TRES COLINAS;2025-09-05;36;4718.0;349.0;0;6;0;;;0
Sudeste;SP;Ribeirão do Sul;35;354320.0;35094.0;OURINHOS;2025-09-05;36;4541.0;722.0;0;27;0;;;0
Sudeste;SP;Ribeirão dos Índios;35;354323.0;35112.0;ALTA SOROCABANA;2025-09-05;36;2225.0;119.0;0;8;0;;;0
Sudeste;SP;Ribeirão Grande;35;354325.0;35161.0;ITAPETININGA;2025-09-05;36;7673.0;535.0;0;30;0;;;0
Sudeste;SP;Ribeirão Pires;35;354330.0;35015.0;GRANDE ABC;2025-09-05;36;123393.0;16143.0;0;412;0;;;1
Sudeste;SP;Ribeirão Preto;35;354340.0;35132.0;AQUIFERO GUARANI;2025-09-05;36;703293.0;112653.0;0;3633;0;;;0
Sudeste;SP;Riversul;35;354350.0;35162.0;ITAPEVA;2025-09-05;36;5524.0;1049.0;0;33;0;;;0
Sudeste;SP;Rifaina;35;354360.0;35081.0;TRES COLINAS;2025-09-05;36;3629.0;1191.0;0;14;0;;;0
Sudeste;SP;Rincão;35;354370.0;35031.0;CENTRAL DO DRS III;2025-09-05;36;10799.0;2437.0;0;51;0;;;0
Sudeste;SP;Rinópolis;35;354380.0;35095.0;TUPA;2025-09-05;36;9981.0;678.0;0;23;0;;;0
Sudeste;SP;Rio Claro;35;354390.0;35104.0;RIO CLARO;2025-09-05;36;206424.0;14062.0;0;741;0;;;0
Sudeste;SP;Rio das Pedras;35;354400.0;35103.0;PIRACICABA;2025-09-05;36;35228.0;3771.0;0;122;0;;;0
Sudeste;SP;Rio Grande da Serra;35;354410.0;35015.0;GRANDE ABC;2025-09-05;36;50846.0;2443.0;0;110;0;;;1
Sudeste;SP;Riolândia;35;354420.0;35157.0;VOTUPORANGA;2025-09-05;36;12518.0;3095.0;0;34;0;;;0
Sudeste;SP;Rosana;35;354425.0;35115.0;PONTAL DO PARANAPANEMA;2025-09-05;36;16643.0;5454.0;0;57;0;;;0
Sudeste;SP;Roseira;35;354430.0;35172.0;CIRCUITO DA FE E VALE HISTORICO;2025-09-05;36;10712.0;1619.0;0;33;0;;;0
Sudeste;SP;Rubiácea;35;354440.0;35021.0;CENTRAL DO DRS II;2025-09-05;36;3128.0;744.0;0;11;0;;;0
Sudeste;SP;Rubinéia;35;354450.0;35152.0;SANTA FE DO SUL;2025-09-05;36;3148.0;1589.0;0;20;0;;;0
Sudeste;SP;Sabino;35;354460.0;35065.0;LINS;2025-09-05;36;5590.0;325.0;0;34;0;;;0
Sudeste;SP;Sagres;35;354470.0;35091.0;ADAMANTINA;2025-09-05;36;2432.0;268.0;0;4;0;;;0
Sudeste;SP;Sales;35;354480.0;35151.0;CATANDUVA;2025-09-05;36;6331.0;1421.0;0;51;0;;;0
Sudeste;SP;Sales Oliveira;35;354490.0;35082.0;ALTA ANHANGUERA;2025-09-05;36;11890.0;1870.0;0;35;0;;;0
Sudeste;SP;Salesópolis;35;354500.0;35011.0;ALTO DO TIETE;2025-09-05;36;17139.0;725.0;0;65;0;;;1
Sudeste;SP;Salmourão;35;354510.0;35091.0;ADAMANTINA;2025-09-05;36;5300.0;556.0;0;26;0;;;0
Sudeste;SP;Saltinho;35;354515.0;35103.0;PIRACICABA;2025-09-05;36;8286.0;2582.0;0;27;0;;;0
Sudeste;SP;Salto;35;354520.0;35163.0;SOROCABA;2025-09-05;36;118663.0;27519.0;0;541;0;;;0
Sudeste;SP;Salto de Pirapora;35;354530.0;35163.0;SOROCABA;2025-09-05;36;45422.0;4483.0;0;191;0;;;0
Sudeste;SP;Salto Grande;35;354540.0;35094.0;OURINHOS;2025-09-05;36;9331.0;2101.0;0;19;0;;;0
Sudeste;SP;Sandovalina;35;354550.0;35112.0;ALTA SOROCABANA;2025-09-05;36;4302.0;964.0;0;17;0;;;0
Sudeste;SP;Santa Adélia;35;354560.0;35151.0;CATANDUVA;2025-09-05;36;15480.0;3269.0;0;76;0;;;0
Sudeste;SP;Santa Albertina;35;354570.0;35153.0;JALES;2025-09-05;36;6008.0;2722.0;0;32;0;;;0
Sudeste;SP;Santa Bárbara d'Oeste;35;354580.0;35072.0;REGIAO METROPOLITANA DE CAMPINAS;2025-09-05;36;193475.0;40080.0;0;940;0;;;1
Sudeste;SP;Santa Branca;35;354600.0;35171.0;ALTO VALE DO PARAIBA;2025-09-05;36;14788.0;2281.0;0;40;0;;;0
Sudeste;SP;Santa Clara d'Oeste;35;354610.0;35152.0;SANTA FE DO SUL;2025-09-05;36;2115.0;633.0;0;26;0;;;0
Sudeste;SP;Santa Cruz da Conceição;35;354620.0;35101.0;ARARAS;2025-09-05;36;4503.0;2214.0;0;18;0;;;0
Sudeste;SP;Santa Cruz da Esperança;35;354625.0;35133.0;VALE DAS CACHOEIRAS;2025-09-05;36;2139.0;206.0;0;8;0;;;0
Sudeste;SP;Santa Cruz das Palmeiras;35;354630.0;35142.0;MANTIQUEIRA;2025-09-05;36;34361.0;6067.0;0;140;0;;;0
Sudeste;SP;Santa Cruz do Rio Pardo;35;354640.0;35094.0;OURINHOS;2025-09-05;36;47673.0;9475.0;0;216;0;;;0
Sudeste;SP;Santa Ernestina;35;354650.0;35033.0;NORTE DO DRS III;2025-09-05;36;5599.0;574.0;0;22;0;;;0
Sudeste;SP;Santa Fé do Sul;35;354660.0;35152.0;SANTA FE DO SUL;2025-09-05;36;32322.0;10513.0;0;172;0;;;0
Sudeste;SP;Santa Gertrudes;35;354670.0;35104.0;RIO CLARO;2025-09-05;36;26898.0;3949.0;0;89;0;;;0
Sudeste;SP;Santa Isabel;35;354680.0;35011.0;ALTO DO TIETE;2025-09-05;36;57386.0;10478.0;0;302;0;;;1
Sudeste;SP;Santa Lúcia;35;354690.0;35031.0;CENTRAL DO DRS III;2025-09-05;36;8817.0;814.0;0;27;0;;;0
Sudeste;SP;Santa Maria da Serra;35;354700.0;35103.0;PIRACICABA;2025-09-05;36;6173.0;1367.0;0;12;0;;;0
Sudeste;SP;Santa Mercedes;35;354710.0;35111.0;ALTA PAULISTA;2025-09-05;36;2939.0;1008.0;0;11;0;;;0
Sudeste;SP;Santana da Ponte Pensa;35;354720.0;35153.0;JALES;2025-09-05;36;1487.0;580.0;0;6;0;;;0
Sudeste;SP;Santana de Parnaíba;35;354730.0;35014.0;ROTA DOS BANDEIRANTES;2025-09-05;36;139447.0;29888.0;0;454;0;;;1
Sudeste;SP;Santa Rita d'Oeste;35;354740.0;35152.0;SANTA FE DO SUL;2025-09-05;36;2498.0;470.0;0;18;0;;;0
Sudeste;SP;Santa Rita do Passa Quatro;35;354750.0;35132.0;AQUIFERO GUARANI;2025-09-05;36;27557.0;1857.0;0;51;0;;;0
Sudeste;SP;Santa Rosa de Viterbo;35;354760.0;35132.0;AQUIFERO GUARANI;2025-09-05;36;26540.0;2517.0;0;61;0;;;0
Sudeste;SP;Santa Salete;35;354765.0;35153.0;JALES;2025-09-05;36;1545.0;784.0;0;9;0;;;0
Sudeste;SP;Santo Anastácio;35;354770.0;35112.0;ALTA SOROCABANA;2025-09-05;36;20878.0;4105.0;0;73;0;;;0
Sudeste;SP;Santo André;35;354780.0;35015.0;GRANDE ABC;2025-09-05;36;718773.0;109710.0;0;3632;0;;;1
Sudeste;SP;Santo Antônio da Alegria;35;354790.0;35133.0;VALE DAS CACHOEIRAS;2025-09-05;36;6929.0;684.0;0;26;0;;;0
Sudeste;SP;Santo Antônio de Posse;35;354800.0;35072.0;REGIAO METROPOLITANA DE CAMPINAS;2025-09-05;36;23310.0;5065.0;0;75;0;;;1
Sudeste;SP;Santo Antônio do Aracanguá;35;354805.0;35021.0;CENTRAL DO DRS II;2025-09-05;36;8420.0;593.0;0;40;0;;;0
Sudeste;SP;Santo Antônio do Jardim;35;354810.0;35142.0;MANTIQUEIRA;2025-09-05;36;5954.0;1522.0;0;26;0;;;0
Sudeste;SP;Santo Antônio do Pinhal;35;354820.0;35174.0;VALE DO PARAIBA/REGIAO SERRANA;2025-09-05;36;6811.0;1606.0;0;11;0;;;0
Sudeste;SP;Santo Expedito;35;354830.0;35112.0;ALTA SOROCABANA;2025-09-05;36;3111.0;216.0;0;11;0;;;0
Sudeste;SP;Santópolis do Aguapeí;35;354840.0;35023.0;CONSORCIOS DO DRS II;2025-09-05;36;4777.0;762.0;0;19;0;;;0
Sudeste;SP;Santos;35;354850.0;35041.0;BAIXADA SANTISTA;2025-09-05;36;433311.0;88350.0;0;2690;0;;;0
Sudeste;SP;São Bento do Sapucaí;35;354860.0;35174.0;VALE DO PARAIBA/REGIAO SERRANA;2025-09-05;36;10878.0;824.0;0;14;0;;;0
Sudeste;SP;São Bernardo do Campo;35;354870.0;35015.0;GRANDE ABC;2025-09-05;36;838936.0;79130.0;0;3945;0;;;1
Sudeste;SP;São Caetano do Sul;35;354880.0;35015.0;GRANDE ABC;2025-09-05;36;161127.0;39451.0;0;1217;0;;;1
Sudeste;SP;São Carlos;35;354890.0;35034.0;CORACAO DO DRS III;2025-09-05;36;251983.0;38430.0;0;668;0;;;0
Sudeste;SP;São Francisco;35;354900.0;35153.0;JALES;2025-09-05;36;2821.0;948.0;0;22;0;;;0
Sudeste;SP;São João da Boa Vista;35;354910.0;35142.0;MANTIQUEIRA;2025-09-05;36;91211.0;28313.0;0;417;0;;;0
Sudeste;SP;São João das Duas Pontes;35;354920.0;35154.0;FERNANDOPOLIS;2025-09-05;36;2568.0;833.0;0;11;0;;;0
Sudeste;SP;São João de Iracema;35;354925.0;35154.0;FERNANDOPOLIS;2025-09-05;36;1922.0;944.0;0;10;0;;;0
Sudeste;SP;São João do Pau d'Alho;35;354930.0;35111.0;ALTA PAULISTA;2025-09-05;36;2105.0;304.0;0;4;0;;;0
Sudeste;SP;São Joaquim da Barra;35;354940.0;35082.0;ALTA ANHANGUERA;2025-09-05;36;51888.0;7480.0;0;192;0;;;0
Sudeste;SP;São José da Bela Vista;35;354950.0;35081.0;TRES COLINAS;2025-09-05;36;8928.0;341.0;0;23;0;;;0
Sudeste;SP;São José do Barreiro;35;354960.0;35172.0;CIRCUITO DA FE E VALE HISTORICO;2025-09-05;36;4147.0;765.0;0;9;0;;;0
Sudeste;SP;São José do Rio Pardo;35;354970.0;35143.0;RIO PARDO;2025-09-05;36;54946.0;8043.0;0;188;0;;;0
Sudeste;SP;São José do Rio Preto;35;354980.0;35155.0;SAO JOSE DO RIO PRETO;2025-09-05;36;460671.0;170204.0;0;3307;0;;;0
Sudeste;SP;São José dos Campos;35;354990.0;35171.0;ALTO VALE DO PARAIBA;2025-09-05;36;721944.0;138653.0;0;2504;0;;;0
Sudeste;SP;São Lourenço da Serra;35;354995.0;35013.0;MANANCIAIS;2025-09-05;36;15825.0;716.0;0;43;0;;;1
Sudeste;SP;São Luiz do Paraitinga;35;355000.0;35174.0;VALE DO PARAIBA/REGIAO SERRANA;2025-09-05;36;10687.0;987.0;0;40;0;;;0
Sudeste;SP;São Manuel;35;355010.0;35063.0;POLO CUESTA;2025-09-05;36;40954.0;6756.0;0;181;0;;;0
Sudeste;SP;São Miguel Arcanjo;35;355020.0;35161.0;ITAPETININGA;2025-09-05;36;32931.0;5197.0;0;94;0;;;0
Sudeste;SP;São Paulo;35;355030.0;35016.0;SAO PAULO;2025-09-05;36;12252023.0;1213564.0;0;46302;0;;;1
Sudeste;SP;São Pedro;35;355040.0;35103.0;PIRACICABA;2025-09-05;36;35653.0;11394.0;0;127;0;;;0
Sudeste;SP;São Pedro do Turvo;35;355050.0;35094.0;OURINHOS;2025-09-05;36;7666.0;1027.0;0;18;0;;;0
Sudeste;SP;São Roque;35;355060.0;35163.0;SOROCABA;2025-09-05;36;91016.0;7244.0;0;140;0;;;0
Sudeste;SP;São Sebastião;35;355070.0;35173.0;LITORAL NORTE;2025-09-05;36;88980.0;8868.0;0;211;0;;;0
Sudeste;SP;São Sebastião da Grama;35;355080.0;35143.0;RIO PARDO;2025-09-05;36;12182.0;2892.0;0;40;0;;;0
Sudeste;SP;São Simão;35;355090.0;35132.0;AQUIFERO GUARANI;2025-09-05;36;15322.0;1701.0;0;39;0;;;0
Sudeste;SP;São Vicente;35;355100.0;35041.0;BAIXADA SANTISTA;2025-09-05;36;365798.0;33344.0;0;1486;0;;;0
Sudeste;SP;Sarapuí;35;355110.0;35161.0;ITAPETININGA;2025-09-05;36;10285.0;528.0;0;7;0;;;0
Sudeste;SP;Sarutaiá;35;355120.0;35061.0;VALE DO JURUMIRIM;2025-09-05;36;3638.0;156.0;0;23;0;;;0
Sudeste;SP;Sebastianópolis do Sul;35;355130.0;35157.0;VOTUPORANGA;2025-09-05;36;3513.0;384.0;0;12;0;;;0
Sudeste;SP;Serra Azul;35;355140.0;35132.0;AQUIFERO GUARANI;2025-09-05;36;14662.0;1478.0;0;23;0;;;0
Sudeste;SP;Serrana;35;355150.0;35132.0;AQUIFERO GUARANI;2025-09-05;36;45107.0;12139.0;0;156;0;;;0
Sudeste;SP;Serra Negra;35;355160.0;35074.0;CIRCUITO DAS AGUAS;2025-09-05;36;29229.0;7609.0;0;109;0;;;0
Sudeste;SP;Sertãozinho;35;355170.0;35131.0;HORIZONTE VERDE;2025-09-05;36;125815.0;20352.0;0;586;0;;;0
Sudeste;SP;Sete Barras;35;355180.0;35121.0;VALE DO RIBEIRA;2025-09-05;36;12832.0;3163.0;0;49;0;;;0
Sudeste;SP;Severínia;35;355190.0;35051.0;NORTE - BARRETOS;2025-09-05;36;17496.0;3097.0;0;86;0;;;0
Sudeste;SP;Silveiras;35;355200.0;35172.0;CIRCUITO DA FE E VALE HISTORICO;2025-09-05;36;6302.0;571.0;0;11;0;;;0
Sudeste;SP;Socorro;35;355210.0;35071.0;BRAGANCA;2025-09-05;36;41005.0;7055.0;0;116;0;;;0
Sudeste;SP;Sorocaba;35;355220.0;35163.0;SOROCABA;2025-09-05;36;679378.0;116952.0;0;3320;0;;;0
Sudeste;SP;Sud Mennucci;35;355230.0;35022.0;LAGOS DO DRS II;2025-09-05;36;7718.0;967.0;0;25;0;;;0
Sudeste;SP;Sumaré;35;355240.0;35072.0;REGIAO METROPOLITANA DE CAMPINAS;2025-09-05;36;282441.0;44333.0;0;1025;0;;;1
Sudeste;SP;Suzano;35;355250.0;35011.0;ALTO DO TIETE;2025-09-05;36;297637.0;31444.0;0;1067;0;;;1
Sudeste;SP;Suzanápolis;35;355255.0;35022.0;LAGOS DO DRS II;2025-09-05;36;3963.0;511.0;0;13;0;;;0
Sudeste;SP;Tabapuã;35;355260.0;35151.0;CATANDUVA;2025-09-05;36;12407.0;3393.0;0;79;0;;;0
Sudeste;SP;Tabatinga;35;355270.0;35032.0;CENTRO OESTE DO DRS III;2025-09-05;36;16496.0;3068.0;0;62;0;;;0
Sudeste;SP;Taboão da Serra;35;355280.0;35013.0;MANANCIAIS;2025-09-05;36;289664.0;20126.0;0;1072;0;;;1
Sudeste;SP;Taciba;35;355290.0;35112.0;ALTA SOROCABANA;2025-09-05;36;6285.0;871.0;0;29;0;;;0
Sudeste;SP;Taguaí;35;355300.0;35061.0;VALE DO JURUMIRIM;2025-09-05;36;13859.0;3509.0;0;48;0;;;0
Sudeste;SP;Taiaçu;35;355310.0;35052.0;SUL - BARRETOS;2025-09-05;36;6295.0;1665.0;0;20;0;;;0
Sudeste;SP;Taiúva;35;355320.0;35052.0;SUL - BARRETOS;2025-09-05;36;5566.0;1115.0;0;21;0;;;0
Sudeste;SP;Tambaú;35;355330.0;35142.0;MANTIQUEIRA;2025-09-05;36;23207.0;5888.0;0;65;0;;;0
Sudeste;SP;Tanabi;35;355340.0;35155.0;SAO JOSE DO RIO PRETO;2025-09-05;36;25967.0;7453.0;0;143;0;;;0
Sudeste;SP;Tapiraí;35;355350.0;35163.0;SOROCABA;2025-09-05;36;7807.0;872.0;0;11;0;;;0
Sudeste;SP;Tapiratiba;35;355360.0;35143.0;RIO PARDO;2025-09-05;36;12960.0;3103.0;0;44;0;;;0
Sudeste;SP;Taquaral;35;355365.0;35052.0;SUL - BARRETOS;2025-09-05;36;2811.0;460.0;0;13;0;;;0
Sudeste;SP;Taquaritinga;35;355370.0;35033.0;NORTE DO DRS III;2025-09-05;36;57177.0;15508.0;0;262;0;;;0
Sudeste;SP;Taquarituba;35;355380.0;35061.0;VALE DO JURUMIRIM;2025-09-05;36;23218.0;7614.0;0;124;0;;;0
Sudeste;SP;Taquarivaí;35;355385.0;35162.0;ITAPEVA;2025-09-05;36;5852.0;1110.0;0;22;0;;;0
Sudeste;SP;Tarabai;35;355390.0;35112.0;ALTA SOROCABANA;2025-09-05;36;7468.0;1146.0;0;36;0;;;0
Sudeste;SP;Tarumã;35;355395.0;35092.0;ASSIS;2025-09-05;36;15000.0;1833.0;0;58;0;;;0
Sudeste;SP;Tatuí;35;355400.0;35161.0;ITAPETININGA;2025-09-05;36;121766.0;23018.0;0;543;0;;;0
Sudeste;SP;Taubaté;35;355410.0;35174.0;VALE DO PARAIBA/REGIAO SERRANA;2025-09-05;36;314924.0;43816.0;0;1261;0;;;0
Sudeste;SP;Tejupá;35;355420.0;35061.0;VALE DO JURUMIRIM;2025-09-05;36;4532.0;438.0;0;13;0;;;0
Sudeste;SP;Teodoro Sampaio;35;355430.0;35115.0;PONTAL DO PARANAPANEMA;2025-09-05;36;23148.0;4093.0;0;61;0;;;0
Sudeste;SP;Terra Roxa;35;355440.0;35052.0;SUL - BARRETOS;2025-09-05;36;9370.0;1410.0;0;40;0;;;0
Sudeste;SP;Tietê;35;355450.0;35163.0;SOROCABA;2025-09-05;36;42076.0;9392.0;0;137;0;;;0
Sudeste;SP;Timburi;35;355460.0;35094.0;OURINHOS;2025-09-05;36;2658.0;912.0;0;16;0;;;0
Sudeste;SP;Torre de Pedra;35;355465.0;35063.0;POLO CUESTA;2025-09-05;36;2412.0;243.0;0;14;0;;;0
Sudeste;SP;Torrinha;35;355470.0;35064.0;JAU;2025-09-05;36;10010.0;4391.0;0;28;0;;;0
Sudeste;SP;Trabiju;35;355475.0;35031.0;CENTRAL DO DRS III;2025-09-05;36;1724.0;459.0;0;5;0;;;0
Sudeste;SP;Tremembé;35;355480.0;35174.0;VALE DO PARAIBA/REGIAO SERRANA;2025-09-05;36;47185.0;3093.0;0;76;0;;;0
Sudeste;SP;Três Fronteiras;35;355490.0;35152.0;SANTA FE DO SUL;2025-09-05;36;5807.0;2142.0;0;39;0;;;0
Sudeste;SP;Tuiuti;35;355495.0;35071.0;BRAGANCA;2025-09-05;36;6894.0;1336.0;0;23;0;;;0
Sudeste;SP;Tupã;35;355500.0;35095.0;TUPA;2025-09-05;36;65524.0;8351.0;0;355;0;;;0
Sudeste;SP;Tupi Paulista;35;355510.0;35111.0;ALTA PAULISTA;2025-09-05;36;15495.0;4607.0;0;60;0;;;0
Sudeste;SP;Turiúba;35;355520.0;35023.0;CONSORCIOS DO DRS II;2025-09-05;36;2016.0;572.0;0;4;0;;;0
Sudeste;SP;Turmalina;35;355530.0;35154.0;FERNANDOPOLIS;2025-09-05;36;1727.0;689.0;0;7;0;;;0
Sudeste;SP;Ubarana;35;355535.0;35156.0;JOSE BONIFACIO;2025-09-05;36;6309.0;1847.0;0;26;0;;;0
Sudeste;SP;Ubatuba;35;355540.0;35173.0;LITORAL NORTE;2025-09-05;36;90799.0;13933.0;0;169;0;;;0
Sudeste;SP;Ubirajara;35;355550.0;35093.0;MARILIA;2025-09-05;36;4780.0;584.0;0;16;0;;;0
Sudeste;SP;Uchoa;35;355560.0;35155.0;SAO JOSE DO RIO PRETO;2025-09-05;36;10110.0;2246.0;0;47;0;;;0
Sudeste;SP;União Paulista;35;355570.0;35156.0;JOSE BONIFACIO;2025-09-05;36;1844.0;353.0;0;8;0;;;0
Sudeste;SP;Urânia;35;355580.0;35153.0;JALES;2025-09-05;36;9114.0;4212.0;0;53;0;;;0
Sudeste;SP;Uru;35;355590.0;35065.0;LINS;2025-09-05;36;1165.0;452.0;0;6;0;;;0
Sudeste;SP;Urupês;35;355600.0;35151.0;CATANDUVA;2025-09-05;36;13809.0;1016.0;0;62;0;;;0
Sudeste;SP;Valentim Gentil;35;355610.0;35157.0;VOTUPORANGA;2025-09-05;36;13326.0;5775.0;0;81;0;;;0
Sudeste;SP;Valinhos;35;355620.0;35072.0;REGIAO METROPOLITANA DE CAMPINAS;2025-09-05;36;129193.0;26923.0;0;576;0;;;1
Sudeste;SP;Valparaíso;35;355630.0;35021.0;CENTRAL DO DRS II;2025-09-05;36;26480.0;6057.0;0;91;0;;;0
Sudeste;SP;Vargem;35;355635.0;35071.0;BRAGANCA;2025-09-05;36;10537.0;663.0;0;28;0;;;0
Sudeste;SP;Vargem Grande do Sul;35;355640.0;35142.0;MANTIQUEIRA;2025-09-05;36;42845.0;6932.0;0;124;0;;;0
Sudeste;SP;Vargem Grande Paulista;35;355645.0;35013.0;MANANCIAIS;2025-09-05;36;52597.0;7402.0;0;147;0;;;1
Sudeste;SP;Várzea Paulista;35;355650.0;35073.0;JUNDIAI;2025-09-05;36;121838.0;14729.0;0;318;0;;;0
Sudeste;SP;Vera Cruz;35;355660.0;35093.0;MARILIA;2025-09-05;36;10843.0;733.0;0;51;0;;;0
Sudeste;SP;Vinhedo;35;355670.0;35072.0;REGIAO METROPOLITANA DE CAMPINAS;2025-09-05;36;78728.0;19115.0;0;261;0;;;1
Sudeste;SP;Viradouro;35;355680.0;35052.0;SUL - BARRETOS;2025-09-05;36;18898.0;4465.0;0;120;0;;;0
Sudeste;SP;Vista Alegre do Alto;35;355690.0;35052.0;SUL - BARRETOS;2025-09-05;36;8810.0;1952.0;0;25;0;;;0
Sudeste;SP;Vitória Brasil;35;355695.0;35153.0;JALES;2025-09-05;36;1840.0;774.0;0;11;0;;;0
Sudeste;SP;Votorantim;35;355700.0;35163.0;SOROCABA;2025-09-05;36;122480.0;12627.0;0;587;0;;;0
Sudeste;SP;Votuporanga;35;355710.0;35157.0;VOTUPORANGA;2025-09-05;36;94547.0;35153.0;0;526;0;;;0
Sudeste;SP;Zacarias;35;355715.0;35156.0;JOSE BONIFACIO;2025-09-05;36;2718.0;441.0;0;13;0;;;0
Sudeste;SP;Chavantes;35;355720.0;35094.0;OURINHOS;2025-09-05;36;12418.0;2829.0;0;64;0;;;0
Sudeste;SP;Estiva Gerbi;35;355730.0;35141.0;BAIXA MOGIANA;2025-09-05;36;11304.0;1301.0;0;37;0;;;0
Sul;PR;;41;410000.0;;;2025-09-05;36;;12482.0;0;249;0;;;
Sul;PR;Abatiá;41;410010.0;41018.0;18ª RS CORNELIO PROCOPIO;2025-09-05;36;7457.0;1781.0;0;25;0;;;0
Sul;PR;Adrianópolis;41;410020.0;41002.0;2ª RS METROPOLITANA;2025-09-05;36;5919.0;2046.0;0;31;0;;;1
Sul;PR;Agudos do Sul;41;410030.0;41002.0;2ª RS METROPOLITANA;2025-09-05;36;9371.0;1852.0;0;38;0;;;1
Sul;PR;Almirante Tamandaré;41;410040.0;41002.0;2ª RS METROPOLITANA;2025-09-05;36;118623.0;19948.0;0;519;0;;;1
Sul;PR;Altamira do Paraná;41;410045.0;41011.0;11ª RS CAMPO MOURAO;2025-09-05;36;1942.0;664.0;0;15;0;;;0
Sul;PR;Altônia;41;410050.0;41012.0;12ª RS UMUARAMA;2025-09-05;36;22056.0;5051.0;0;55;0;;;0
Sul;PR;Alto Paraná;41;410060.0;41014.0;14ª RS PARANAVAI;2025-09-05;36;14770.0;3344.0;0;28;0;;;0
Sul;PR;Alto Piquiri;41;410070.0;41012.0;12ª RS UMUARAMA;2025-09-05;36;9836.0;2694.0;0;31;0;;;0
Sul;PR;Alvorada do Sul;41;410080.0;41017.0;17ª RS LONDRINA;2025-09-05;36;11406.0;1830.0;0;41;0;;;0
Sul;PR;Amaporã;41;410090.0;41014.0;14ª RS PARANAVAI;2025-09-05;36;6257.0;1008.0;0;8;0;;;0
Sul;PR;Ampére;41;410100.0;41008.0;8ª RS FRANCISCO BELTRAO;2025-09-05;36;19152.0;6884.0;0;75;0;;;0
Sul;PR;Anahy;41;410105.0;41010.0;10ª RS CASCAVEL;2025-09-05;36;2801.0;953.0;0;16;0;;;0
Sul;PR;Andirá;41;410110.0;41018.0;18ª RS CORNELIO PROCOPIO;2025-09-05;36;20031.0;6134.0;0;103;0;;;0
Sul;PR;Ângulo;41;410115.0;41015.0;15ª RS MARINGA;2025-09-05;36;2928.0;982.0;0;11;0;;;0
Sul;PR;Antonina;41;410120.0;41001.0;1ª RS PARANAGUA;2025-09-05;36;18980.0;5421.0;0;81;0;;;0
Sul;PR;Antônio Olinto;41;410130.0;41006.0;6ª RS UNIAO DA VITORIA;2025-09-05;36;7434.0;1636.0;0;18;0;;;0
Sul;PR;Apucarana;41;410140.0;41016.0;16ª RS APUCARANA;2025-09-05;36;134996.0;24188.0;0;594;0;;;0
Sul;PR;Arapongas;41;410150.0;41016.0;16ª RS APUCARANA;2025-09-05;36;123027.0;31202.0;0;675;0;;;0
Sul;PR;Arapoti;41;410160.0;41003.0;3ª RS PONTA GROSSA;2025-09-05;36;28115.0;5897.0;0;71;0;;;0
Sul;PR;Arapuã;41;410165.0;41022.0;22ª RS IVAIPORA;2025-09-05;36;3068.0;969.0;0;9;0;;;0
Sul;PR;Araruna;41;410170.0;41011.0;11ª RS CAMPO MOURAO;2025-09-05;36;13970.0;3846.0;0;45;0;;;0
Sul;PR;Araucária;41;410180.0;41002.0;2ª RS METROPOLITANA;2025-09-05;36;143843.0;48088.0;0;596;0;;;1
Sul;PR;Ariranha do Ivaí;41;410185.0;41022.0;22ª RS IVAIPORA;2025-09-05;36;2108.0;723.0;0;6;0;;;0
Sul;PR;Assaí;41;410190.0;41017.0;17ª RS LONDRINA;2025-09-05;36;15119.0;3768.0;0;77;0;;;0
Sul;PR;Assis Chateaubriand;41;410200.0;41020.0;20ª RS TOLEDO;2025-09-05;36;33362.0;10207.0;0;149;0;;;0
Sul;PR;Astorga;41;410210.0;41015.0;15ª RS MARINGA;2025-09-05;36;26111.0;9718.0;0;109;0;;;0
Sul;PR;Atalaia;41;410220.0;41015.0;15ª RS MARINGA;2025-09-05;36;3892.0;1396.0;0;30;0;;;0
Sul;PR;Balsa Nova;41;410230.0;41002.0;2ª RS METROPOLITANA;2025-09-05;36;12941.0;3372.0;0;37;0;;;1
Sul;PR;Bandeirantes;41;410240.0;41018.0;18ª RS CORNELIO PROCOPIO;2025-09-05;36;31367.0;10386.0;0;172;0;;;0
Sul;PR;Barbosa Ferraz;41;410250.0;41011.0;11ª RS CAMPO MOURAO;2025-09-05;36;11568.0;3794.0;0;62;0;;;0
Sul;PR;Barracão;41;410260.0;41008.0;8ª RS FRANCISCO BELTRAO;2025-09-05;36;10275.0;3008.0;0;40;0;;;0
Sul;PR;Barra do Jacaré;41;410270.0;41019.0;19ª RS JACAREZINHO;2025-09-05;36;2781.0;708.0;0;7;0;;;0
Sul;PR;Bela Vista da Caroba;41;410275.0;41008.0;8ª RS FRANCISCO BELTRAO;2025-09-05;36;3511.0;883.0;0;9;0;;;0
Sul;PR;Bela Vista do Paraíso;41;410280.0;41017.0;17ª RS LONDRINA;2025-09-05;36;15397.0;4419.0;0;91;0;;;0
Sul;PR;Bituruna;41;410290.0;41006.0;6ª RS UNIAO DA VITORIA;2025-09-05;36;16389.0;2934.0;0;42;0;;;0
Sul;PR;Boa Esperança;41;410300.0;41011.0;11ª RS CAMPO MOURAO;2025-09-05;36;4105.0;1572.0;0;21;0;;;0
Sul;PR;Boa Esperança do Iguaçu;41;410302.0;41008.0;8ª RS FRANCISCO BELTRAO;2025-09-05;36;2503.0;566.0;0;2;0;;;0
Sul;PR;Boa Ventura de São Roque;41;410304.0;41005.0;5ª RS GUARAPUAVA;2025-09-05;36;6387.0;1148.0;0;12;0;;;0
Sul;PR;Boa Vista da Aparecida;41;410305.0;41010.0;10ª RS CASCAVEL;2025-09-05;36;7591.0;1984.0;0;45;0;;;0
Sul;PR;Bocaiúva do Sul;41;410310.0;41002.0;2ª RS METROPOLITANA;2025-09-05;36;12944.0;3561.0;0;32;0;;;1
Sul;PR;Bom Jesus do Sul;41;410315.0;41008.0;8ª RS FRANCISCO BELTRAO;2025-09-05;36;3541.0;1506.0;0;12;0;;;0
Sul;PR;Bom Sucesso;41;410320.0;41016.0;16ª RS APUCARANA;2025-09-05;36;7032.0;2760.0;0;21;0;;;0
Sul;PR;Bom Sucesso do Sul;41;410322.0;41007.0;7ª RS PATO BRANCO;2025-09-05;36;3264.0;1264.0;0;10;0;;;0
Sul;PR;Borrazópolis;41;410330.0;41016.0;16ª RS APUCARANA;2025-09-05;36;6592.0;2118.0;0;38;0;;;0
Sul;PR;Braganey;41;410335.0;41010.0;10ª RS CASCAVEL;2025-09-05;36;5427.0;1616.0;0;16;0;;;0
Sul;PR;Brasilândia do Sul;41;410337.0;41012.0;12ª RS UMUARAMA;2025-09-05;36;2651.0;1070.0;0;15;0;;;0
Sul;PR;Cafeara;41;410340.0;41017.0;17ª RS LONDRINA;2025-09-05;36;2934.0;945.0;0;15;0;;;0
Sul;PR;Cafelândia;41;410345.0;41010.0;10ª RS CASCAVEL;2025-09-05;36;18120.0;5900.0;0;52;0;;;0
Sul;PR;Cafezal do Sul;41;410347.0;41012.0;12ª RS UMUARAMA;2025-09-05;36;4044.0;1228.0;0;13;0;;;0
Sul;PR;Califórnia;41;410350.0;41016.0;16ª RS APUCARANA;2025-09-05;36;8570.0;2464.0;0;42;0;;;0
Sul;PR;Cambará;41;410360.0;41019.0;19ª RS JACAREZINHO;2025-09-05;36;25360.0;7110.0;0;80;0;;;0
Sul;PR;Cambé;41;410370.0;41017.0;17ª RS LONDRINA;2025-09-05;36;106533.0;27703.0;0;437;0;;;0
Sul;PR;Cambira;41;410380.0;41016.0;16ª RS APUCARANA;2025-09-05;36;7865.0;2947.0;0;34;0;;;0
Sul;PR;Campina da Lagoa;41;410390.0;41011.0;11ª RS CAMPO MOURAO;2025-09-05;36;14202.0;4066.0;0;66;0;;;0
Sul;PR;Campina do Simão;41;410395.0;41005.0;5ª RS GUARAPUAVA;2025-09-05;36;3887.0;636.0;0;16;0;;;0
Sul;PR;Campina Grande do Sul;41;410400.0;41002.0;2ª RS METROPOLITANA;2025-09-05;36;43288.0;11884.0;0;184;0;;;1
Sul;PR;Campo Bonito;41;410405.0;41010.0;10ª RS CASCAVEL;2025-09-05;36;3833.0;679.0;0;19;0;;;0
Sul;PR;Campo do Tenente;41;410410.0;41002.0;2ª RS METROPOLITANA;2025-09-05;36;7971.0;756.0;0;23;0;;;1
Sul;PR;Campo Largo;41;410420.0;41002.0;2ª RS METROPOLITANA;2025-09-05;36;132002.0;38451.0;0;546;0;;;1
Sul;PR;Campo Magro;41;410425.0;41002.0;2ª RS METROPOLITANA;2025-09-05;36;29318.0;5696.0;0;97;0;;;1
Sul;PR;Campo Mourão;41;410430.0;41011.0;11ª RS CAMPO MOURAO;2025-09-05;36;94859.0;34768.0;0;403;0;;;0
Sul;PR;Cândido de Abreu;41;410440.0;41022.0;22ª RS IVAIPORA;2025-09-05;36;15018.0;3134.0;0;23;0;;;0
Sul;PR;Candói;41;410442.0;41005.0;5ª RS GUARAPUAVA;2025-09-05;36;15979.0;3144.0;0;37;0;;;0
Sul;PR;Cantagalo;41;410445.0;41005.0;5ª RS GUARAPUAVA;2025-09-05;36;13317.0;2025.0;0;40;0;;;0
Sul;PR;Capanema;41;410450.0;41008.0;8ª RS FRANCISCO BELTRAO;2025-09-05;36;19124.0;6338.0;0;33;0;;;0
Sul;PR;Capitão Leônidas Marques;41;410460.0;41010.0;10ª RS CASCAVEL;2025-09-05;36;15780.0;3630.0;0;34;0;;;0
Sul;PR;Carambeí;41;410465.0;41003.0;3ª RS PONTA GROSSA;2025-09-05;36;23415.0;6862.0;0;80;0;;;0
Sul;PR;Carlópolis;41;410470.0;41019.0;19ª RS JACAREZINHO;2025-09-05;36;14320.0;2129.0;0;55;0;;;0
Sul;PR;Cascavel;41;410480.0;41010.0;10ª RS CASCAVEL;2025-09-05;36;328454.0;88396.0;0;1321;0;;;0
Sul;PR;Castro;41;410490.0;41003.0;3ª RS PONTA GROSSA;2025-09-05;36;71484.0;20600.0;0;282;0;;;0
Sul;PR;Catanduvas;41;410500.0;41010.0;10ª RS CASCAVEL;2025-09-05;36;10189.0;2289.0;0;26;0;;;0
Sul;PR;Centenário do Sul;41;410510.0;41017.0;17ª RS LONDRINA;2025-09-05;36;10827.0;2745.0;0;45;0;;;0
Sul;PR;Cerro Azul;41;410520.0;41002.0;2ª RS METROPOLITANA;2025-09-05;36;17779.0;2410.0;0;60;0;;;1
Sul;PR;Céu Azul;41;410530.0;41010.0;10ª RS CASCAVEL;2025-09-05;36;11765.0;3241.0;0;38;0;;;0
Sul;PR;Chopinzinho;41;410540.0;41007.0;7ª RS PATO BRANCO;2025-09-05;36;19254.0;4825.0;0;59;0;;;0
Sul;PR;Cianorte;41;410550.0;41013.0;13ª RS CIANORTE;2025-09-05;36;82620.0;23396.0;0;229;0;;;0
Sul;PR;Cidade Gaúcha;41;410560.0;41013.0;13ª RS CIANORTE;2025-09-05;36;12652.0;3651.0;0;38;0;;;0
Sul;PR;Clevelândia;41;410570.0;41007.0;7ª RS PATO BRANCO;2025-09-05;36;16559.0;4092.0;0;100;0;;;0
Sul;PR;Colombo;41;410580.0;41002.0;2ª RS METROPOLITANA;2025-09-05;36;243726.0;49745.0;0;924;0;;;1
Sul;PR;Colorado;41;410590.0;41015.0;15ª RS MARINGA;2025-09-05;36;24012.0;7548.0;0;99;0;;;0
Sul;PR;Congonhinhas;41;410600.0;41018.0;18ª RS CORNELIO PROCOPIO;2025-09-05;36;8818.0;2945.0;0;40;0;;;0
Sul;PR;Conselheiro Mairinck;41;410610.0;41019.0;19ª RS JACAREZINHO;2025-09-05;36;3860.0;1346.0;0;17;0;;;0
Sul;PR;Contenda;41;410620.0;41002.0;2ª RS METROPOLITANA;2025-09-05;36;18584.0;4264.0;0;75;0;;;1
Sul;PR;Corbélia;41;410630.0;41010.0;10ª RS CASCAVEL;2025-09-05;36;17071.0;5437.0;0;59;0;;;0
Sul;PR;Cornélio Procópio;41;410640.0;41018.0;18ª RS CORNELIO PROCOPIO;2025-09-05;36;47845.0;17384.0;0;203;0;;;0
Sul;PR;Coronel Domingos Soares;41;410645.0;41007.0;7ª RS PATO BRANCO;2025-09-05;36;7497.0;2249.0;0;22;0;;;0
Sul;PR;Coronel Vivida;41;410650.0;41007.0;7ª RS PATO BRANCO;2025-09-05;36;20734.0;6428.0;0;91;0;;;0
Sul;PR;Corumbataí do Sul;41;410655.0;41011.0;11ª RS CAMPO MOURAO;2025-09-05;36;3219.0;752.0;0;8;0;;;0
Sul;PR;Cruzeiro do Iguaçu;41;410657.0;41008.0;8ª RS FRANCISCO BELTRAO;2025-09-05;36;4252.0;1168.0;0;14;0;;;0
Sul;PR;Cruzeiro do Oeste;41;410660.0;41012.0;12ª RS UMUARAMA;2025-09-05;36;20932.0;5836.0;0;95;0;;;0
Sul;PR;Cruzeiro do Sul;41;410670.0;41014.0;14ª RS PARANAVAI;2025-09-05;36;4469.0;1489.0;0;12;0;;;0
Sul;PR;Cruz Machado;41;410680.0;41006.0;6ª RS UNIAO DA VITORIA;2025-09-05;36;18708.0;2877.0;0;41;0;;;0
Sul;PR;Cruzmaltina;41;410685.0;41022.0;22ª RS IVAIPORA;2025-09-05;36;2950.0;930.0;0;10;0;;;0
Sul;PR;Curitiba;41;410690.0;41002.0;2ª RS METROPOLITANA;2025-09-05;36;1933105.0;327301.0;0;8954;0;;;1
Sul;PR;Curiúva;41;410700.0;41021.0;21ª RS TELEMACO BORBA;2025-09-05;36;15101.0;2994.0;0;51;0;;;0
Sul;PR;Diamante do Norte;41;410710.0;41014.0;14ª RS PARANAVAI;2025-09-05;36;5087.0;1031.0;0;21;0;;;0
Sul;PR;Diamante do Sul;41;410712.0;41010.0;10ª RS CASCAVEL;2025-09-05;36;3439.0;1146.0;0;24;0;;;0
Sul;PR;Diamante D'Oeste;41;410715.0;41020.0;20ª RS TOLEDO;2025-09-05;36;5253.0;1109.0;0;17;0;;;0
Sul;PR;Dois Vizinhos;41;410720.0;41008.0;8ª RS FRANCISCO BELTRAO;2025-09-05;36;40641.0;13914.0;0;110;0;;;0
Sul;PR;Douradina;41;410725.0;41012.0;12ª RS UMUARAMA;2025-09-05;36;8747.0;3142.0;0;21;0;;;0
Sul;PR;Doutor Camargo;41;410730.0;41015.0;15ª RS MARINGA;2025-09-05;36;5979.0;1617.0;0;23;0;;;0
Sul;PR;Enéas Marques;41;410740.0;41008.0;8ª RS FRANCISCO BELTRAO;2025-09-05;36;5961.0;1645.0;0;17;0;;;0
Sul;PR;Engenheiro Beltrão;41;410750.0;41011.0;11ª RS CAMPO MOURAO;2025-09-05;36;14000.0;3977.0;0;37;0;;;0
Sul;PR;Esperança Nova;41;410752.0;41012.0;12ª RS UMUARAMA;2025-09-05;36;1698.0;783.0;0;8;0;;;0
Sul;PR;Entre Rios do Oeste;41;410753.0;41020.0;20ª RS TOLEDO;2025-09-05;36;4539.0;978.0;0;7;0;;;0
Sul;PR;Espigão Alto do Iguaçu;41;410754.0;41010.0;10ª RS CASCAVEL;2025-09-05;36;4117.0;1380.0;0;10;0;;;0
Sul;PR;Farol;41;410755.0;41011.0;11ª RS CAMPO MOURAO;2025-09-05;36;3089.0;518.0;0;10;0;;;0
Sul;PR;Faxinal;41;410760.0;41016.0;16ª RS APUCARANA;2025-09-05;36;17251.0;5025.0;0;89;0;;;0
Sul;PR;Fazenda Rio Grande;41;410765.0;41002.0;2ª RS METROPOLITANA;2025-09-05;36;100209.0;28058.0;0;508;0;;;1
Sul;PR;Fênix;41;410770.0;41011.0;11ª RS CAMPO MOURAO;2025-09-05;36;4762.0;1528.0;0;12;0;;;0
Sul;PR;Fernandes Pinheiro;41;410773.0;41004.0;4ª RS IRATI;2025-09-05;36;5646.0;882.0;0;18;0;;;0
Sul;PR;Figueira;41;410775.0;41019.0;19ª RS JACAREZINHO;2025-09-05;36;7770.0;1913.0;0;31;0;;;0
Sul;PR;Floraí;41;410780.0;41015.0;15ª RS MARINGA;2025-09-05;36;4929.0;2002.0;0;14;0;;;0
Sul;PR;Flor da Serra do Sul;41;410785.0;41008.0;8ª RS FRANCISCO BELTRAO;2025-09-05;36;4624.0;1616.0;0;26;0;;;0
Sul;PR;Floresta;41;410790.0;41015.0;15ª RS MARINGA;2025-09-05;36;6774.0;3194.0;0;29;0;;;0
Sul;PR;Florestópolis;41;410800.0;41017.0;17ª RS LONDRINA;2025-09-05;36;10548.0;3085.0;0;49;0;;;0
Sul;PR;Flórida;41;410810.0;41015.0;15ª RS MARINGA;2025-09-05;36;2689.0;779.0;0;14;0;;;0
Sul;PR;Formosa do Oeste;41;410820.0;41010.0;10ª RS CASCAVEL;2025-09-05;36;6578.0;1642.0;0;27;0;;;0
Sul;PR;Foz do Iguaçu;41;410830.0;41009.0;9ª RS FOZ DO IGUACU;2025-09-05;36;258532.0;85952.0;0;1345;0;;;0
Sul;PR;Francisco Alves;41;410832.0;41012.0;12ª RS UMUARAMA;2025-09-05;36;6046.0;763.0;0;20;0;;;0
Sul;PR;Francisco Beltrão;41;410840.0;41008.0;8ª RS FRANCISCO BELTRAO;2025-09-05;36;91093.0;36227.0;0;323;0;;;0
Sul;PR;Foz do Jordão;41;410845.0;41005.0;5ª RS GUARAPUAVA;2025-09-05;36;4650.0;1063.0;0;17;0;;;0
Sul;PR;General Carneiro;41;410850.0;41006.0;6ª RS UNIAO DA VITORIA;2025-09-05;36;13710.0;1456.0;0;46;0;;;0
Sul;PR;Godoy Moreira;41;410855.0;41022.0;22ª RS IVAIPORA;2025-09-05;36;2946.0;697.0;0;5;0;;;0
Sul;PR;Goioerê;41;410860.0;41011.0;11ª RS CAMPO MOURAO;2025-09-05;36;28884.0;5762.0;0;95;0;;;0
Sul;PR;Goioxim;41;410865.0;41005.0;5ª RS GUARAPUAVA;2025-09-05;36;7111.0;1032.0;0;9;0;;;0
Sul;PR;Grandes Rios;41;410870.0;41016.0;16ª RS APUCARANA;2025-09-05;36;5618.0;1341.0;0;19;0;;;0
Sul;PR;Guaíra;41;410880.0;41020.0;20ª RS TOLEDO;2025-09-05;36;33119.0;9035.0;0;126;0;;;0
Sul;PR;Guairaçá;41;410890.0;41014.0;14ª RS PARANAVAI;2025-09-05;36;6581.0;1089.0;0;22;0;;;0
Sul;PR;Guamiranga;41;410895.0;41004.0;4ª RS IRATI;2025-09-05;36;8739.0;2844.0;0;28;0;;;0
Sul;PR;Guapirama;41;410900.0;41019.0;19ª RS JACAREZINHO;2025-09-05;36;3802.0;1088.0;0;16;0;;;0
Sul;PR;Guaporema;41;410910.0;41013.0;13ª RS CIANORTE;2025-09-05;36;2243.0;627.0;0;7;0;;;0
Sul;PR;Guaraci;41;410920.0;41017.0;17ª RS LONDRINA;2025-09-05;36;5502.0;1515.0;0;16;0;;;0
Sul;PR;Guaraniaçu;41;410930.0;41010.0;10ª RS CASCAVEL;2025-09-05;36;12472.0;3303.0;0;44;0;;;0
Sul;PR;Guarapuava;41;410940.0;41005.0;5ª RS GUARAPUAVA;2025-09-05;36;181504.0;42995.0;0;711;0;;;0
Sul;PR;Guaraqueçaba;41;410950.0;41001.0;1ª RS PARANAGUA;2025-09-05;36;7636.0;1362.0;0;20;0;;;0
Sul;PR;Guaratuba;41;410960.0;41001.0;1ª RS PARANAGUA;2025-09-05;36;37067.0;14107.0;0;211;0;;;0
Sul;PR;Honório Serpa;41;410965.0;41007.0;7ª RS PATO BRANCO;2025-09-05;36;5211.0;1176.0;0;12;0;;;0
Sul;PR;Ibaiti;41;410970.0;41019.0;19ª RS JACAREZINHO;2025-09-05;36;31364.0;9012.0;0;186;0;;;0
Sul;PR;Ibema;41;410975.0;41010.0;10ª RS CASCAVEL;2025-09-05;36;6352.0;951.0;0;34;0;;;0
Sul;PR;Ibiporã;41;410980.0;41017.0;17ª RS LONDRINA;2025-09-05;36;54558.0;15304.0;0;248;0;;;0
Sul;PR;Icaraíma;41;410990.0;41012.0;12ª RS UMUARAMA;2025-09-05;36;7904.0;2182.0;0;20;0;;;0
Sul;PR;Iguaraçu;41;411000.0;41015.0;15ª RS MARINGA;2025-09-05;36;4404.0;1022.0;0;27;0;;;0
Sul;PR;Iguatu;41;411005.0;41010.0;10ª RS CASCAVEL;2025-09-05;36;2256.0;1004.0;0;16;0;;;0
Sul;PR;Imbaú;41;411007.0;41021.0;21ª RS TELEMACO BORBA;2025-09-05;36;13111.0;2885.0;0;67;0;;;0
Sul;PR;Imbituva;41;411010.0;41004.0;4ª RS IRATI;2025-09-05;36;32564.0;7864.0;0;127;0;;;0
Sul;PR;Inácio Martins;41;411020.0;41004.0;4ª RS IRATI;2025-09-05;36;11125.0;2808.0;0;22;0;;;0
Sul;PR;Inajá;41;411030.0;41014.0;14ª RS PARANAVAI;2025-09-05;36;3109.0;936.0;0;11;0;;;0
Sul;PR;Indianópolis;41;411040.0;41013.0;13ª RS CIANORTE;2025-09-05;36;4457.0;1767.0;0;12;0;;;0
Sul;PR;Ipiranga;41;411050.0;41003.0;3ª RS PONTA GROSSA;2025-09-05;36;15172.0;2815.0;0;39;0;;;0
Sul;PR;Iporã;41;411060.0;41012.0;12ª RS UMUARAMA;2025-09-05;36;13926.0;3455.0;0;35;0;;;0
Sul;PR;Iracema do Oeste;41;411065.0;41010.0;10ª RS CASCAVEL;2025-09-05;36;2288.0;675.0;0;7;0;;;0
Sul;PR;Irati;41;411070.0;41004.0;4ª RS IRATI;2025-09-05;36;60727.0;19468.0;0;229;0;;;0
Sul;PR;Iretama;41;411080.0;41011.0;11ª RS CAMPO MOURAO;2025-09-05;36;10169.0;3450.0;0;26;0;;;0
Sul;PR;Itaguajé;41;411090.0;41015.0;15ª RS MARINGA;2025-09-05;36;4466.0;914.0;0;12;0;;;0
Sul;PR;Itaipulândia;41;411095.0;41009.0;9ª RS FOZ DO IGUACU;2025-09-05;36;11176.0;3082.0;0;31;0;;;0
Sul;PR;Itambaracá;41;411100.0;41018.0;18ª RS CORNELIO PROCOPIO;2025-09-05;36;6582.0;1664.0;0;29;0;;;0
Sul;PR;Itambé;41;411110.0;41015.0;15ª RS MARINGA;2025-09-05;36;6108.0;1633.0;0;39;0;;;0
Sul;PR;Itapejara d'Oeste;41;411120.0;41007.0;7ª RS PATO BRANCO;2025-09-05;36;11964.0;3865.0;0;48;0;;;0
Sul;PR;Itaperuçu;41;411125.0;41002.0;2ª RS METROPOLITANA;2025-09-05;36;28634.0;5399.0;0;127;0;;;1
Sul;PR;Itaúna do Sul;41;411130.0;41014.0;14ª RS PARANAVAI;2025-09-05;36;2865.0;855.0;0;6;0;;;0
Sul;PR;Ivaí;41;411140.0;41003.0;3ª RS PONTA GROSSA;2025-09-05;36;13879.0;2811.0;0;28;0;;;0
Sul;PR;Ivaiporã;41;411150.0;41022.0;22ª RS IVAIPORA;2025-09-05;36;31984.0;8054.0;0;107;0;;;0
Sul;PR;Ivaté;41;411155.0;41012.0;12ª RS UMUARAMA;2025-09-05;36;8185.0;2121.0;0;9;0;;;0
Sul;PR;Ivatuba;41;411160.0;41015.0;15ª RS MARINGA;2025-09-05;36;3259.0;820.0;0;13;0;;;0
Sul;PR;Jaboti;41;411170.0;41019.0;19ª RS JACAREZINHO;2025-09-05;36;5274.0;1618.0;0;19;0;;;0
Sul;PR;Jacarezinho;41;411180.0;41019.0;19ª RS JACAREZINHO;2025-09-05;36;39378.0;14049.0;0;146;0;;;0
Sul;PR;Jaguapitã;41;411190.0;41017.0;17ª RS LONDRINA;2025-09-05;36;13620.0;6103.0;0;74;0;;;0
Sul;PR;Jaguariaíva;41;411200.0;41003.0;3ª RS PONTA GROSSA;2025-09-05;36;34857.0;8080.0;0;174;0;;;0
Sul;PR;Jandaia do Sul;41;411210.0;41016.0;16ª RS APUCARANA;2025-09-05;36;21176.0;8515.0;0;104;0;;;0
Sul;PR;Janiópolis;41;411220.0;41011.0;11ª RS CAMPO MOURAO;2025-09-05;36;5245.0;1700.0;0;25;0;;;0
Sul;PR;Japira;41;411230.0;41019.0;19ª RS JACAREZINHO;2025-09-05;36;4994.0;1512.0;0;18;0;;;0
Sul;PR;Japurá;41;411240.0;41013.0;13ª RS CIANORTE;2025-09-05;36;9425.0;2814.0;0;20;0;;;0
Sul;PR;Jardim Alegre;41;411250.0;41022.0;22ª RS IVAIPORA;2025-09-05;36;11328.0;1974.0;0;41;0;;;0
Sul;PR;Jardim Olinda;41;411260.0;41014.0;14ª RS PARANAVAI;2025-09-05;36;1331.0;98.0;0;2;0;;;0
Sul;PR;Jataizinho;41;411270.0;41017.0;17ª RS LONDRINA;2025-09-05;36;12588.0;3112.0;0;61;0;;;0
Sul;PR;Jesuítas;41;411275.0;41010.0;10ª RS CASCAVEL;2025-09-05;36;8412.0;2175.0;0;24;0;;;0
Sul;PR;Joaquim Távora;41;411280.0;41019.0;19ª RS JACAREZINHO;2025-09-05;36;11908.0;4273.0;0;66;0;;;0
Sul;PR;Jundiaí do Sul;41;411290.0;41019.0;19ª RS JACAREZINHO;2025-09-05;36;3292.0;409.0;0;9;0;;;0
Sul;PR;Juranda;41;411295.0;41011.0;11ª RS CAMPO MOURAO;2025-09-05;36;7340.0;2266.0;0;35;0;;;0
Sul;PR;Jussara;41;411300.0;41013.0;13ª RS CIANORTE;2025-09-05;36;7013.0;2330.0;0;15;0;;;0
Sul;PR;Kaloré;41;411310.0;41016.0;16ª RS APUCARANA;2025-09-05;36;4100.0;2355.0;0;32;0;;;0
Sul;PR;Lapa;41;411320.0;41002.0;2ª RS METROPOLITANA;2025-09-05;36;48163.0;12900.0;0;157;0;;;1
Sul;PR;Laranjal;41;411325.0;41005.0;5ª RS GUARAPUAVA;2025-09-05;36;5852.0;855.0;0;16;0;;;0
Sul;PR;Laranjeiras do Sul;41;411330.0;41005.0;5ª RS GUARAPUAVA;2025-09-05;36;32073.0;5554.0;0;120;0;;;0
Sul;PR;Leópolis;41;411340.0;41018.0;18ª RS CORNELIO PROCOPIO;2025-09-05;36;3954.0;1428.0;0;15;0;;;0
Sul;PR;Lidianópolis;41;411342.0;41022.0;22ª RS IVAIPORA;2025-09-05;36;3310.0;1218.0;0;10;0;;;0
Sul;PR;Lindoeste;41;411345.0;41010.0;10ª RS CASCAVEL;2025-09-05;36;4676.0;1228.0;0;13;0;;;0
Sul;PR;Loanda;41;411350.0;41014.0;14ª RS PARANAVAI;2025-09-05;36;23086.0;7814.0;0;69;0;;;0
Sul;PR;Lobato;41;411360.0;41015.0;15ª RS MARINGA;2025-09-05;36;4787.0;1758.0;0;16;0;;;0
Sul;PR;Londrina;41;411370.0;41017.0;17ª RS LONDRINA;2025-09-05;36;569733.0;201781.0;0;2797;0;;;0
Sul;PR;Luiziana;41;411373.0;41011.0;11ª RS CAMPO MOURAO;2025-09-05;36;7262.0;1946.0;0;17;0;;;0
Sul;PR;Lunardelli;41;411375.0;41022.0;22ª RS IVAIPORA;2025-09-05;36;4794.0;1282.0;0;11;0;;;0
Sul;PR;Lupionópolis;41;411380.0;41017.0;17ª RS LONDRINA;2025-09-05;36;4920.0;1590.0;0;28;0;;;0
Sul;PR;Mallet;41;411390.0;41004.0;4ª RS IRATI;2025-09-05;36;13630.0;2530.0;0;17;0;;;0
Sul;PR;Mamborê;41;411400.0;41011.0;11ª RS CAMPO MOURAO;2025-09-05;36;13132.0;4232.0;0;39;0;;;0
Sul;PR;Mandaguaçu;41;411410.0;41015.0;15ª RS MARINGA;2025-09-05;36;22819.0;9452.0;0;98;0;;;0
Sul;PR;Mandaguari;41;411420.0;41015.0;15ª RS MARINGA;2025-09-05;36;34400.0;12454.0;0;146;0;;;0
Sul;PR;Mandirituba;41;411430.0;41002.0;2ª RS METROPOLITANA;2025-09-05;36;26869.0;6275.0;0;109;0;;;1
Sul;PR;Manfrinópolis;41;411435.0;41008.0;8ª RS FRANCISCO BELTRAO;2025-09-05;36;2571.0;677.0;0;9;0;;;0
Sul;PR;Mangueirinha;41;411440.0;41007.0;7ª RS PATO BRANCO;2025-09-05;36;16714.0;4524.0;0;55;0;;;0
Sul;PR;Manoel Ribas;41;411450.0;41022.0;22ª RS IVAIPORA;2025-09-05;36;13502.0;3001.0;0;35;0;;;0
Sul;PR;Marechal Cândido Rondon;41;411460.0;41020.0;20ª RS TOLEDO;2025-09-05;36;52944.0;14056.0;0;196;0;;;0
Sul;PR;Maria Helena;41;411470.0;41012.0;12ª RS UMUARAMA;2025-09-05;36;5677.0;1404.0;0;10;0;;;0
Sul;PR;Marialva;41;411480.0;41015.0;15ª RS MARINGA;2025-09-05;36;35496.0;15115.0;0;159;0;;;0
Sul;PR;Marilândia do Sul;41;411490.0;41016.0;16ª RS APUCARANA;2025-09-05;36;8836.0;2940.0;0;50;0;;;0
Sul;PR;Marilena;41;411500.0;41014.0;14ª RS PARANAVAI;2025-09-05;36;7076.0;1822.0;0;20;0;;;0
Sul;PR;Mariluz;41;411510.0;41012.0;12ª RS UMUARAMA;2025-09-05;36;10345.0;2644.0;0;59;0;;;0
Sul;PR;Maringá;41;411520.0;41015.0;15ª RS MARINGA;2025-09-05;36;423666.0;154896.0;0;1891;0;;;0
Sul;PR;Mariópolis;41;411530.0;41007.0;7ª RS PATO BRANCO;2025-09-05;36;6610.0;1561.0;0;26;0;;;0
Sul;PR;Maripá;41;411535.0;41020.0;20ª RS TOLEDO;2025-09-05;36;5603.0;1766.0;0;26;0;;;0
Sul;PR;Marmeleiro;41;411540.0;41008.0;8ª RS FRANCISCO BELTRAO;2025-09-05;36;14367.0;5633.0;0;62;0;;;0
Sul;PR;Marquinho;41;411545.0;41005.0;5ª RS GUARAPUAVA;2025-09-05;36;4405.0;1342.0;0;8;0;;;0
Sul;PR;Marumbi;41;411550.0;41016.0;16ª RS APUCARANA;2025-09-05;36;4679.0;2001.0;0;20;0;;;0
Sul;PR;Matelândia;41;411560.0;41009.0;9ª RS FOZ DO IGUACU;2025-09-05;36;17943.0;5080.0;0;72;0;;;0
Sul;PR;Matinhos;41;411570.0;41001.0;1ª RS PARANAGUA;2025-09-05;36;34720.0;10672.0;0;172;0;;;0
Sul;PR;Mato Rico;41;411573.0;41022.0;22ª RS IVAIPORA;2025-09-05;36;3272.0;445.0;0;7;0;;;0
Sul;PR;Mauá da Serra;41;411575.0;41016.0;16ª RS APUCARANA;2025-09-05;36;10601.0;1996.0;0;34;0;;;0
Sul;PR;Medianeira;41;411580.0;41009.0;9ª RS FOZ DO IGUACU;2025-09-05;36;46198.0;14801.0;0;157;0;;;0
Sul;PR;Mercedes;41;411585.0;41020.0;20ª RS TOLEDO;2025-09-05;36;5536.0;1675.0;0;12;0;;;0
Sul;PR;Mirador;41;411590.0;41014.0;14ª RS PARANAVAI;2025-09-05;36;2213.0;742.0;0;5;0;;;0
Sul;PR;Miraselva;41;411600.0;41017.0;17ª RS LONDRINA;2025-09-05;36;1806.0;401.0;0;9;0;;;0
Sul;PR;Missal;41;411605.0;41009.0;9ª RS FOZ DO IGUACU;2025-09-05;36;10702.0;2565.0;0;23;0;;;0
Sul;PR;Moreira Sales;41;411610.0;41011.0;11ª RS CAMPO MOURAO;2025-09-05;36;12121.0;2286.0;0;45;0;;;0
Sul;PR;Morretes;41;411620.0;41001.0;1ª RS PARANAGUA;2025-09-05;36;16406.0;5127.0;0;68;0;;;0
Sul;PR;Munhoz de Melo;41;411630.0;41015.0;15ª RS MARINGA;2025-09-05;36;3984.0;1113.0;0;11;0;;;0
Sul;PR;Nossa Senhora das Graças;41;411640.0;41015.0;15ª RS MARINGA;2025-09-05;36;4008.0;1215.0;0;11;0;;;0
Sul;PR;Nova Aliança do Ivaí;41;411650.0;41014.0;14ª RS PARANAVAI;2025-09-05;36;1543.0;303.0;0;2;0;;;0
Sul;PR;Nova América da Colina;41;411660.0;41018.0;18ª RS CORNELIO PROCOPIO;2025-09-05;36;3445.0;950.0;0;9;0;;;0
Sul;PR;Nova Aurora;41;411670.0;41010.0;10ª RS CASCAVEL;2025-09-05;36;10472.0;3689.0;0;58;0;;;0
Sul;PR;Nova Cantu;41;411680.0;41011.0;11ª RS CAMPO MOURAO;2025-09-05;36;5302.0;1760.0;0;21;0;;;0
Sul;PR;Nova Esperança;41;411690.0;41015.0;15ª RS MARINGA;2025-09-05;36;27904.0;7471.0;0;102;0;;;0
Sul;PR;Nova Esperança do Sudoeste;41;411695.0;41008.0;8ª RS FRANCISCO BELTRAO;2025-09-05;36;5046.0;1602.0;0;13;0;;;0
Sul;PR;Nova Fátima;41;411700.0;41018.0;18ª RS CORNELIO PROCOPIO;2025-09-05;36;8153.0;1659.0;0;21;0;;;0
Sul;PR;Nova Laranjeiras;41;411705.0;41005.0;5ª RS GUARAPUAVA;2025-09-05;36;11554.0;1814.0;0;13;0;;;0
Sul;PR;Nova Londrina;41;411710.0;41014.0;14ª RS PARANAVAI;2025-09-05;36;13213.0;3398.0;0;37;0;;;0
Sul;PR;Nova Olímpia;41;411720.0;41012.0;12ª RS UMUARAMA;2025-09-05;36;5806.0;1110.0;0;25;0;;;0
Sul;PR;Nova Santa Bárbara;41;411721.0;41018.0;18ª RS CORNELIO PROCOPIO;2025-09-05;36;4249.0;1026.0;0;21;0;;;0
Sul;PR;Nova Santa Rosa;41;411722.0;41020.0;20ª RS TOLEDO;2025-09-05;36;8219.0;1996.0;0;20;0;;;0
Sul;PR;Nova Prata do Iguaçu;41;411725.0;41008.0;8ª RS FRANCISCO BELTRAO;2025-09-05;36;10548.0;2677.0;0;26;0;;;0
Sul;PR;Nova Tebas;41;411727.0;41022.0;22ª RS IVAIPORA;2025-09-05;36;5649.0;1801.0;0;20;0;;;0
Sul;PR;Novo Itacolomi;41;411729.0;41016.0;16ª RS APUCARANA;2025-09-05;36;2844.0;1089.0;0;9;0;;;0
Sul;PR;Ortigueira;41;411730.0;41021.0;21ª RS TELEMACO BORBA;2025-09-05;36;22141.0;4367.0;0;84;0;;;0
Sul;PR;Ourizona;41;411740.0;41015.0;15ª RS MARINGA;2025-09-05;36;3428.0;1031.0;0;17;0;;;0
Sul;PR;Ouro Verde do Oeste;41;411745.0;41020.0;20ª RS TOLEDO;2025-09-05;36;5996.0;1805.0;0;37;0;;;0
Sul;PR;Paiçandu;41;411750.0;41015.0;15ª RS MARINGA;2025-09-05;36;41281.0;11195.0;0;163;0;;;0
Sul;PR;Palmas;41;411760.0;41007.0;7ª RS PATO BRANCO;2025-09-05;36;50986.0;14206.0;0;175;0;;;0
Sul;PR;Palmeira;41;411770.0;41003.0;3ª RS PONTA GROSSA;2025-09-05;36;33877.0;9526.0;0;109;0;;;0
Sul;PR;Palmital;41;411780.0;41005.0;5ª RS GUARAPUAVA;2025-09-05;36;13172.0;2716.0;0;42;0;;;0
Sul;PR;Palotina;41;411790.0;41020.0;20ª RS TOLEDO;2025-09-05;36;31846.0;11595.0;0;109;0;;;0
Sul;PR;Paraíso do Norte;41;411800.0;41014.0;14ª RS PARANAVAI;2025-09-05;36;13830.0;5376.0;0;51;0;;;0
Sul;PR;Paranacity;41;411810.0;41015.0;15ª RS MARINGA;2025-09-05;36;11472.0;2395.0;0;31;0;;;0
Sul;PR;Paranaguá;41;411820.0;41001.0;1ª RS PARANAGUA;2025-09-05;36;154936.0;36056.0;0;705;0;;;0
Sul;PR;Paranapoema;41;411830.0;41014.0;14ª RS PARANAVAI;2025-09-05;36;3203.0;869.0;0;5;0;;;0
Sul;PR;Paranavaí;41;411840.0;41014.0;14ª RS PARANAVAI;2025-09-05;36;88374.0;29261.0;0;358;0;;;0
Sul;PR;Pato Bragado;41;411845.0;41020.0;20ª RS TOLEDO;2025-09-05;36;5610.0;1330.0;0;13;0;;;0
Sul;PR;Pato Branco;41;411850.0;41007.0;7ª RS PATO BRANCO;2025-09-05;36;82881.0;31320.0;0;336;0;;;0
Sul;PR;Paula Freitas;41;411860.0;41006.0;6ª RS UNIAO DA VITORIA;2025-09-05;36;5873.0;1325.0;0;17;0;;;0
Sul;PR;Paulo Frontin;41;411870.0;41006.0;6ª RS UNIAO DA VITORIA;2025-09-05;36;7354.0;1075.0;0;6;0;;;0
Sul;PR;Peabiru;41;411880.0;41011.0;11ª RS CAMPO MOURAO;2025-09-05;36;13996.0;4171.0;0;45;0;;;0
Sul;PR;Perobal;41;411885.0;41012.0;12ª RS UMUARAMA;2025-09-05;36;6127.0;2199.0;0;11;0;;;0
Sul;PR;Pérola;41;411890.0;41012.0;12ª RS UMUARAMA;2025-09-05;36;11234.0;3363.0;0;42;0;;;0
Sul;PR;Pérola d'Oeste;41;411900.0;41008.0;8ª RS FRANCISCO BELTRAO;2025-09-05;36;6347.0;1491.0;0;14;0;;;0
Sul;PR;Piên;41;411910.0;41002.0;2ª RS METROPOLITANA;2025-09-05;36;12746.0;3202.0;0;35;0;;;1
Sul;PR;Pinhais;41;411915.0;41002.0;2ª RS METROPOLITANA;2025-09-05;36;132157.0;44510.0;0;651;0;;;1
Sul;PR;Pinhalão;41;411920.0;41019.0;19ª RS JACAREZINHO;2025-09-05;36;6326.0;1962.0;0;27;0;;;0
Sul;PR;Pinhal de São Bento;41;411925.0;41008.0;8ª RS FRANCISCO BELTRAO;2025-09-05;36;2731.0;957.0;0;2;0;;;0
Sul;PR;Pinhão;41;411930.0;41005.0;5ª RS GUARAPUAVA;2025-09-05;36;32391.0;4851.0;0;95;0;;;0
Sul;PR;Piraí do Sul;41;411940.0;41003.0;3ª RS PONTA GROSSA;2025-09-05;36;25463.0;5635.0;0;96;0;;;0
Sul;PR;Piraquara;41;411950.0;41002.0;2ª RS METROPOLITANA;2025-09-05;36;113036.0;22387.0;0;358;0;;;1
Sul;PR;Pitanga;41;411960.0;41005.0;5ª RS GUARAPUAVA;2025-09-05;36;30310.0;10874.0;0;65;0;;;0
Sul;PR;Pitangueiras;41;411965.0;41017.0;17ª RS LONDRINA;2025-09-05;36;3224.0;965.0;0;15;0;;;0
Sul;PR;Planaltina do Paraná;41;411970.0;41014.0;14ª RS PARANAVAI;2025-09-05;36;4263.0;810.0;0;8;0;;;0
Sul;PR;Planalto;41;411980.0;41008.0;8ª RS FRANCISCO BELTRAO;2025-09-05;36;13479.0;2349.0;0;26;0;;;0
Sul;PR;Ponta Grossa;41;411990.0;41003.0;3ª RS PONTA GROSSA;2025-09-05;36;351736.0;97974.0;0;1618;0;;;0
Sul;PR;Pontal do Paraná;41;411995.0;41001.0;1ª RS PARANAGUA;2025-09-05;36;27284.0;11136.0;0;142;0;;;0
Sul;PR;Porecatu;41;412000.0;41017.0;17ª RS LONDRINA;2025-09-05;36;12914.0;4300.0;0;56;0;;;0
Sul;PR;Porto Amazonas;41;412010.0;41003.0;3ª RS PONTA GROSSA;2025-09-05;36;4848.0;928.0;0;21;0;;;0
Sul;PR;Porto Barreiro;41;412015.0;41005.0;5ª RS GUARAPUAVA;2025-09-05;36;3237.0;929.0;0;7;0;;;0
Sul;PR;Porto Rico;41;412020.0;41014.0;14ª RS PARANAVAI;2025-09-05;36;2559.0;1373.0;0;9;0;;;0
Sul;PR;Porto Vitória;41;412030.0;41006.0;6ª RS UNIAO DA VITORIA;2025-09-05;36;4065.0;886.0;0;10;0;;;0
Sul;PR;Prado Ferreira;41;412033.0;41017.0;17ª RS LONDRINA;2025-09-05;36;3753.0;384.0;0;23;0;;;0
Sul;PR;Pranchita;41;412035.0;41008.0;8ª RS FRANCISCO BELTRAO;2025-09-05;36;5157.0;1708.0;0;14;0;;;0
Sul;PR;Presidente Castelo Branco;41;412040.0;41015.0;15ª RS MARINGA;2025-09-05;36;5306.0;1719.0;0;17;0;;;0
Sul;PR;Primeiro de Maio;41;412050.0;41017.0;17ª RS LONDRINA;2025-09-05;36;11123.0;1689.0;0;45;0;;;0
Sul;PR;Prudentópolis;41;412060.0;41005.0;5ª RS GUARAPUAVA;2025-09-05;36;52241.0;10403.0;0;144;0;;;0
Sul;PR;Quarto Centenário;41;412065.0;41011.0;11ª RS CAMPO MOURAO;2025-09-05;36;4512.0;1148.0;0;8;0;;;0
Sul;PR;Quatiguá;41;412070.0;41019.0;19ª RS JACAREZINHO;2025-09-05;36;7449.0;3668.0;0;48;0;;;0
Sul;PR;Quatro Barras;41;412080.0;41002.0;2ª RS METROPOLITANA;2025-09-05;36;23559.0;7124.0;0;111;0;;;1
Sul;PR;Quatro Pontes;41;412085.0;41020.0;20ª RS TOLEDO;2025-09-05;36;4015.0;1445.0;0;12;0;;;0
Sul;PR;Quedas do Iguaçu;41;412090.0;41010.0;10ª RS CASCAVEL;2025-09-05;36;34103.0;6505.0;0;102;0;;;0
Sul;PR;Querência do Norte;41;412100.0;41014.0;14ª RS PARANAVAI;2025-09-05;36;12206.0;2844.0;0;12;0;;;0
Sul;PR;Quinta do Sol;41;412110.0;41011.0;11ª RS CAMPO MOURAO;2025-09-05;36;4573.0;1978.0;0;14;0;;;0
Sul;PR;Quitandinha;41;412120.0;41002.0;2ª RS METROPOLITANA;2025-09-05;36;19049.0;2768.0;0;62;0;;;1
Sul;PR;Ramilândia;41;412125.0;41009.0;9ª RS FOZ DO IGUACU;2025-09-05;36;4451.0;933.0;0;12;0;;;0
Sul;PR;Rancho Alegre;41;412130.0;41018.0;18ª RS CORNELIO PROCOPIO;2025-09-05;36;3808.0;1288.0;0;12;0;;;0
Sul;PR;Rancho Alegre D'Oeste;41;412135.0;41011.0;11ª RS CAMPO MOURAO;2025-09-05;36;2655.0;728.0;0;10;0;;;0
Sul;PR;Realeza;41;412140.0;41008.0;8ª RS FRANCISCO BELTRAO;2025-09-05;36;16922.0;5991.0;0;56;0;;;0
Sul;PR;Rebouças;41;412150.0;41004.0;4ª RS IRATI;2025-09-05;36;14899.0;4130.0;0;52;0;;;0
Sul;PR;Renascença;41;412160.0;41008.0;8ª RS FRANCISCO BELTRAO;2025-09-05;36;6802.0;2397.0;0;24;0;;;0
Sul;PR;Reserva;41;412170.0;41021.0;21ª RS TELEMACO BORBA;2025-09-05;36;26715.0;6435.0;0;87;0;;;0
Sul;PR;Reserva do Iguaçu;41;412175.0;41005.0;5ª RS GUARAPUAVA;2025-09-05;36;8010.0;1308.0;0;11;0;;;0
Sul;PR;Ribeirão Claro;41;412180.0;41019.0;19ª RS JACAREZINHO;2025-09-05;36;10668.0;4093.0;0;29;0;;;0
Sul;PR;Ribeirão do Pinhal;41;412190.0;41018.0;18ª RS CORNELIO PROCOPIO;2025-09-05;36;13029.0;2744.0;0;61;0;;;0
Sul;PR;Rio Azul;41;412200.0;41004.0;4ª RS IRATI;2025-09-05;36;15236.0;3218.0;0;29;0;;;0
Sul;PR;Rio Bom;41;412210.0;41016.0;16ª RS APUCARANA;2025-09-05;36;3203.0;1155.0;0;14;0;;;0
Sul;PR;Rio Bonito do Iguaçu;41;412215.0;41005.0;5ª RS GUARAPUAVA;2025-09-05;36;13269.0;1850.0;0;15;0;;;0
Sul;PR;Rio Branco do Ivaí;41;412217.0;41022.0;22ª RS IVAIPORA;2025-09-05;36;4096.0;950.0;0;14;0;;;0
Sul;PR;Rio Branco do Sul;41;412220.0;41002.0;2ª RS METROPOLITANA;2025-09-05;36;32397.0;7339.0;0;163;0;;;1
Sul;PR;Rio Negro;41;412230.0;41002.0;2ª RS METROPOLITANA;2025-09-05;36;34170.0;3330.0;0;82;0;;;1
Sul;PR;Rolândia;41;412240.0;41017.0;17ª RS LONDRINA;2025-09-05;36;66580.0;17838.0;0;319;0;;;0
Sul;PR;Roncador;41;412250.0;41011.0;11ª RS CAMPO MOURAO;2025-09-05;36;9849.0;2366.0;0;23;0;;;0
Sul;PR;Rondon;41;412260.0;41013.0;13ª RS CIANORTE;2025-09-05;36;9579.0;2640.0;0;23;0;;;0
Sul;PR;Rosário do Ivaí;41;412265.0;41022.0;22ª RS IVAIPORA;2025-09-05;36;4786.0;1652.0;0;10;0;;;0
Sul;PR;Sabáudia;41;412270.0;41016.0;16ª RS APUCARANA;2025-09-05;36;6827.0;2786.0;0;35;0;;;0
Sul;PR;Salgado Filho;41;412280.0;41008.0;8ª RS FRANCISCO BELTRAO;2025-09-05;36;3580.0;1148.0;0;12;0;;;0
Sul;PR;Salto do Itararé;41;412290.0;41019.0;19ª RS JACAREZINHO;2025-09-05;36;4935.0;1789.0;0;43;0;;;0
Sul;PR;Salto do Lontra;41;412300.0;41008.0;8ª RS FRANCISCO BELTRAO;2025-09-05;36;14785.0;4073.0;0;40;0;;;0
Sul;PR;Santa Amélia;41;412310.0;41018.0;18ª RS CORNELIO PROCOPIO;2025-09-05;36;3324.0;864.0;0;11;0;;;0
Sul;PR;Santa Cecília do Pavão;41;412320.0;41018.0;18ª RS CORNELIO PROCOPIO;2025-09-05;36;3334.0;1104.0;0;15;0;;;0
Sul;PR;Santa Cruz de Monte Castelo;41;412330.0;41014.0;14ª RS PARANAVAI;2025-09-05;36;7800.0;2560.0;0;21;0;;;0
Sul;PR;Santa Fé;41;412340.0;41015.0;15ª RS MARINGA;2025-09-05;36;12037.0;1794.0;0;55;0;;;0
Sul;PR;Santa Helena;41;412350.0;41020.0;20ª RS TOLEDO;2025-09-05;36;26490.0;5739.0;0;92;0;;;0
Sul;PR;Santa Inês;41;412360.0;41015.0;15ª RS MARINGA;2025-09-05;36;1596.0;438.0;0;3;0;;;0
Sul;PR;Santa Isabel do Ivaí;41;412370.0;41014.0;14ª RS PARANAVAI;2025-09-05;36;8562.0;3186.0;0;32;0;;;0
Sul;PR;Santa Izabel do Oeste;41;412380.0;41008.0;8ª RS FRANCISCO BELTRAO;2025-09-05;36;14659.0;3126.0;0;41;0;;;0
Sul;PR;Santa Lúcia;41;412382.0;41010.0;10ª RS CASCAVEL;2025-09-05;36;3813.0;838.0;0;10;0;;;0
Sul;PR;Santa Maria do Oeste;41;412385.0;41022.0;22ª RS IVAIPORA;2025-09-05;36;9615.0;2381.0;0;29;0;;;0
Sul;PR;Santa Mariana;41;412390.0;41018.0;18ª RS CORNELIO PROCOPIO;2025-09-05;36;11724.0;3030.0;0;62;0;;;0
Sul;PR;Santa Mônica;41;412395.0;41014.0;14ª RS PARANAVAI;2025-09-05;36;3981.0;986.0;0;13;0;;;0
Sul;PR;Santana do Itararé;41;412400.0;41019.0;19ª RS JACAREZINHO;2025-09-05;36;4992.0;1486.0;0;31;0;;;0
Sul;PR;Santa Tereza do Oeste;41;412402.0;41010.0;10ª RS CASCAVEL;2025-09-05;36;10139.0;2223.0;0;42;0;;;0
Sul;PR;Santa Terezinha de Itaipu;41;412405.0;41009.0;9ª RS FOZ DO IGUACU;2025-09-05;36;23465.0;7433.0;0;129;0;;;0
Sul;PR;Santo Antônio da Platina;41;412410.0;41019.0;19ª RS JACAREZINHO;2025-09-05;36;45993.0;16547.0;0;181;0;;;0
Sul;PR;Santo Antônio do Caiuá;41;412420.0;41014.0;14ª RS PARANAVAI;2025-09-05;36;2641.0;883.0;0;12;0;;;0
Sul;PR;Santo Antônio do Paraíso;41;412430.0;41018.0;18ª RS CORNELIO PROCOPIO;2025-09-05;36;2106.0;752.0;0;6;0;;;0
Sul;PR;Santo Antônio do Sudoeste;41;412440.0;41008.0;8ª RS FRANCISCO BELTRAO;2025-09-05;36;20166.0;6512.0;0;43;0;;;0
Sul;PR;Santo Inácio;41;412450.0;41015.0;15ª RS MARINGA;2025-09-05;36;5438.0;1323.0;0;22;0;;;0
Sul;PR;São Carlos do Ivaí;41;412460.0;41014.0;14ª RS PARANAVAI;2025-09-05;36;6878.0;3029.0;0;26;0;;;0
Sul;PR;São Jerônimo da Serra;41;412470.0;41018.0;18ª RS CORNELIO PROCOPIO;2025-09-05;36;11170.0;1957.0;0;33;0;;;0
Sul;PR;São João;41;412480.0;41007.0;7ª RS PATO BRANCO;2025-09-05;36;10241.0;3042.0;0;26;0;;;0
Sul;PR;São João do Caiuá;41;412490.0;41014.0;14ª RS PARANAVAI;2025-09-05;36;5855.0;1697.0;0;16;0;;;0
Sul;PR;São João do Ivaí;41;412500.0;41022.0;22ª RS IVAIPORA;2025-09-05;36;10219.0;2886.0;0;29;0;;;0
Sul;PR;São João do Triunfo;41;412510.0;41003.0;3ª RS PONTA GROSSA;2025-09-05;36;15120.0;2385.0;0;10;0;;;0
Sul;PR;São Jorge d'Oeste;41;412520.0;41008.0;8ª RS FRANCISCO BELTRAO;2025-09-05;36;9050.0;2296.0;0;18;0;;;0
Sul;PR;São Jorge do Ivaí;41;412530.0;41015.0;15ª RS MARINGA;2025-09-05;36;5551.0;2182.0;0;19;0;;;0
Sul;PR;São Jorge do Patrocínio;41;412535.0;41012.0;12ª RS UMUARAMA;2025-09-05;36;5641.0;3092.0;0;36;0;;;0
Sul;PR;São José da Boa Vista;41;412540.0;41019.0;19ª RS JACAREZINHO;2025-09-05;36;6206.0;1510.0;0;26;0;;;0
Sul;PR;São José das Palmeiras;41;412545.0;41020.0;20ª RS TOLEDO;2025-09-05;36;3654.0;900.0;0;15;0;;;0
Sul;PR;São José dos Pinhais;41;412550.0;41002.0;2ª RS METROPOLITANA;2025-09-05;36;323340.0;71848.0;0;1242;0;;;1
Sul;PR;São Manoel do Paraná;41;412555.0;41013.0;13ª RS CIANORTE;2025-09-05;36;2160.0;620.0;0;4;0;;;0
Sul;PR;São Mateus do Sul;41;412560.0;41006.0;6ª RS UNIAO DA VITORIA;2025-09-05;36;46261.0;10276.0;0;111;0;;;0
Sul;PR;São Miguel do Iguaçu;41;412570.0;41009.0;9ª RS FOZ DO IGUACU;2025-09-05;36;27452.0;7416.0;0;97;0;;;0
Sul;PR;São Pedro do Iguaçu;41;412575.0;41020.0;20ª RS TOLEDO;2025-09-05;36;5897.0;1233.0;0;23;0;;;0
Sul;PR;São Pedro do Ivaí;41;412580.0;41016.0;16ª RS APUCARANA;2025-09-05;36;10981.0;4041.0;0;59;0;;;0
Sul;PR;São Pedro do Paraná;41;412590.0;41014.0;14ª RS PARANAVAI;2025-09-05;36;2313.0;971.0;0;4;0;;;0
Sul;PR;São Sebastião da Amoreira;41;412600.0;41018.0;18ª RS CORNELIO PROCOPIO;2025-09-05;36;8853.0;1996.0;0;29;0;;;0
Sul;PR;São Tomé;41;412610.0;41013.0;13ª RS CIANORTE;2025-09-05;36;5722.0;1939.0;0;6;0;;;0
Sul;PR;Sapopema;41;412620.0;41018.0;18ª RS CORNELIO PROCOPIO;2025-09-05;36;6736.0;1642.0;0;25;0;;;0
Sul;PR;Sarandi;41;412625.0;41015.0;15ª RS MARINGA;2025-09-05;36;96688.0;27357.0;0;394;0;;;0
Sul;PR;Saudade do Iguaçu;41;412627.0;41007.0;7ª RS PATO BRANCO;2025-09-05;36;5500.0;1834.0;0;17;0;;;0
Sul;PR;Sengés;41;412630.0;41003.0;3ª RS PONTA GROSSA;2025-09-05;36;19327.0;4120.0;0;63;0;;;0
Sul;PR;Serranópolis do Iguaçu;41;412635.0;41009.0;9ª RS FOZ DO IGUACU;2025-09-05;36;4495.0;1470.0;0;15;0;;;0
Sul;PR;Sertaneja;41;412640.0;41018.0;18ª RS CORNELIO PROCOPIO;2025-09-05;36;5284.0;2048.0;0;23;0;;;0
Sul;PR;Sertanópolis;41;412650.0;41017.0;17ª RS LONDRINA;2025-09-05;36;16369.0;5713.0;0;66;0;;;0
Sul;PR;Siqueira Campos;41;412660.0;41019.0;19ª RS JACAREZINHO;2025-09-05;36;21016.0;7538.0;0;96;0;;;0
Sul;PR;Sulina;41;412665.0;41007.0;7ª RS PATO BRANCO;2025-09-05;36;2981.0;822.0;0;10;0;;;0
Sul;PR;Tamarana;41;412667.0;41017.0;17ª RS LONDRINA;2025-09-05;36;14797.0;3064.0;0;53;0;;;0
Sul;PR;Tamboara;41;412670.0;41014.0;14ª RS PARANAVAI;2025-09-05;36;5120.0;1478.0;0;17;0;;;0
Sul;PR;Tapejara;41;412680.0;41013.0;13ª RS CIANORTE;2025-09-05;36;16205.0;3535.0;0;40;0;;;0
Sul;PR;Tapira;41;412690.0;41012.0;12ª RS UMUARAMA;2025-09-05;36;5539.0;1533.0;0;16;0;;;0
Sul;PR;Teixeira Soares;41;412700.0;41004.0;4ª RS IRATI;2025-09-05;36;12367.0;2147.0;0;20;0;;;0
Sul;PR;Telêmaco Borba;41;412710.0;41021.0;21ª RS TELEMACO BORBA;2025-09-05;36;78974.0;33181.0;0;427;0;;;0
Sul;PR;Terra Boa;41;412720.0;41011.0;11ª RS CAMPO MOURAO;2025-09-05;36;17094.0;4966.0;0;68;0;;;0
Sul;PR;Terra Rica;41;412730.0;41014.0;14ª RS PARANAVAI;2025-09-05;36;16789.0;4150.0;0;39;0;;;0
Sul;PR;Terra Roxa;41;412740.0;41020.0;20ª RS TOLEDO;2025-09-05;36;17481.0;4705.0;0;53;0;;;0
Sul;PR;Tibagi;41;412750.0;41021.0;21ª RS TELEMACO BORBA;2025-09-05;36;20522.0;5033.0;0;100;0;;;0
Sul;PR;Tijucas do Sul;41;412760.0;41002.0;2ª RS METROPOLITANA;2025-09-05;36;16868.0;5234.0;0;81;0;;;1
Sul;PR;Toledo;41;412770.0;41020.0;20ª RS TOLEDO;2025-09-05;36;140635.0;51275.0;0;516;0;;;0
Sul;PR;Tomazina;41;412780.0;41019.0;19ª RS JACAREZINHO;2025-09-05;36;7918.0;2800.0;0;36;0;;;0
Sul;PR;Três Barras do Paraná;41;412785.0;41010.0;10ª RS CASCAVEL;2025-09-05;36;12040.0;3224.0;0;67;0;;;0
Sul;PR;Tunas do Paraná;41;412788.0;41002.0;2ª RS METROPOLITANA;2025-09-05;36;8769.0;1088.0;0;23;0;;;1
Sul;PR;Tuneiras do Oeste;41;412790.0;41013.0;13ª RS CIANORTE;2025-09-05;36;8566.0;2315.0;0;29;0;;;0
Sul;PR;Tupãssi;41;412795.0;41020.0;20ª RS TOLEDO;2025-09-05;36;8124.0;1915.0;0;27;0;;;0
Sul;PR;Turvo;41;412796.0;41005.0;5ª RS GUARAPUAVA;2025-09-05;36;13215.0;4407.0;0;39;0;;;0
Sul;PR;Ubiratã;41;412800.0;41011.0;11ª RS CAMPO MOURAO;2025-09-05;36;21013.0;3595.0;0;107;0;;;0
Sul;PR;Umuarama;41;412810.0;41012.0;12ª RS UMUARAMA;2025-09-05;36;111557.0;40523.0;0;400;0;;;0
Sul;PR;União da Vitória;41;412820.0;41006.0;6ª RS UNIAO DA VITORIA;2025-09-05;36;57517.0;15284.0;0;176;0;;;0
Sul;PR;Uniflor;41;412830.0;41015.0;15ª RS MARINGA;2025-09-05;36;2605.0;606.0;0;4;0;;;0
Sul;PR;Uraí;41;412840.0;41018.0;18ª RS CORNELIO PROCOPIO;2025-09-05;36;11314.0;1405.0;0;37;0;;;0
Sul;PR;Wenceslau Braz;41;412850.0;41019.0;19ª RS JACAREZINHO;2025-09-05;36;19414.0;5449.0;0;100;0;;;0
Sul;PR;Ventania;41;412853.0;41021.0;21ª RS TELEMACO BORBA;2025-09-05;36;11892.0;2268.0;0;58;0;;;0
Sul;PR;Vera Cruz do Oeste;41;412855.0;41010.0;10ª RS CASCAVEL;2025-09-05;36;8521.0;2182.0;0;56;0;;;0
Sul;PR;Verê;41;412860.0;41008.0;8ª RS FRANCISCO BELTRAO;2025-09-05;36;7257.0;2506.0;0;29;0;;;0
Sul;PR;Alto Paraíso;41;412862.0;41012.0;12ª RS UMUARAMA;2025-09-05;36;2741.0;1419.0;0;12;0;;;0
Sul;PR;Doutor Ulysses;41;412863.0;41002.0;2ª RS METROPOLITANA;2025-09-05;36;5580.0;884.0;0;9;0;;;1
Sul;PR;Virmond;41;412865.0;41005.0;5ª RS GUARAPUAVA;2025-09-05;36;4023.0;1105.0;0;8;0;;;0
Sul;PR;Vitorino;41;412870.0;41007.0;7ª RS PATO BRANCO;2025-09-05;36;6838.0;2241.0;0;38;0;;;0
Sul;PR;Xambrê;41;412880.0;41012.0;12ª RS UMUARAMA;2025-09-05;36;5679.0;1485.0;0;18;0;;;0
Sul;SC;;42;420000.0;;;2025-09-05;36;;0.0;0;0;0;;;
Sul;SC;Abdon Batista;42;420005.0;42008.0;MEIO OESTE;2025-09-05;36;2563.0;548.0;0;4;0;;;0
Sul;SC;Abelardo Luz;42;420010.0;42003.0;XANXERE;2025-09-05;36;17904.0;2930.0;0;70;0;;;0
Sul;SC;Agrolândia;42;420020.0;42004.0;ALTO VALE DO ITAJAI;2025-09-05;36;10864.0;2407.0;0;35;0;;;0
Sul;SC;Agronômica;42;420030.0;42004.0;ALTO VALE DO ITAJAI;2025-09-05;36;5448.0;1368.0;0;15;0;;;0
Sul;SC;Água Doce;42;420040.0;42008.0;MEIO OESTE;2025-09-05;36;7145.0;2616.0;0;21;0;;;0
Sul;SC;Águas de Chapecó;42;420050.0;42002.0;OESTE;2025-09-05;36;6486.0;1416.0;0;16;0;;;0
Sul;SC;Águas Frias;42;420055.0;42002.0;OESTE;2025-09-05;36;2366.0;1230.0;0;5;0;;;0
Sul;SC;Águas Mornas;42;420060.0;42007.0;GRANDE FLORIANOPOLIS;2025-09-05;36;6469.0;1353.0;0;13;0;;;1
Sul;SC;Alfredo Wagner;42;420070.0;42007.0;GRANDE FLORIANOPOLIS;2025-09-05;36;10036.0;1460.0;0;12;0;;;0
Sul;SC;Alto Bela Vista;42;420075.0;42010.0;ALTO URUGUAI CATARINENSE;2025-09-05;36;1937.0;560.0;0;3;0;;;0
Sul;SC;Anchieta;42;420080.0;42001.0;EXTREMO OESTE;2025-09-05;36;5638.0;1506.0;0;12;0;;;0
Sul;SC;Angelina;42;420090.0;42007.0;GRANDE FLORIANOPOLIS;2025-09-05;36;4801.0;1057.0;0;7;0;;;0
Sul;SC;Anita Garibaldi;42;420100.0;42013.0;SERRA CATARINENSE;2025-09-05;36;7133.0;2219.0;0;12;0;;;0
Sul;SC;Anitápolis;42;420110.0;42007.0;GRANDE FLORIANOPOLIS;2025-09-05;36;3232.0;818.0;0;6;0;;;0
Sul;SC;Antônio Carlos;42;420120.0;42007.0;GRANDE FLORIANOPOLIS;2025-09-05;36;8513.0;3642.0;0;32;0;;;1
Sul;SC;Apiúna;42;420125.0;42006.0;MEDIO VALE DO ITAJAI;2025-09-05;36;10743.0;1983.0;0;21;0;;;0
Sul;SC;Arabutã;42;420127.0;42010.0;ALTO URUGUAI CATARINENSE;2025-09-05;36;4267.0;727.0;0;10;0;;;0
Sul;SC;Araquari;42;420130.0;42011.0;NORDESTE;2025-09-05;36;38129.0;8607.0;0;98;0;;;0
Sul;SC;Araranguá;42;420140.0;42014.0;EXTREMO SUL CATARINENSE;2025-09-05;36;68228.0;20934.0;0;292;0;;;0
Sul;SC;Armazém;42;420150.0;42016.0;LAGUNA;2025-09-05;36;8674.0;1784.0;0;36;0;;;0
Sul;SC;Arroio Trinta;42;420160.0;42009.0;ALTO VALE DO RIO DO PEIXE;2025-09-05;36;3550.0;1401.0;0;17;0;;;0
Sul;SC;Arvoredo;42;420165.0;42002.0;OESTE;2025-09-05;36;2240.0;600.0;0;6;0;;;0
Sul;SC;Ascurra;42;420170.0;42006.0;MEDIO VALE DO ITAJAI;2025-09-05;36;7934.0;2373.0;0;14;0;;;0
Sul;SC;Atalanta;42;420180.0;42004.0;ALTO VALE DO ITAJAI;2025-09-05;36;3210.0;935.0;0;12;0;;;0
Sul;SC;Aurora;42;420190.0;42004.0;ALTO VALE DO ITAJAI;2025-09-05;36;5679.0;1618.0;0;24;0;;;0
Sul;SC;Balneário Arroio do Silva;42;420195.0;42014.0;EXTREMO SUL CATARINENSE;2025-09-05;36;13071.0;4388.0;0;69;0;;;0
Sul;SC;Balneário Camboriú;42;420200.0;42005.0;FOZ DO RIO ITAJAI;2025-09-05;36;142295.0;39407.0;0;528;0;;;0
Sul;SC;Balneário Barra do Sul;42;420205.0;42011.0;NORDESTE;2025-09-05;36;10795.0;2893.0;0;63;0;;;0
Sul;SC;Balneário Gaivota;42;420207.0;42014.0;EXTREMO SUL CATARINENSE;2025-09-05;36;10979.0;4520.0;0;41;0;;;0
Sul;SC;Bandeirante;42;420208.0;42001.0;EXTREMO OESTE;2025-09-05;36;2678.0;792.0;0;7;0;;;0
Sul;SC;Barra Bonita;42;420209.0;42001.0;EXTREMO OESTE;2025-09-05;36;1677.0;574.0;0;3;0;;;0
Sul;SC;Barra Velha;42;420210.0;42011.0;NORDESTE;2025-09-05;36;29168.0;8050.0;0;150;0;;;0
Sul;SC;Bela Vista do Toldo;42;420213.0;42012.0;PLANALTO NORTE;2025-09-05;36;6337.0;118.0;0;5;0;;;0
Sul;SC;Belmonte;42;420215.0;42001.0;EXTREMO OESTE;2025-09-05;36;2706.0;786.0;0;5;0;;;0
Sul;SC;Benedito Novo;42;420220.0;42006.0;MEDIO VALE DO ITAJAI;2025-09-05;36;11652.0;1719.0;0;25;0;;;0
Sul;SC;Biguaçu;42;420230.0;42007.0;GRANDE FLORIANOPOLIS;2025-09-05;36;68481.0;18662.0;0;191;0;;;1
Sul;SC;Blumenau;42;420240.0;42006.0;MEDIO VALE DO ITAJAI;2025-09-05;36;357199.0;125707.0;0;869;0;;;0
Sul;SC;Bocaina do Sul;42;420243.0;42013.0;SERRA CATARINENSE;2025-09-05;36;3474.0;947.0;0;5;0;;;0
Sul;SC;Bombinhas;42;420245.0;42005.0;FOZ DO RIO ITAJAI;2025-09-05;36;19769.0;5473.0;0;79;0;;;0
Sul;SC;Bom Jardim da Serra;42;420250.0;42013.0;SERRA CATARINENSE;2025-09-05;36;4743.0;1152.0;0;8;0;;;0
Sul;SC;Bom Jesus;42;420253.0;42003.0;XANXERE;2025-09-05;36;3010.0;792.0;0;12;0;;;0
Sul;SC;Bom Jesus do Oeste;42;420257.0;42001.0;EXTREMO OESTE;2025-09-05;36;2142.0;398.0;0;6;0;;;0
Sul;SC;Bom Retiro;42;420260.0;42013.0;SERRA CATARINENSE;2025-09-05;36;9966.0;1394.0;0;23;0;;;0
Sul;SC;Botuverá;42;420270.0;42006.0;MEDIO VALE DO ITAJAI;2025-09-05;36;5246.0;2010.0;0;12;0;;;0
Sul;SC;Braço do Norte;42;420280.0;42016.0;LAGUNA;2025-09-05;36;33450.0;14247.0;0;123;0;;;0
Sul;SC;Braço do Trombudo;42;420285.0;42004.0;ALTO VALE DO ITAJAI;2025-09-05;36;3743.0;1277.0;0;10;0;;;0
Sul;SC;Brunópolis;42;420287.0;42008.0;MEIO OESTE;2025-09-05;36;2420.0;813.0;0;9;0;;;0
Sul;SC;Brusque;42;420290.0;42006.0;MEDIO VALE DO ITAJAI;2025-09-05;36;134723.0;48689.0;0;369;0;;;0
Sul;SC;Caçador;42;420300.0;42009.0;ALTO VALE DO RIO DO PEIXE;2025-09-05;36;78595.0;11182.0;0;345;0;;;0
Sul;SC;Caibi;42;420310.0;42002.0;OESTE;2025-09-05;36;6148.0;1441.0;0;20;0;;;0
Sul;SC;Calmon;42;420315.0;42009.0;ALTO VALE DO RIO DO PEIXE;2025-09-05;36;3346.0;457.0;0;8;0;;;0
Sul;SC;Camboriú;42;420320.0;42005.0;FOZ DO RIO ITAJAI;2025-09-05;36;82989.0;22604.0;0;228;0;;;0
Sul;SC;Capão Alto;42;420325.0;42013.0;SERRA CATARINENSE;2025-09-05;36;2525.0;436.0;0;3;0;;;0
Sul;SC;Campo Alegre;42;420330.0;42012.0;PLANALTO NORTE;2025-09-05;36;11978.0;2558.0;0;46;0;;;0
Sul;SC;Campo Belo do Sul;42;420340.0;42013.0;SERRA CATARINENSE;2025-09-05;36;7016.0;1305.0;0;23;0;;;0
Sul;SC;Campo Erê;42;420350.0;42003.0;XANXERE;2025-09-05;36;8526.0;2471.0;0;24;0;;;0
Sul;SC;Campos Novos;42;420360.0;42008.0;MEIO OESTE;2025-09-05;36;36244.0;9558.0;0;143;0;;;0
Sul;SC;Canelinha;42;420370.0;42007.0;GRANDE FLORIANOPOLIS;2025-09-05;36;12240.0;2472.0;0;21;0;;;0
Sul;SC;Canoinhas;42;420380.0;42012.0;PLANALTO NORTE;2025-09-05;36;54401.0;12459.0;0;146;0;;;0
Sul;SC;Capinzal;42;420390.0;42008.0;MEIO OESTE;2025-09-05;36;22848.0;8103.0;0;57;0;;;0
Sul;SC;Capivari de Baixo;42;420395.0;42016.0;LAGUNA;2025-09-05;36;24871.0;7390.0;0;105;0;;;0
Sul;SC;Catanduvas;42;420400.0;42008.0;MEIO OESTE;2025-09-05;36;10861.0;3392.0;0;35;0;;;0
Sul;SC;Caxambu do Sul;42;420410.0;42002.0;OESTE;2025-09-05;36;3642.0;1485.0;0;14;0;;;0
Sul;SC;Celso Ramos;42;420415.0;42008.0;MEIO OESTE;2025-09-05;36;2728.0;1079.0;0;9;0;;;0
Sul;SC;Cerro Negro;42;420417.0;42013.0;SERRA CATARINENSE;2025-09-05;36;3124.0;431.0;0;4;0;;;0
Sul;SC;Chapadão do Lageado;42;420419.0;42004.0;ALTO VALE DO ITAJAI;2025-09-05;36;2988.0;752.0;0;6;0;;;0
Sul;SC;Chapecó;42;420420.0;42002.0;OESTE;2025-09-05;36;220367.0;80811.0;0;894;0;;;0
Sul;SC;Cocal do Sul;42;420425.0;42015.0;CARBONIFERA;2025-09-05;36;16684.0;5938.0;0;66;0;;;0
Sul;SC;Concórdia;42;420430.0;42010.0;ALTO URUGUAI CATARINENSE;2025-09-05;36;74641.0;30588.0;0;249;0;;;0
Sul;SC;Cordilheira Alta;42;420435.0;42002.0;OESTE;2025-09-05;36;4453.0;1210.0;0;10;0;;;0
Sul;SC;Coronel Freitas;42;420440.0;42002.0;OESTE;2025-09-05;36;9981.0;2944.0;0;34;0;;;0
Sul;SC;Coronel Martins;42;420445.0;42003.0;XANXERE;2025-09-05;36;2549.0;621.0;0;3;0;;;0
Sul;SC;Corupá;42;420450.0;42011.0;NORDESTE;2025-09-05;36;15909.0;3551.0;0;44;0;;;0
Sul;SC;Correia Pinto;42;420455.0;42013.0;SERRA CATARINENSE;2025-09-05;36;12795.0;3859.0;0;67;0;;;0
Sul;SC;Criciúma;42;420460.0;42015.0;CARBONIFERA;2025-09-05;36;215186.0;57248.0;0;751;0;;;0
Sul;SC;Cunha Porã;42;420470.0;42002.0;OESTE;2025-09-05;36;11086.0;1997.0;0;30;0;;;0
Sul;SC;Cunhataí;42;420475.0;42002.0;OESTE;2025-09-05;36;1962.0;412.0;0;4;0;;;0
Sul;SC;Curitibanos;42;420480.0;42009.0;ALTO VALE DO RIO DO PEIXE;2025-09-05;36;39745.0;11440.0;0;215;0;;;0
Sul;SC;Descanso;42;420490.0;42001.0;EXTREMO OESTE;2025-09-05;36;8250.0;1725.0;0;21;0;;;0
Sul;SC;Dionísio Cerqueira;42;420500.0;42001.0;EXTREMO OESTE;2025-09-05;36;15498.0;3662.0;0;59;0;;;0
Sul;SC;Dona Emma;42;420510.0;42004.0;ALTO VALE DO ITAJAI;2025-09-05;36;4146.0;1194.0;0;8;0;;;0
Sul;SC;Doutor Pedrinho;42;420515.0;42006.0;MEDIO VALE DO ITAJAI;2025-09-05;36;4064.0;607.0;0;7;0;;;0
Sul;SC;Entre Rios;42;420517.0;42003.0;XANXERE;2025-09-05;36;3203.0;1277.0;0;11;0;;;0
Sul;SC;Ermo;42;420519.0;42014.0;EXTREMO SUL CATARINENSE;2025-09-05;36;2063.0;560.0;0;7;0;;;0
Sul;SC;Erval Velho;42;420520.0;42008.0;MEIO OESTE;2025-09-05;36;4412.0;1625.0;0;14;0;;;0
Sul;SC;Faxinal dos Guedes;42;420530.0;42003.0;XANXERE;2025-09-05;36;10667.0;3782.0;0;48;0;;;0
Sul;SC;Flor do Sertão;42;420535.0;42001.0;EXTREMO OESTE;2025-09-05;36;1582.0;353.0;0;0;0;;;0
Sul;SC;Florianópolis;42;420540.0;42007.0;GRANDE FLORIANOPOLIS;2025-09-05;36;500973.0;175668.0;0;1393;0;;;1
Sul;SC;Formosa do Sul;42;420543.0;42002.0;OESTE;2025-09-05;36;2510.0;861.0;0;10;0;;;0
Sul;SC;Forquilhinha;42;420545.0;42015.0;CARBONIFERA;2025-09-05;36;26793.0;8887.0;0;65;0;;;0
Sul;SC;Fraiburgo;42;420550.0;42009.0;ALTO VALE DO RIO DO PEIXE;2025-09-05;36;36443.0;8565.0;0;135;0;;;0
Sul;SC;Frei Rogério;42;420555.0;42009.0;ALTO VALE DO RIO DO PEIXE;2025-09-05;36;2023.0;701.0;0;11;0;;;0
Sul;SC;Galvão;42;420560.0;42003.0;XANXERE;2025-09-05;36;2873.0;945.0;0;14;0;;;0
Sul;SC;Garopaba;42;420570.0;42007.0;GRANDE FLORIANOPOLIS;2025-09-05;36;23078.0;8681.0;0;59;0;;;0
Sul;SC;Garuva;42;420580.0;42011.0;NORDESTE;2025-09-05;36;18145.0;4164.0;0;43;0;;;0
Sul;SC;Gaspar;42;420590.0;42006.0;MEDIO VALE DO ITAJAI;2025-09-05;36;69639.0;18083.0;0;227;0;;;0
Sul;SC;Governador Celso Ramos;42;420600.0;42007.0;GRANDE FLORIANOPOLIS;2025-09-05;36;14471.0;5334.0;0;34;0;;;1
Sul;SC;Grão Pará;42;420610.0;42016.0;LAGUNA;2025-09-05;36;6569.0;2834.0;0;15;0;;;0
Sul;SC;Gravatal;42;420620.0;42016.0;LAGUNA;2025-09-05;36;11501.0;3221.0;0;55;0;;;0
Sul;SC;Guabiruba;42;420630.0;42006.0;MEDIO VALE DO ITAJAI;2025-09-05;36;23832.0;5080.0;0;58;0;;;0
Sul;SC;Guaraciaba;42;420640.0;42001.0;EXTREMO OESTE;2025-09-05;36;10090.0;2832.0;0;39;0;;;0
Sul;SC;Guaramirim;42;420650.0;42011.0;NORDESTE;2025-09-05;36;44819.0;11063.0;0;113;0;;;0
Sul;SC;Guarujá do Sul;42;420660.0;42001.0;EXTREMO OESTE;2025-09-05;36;5160.0;1088.0;0;12;0;;;0
Sul;SC;Guatambú;42;420665.0;42002.0;OESTE;2025-09-05;36;4704.0;1725.0;0;22;0;;;0
Sul;SC;Herval d'Oeste;42;420670.0;42008.0;MEIO OESTE;2025-09-05;36;22606.0;7829.0;0;82;0;;;0
Sul;SC;Ibiam;42;420675.0;42009.0;ALTO VALE DO RIO DO PEIXE;2025-09-05;36;1957.0;526.0;0;5;0;;;0
Sul;SC;Ibicaré;42;420680.0;42008.0;MEIO OESTE;2025-09-05;36;3202.0;851.0;0;9;0;;;0
Sul;SC;Ibirama;42;420690.0;42004.0;ALTO VALE DO ITAJAI;2025-09-05;36;18950.0;3570.0;0;44;0;;;0
Sul;SC;Içara;42;420700.0;42015.0;CARBONIFERA;2025-09-05;36;56421.0;12161.0;0;158;0;;;0
Sul;SC;Ilhota;42;420710.0;42005.0;FOZ DO RIO ITAJAI;2025-09-05;36;14184.0;3722.0;0;42;0;;;0
Sul;SC;Imaruí;42;420720.0;42016.0;LAGUNA;2025-09-05;36;10135.0;1210.0;0;29;0;;;0
Sul;SC;Imbituba;42;420730.0;42016.0;LAGUNA;2025-09-05;36;44853.0;13133.0;0;128;0;;;0
Sul;SC;Imbuia;42;420740.0;42004.0;ALTO VALE DO ITAJAI;2025-09-05;36;6197.0;1156.0;0;11;0;;;0
Sul;SC;Indaial;42;420750.0;42006.0;MEDIO VALE DO ITAJAI;2025-09-05;36;69425.0;19126.0;0;167;0;;;0
Sul;SC;Iomerê;42;420757.0;42009.0;ALTO VALE DO RIO DO PEIXE;2025-09-05;36;2945.0;726.0;0;12;0;;;0
Sul;SC;Ipira;42;420760.0;42010.0;ALTO URUGUAI CATARINENSE;2025-09-05;36;4446.0;603.0;0;7;0;;;0
Sul;SC;Iporã do Oeste;42;420765.0;42001.0;EXTREMO OESTE;2025-09-05;36;8996.0;965.0;0;16;0;;;0
Sul;SC;Ipuaçu;42;420768.0;42003.0;XANXERE;2025-09-05;36;7514.0;1722.0;0;18;0;;;0
Sul;SC;Ipumirim;42;420770.0;42010.0;ALTO URUGUAI CATARINENSE;2025-09-05;36;7593.0;1253.0;0;13;0;;;0
Sul;SC;Iraceminha;42;420775.0;42001.0;EXTREMO OESTE;2025-09-05;36;3976.0;869.0;0;5;0;;;0
Sul;SC;Irani;42;420780.0;42010.0;ALTO URUGUAI CATARINENSE;2025-09-05;36;10419.0;2695.0;0;23;0;;;0
Sul;SC;Irati;42;420785.0;42002.0;OESTE;2025-09-05;36;1930.0;650.0;0;8;0;;;0
Sul;SC;Irineópolis;42;420790.0;42012.0;PLANALTO NORTE;2025-09-05;36;11222.0;1633.0;0;18;0;;;0
Sul;SC;Itá;42;420800.0;42010.0;ALTO URUGUAI CATARINENSE;2025-09-05;36;6169.0;2623.0;0;32;0;;;0
Sul;SC;Itaiópolis;42;420810.0;42012.0;PLANALTO NORTE;2025-09-05;36;21669.0;4738.0;0;61;0;;;0
Sul;SC;Itajaí;42;420820.0;42005.0;FOZ DO RIO ITAJAI;2025-09-05;36;219536.0;70234.0;0;923;0;;;0
Sul;SC;Itapema;42;420830.0;42005.0;FOZ DO RIO ITAJAI;2025-09-05;36;65312.0;25933.0;0;296;0;;;0
Sul;SC;Itapiranga;42;420840.0;42001.0;EXTREMO OESTE;2025-09-05;36;16872.0;2755.0;0;24;0;;;0
Sul;SC;Itapoá;42;420845.0;42011.0;NORDESTE;2025-09-05;36;20576.0;6914.0;0;86;0;;;0
Sul;SC;Ituporanga;42;420850.0;42004.0;ALTO VALE DO ITAJAI;2025-09-05;36;25086.0;6701.0;0;85;0;;;0
Sul;SC;Jaborá;42;420860.0;42008.0;MEIO OESTE;2025-09-05;36;3936.0;1117.0;0;14;0;;;0
Sul;SC;Jacinto Machado;42;420870.0;42014.0;EXTREMO SUL CATARINENSE;2025-09-05;36;10416.0;3391.0;0;43;0;;;0
Sul;SC;Jaguaruna;42;420880.0;42016.0;LAGUNA;2025-09-05;36;20024.0;5081.0;0;73;0;;;0
Sul;SC;Jaraguá do Sul;42;420890.0;42011.0;NORDESTE;2025-09-05;36;177697.0;67663.0;0;479;0;;;0
Sul;SC;Jardinópolis;42;420895.0;42002.0;OESTE;2025-09-05;36;1570.0;793.0;0;5;0;;;0
Sul;SC;Joaçaba;42;420900.0;42008.0;MEIO OESTE;2025-09-05;36;30118.0;11892.0;0;92;0;;;0
Sul;SC;Joinville;42;420910.0;42011.0;NORDESTE;2025-09-05;36;590466.0;200493.0;0;2395;0;;;0
Sul;SC;José Boiteux;42;420915.0;42004.0;ALTO VALE DO ITAJAI;2025-09-05;36;4997.0;1057.0;0;12;0;;;0
Sul;SC;Jupiá;42;420917.0;42003.0;XANXERE;2025-09-05;36;2101.0;396.0;0;7;0;;;0
Sul;SC;Lacerdópolis;42;420920.0;42008.0;MEIO OESTE;2025-09-05;36;2246.0;860.0;0;5;0;;;0
Sul;SC;Lages;42;420930.0;42013.0;SERRA CATARINENSE;2025-09-05;36;157544.0;44199.0;0;625;0;;;0
Sul;SC;Laguna;42;420940.0;42016.0;LAGUNA;2025-09-05;36;45814.0;11666.0;0;200;0;;;0
Sul;SC;Lajeado Grande;42;420945.0;42003.0;XANXERE;2025-09-05;36;1427.0;700.0;0;7;0;;;0
Sul;SC;Laurentino;42;420950.0;42004.0;ALTO VALE DO ITAJAI;2025-09-05;36;6970.0;2140.0;0;12;0;;;0
Sul;SC;Lauro Müller;42;420960.0;42015.0;CARBONIFERA;2025-09-05;36;15244.0;3603.0;0;63;0;;;0
Sul;SC;Lebon Régis;42;420970.0;42009.0;ALTO VALE DO RIO DO PEIXE;2025-09-05;36;12107.0;1885.0;0;72;0;;;0
Sul;SC;Leoberto Leal;42;420980.0;42007.0;GRANDE FLORIANOPOLIS;2025-09-05;36;3041.0;860.0;0;2;0;;;0
Sul;SC;Lindóia do Sul;42;420985.0;42010.0;ALTO URUGUAI CATARINENSE;2025-09-05;36;4563.0;1297.0;0;13;0;;;0
Sul;SC;Lontras;42;420990.0;42004.0;ALTO VALE DO ITAJAI;2025-09-05;36;12130.0;2169.0;0;28;0;;;0
Sul;SC;Luiz Alves;42;421000.0;42005.0;FOZ DO RIO ITAJAI;2025-09-05;36;12859.0;3321.0;0;18;0;;;0
Sul;SC;Luzerna;42;421003.0;42008.0;MEIO OESTE;2025-09-05;36;5685.0;1993.0;0;17;0;;;0
Sul;SC;Macieira;42;421005.0;42009.0;ALTO VALE DO RIO DO PEIXE;2025-09-05;36;1775.0;581.0;0;6;0;;;0
Sul;SC;Mafra;42;421010.0;42012.0;PLANALTO NORTE;2025-09-05;36;56292.0;11508.0;0;157;0;;;0
Sul;SC;Major Gercino;42;421020.0;42007.0;GRANDE FLORIANOPOLIS;2025-09-05;36;3442.0;781.0;0;8;0;;;0
Sul;SC;Major Vieira;42;421030.0;42012.0;PLANALTO NORTE;2025-09-05;36;8103.0;753.0;0;8;0;;;0
Sul;SC;Maracajá;42;421040.0;42014.0;EXTREMO SUL CATARINENSE;2025-09-05;36;7293.0;2307.0;0;26;0;;;0
Sul;SC;Maravilha;42;421050.0;42001.0;EXTREMO OESTE;2025-09-05;36;25762.0;9062.0;0;81;0;;;0
Sul;SC;Marema;42;421055.0;42003.0;XANXERE;2025-09-05;36;1797.0;576.0;0;13;0;;;0
Sul;SC;Massaranduba;42;421060.0;42011.0;NORDESTE;2025-09-05;36;16916.0;5541.0;0;24;0;;;0
Sul;SC;Matos Costa;42;421070.0;42009.0;ALTO VALE DO RIO DO PEIXE;2025-09-05;36;2520.0;518.0;0;4;0;;;0
Sul;SC;Meleiro;42;421080.0;42014.0;EXTREMO SUL CATARINENSE;2025-09-05;36;7015.0;2105.0;0;26;0;;;0
Sul;SC;Mirim Doce;42;421085.0;42004.0;ALTO VALE DO ITAJAI;2025-09-05;36;2309.0;551.0;0;11;0;;;0
Sul;SC;Modelo;42;421090.0;42001.0;EXTREMO OESTE;2025-09-05;36;4209.0;881.0;0;12;0;;;0
Sul;SC;Mondaí;42;421100.0;42001.0;EXTREMO OESTE;2025-09-05;36;11742.0;1646.0;0;12;0;;;0
Sul;SC;Monte Carlo;42;421105.0;42008.0;MEIO OESTE;2025-09-05;36;9866.0;1758.0;0;48;0;;;0
Sul;SC;Monte Castelo;42;421110.0;42012.0;PLANALTO NORTE;2025-09-05;36;8275.0;2149.0;0;27;0;;;0
Sul;SC;Morro da Fumaça;42;421120.0;42015.0;CARBONIFERA;2025-09-05;36;17796.0;5971.0;0;51;0;;;0
Sul;SC;Morro Grande;42;421125.0;42014.0;EXTREMO SUL CATARINENSE;2025-09-05;36;2893.0;1192.0;0;9;0;;;0
Sul;SC;Navegantes;42;421130.0;42005.0;FOZ DO RIO ITAJAI;2025-09-05;36;81475.0;18831.0;0;251;0;;;0
Sul;SC;Nova Erechim;42;421140.0;42002.0;OESTE;2025-09-05;36;5019.0;954.0;0;12;0;;;0
Sul;SC;Nova Itaberaba;42;421145.0;42002.0;OESTE;2025-09-05;36;4331.0;932.0;0;8;0;;;0
Sul;SC;Nova Trento;42;421150.0;42007.0;GRANDE FLORIANOPOLIS;2025-09-05;36;14549.0;3815.0;0;26;0;;;0
Sul;SC;Nova Veneza;42;421160.0;42015.0;CARBONIFERA;2025-09-05;36;15166.0;4399.0;0;37;0;;;0
Sul;SC;Novo Horizonte;42;421165.0;42003.0;XANXERE;2025-09-05;36;2442.0;760.0;0;2;0;;;0
Sul;SC;Orleans;42;421170.0;42015.0;CARBONIFERA;2025-09-05;36;22912.0;8864.0;0;100;0;;;0
Sul;SC;Otacílio Costa;42;421175.0;42013.0;SERRA CATARINENSE;2025-09-05;36;18744.0;6741.0;0;75;0;;;0
Sul;SC;Ouro;42;421180.0;42008.0;MEIO OESTE;2025-09-05;36;7295.0;2775.0;0;23;0;;;0
Sul;SC;Ouro Verde;42;421185.0;42003.0;XANXERE;2025-09-05;36;2217.0;879.0;0;13;0;;;0
Sul;SC;Paial;42;421187.0;42002.0;OESTE;2025-09-05;36;1505.0;533.0;0;4;0;;;0
Sul;SC;Painel;42;421189.0;42013.0;SERRA CATARINENSE;2025-09-05;36;2359.0;371.0;0;6;0;;;0
Sul;SC;Palhoça;42;421190.0;42007.0;GRANDE FLORIANOPOLIS;2025-09-05;36;171797.0;47079.0;0;439;0;;;1
Sul;SC;Palma Sola;42;421200.0;42001.0;EXTREMO OESTE;2025-09-05;36;7423.0;2299.0;0;19;0;;;0
Sul;SC;Palmeira;42;421205.0;42013.0;SERRA CATARINENSE;2025-09-05;36;2627.0;785.0;0;6;0;;;0
Sul;SC;Palmitos;42;421210.0;42002.0;OESTE;2025-09-05;36;16169.0;3992.0;0;76;0;;;0
Sul;SC;Papanduva;42;421220.0;42012.0;PLANALTO NORTE;2025-09-05;36;19320.0;3448.0;0;58;0;;;0
Sul;SC;Paraíso;42;421223.0;42001.0;EXTREMO OESTE;2025-09-05;36;3437.0;394.0;0;10;0;;;0
Sul;SC;Passo de Torres;42;421225.0;42014.0;EXTREMO SUL CATARINENSE;2025-09-05;36;8823.0;3236.0;0;35;0;;;0
Sul;SC;Passos Maia;42;421227.0;42003.0;XANXERE;2025-09-05;36;4147.0;1028.0;0;13;0;;;0
Sul;SC;Paulo Lopes;42;421230.0;42007.0;GRANDE FLORIANOPOLIS;2025-09-05;36;7494.0;2576.0;0;18;0;;;0
Sul;SC;Pedras Grandes;42;421240.0;42016.0;LAGUNA;2025-09-05;36;3976.0;1283.0;0;24;0;;;0
Sul;SC;Penha;42;421250.0;42005.0;FOZ DO RIO ITAJAI;2025-09-05;36;32531.0;10110.0;0;124;0;;;0
Sul;SC;Peritiba;42;421260.0;42010.0;ALTO URUGUAI CATARINENSE;2025-09-05;36;2787.0;568.0;0;6;0;;;0
Sul;SC;Pescaria Brava;42;421265.0;42016.0;LAGUNA;2025-09-05;36;10091.0;2450.0;0;31;0;;;0
Sul;SC;Petrolândia;42;421270.0;42004.0;ALTO VALE DO ITAJAI;2025-09-05;36;5937.0;1495.0;0;30;0;;;0
Sul;SC;Balneário Piçarras;42;421280.0;42005.0;FOZ DO RIO ITAJAI;2025-09-05;36;23147.0;8245.0;0;74;0;;;0
Sul;SC;Pinhalzinho;42;421290.0;42002.0;OESTE;2025-09-05;36;20313.0;7245.0;0;43;0;;;0
Sul;SC;Pinheiro Preto;42;421300.0;42009.0;ALTO VALE DO RIO DO PEIXE;2025-09-05;36;3555.0;876.0;0;10;0;;;0
Sul;SC;Piratuba;42;421310.0;42010.0;ALTO URUGUAI CATARINENSE;2025-09-05;36;3854.0;805.0;0;12;0;;;0
Sul;SC;Planalto Alegre;42;421315.0;42002.0;OESTE;2025-09-05;36;2870.0;1003.0;0;15;0;;;0
Sul;SC;Pomerode;42;421320.0;42006.0;MEDIO VALE DO ITAJAI;2025-09-05;36;33447.0;11097.0;0;88;0;;;0
Sul;SC;Ponte Alta;42;421330.0;42013.0;SERRA CATARINENSE;2025-09-05;36;4682.0;1079.0;0;15;0;;;0
Sul;SC;Ponte Alta do Norte;42;421335.0;42009.0;ALTO VALE DO RIO DO PEIXE;2025-09-05;36;3414.0;461.0;0;9;0;;;0
Sul;SC;Ponte Serrada;42;421340.0;42003.0;XANXERE;2025-09-05;36;11593.0;2801.0;0;64;0;;;0
Sul;SC;Porto Belo;42;421350.0;42005.0;FOZ DO RIO ITAJAI;2025-09-05;36;21388.0;4064.0;0;77;0;;;0
Sul;SC;Porto União;42;421360.0;42012.0;PLANALTO NORTE;2025-09-05;36;35398.0;8561.0;0;105;0;;;0
Sul;SC;Pouso Redondo;42;421370.0;42004.0;ALTO VALE DO ITAJAI;2025-09-05;36;17453.0;2901.0;0;47;0;;;0
Sul;SC;Praia Grande;42;421380.0;42014.0;EXTREMO SUL CATARINENSE;2025-09-05;36;7319.0;2257.0;0;18;0;;;0
Sul;SC;Presidente Castello Branco;42;421390.0;42010.0;ALTO URUGUAI CATARINENSE;2025-09-05;36;1568.0;655.0;0;5;0;;;0
Sul;SC;Presidente Getúlio;42;421400.0;42004.0;ALTO VALE DO ITAJAI;2025-09-05;36;17471.0;2483.0;0;42;0;;;0
Sul;SC;Presidente Nereu;42;421410.0;42004.0;ALTO VALE DO ITAJAI;2025-09-05;36;2287.0;340.0;0;4;0;;;0
Sul;SC;Princesa;42;421415.0;42001.0;EXTREMO OESTE;2025-09-05;36;2924.0;920.0;0;13;0;;;0
Sul;SC;Quilombo;42;421420.0;42002.0;OESTE;2025-09-05;36;9887.0;3027.0;0;45;0;;;0
Sul;SC;Rancho Queimado;42;421430.0;42007.0;GRANDE FLORIANOPOLIS;2025-09-05;36;2878.0;915.0;0;5;0;;;0
Sul;SC;Rio das Antas;42;421440.0;42009.0;ALTO VALE DO RIO DO PEIXE;2025-09-05;36;6205.0;2196.0;0;23;0;;;0
Sul;SC;Rio do Campo;42;421450.0;42004.0;ALTO VALE DO ITAJAI;2025-09-05;36;5940.0;1184.0;0;12;0;;;0
Sul;SC;Rio do Oeste;42;421460.0;42004.0;ALTO VALE DO ITAJAI;2025-09-05;36;7489.0;981.0;0;22;0;;;0
Sul;SC;Rio dos Cedros;42;421470.0;42006.0;MEDIO VALE DO ITAJAI;2025-09-05;36;11676.0;1491.0;0;34;0;;;0
Sul;SC;Rio do Sul;42;421480.0;42004.0;ALTO VALE DO ITAJAI;2025-09-05;36;71061.0;16976.0;0;166;0;;;0
Sul;SC;Rio Fortuna;42;421490.0;42016.0;LAGUNA;2025-09-05;36;4611.0;889.0;0;11;0;;;0
Sul;SC;Rio Negrinho;42;421500.0;42012.0;PLANALTO NORTE;2025-09-05;36;42302.0;10184.0;0;140;0;;;0
Sul;SC;Rio Rufino;42;421505.0;42013.0;SERRA CATARINENSE;2025-09-05;36;2483.0;354.0;0;8;0;;;0
Sul;SC;Riqueza;42;421507.0;42002.0;OESTE;2025-09-05;36;4598.0;1104.0;0;20;0;;;0
Sul;SC;Rodeio;42;421510.0;42006.0;MEDIO VALE DO ITAJAI;2025-09-05;36;11551.0;3305.0;0;39;0;;;0
Sul;SC;Romelândia;42;421520.0;42001.0;EXTREMO OESTE;2025-09-05;36;4786.0;603.0;0;9;0;;;0
Sul;SC;Salete;42;421530.0;42004.0;ALTO VALE DO ITAJAI;2025-09-05;36;7642.0;1573.0;0;9;0;;;0
Sul;SC;Saltinho;42;421535.0;42001.0;EXTREMO OESTE;2025-09-05;36;3781.0;593.0;0;10;0;;;0
Sul;SC;Salto Veloso;42;421540.0;42009.0;ALTO VALE DO RIO DO PEIXE;2025-09-05;36;4718.0;1593.0;0;8;0;;;0
Sul;SC;Sangão;42;421545.0;42016.0;LAGUNA;2025-09-05;36;12678.0;2718.0;0;17;0;;;0
Sul;SC;Santa Cecília;42;421550.0;42009.0;ALTO VALE DO RIO DO PEIXE;2025-09-05;36;16830.0;3366.0;0;38;0;;;0
Sul;SC;Santa Helena;42;421555.0;42001.0;EXTREMO OESTE;2025-09-05;36;2223.0;246.0;0;4;0;;;0
Sul;SC;Santa Rosa de Lima;42;421560.0;42016.0;LAGUNA;2025-09-05;36;2142.0;708.0;0;5;0;;;0
Sul;SC;Santa Rosa do Sul;42;421565.0;42014.0;EXTREMO SUL CATARINENSE;2025-09-05;36;8358.0;2403.0;0;31;0;;;0
Sul;SC;Santa Terezinha;42;421567.0;42004.0;ALTO VALE DO ITAJAI;2025-09-05;36;8787.0;1183.0;0;9;0;;;0
Sul;SC;Santa Terezinha do Progresso;42;421568.0;42001.0;EXTREMO OESTE;2025-09-05;36;2428.0;460.0;0;5;0;;;0
Sul;SC;Santiago do Sul;42;421569.0;42002.0;OESTE;2025-09-05;36;1260.0;242.0;0;2;0;;;0
Sul;SC;Santo Amaro da Imperatriz;42;421570.0;42007.0;GRANDE FLORIANOPOLIS;2025-09-05;36;23245.0;6511.0;0;93;0;;;1
Sul;SC;São Bernardino;42;421575.0;42003.0;XANXERE;2025-09-05;36;2336.0;518.0;0;4;0;;;0
Sul;SC;São Bento do Sul;42;421580.0;42012.0;PLANALTO NORTE;2025-09-05;36;84507.0;17667.0;0;230;0;;;0
Sul;SC;São Bonifácio;42;421590.0;42007.0;GRANDE FLORIANOPOLIS;2025-09-05;36;2838.0;1069.0;0;7;0;;;0
Sul;SC;São Carlos;42;421600.0;42002.0;OESTE;2025-09-05;36;11281.0;1549.0;0;25;0;;;0
Sul;SC;São Cristóvão do Sul;42;421605.0;42009.0;ALTO VALE DO RIO DO PEIXE;2025-09-05;36;5549.0;345.0;0;18;0;;;0
Sul;SC;São Domingos;42;421610.0;42003.0;XANXERE;2025-09-05;36;9445.0;1551.0;0;25;0;;;0
Sul;SC;São Francisco do Sul;42;421620.0;42011.0;NORDESTE;2025-09-05;36;52721.0;11999.0;0;217;0;;;0
Sul;SC;São João do Oeste;42;421625.0;42001.0;EXTREMO OESTE;2025-09-05;36;6381.0;914.0;0;9;0;;;0
Sul;SC;São João Batista;42;421630.0;42007.0;GRANDE FLORIANOPOLIS;2025-09-05;36;37424.0;9143.0;0;115;0;;;0
Sul;SC;São João do Itaperiú;42;421635.0;42011.0;NORDESTE;2025-09-05;36;3733.0;1302.0;0;16;0;;;0
Sul;SC;São João do Sul;42;421640.0;42014.0;EXTREMO SUL CATARINENSE;2025-09-05;36;7297.0;2072.0;0;21;0;;;0
Sul;SC;São Joaquim;42;421650.0;42013.0;SERRA CATARINENSE;2025-09-05;36;26952.0;8775.0;0;99;0;;;0
Sul;SC;São José;42;421660.0;42007.0;GRANDE FLORIANOPOLIS;2025-09-05;36;246586.0;60004.0;0;697;0;;;1
Sul;SC;São José do Cedro;42;421670.0;42001.0;EXTREMO OESTE;2025-09-05;36;13829.0;3209.0;0;30;0;;;0
Sul;SC;São José do Cerrito;42;421680.0;42013.0;SERRA CATARINENSE;2025-09-05;36;8295.0;1760.0;0;17;0;;;0
Sul;SC;São Lourenço do Oeste;42;421690.0;42003.0;XANXERE;2025-09-05;36;24076.0;7085.0;0;76;0;;;0
Sul;SC;São Ludgero;42;421700.0;42016.0;LAGUNA;2025-09-05;36;13410.0;5071.0;0;40;0;;;0
Sul;SC;São Martinho;42;421710.0;42016.0;LAGUNA;2025-09-05;36;3180.0;938.0;0;15;0;;;0
Sul;SC;São Miguel da Boa Vista;42;421715.0;42001.0;EXTREMO OESTE;2025-09-05;36;1820.0;477.0;0;8;0;;;0
Sul;SC;São Miguel do Oeste;42;421720.0;42001.0;EXTREMO OESTE;2025-09-05;36;40482.0;11299.0;0;88;0;;;0
Sul;SC;São Pedro de Alcântara;42;421725.0;42007.0;GRANDE FLORIANOPOLIS;2025-09-05;36;5823.0;1385.0;0;18;0;;;1
Sul;SC;Saudades;42;421730.0;42001.0;EXTREMO OESTE;2025-09-05;36;9745.0;2561.0;0;19;0;;;0
Sul;SC;Schroeder;42;421740.0;42011.0;NORDESTE;2025-09-05;36;21365.0;7955.0;0;45;0;;;0
Sul;SC;Seara;42;421750.0;42010.0;ALTO URUGUAI CATARINENSE;2025-09-05;36;17541.0;5579.0;0;42;0;;;0
Sul;SC;Serra Alta;42;421755.0;42002.0;OESTE;2025-09-05;36;3263.0;557.0;0;6;0;;;0
Sul;SC;Siderópolis;42;421760.0;42015.0;CARBONIFERA;2025-09-05;36;14007.0;2400.0;0;51;0;;;0
Sul;SC;Sombrio;42;421770.0;42014.0;EXTREMO SUL CATARINENSE;2025-09-05;36;30374.0;7289.0;0;91;0;;;0
Sul;SC;Sul Brasil;42;421775.0;42002.0;OESTE;2025-09-05;36;2461.0;843.0;0;7;0;;;0
Sul;SC;Taió;42;421780.0;42004.0;ALTO VALE DO ITAJAI;2025-09-05;36;18395.0;4373.0;0;31;0;;;0
Sul;SC;Tangará;42;421790.0;42009.0;ALTO VALE DO RIO DO PEIXE;2025-09-05;36;8676.0;2699.0;0;38;0;;;0
Sul;SC;Tigrinhos;42;421795.0;42001.0;EXTREMO OESTE;2025-09-05;36;1633.0;621.0;0;2;0;;;0
Sul;SC;Tijucas;42;421800.0;42007.0;GRANDE FLORIANOPOLIS;2025-09-05;36;38407.0;11952.0;0;105;0;;;0
Sul;SC;Timbé do Sul;42;421810.0;42014.0;EXTREMO SUL CATARINENSE;2025-09-05;36;5348.0;1640.0;0;19;0;;;0
Sul;SC;Timbó;42;421820.0;42006.0;MEDIO VALE DO ITAJAI;2025-09-05;36;44238.0;14100.0;0;110;0;;;0
Sul;SC;Timbó Grande;42;421825.0;42009.0;ALTO VALE DO RIO DO PEIXE;2025-09-05;36;7877.0;1293.0;0;19;0;;;0
Sul;SC;Três Barras;42;421830.0;42012.0;PLANALTO NORTE;2025-09-05;36;19275.0;4408.0;0;81;0;;;0
Sul;SC;Treviso;42;421835.0;42015.0;CARBONIFERA;2025-09-05;36;3929.0;1463.0;0;13;0;;;0
Sul;SC;Treze de Maio;42;421840.0;42016.0;LAGUNA;2025-09-05;36;7081.0;1869.0;0;21;0;;;0
Sul;SC;Treze Tílias;42;421850.0;42008.0;MEIO OESTE;2025-09-05;36;7840.0;1878.0;0;18;0;;;0
Sul;SC;Trombudo Central;42;421860.0;42004.0;ALTO VALE DO ITAJAI;2025-09-05;36;7360.0;2120.0;0;29;0;;;0
Sul;SC;Tubarão;42;421870.0;42016.0;LAGUNA;2025-09-05;36;105686.0;35113.0;0;588;0;;;0
Sul;SC;Tunápolis;42;421875.0;42001.0;EXTREMO OESTE;2025-09-05;36;4543.0;1827.0;0;13;0;;;0
Sul;SC;Turvo;42;421880.0;42014.0;EXTREMO SUL CATARINENSE;2025-09-05;36;12899.0;3527.0;0;38;0;;;0
Sul;SC;União do Oeste;42;421885.0;42002.0;OESTE;2025-09-05;36;2464.0;751.0;0;12;0;;;0
Sul;SC;Urubici;42;421890.0;42013.0;SERRA CATARINENSE;2025-09-05;36;11235.0;821.0;0;28;0;;;0
Sul;SC;Urupema;42;421895.0;42013.0;SERRA CATARINENSE;2025-09-05;36;2465.0;529.0;0;5;0;;;0
Sul;SC;Urussanga;42;421900.0;42015.0;CARBONIFERA;2025-09-05;36;21268.0;5933.0;0;77;0;;;0
Sul;SC;Vargeão;42;421910.0;42003.0;XANXERE;2025-09-05;36;3573.0;390.0;0;11;0;;;0
Sul;SC;Vargem;42;421915.0;42008.0;MEIO OESTE;2025-09-05;36;2477.0;1011.0;0;5;0;;;0
Sul;SC;Vargem Bonita;42;421917.0;42008.0;MEIO OESTE;2025-09-05;36;4492.0;1555.0;0;11;0;;;0
Sul;SC;Vidal Ramos;42;421920.0;42004.0;ALTO VALE DO ITAJAI;2025-09-05;36;6338.0;1502.0;0;13;0;;;0
Sul;SC;Videira;42;421930.0;42009.0;ALTO VALE DO RIO DO PEIXE;2025-09-05;36;53065.0;20221.0;0;146;0;;;0
Sul;SC;Vitor Meireles;42;421935.0;42004.0;ALTO VALE DO ITAJAI;2025-09-05;36;4979.0;1039.0;0;14;0;;;0
Sul;SC;Witmarsum;42;421940.0;42004.0;ALTO VALE DO ITAJAI;2025-09-05;36;3965.0;687.0;0;5;0;;;0
Sul;SC;Xanxerê;42;421950.0;42003.0;XANXERE;2025-09-05;36;50982.0;15035.0;0;207;0;;;0
Sul;SC;Xavantina;42;421960.0;42010.0;ALTO URUGUAI CATARINENSE;2025-09-05;36;3933.0;861.0;0;5;0;;;0
Sul;SC;Xaxim;42;421970.0;42003.0;XANXERE;2025-09-05;36;28706.0;9191.0;0;132;0;;;0
Sul;SC;Zortéa;42;421985.0;42008.0;MEIO OESTE;2025-09-05;36;3363.0;1461.0;0;14;0;;;0
Sul;SC;Balneário Rincão;42;422000.0;42015.0;CARBONIFERA;2025-09-05;36;12760.0;2797.0;0;56;0;;;0
Sul;RS;;43;430000.0;;;2025-09-05;36;;0.0;0;0;0;;;
Sul;RS;Aceguá;43;430003.0;43022.0;REGIAO 22;2025-09-05;36;4901.0;1263.0;0;8;0;;;0
Sul;RS;Água Santa;43;430005.0;43018.0;REGIAO 18;2025-09-05;36;3748.0;1098.0;0;11;0;;;0
Sul;RS;Agudo;43;430010.0;43001.0;REGIAO 01;2025-09-05;36;16461.0;3769.0;0;39;0;;;0
Sul;RS;Ajuricaba;43;430020.0;43013.0;REGIAO 13;2025-09-05;36;7024.0;2841.0;0;39;0;;;0
Sul;RS;Alecrim;43;430030.0;43014.0;REGIAO 14;2025-09-05;36;5950.0;823.0;0;13;0;;;0
Sul;RS;Alegrete;43;430040.0;43003.0;REGIAO 03;2025-09-05;36;73589.0;22008.0;0;337;0;;;0
Sul;RS;Alegria;43;430045.0;43014.0;REGIAO 14;2025-09-05;36;3464.0;700.0;0;5;0;;;0
Sul;RS;Almirante Tamandaré do Sul;43;430047.0;43017.0;REGIAO 17;2025-09-05;36;1964.0;722.0;0;8;0;;;0
Sul;RS;Alpestre;43;430050.0;43015.0;REGIAO 15;2025-09-05;36;6258.0;1669.0;0;18;0;;;0
Sul;RS;Alto Alegre;43;430055.0;43019.0;REGIAO 19;2025-09-05;36;1638.0;490.0;0;3;0;;;0
Sul;RS;Alto Feliz;43;430057.0;43026.0;REGIAO 26;2025-09-05;36;3028.0;819.0;0;4;0;;;0
Sul;RS;Alvorada;43;430060.0;43010.0;REGIAO 10;2025-09-05;36;210305.0;42399.0;0;946;0;;;1
Sul;RS;Amaral Ferrador;43;430063.0;43021.0;REGIAO 21;2025-09-05;36;7031.0;614.0;0;17;0;;;0
Sul;RS;Ametista do Sul;43;430064.0;43015.0;REGIAO 15;2025-09-05;36;7409.0;2019.0;0;30;0;;;0
Sul;RS;André da Rocha;43;430066.0;43018.0;REGIAO 18;2025-09-05;36;1333.0;393.0;0;1;0;;;0
Sul;RS;Anta Gorda;43;430070.0;43029.0;REGIAO 29;2025-09-05;36;5981.0;1282.0;0;10;0;;;0
Sul;RS;Antônio Prado;43;430080.0;43026.0;REGIAO 26;2025-09-05;36;13050.0;5666.0;0;36;0;;;0
Sul;RS;Arambaré;43;430085.0;43009.0;REGIAO 09;2025-09-05;36;3581.0;406.0;0;10;0;;;0
Sul;RS;Araricá;43;430087.0;43007.0;REGIAO 07;2025-09-05;36;5698.0;1993.0;0;30;0;;;1
Sul;RS;Aratiba;43;430090.0;43016.0;REGIAO 16;2025-09-05;36;6235.0;1320.0;0;8;0;;;0
Sul;RS;Arroio do Meio;43;430100.0;43029.0;REGIAO 29;2025-09-05;36;20805.0;6093.0;0;61;0;;;0
Sul;RS;Arroio do Sal;43;430105.0;43004.0;REGIAO 04;2025-09-05;36;10065.0;4830.0;0;49;0;;;0
Sul;RS;Arroio do Padre;43;430107.0;43021.0;REGIAO 21;2025-09-05;36;2937.0;634.0;0;5;0;;;0
Sul;RS;Arroio dos Ratos;43;430110.0;43009.0;REGIAO 09;2025-09-05;36;14151.0;3351.0;0;54;0;;;1
Sul;RS;Arroio do Tigre;43;430120.0;43027.0;REGIAO 27;2025-09-05;36;13373.0;2895.0;0;27;0;;;0
Sul;RS;Arroio Grande;43;430130.0;43021.0;REGIAO 21;2025-09-05;36;18293.0;3673.0;0;66;0;;;0
Sul;RS;Arvorezinha;43;430140.0;43019.0;REGIAO 19;2025-09-05;36;10424.0;1903.0;0;35;0;;;0
Sul;RS;Augusto Pestana;43;430150.0;43013.0;REGIAO 13;2025-09-05;36;6661.0;2323.0;0;17;0;;;0
Sul;RS;Áurea;43;430155.0;43016.0;REGIAO 16;2025-09-05;36;3554.0;711.0;0;7;0;;;0
Sul;RS;Bagé;43;430160.0;43022.0;REGIAO 22;2025-09-05;36;121143.0;35554.0;0;384;0;;;0
Sul;RS;Balneário Pinhal;43;430163.0;43005.0;REGIAO 05;2025-09-05;36;14068.0;4386.0;0;64;0;;;0
Sul;RS;Barão;43;430165.0;43008.0;REGIAO 08;2025-09-05;36;6171.0;1494.0;0;16;0;;;0
Sul;RS;Barão de Cotegipe;43;430170.0;43016.0;REGIAO 16;2025-09-05;36;6623.0;1186.0;0;12;0;;;0
Sul;RS;Barão do Triunfo;43;430175.0;43009.0;REGIAO 09;2025-09-05;36;7487.0;858.0;0;10;0;;;0
Sul;RS;Barracão;43;430180.0;43018.0;REGIAO 18;2025-09-05;36;5275.0;1018.0;0;18;0;;;0
Sul;RS;Barra do Guarita;43;430185.0;43015.0;REGIAO 15;2025-09-05;36;3248.0;150.0;0;8;0;;;0
Sul;RS;Barra do Quaraí;43;430187.0;43003.0;REGIAO 03;2025-09-05;36;4215.0;1182.0;0;9;0;;;0
Sul;RS;Barra do Ribeiro;43;430190.0;43009.0;REGIAO 09;2025-09-05;36;13491.0;3008.0;0;64;0;;;0
Sul;RS;Barra do Rio Azul;43;430192.0;43016.0;REGIAO 16;2025-09-05;36;1690.0;233.0;0;1;0;;;0
Sul;RS;Barra Funda;43;430195.0;43020.0;REGIAO 20;2025-09-05;36;2539.0;1272.0;0;16;0;;;0
Sul;RS;Barros Cassal;43;430200.0;43019.0;REGIAO 19;2025-09-05;36;11199.0;1972.0;0;20;0;;;0
Sul;RS;Benjamin Constant do Sul;43;430205.0;43016.0;REGIAO 16;2025-09-05;36;1994.0;222.0;0;3;0;;;0
Sul;RS;Bento Gonçalves;43;430210.0;43025.0;REGIAO 25;2025-09-05;36;120454.0;41592.0;0;518;0;;;0
Sul;RS;Boa Vista das Missões;43;430215.0;43020.0;REGIAO 20;2025-09-05;36;2098.0;797.0;0;8;0;;;0
Sul;RS;Boa Vista do Buricá;43;430220.0;43014.0;REGIAO 14;2025-09-05;36;6712.0;1909.0;0;14;0;;;0
Sul;RS;Boa Vista do Cadeado;43;430222.0;43012.0;REGIAO 12;2025-09-05;36;2470.0;573.0;0;6;0;;;0
Sul;RS;Boa Vista do Incra;43;430223.0;43012.0;REGIAO 12;2025-09-05;36;2603.0;1007.0;0;6;0;;;0
Sul;RS;Boa Vista do Sul;43;430225.0;43025.0;REGIAO 25;2025-09-05;36;2783.0;751.0;0;5;0;;;0
Sul;RS;Bom Jesus;43;430230.0;43024.0;REGIAO 24;2025-09-05;36;11349.0;2090.0;0;31;0;;;0
Sul;RS;Bom Princípio;43;430235.0;43026.0;REGIAO 26;2025-09-05;36;14055.0;4100.0;0;36;0;;;0
Sul;RS;Bom Progresso;43;430237.0;43015.0;REGIAO 15;2025-09-05;36;1942.0;352.0;0;3;0;;;0
Sul;RS;Bom Retiro do Sul;43;430240.0;43030.0;REGIAO 30;2025-09-05;36;12328.0;2581.0;0;44;0;;;0
Sul;RS;Boqueirão do Leão;43;430245.0;43029.0;REGIAO 29;2025-09-05;36;7714.0;829.0;0;37;0;;;0
Sul;RS;Bossoroca;43;430250.0;43011.0;REGIAO 11;2025-09-05;36;6279.0;1020.0;0;23;0;;;0
Sul;RS;Bozano;43;430258.0;43013.0;REGIAO 13;2025-09-05;36;2123.0;747.0;0;9;0;;;0
Sul;RS;Braga;43;430260.0;43020.0;REGIAO 20;2025-09-05;36;3353.0;806.0;0;14;0;;;0
Sul;RS;Brochier;43;430265.0;43008.0;REGIAO 08;2025-09-05;36;5074.0;1486.0;0;8;0;;;0
Sul;RS;Butiá;43;430270.0;43009.0;REGIAO 09;2025-09-05;36;20941.0;5946.0;0;71;0;;;0
Sul;RS;Caçapava do Sul;43;430280.0;43027.0;REGIAO 27;2025-09-05;36;33624.0;9591.0;0;113;0;;;0
Sul;RS;Cacequi;43;430290.0;43002.0;REGIAO 02;2025-09-05;36;12561.0;1720.0;0;20;0;;;0
Sul;RS;Cachoeira do Sul;43;430300.0;43027.0;REGIAO 27;2025-09-05;36;82201.0;25991.0;0;260;0;;;0
Sul;RS;Cachoeirinha;43;430310.0;43010.0;REGIAO 10;2025-09-05;36;130293.0;31008.0;0;562;0;;;1
Sul;RS;Cacique Doble;43;430320.0;43018.0;REGIAO 18;2025-09-05;36;5065.0;1564.0;0;16;0;;;0
Sul;RS;Caibaté;43;430330.0;43011.0;REGIAO 11;2025-09-05;36;4846.0;693.0;0;8;0;;;0
Sul;RS;Caiçara;43;430340.0;43015.0;REGIAO 15;2025-09-05;36;4743.0;1345.0;0;12;0;;;0
Sul;RS;Camaquã;43;430350.0;43009.0;REGIAO 09;2025-09-05;36;66261.0;15931.0;0;196;0;;;0
Sul;RS;Camargo;43;430355.0;43017.0;REGIAO 17;2025-09-05;36;2733.0;790.0;0;9;0;;;0
Sul;RS;Cambará do Sul;43;430360.0;43006.0;REGIAO 06 - VALE DO PARANHANA E COSTA SERR;2025-09-05;36;6431.0;440.0;0;12;0;;;0
Sul;RS;Campestre da Serra;43;430367.0;43024.0;REGIAO 24;2025-09-05;36;3388.0;811.0;0;5;0;;;0
Sul;RS;Campina das Missões;43;430370.0;43014.0;REGIAO 14;2025-09-05;36;5474.0;1626.0;0;13;0;;;0
Sul;RS;Campinas do Sul;43;430380.0;43016.0;REGIAO 16;2025-09-05;36;5454.0;1909.0;0;8;0;;;0
Sul;RS;Campo Bom;43;430390.0;43007.0;REGIAO 07;2025-09-05;36;66712.0;22785.0;0;299;0;;;1
Sul;RS;Campo Novo;43;430400.0;43013.0;REGIAO 13;2025-09-05;36;4484.0;1609.0;0;24;0;;;0
Sul;RS;Campos Borges;43;430410.0;43019.0;REGIAO 19;2025-09-05;36;3320.0;1092.0;0;13;0;;;0
Sul;RS;Candelária;43;430420.0;43028.0;REGIAO 28;2025-09-05;36;31365.0;7111.0;0;92;0;;;0
Sul;RS;Cândido Godói;43;430430.0;43014.0;REGIAO 14;2025-09-05;36;6198.0;1596.0;0;7;0;;;0
Sul;RS;Candiota;43;430435.0;43022.0;REGIAO 22;2025-09-05;36;9584.0;3478.0;0;20;0;;;0
Sul;RS;Canela;43;430440.0;43023.0;REGIAO 23;2025-09-05;36;44998.0;13626.0;0;219;0;;;0
Sul;RS;Canguçu;43;430450.0;43021.0;REGIAO 21;2025-09-05;36;56045.0;11148.0;0;142;0;;;0
Sul;RS;Canoas;43;430460.0;43008.0;REGIAO 08;2025-09-05;36;346616.0;108982.0;0;1981;0;;;1
Sul;RS;Canudos do Vale;43;430461.0;43029.0;REGIAO 29;2025-09-05;36;1716.0;267.0;0;6;0;;;0
Sul;RS;Capão Bonito do Sul;43;430462.0;43018.0;REGIAO 18;2025-09-05;36;1654.0;806.0;0;7;0;;;0
Sul;RS;Capão da Canoa;43;430463.0;43004.0;REGIAO 04;2025-09-05;36;53049.0;23157.0;0;265;0;;;0
Sul;RS;Capão do Cipó;43;430465.0;43002.0;REGIAO 02;2025-09-05;36;3651.0;826.0;0;9;0;;;0
Sul;RS;Capão do Leão;43;430466.0;43021.0;REGIAO 21;2025-09-05;36;25354.0;8177.0;0;109;0;;;0
Sul;RS;Capivari do Sul;43;430467.0;43005.0;REGIAO 05;2025-09-05;36;4660.0;1960.0;0;10;0;;;0
Sul;RS;Capela de Santana;43;430468.0;43008.0;REGIAO 08;2025-09-05;36;11940.0;2420.0;0;32;0;;;1
Sul;RS;Capitão;43;430469.0;43029.0;REGIAO 29;2025-09-05;36;2757.0;921.0;0;3;0;;;0
Sul;RS;Carazinho;43;430470.0;43017.0;REGIAO 17;2025-09-05;36;62110.0;23556.0;0;327;0;;;0
Sul;RS;Caraá;43;430471.0;43005.0;REGIAO 05;2025-09-05;36;8270.0;1413.0;0;28;0;;;0
Sul;RS;Carlos Barbosa;43;430480.0;43025.0;REGIAO 25;2025-09-05;36;29833.0;9060.0;0;66;0;;;0
Sul;RS;Carlos Gomes;43;430485.0;43016.0;REGIAO 16;2025-09-05;36;1377.0;294.0;0;1;0;;;0
Sul;RS;Casca;43;430490.0;43017.0;REGIAO 17;2025-09-05;36;9031.0;2384.0;0;24;0;;;0
Sul;RS;Caseiros;43;430495.0;43018.0;REGIAO 18;2025-09-05;36;3202.0;713.0;0;18;0;;;0
Sul;RS;Catuípe;43;430500.0;43013.0;REGIAO 13;2025-09-05;36;8774.0;2071.0;0;36;0;;;0
Sul;RS;Caxias do Sul;43;430510.0;43023.0;REGIAO 23;2025-09-05;36;510906.0;179113.0;0;1759;0;;;0
Sul;RS;Centenário;43;430511.0;43016.0;REGIAO 16;2025-09-05;36;2891.0;409.0;0;5;0;;;0
Sul;RS;Cerrito;43;430512.0;43021.0;REGIAO 21;2025-09-05;36;6091.0;1049.0;0;17;0;;;0
Sul;RS;Cerro Branco;43;430513.0;43027.0;REGIAO 27;2025-09-05;36;4691.0;834.0;0;8;0;;;0
Sul;RS;Cerro Grande;43;430515.0;43020.0;REGIAO 20;2025-09-05;36;2311.0;451.0;0;7;0;;;0
Sul;RS;Cerro Grande do Sul;43;430517.0;43009.0;REGIAO 09;2025-09-05;36;12239.0;1352.0;0;29;0;;;0
Sul;RS;Cerro Largo;43;430520.0;43011.0;REGIAO 11;2025-09-05;36;14133.0;4791.0;0;29;0;;;0
Sul;RS;Chapada;43;430530.0;43020.0;REGIAO 20;2025-09-05;36;9269.0;2953.0;0;38;0;;;0
Sul;RS;Charqueadas;43;430535.0;43009.0;REGIAO 09;2025-09-05;36;40789.0;10201.0;0;132;0;;;1
Sul;RS;Charrua;43;430537.0;43016.0;REGIAO 16;2025-09-05;36;3279.0;626.0;0;13;0;;;0
Sul;RS;Chiapetta;43;430540.0;43013.0;REGIAO 13;2025-09-05;36;3756.0;1290.0;0;23;0;;;0
Sul;RS;Chuí;43;430543.0;43021.0;REGIAO 21;2025-09-05;36;6704.0;1034.0;0;6;0;;;0
Sul;RS;Chuvisca;43;430544.0;43009.0;REGIAO 09;2025-09-05;36;5441.0;987.0;0;7;0;;;0
Sul;RS;Cidreira;43;430545.0;43005.0;REGIAO 05;2025-09-05;36;16254.0;5242.0;0;89;0;;;0
Sul;RS;Ciríaco;43;430550.0;43017.0;REGIAO 17;2025-09-05;36;4747.0;1558.0;0;31;0;;;0
Sul;RS;Colinas;43;430558.0;43030.0;REGIAO 30;2025-09-05;36;2438.0;956.0;0;4;0;;;0
Sul;RS;Colorado;43;430560.0;43012.0;REGIAO 12;2025-09-05;36;3175.0;1629.0;0;16;0;;;0
Sul;RS;Condor;43;430570.0;43013.0;REGIAO 13;2025-09-05;36;6753.0;2830.0;0;13;0;;;0
Sul;RS;Constantina;43;430580.0;43020.0;REGIAO 20;2025-09-05;36;9911.0;2117.0;0;20;0;;;0
Sul;RS;Coqueiro Baixo;43;430583.0;43029.0;REGIAO 29;2025-09-05;36;1501.0;453.0;0;3;0;;;0
Sul;RS;Coqueiros do Sul;43;430585.0;43017.0;REGIAO 17;2025-09-05;36;2306.0;324.0;0;9;0;;;0
Sul;RS;Coronel Barros;43;430587.0;43013.0;REGIAO 13;2025-09-05;36;2519.0;1491.0;0;9;0;;;0
Sul;RS;Coronel Bicaco;43;430590.0;43020.0;REGIAO 20;2025-09-05;36;7325.0;1407.0;0;41;0;;;0
Sul;RS;Coronel Pilar;43;430593.0;43025.0;REGIAO 25;2025-09-05;36;1628.0;422.0;0;8;0;;;0
Sul;RS;Cotiporã;43;430595.0;43025.0;REGIAO 25;2025-09-05;36;3853.0;1966.0;0;7;0;;;0
Sul;RS;Coxilha;43;430597.0;43017.0;REGIAO 17;2025-09-05;36;2756.0;705.0;0;13;0;;;0
Sul;RS;Crissiumal;43;430600.0;43013.0;REGIAO 13;2025-09-05;36;13448.0;3000.0;0;26;0;;;0
Sul;RS;Cristal;43;430605.0;43021.0;REGIAO 21;2025-09-05;36;8009.0;2609.0;0;27;0;;;0
Sul;RS;Cristal do Sul;43;430607.0;43015.0;REGIAO 15;2025-09-05;36;2847.0;907.0;0;2;0;;;0
Sul;RS;Cruz Alta;43;430610.0;43012.0;REGIAO 12;2025-09-05;36;60299.0;24891.0;0;284;0;;;0
Sul;RS;Cruzaltense;43;430613.0;43016.0;REGIAO 16;2025-09-05;36;1833.0;332.0;0;7;0;;;0
Sul;RS;Cruzeiro do Sul;43;430620.0;43029.0;REGIAO 29;2025-09-05;36;12348.0;2289.0;0;43;0;;;0
Sul;RS;David Canabarro;43;430630.0;43017.0;REGIAO 17;2025-09-05;36;4740.0;1604.0;0;18;0;;;0
Sul;RS;Derrubadas;43;430632.0;43015.0;REGIAO 15;2025-09-05;36;2805.0;1061.0;0;8;0;;;0
Sul;RS;Dezesseis de Novembro;43;430635.0;43011.0;REGIAO 11;2025-09-05;36;2427.0;501.0;0;5;0;;;0
Sul;RS;Dilermando de Aguiar;43;430637.0;43001.0;REGIAO 01;2025-09-05;36;3014.0;334.0;0;5;0;;;0
Sul;RS;Dois Irmãos;43;430640.0;43007.0;REGIAO 07;2025-09-05;36;32671.0;8600.0;0;88;0;;;1
Sul;RS;Dois Irmãos das Missões;43;430642.0;43020.0;REGIAO 20;2025-09-05;36;2026.0;679.0;0;5;0;;;0
Sul;RS;Dois Lajeados;43;430645.0;43029.0;REGIAO 29;2025-09-05;36;3400.0;1018.0;0;7;0;;;0
Sul;RS;Dom Feliciano;43;430650.0;43009.0;REGIAO 09;2025-09-05;36;15414.0;2148.0;0;31;0;;;0
Sul;RS;Dom Pedro de Alcântara;43;430655.0;43004.0;REGIAO 04;2025-09-05;36;2534.0;577.0;0;8;0;;;0
Sul;RS;Dom Pedrito;43;430660.0;43022.0;REGIAO 22;2025-09-05;36;38461.0;11231.0;0;136;0;;;0
Sul;RS;Dona Francisca;43;430670.0;43001.0;REGIAO 01;2025-09-05;36;3041.0;270.0;0;8;0;;;0
Sul;RS;Doutor Maurício Cardoso;43;430673.0;43014.0;REGIAO 14;2025-09-05;36;4549.0;759.0;0;18;0;;;0
Sul;RS;Doutor Ricardo;43;430675.0;43029.0;REGIAO 29;2025-09-05;36;1983.0;736.0;0;4;0;;;0
Sul;RS;Eldorado do Sul;43;430676.0;43009.0;REGIAO 09;2025-09-05;36;41285.0;12395.0;0;160;0;;;1
Sul;RS;Encantado;43;430680.0;43029.0;REGIAO 29;2025-09-05;36;22706.0;4023.0;0;64;0;;;0
Sul;RS;Encruzilhada do Sul;43;430690.0;43027.0;REGIAO 27;2025-09-05;36;25877.0;5617.0;0;86;0;;;0
Sul;RS;Engenho Velho;43;430692.0;43020.0;REGIAO 20;2025-09-05;36;1034.0;383.0;0;5;0;;;0
Sul;RS;Entre-Ijuís;43;430693.0;43011.0;REGIAO 11;2025-09-05;36;8475.0;2605.0;0;33;0;;;0
Sul;RS;Entre Rios do Sul;43;430695.0;43016.0;REGIAO 16;2025-09-05;36;2792.0;516.0;0;6;0;;;0
Sul;RS;Erebango;43;430697.0;43016.0;REGIAO 16;2025-09-05;36;2991.0;708.0;0;4;0;;;0
Sul;RS;Erechim;43;430700.0;43016.0;REGIAO 16;2025-09-05;36;105862.0;29477.0;0;247;0;;;0
Sul;RS;Ernestina;43;430705.0;43017.0;REGIAO 17;2025-09-05;36;3168.0;435.0;0;11;0;;;0
Sul;RS;Herval;43;430710.0;43021.0;REGIAO 21;2025-09-05;36;6821.0;1924.0;0;24;0;;;0
Sul;RS;Erval Grande;43;430720.0;43016.0;REGIAO 16;2025-09-05;36;4859.0;649.0;0;8;0;;;0
Sul;RS;Erval Seco;43;430730.0;43015.0;REGIAO 15;2025-09-05;36;6912.0;1326.0;0;9;0;;;0
Sul;RS;Esmeralda;43;430740.0;43024.0;REGIAO 24;2025-09-05;36;3282.0;599.0;0;10;0;;;0
Sul;RS;Esperança do Sul;43;430745.0;43015.0;REGIAO 15;2025-09-05;36;2926.0;427.0;0;17;0;;;0
Sul;RS;Espumoso;43;430750.0;43019.0;REGIAO 19;2025-09-05;36;15588.0;4725.0;0;58;0;;;0
Sul;RS;Estação;43;430755.0;43016.0;REGIAO 16;2025-09-05;36;5958.0;2076.0;0;22;0;;;0
Sul;RS;Estância Velha;43;430760.0;43007.0;REGIAO 07;2025-09-05;36;50022.0;13582.0;0;163;0;;;1
Sul;RS;Esteio;43;430770.0;43008.0;REGIAO 08;2025-09-05;36;83202.0;30178.0;0;427;0;;;1
Sul;RS;Estrela;43;430780.0;43030.0;REGIAO 30;2025-09-05;36;34116.0;9132.0;0;90;0;;;0
Sul;RS;Estrela Velha;43;430781.0;43027.0;REGIAO 27;2025-09-05;36;3655.0;947.0;0;9;0;;;0
Sul;RS;Eugênio de Castro;43;430783.0;43011.0;REGIAO 11;2025-09-05;36;2396.0;879.0;0;10;0;;;0
Sul;RS;Fagundes Varela;43;430786.0;43025.0;REGIAO 25;2025-09-05;36;2731.0;923.0;0;4;0;;;0
Sul;RS;Farroupilha;43;430790.0;43026.0;REGIAO 26;2025-09-05;36;72331.0;21304.0;0;227;0;;;0
Sul;RS;Faxinal do Soturno;43;430800.0;43001.0;REGIAO 01;2025-09-05;36;6677.0;1546.0;0;14;0;;;0
Sul;RS;Faxinalzinho;43;430805.0;43016.0;REGIAO 16;2025-09-05;36;2315.0;451.0;0;6;0;;;0
Sul;RS;Fazenda Vilanova;43;430807.0;43030.0;REGIAO 30;2025-09-05;36;4533.0;982.0;0;11;0;;;0
Sul;RS;Feliz;43;430810.0;43026.0;REGIAO 26;2025-09-05;36;13547.0;4794.0;0;29;0;;;0
Sul;RS;Flores da Cunha;43;430820.0;43026.0;REGIAO 26;2025-09-05;36;30745.0;9803.0;0;83;0;;;0
Sul;RS;Floriano Peixoto;43;430825.0;43016.0;REGIAO 16;2025-09-05;36;1766.0;392.0;0;1;0;;;0
Sul;RS;Fontoura Xavier;43;430830.0;43019.0;REGIAO 19;2025-09-05;36;10304.0;1824.0;0;38;0;;;0
Sul;RS;Formigueiro;43;430840.0;43001.0;REGIAO 01;2025-09-05;36;6664.0;1140.0;0;17;0;;;0
Sul;RS;Forquetinha;43;430843.0;43029.0;REGIAO 29;2025-09-05;36;2412.0;498.0;0;10;0;;;0
Sul;RS;Fortaleza dos Valos;43;430845.0;43012.0;REGIAO 12;2025-09-05;36;4320.0;1797.0;0;11;0;;;0
Sul;RS;Frederico Westphalen;43;430850.0;43015.0;REGIAO 15;2025-09-05;36;31313.0;11301.0;0;96;0;;;0
Sul;RS;Garibaldi;43;430860.0;43025.0;REGIAO 25;2025-09-05;36;35070.0;12909.0;0;93;0;;;0
Sul;RS;Garruchos;43;430865.0;43011.0;REGIAO 11;2025-09-05;36;2924.0;179.0;0;7;0;;;0
Sul;RS;Gaurama;43;430870.0;43016.0;REGIAO 16;2025-09-05;36;5534.0;1195.0;0;10;0;;;0
Sul;RS;General Câmara;43;430880.0;43009.0;REGIAO 09;2025-09-05;36;8385.0;1666.0;0;28;0;;;0
Sul;RS;Gentil;43;430885.0;43017.0;REGIAO 17;2025-09-05;36;1634.0;330.0;0;5;0;;;0
Sul;RS;Getúlio Vargas;43;430890.0;43016.0;REGIAO 16;2025-09-05;36;16212.0;4976.0;0;52;0;;;0
Sul;RS;Giruá;43;430900.0;43014.0;REGIAO 14;2025-09-05;36;16004.0;4519.0;0;58;0;;;0
Sul;RS;Glorinha;43;430905.0;43010.0;REGIAO 10;2025-09-05;36;8098.0;2155.0;0;39;0;;;1
Sul;RS;Gramado;43;430910.0;43023.0;REGIAO 23;2025-09-05;36;36232.0;17562.0;0;170;0;;;0
Sul;RS;Gramado dos Loureiros;43;430912.0;43020.0;REGIAO 20;2025-09-05;36;2082.0;388.0;0;4;0;;;0
Sul;RS;Gramado Xavier;43;430915.0;43028.0;REGIAO 28;2025-09-05;36;4325.0;1026.0;0;5;0;;;0
Sul;RS;Gravataí;43;430920.0;43010.0;REGIAO 10;2025-09-05;36;281519.0;43176.0;0;1124;0;;;1
Sul;RS;Guabiju;43;430925.0;43025.0;REGIAO 25;2025-09-05;36;1503.0;502.0;0;2;0;;;0
Sul;RS;Guaíba;43;430930.0;43009.0;REGIAO 09;2025-09-05;36;98143.0;19395.0;0;427;0;;;1
Sul;RS;Guaporé;43;430940.0;43025.0;REGIAO 25;2025-09-05;36;25727.0;7986.0;0;81;0;;;0
Sul;RS;Guarani das Missões;43;430950.0;43011.0;REGIAO 11;2025-09-05;36;7537.0;1780.0;0;19;0;;;0
Sul;RS;Harmonia;43;430955.0;43008.0;REGIAO 08;2025-09-05;36;4866.0;1755.0;0;17;0;;;0
Sul;RS;Herveiras;43;430957.0;43028.0;REGIAO 28;2025-09-05;36;3018.0;453.0;0;3;0;;;0
Sul;RS;Horizontina;43;430960.0;43014.0;REGIAO 14;2025-09-05;36;19329.0;6015.0;0;51;0;;;0
Sul;RS;Hulha Negra;43;430965.0;43022.0;REGIAO 22;2025-09-05;36;6776.0;1904.0;0;12;0;;;0
Sul;RS;Humaitá;43;430970.0;43013.0;REGIAO 13;2025-09-05;36;4762.0;711.0;0;14;0;;;0
Sul;RS;Ibarama;43;430975.0;43027.0;REGIAO 27;2025-09-05;36;4406.0;773.0;0;7;0;;;0
Sul;RS;Ibiaçá;43;430980.0;43018.0;REGIAO 18;2025-09-05;36;4709.0;1517.0;0;14;0;;;0
Sul;RS;Ibiraiaras;43;430990.0;43018.0;REGIAO 18;2025-09-05;36;7262.0;2196.0;0;43;0;;;0
Sul;RS;Ibirapuitã;43;430995.0;43019.0;REGIAO 19;2025-09-05;36;4013.0;768.0;0;18;0;;;0
Sul;RS;Ibirubá;43;431000.0;43012.0;REGIAO 12;2025-09-05;36;20350.0;9269.0;0;104;0;;;0
Sul;RS;Igrejinha;43;431010.0;43006.0;REGIAO 06 - VALE DO PARANHANA E COSTA SERR;2025-09-05;36;36899.0;8942.0;0;139;0;;;1
Sul;RS;Ijuí;43;431020.0;43013.0;REGIAO 13;2025-09-05;36;83475.0;33516.0;0;324;0;;;0
Sul;RS;Ilópolis;43;431030.0;43029.0;REGIAO 29;2025-09-05;36;4078.0;673.0;0;5;0;;;0
Sul;RS;Imbé;43;431033.0;43005.0;REGIAO 05;2025-09-05;36;22800.0;9246.0;0;152;0;;;0
Sul;RS;Imigrante;43;431036.0;43030.0;REGIAO 30;2025-09-05;36;3120.0;465.0;0;9;0;;;0
Sul;RS;Independência;43;431040.0;43014.0;REGIAO 14;2025-09-05;36;6167.0;1631.0;0;14;0;;;0
Sul;RS;Inhacorá;43;431041.0;43013.0;REGIAO 13;2025-09-05;36;2226.0;148.0;0;5;0;;;0
Sul;RS;Ipê;43;431043.0;43026.0;REGIAO 26;2025-09-05;36;6640.0;2308.0;0;17;0;;;0
Sul;RS;Ipiranga do Sul;43;431046.0;43016.0;REGIAO 16;2025-09-05;36;1889.0;561.0;0;2;0;;;0
Sul;RS;Iraí;43;431050.0;43015.0;REGIAO 15;2025-09-05;36;7241.0;1238.0;0;18;0;;;0
Sul;RS;Itaara;43;431053.0;43001.0;REGIAO 01;2025-09-05;36;5499.0;1138.0;0;18;0;;;0
Sul;RS;Itacurubi;43;431055.0;43002.0;REGIAO 02;2025-09-05;36;3465.0;117.0;0;9;0;;;0
Sul;RS;Itapuca;43;431057.0;43019.0;REGIAO 19;2025-09-05;36;2094.0;370.0;0;3;0;;;0
Sul;RS;Itaqui;43;431060.0;43003.0;REGIAO 03;2025-09-05;36;37620.0;11052.0;0;73;0;;;0
Sul;RS;Itati;43;431065.0;43004.0;REGIAO 04;2025-09-05;36;2419.0;683.0;0;12;0;;;0
Sul;RS;Itatiba do Sul;43;431070.0;43016.0;REGIAO 16;2025-09-05;36;3324.0;625.0;0;4;0;;;0
Sul;RS;Ivorá;43;431075.0;43001.0;REGIAO 01;2025-09-05;36;1910.0;130.0;0;1;0;;;0
Sul;RS;Ivoti;43;431080.0;43007.0;REGIAO 07;2025-09-05;36;24293.0;7788.0;0;79;0;;;1
Sul;RS;Jaboticaba;43;431085.0;43020.0;REGIAO 20;2025-09-05;36;3810.0;1161.0;0;12;0;;;0
Sul;RS;Jacuizinho;43;431087.0;43012.0;REGIAO 12;2025-09-05;36;2692.0;473.0;0;3;0;;;0
Sul;RS;Jacutinga;43;431090.0;43016.0;REGIAO 16;2025-09-05;36;3561.0;982.0;0;4;0;;;0
Sul;RS;Jaguarão;43;431100.0;43021.0;REGIAO 21;2025-09-05;36;26680.0;8760.0;0;66;0;;;0
Sul;RS;Jaguari;43;431110.0;43002.0;REGIAO 02;2025-09-05;36;10848.0;3470.0;0;42;0;;;0
Sul;RS;Jaquirana;43;431112.0;43024.0;REGIAO 24;2025-09-05;36;3716.0;1118.0;0;11;0;;;0
Sul;RS;Jari;43;431113.0;43002.0;REGIAO 02;2025-09-05;36;3503.0;418.0;0;5;0;;;0
Sul;RS;Jóia;43;431115.0;43013.0;REGIAO 13;2025-09-05;36;8560.0;2501.0;0;26;0;;;0
Sul;RS;Júlio de Castilhos;43;431120.0;43001.0;REGIAO 01;2025-09-05;36;19293.0;5028.0;0;58;0;;;0
Sul;RS;Lagoa Bonita do Sul;43;431123.0;43027.0;REGIAO 27;2025-09-05;36;2903.0;257.0;0;1;0;;;0
Sul;RS;Lagoão;43;431125.0;43019.0;REGIAO 19;2025-09-05;36;6452.0;946.0;0;15;0;;;0
Sul;RS;Lagoa dos Três Cantos;43;431127.0;43017.0;REGIAO 17;2025-09-05;36;1609.0;640.0;0;5;0;;;0
Sul;RS;Lagoa Vermelha;43;431130.0;43018.0;REGIAO 18;2025-09-05;36;27807.0;8450.0;0;122;0;;;0
Sul;RS;Lajeado;43;431140.0;43029.0;REGIAO 29;2025-09-05;36;84014.0;27883.0;0;260;0;;;0
Sul;RS;Lajeado do Bugre;43;431142.0;43020.0;REGIAO 20;2025-09-05;36;2564.0;531.0;0;17;0;;;0
Sul;RS;Lavras do Sul;43;431150.0;43022.0;REGIAO 22;2025-09-05;36;7480.0;1659.0;0;20;0;;;0
Sul;RS;Liberato Salzano;43;431160.0;43015.0;REGIAO 15;2025-09-05;36;5219.0;1252.0;0;12;0;;;0
Sul;RS;Lindolfo Collor;43;431162.0;43007.0;REGIAO 07;2025-09-05;36;6054.0;1773.0;0;18;0;;;0
Sul;RS;Linha Nova;43;431164.0;43023.0;REGIAO 23;2025-09-05;36;1714.0;518.0;0;4;0;;;0
Sul;RS;Machadinho;43;431170.0;43018.0;REGIAO 18;2025-09-05;36;5445.0;1774.0;0;15;0;;;0
Sul;RS;Maçambará;43;431171.0;43003.0;REGIAO 03;2025-09-05;36;4587.0;1705.0;0;6;0;;;0
Sul;RS;Mampituba;43;431173.0;43004.0;REGIAO 04;2025-09-05;36;2981.0;710.0;0;3;0;;;0
Sul;RS;Manoel Viana;43;431175.0;43003.0;REGIAO 03;2025-09-05;36;7299.0;1705.0;0;14;0;;;0
Sul;RS;Maquiné;43;431177.0;43004.0;REGIAO 04;2025-09-05;36;6714.0;2250.0;0;27;0;;;0
Sul;RS;Maratá;43;431179.0;43008.0;REGIAO 08;2025-09-05;36;2691.0;736.0;0;5;0;;;0
Sul;RS;Marau;43;431180.0;43017.0;REGIAO 17;2025-09-05;36;44161.0;17287.0;0;134;0;;;0
Sul;RS;Marcelino Ramos;43;431190.0;43016.0;REGIAO 16;2025-09-05;36;4402.0;1162.0;0;11;0;;;0
Sul;RS;Mariana Pimentel;43;431198.0;43009.0;REGIAO 09;2025-09-05;36;3885.0;1008.0;0;8;0;;;0
Sul;RS;Mariano Moro;43;431200.0;43016.0;REGIAO 16;2025-09-05;36;2031.0;246.0;0;6;0;;;0
Sul;RS;Marques de Souza;43;431205.0;43029.0;REGIAO 29;2025-09-05;36;4009.0;618.0;0;9;0;;;0
Sul;RS;Mata;43;431210.0;43002.0;REGIAO 02;2025-09-05;36;4823.0;1278.0;0;14;0;;;0
Sul;RS;Mato Castelhano;43;431213.0;43017.0;REGIAO 17;2025-09-05;36;2540.0;878.0;0;17;0;;;0
Sul;RS;Mato Leitão;43;431215.0;43028.0;REGIAO 28;2025-09-05;36;4515.0;1777.0;0;9;0;;;0
Sul;RS;Mato Queimado;43;431217.0;43011.0;REGIAO 11;2025-09-05;36;1648.0;355.0;0;4;0;;;0
Sul;RS;Maximiliano de Almeida;43;431220.0;43018.0;REGIAO 18;2025-09-05;36;4377.0;1354.0;0;15;0;;;0
Sul;RS;Minas do Leão;43;431225.0;43009.0;REGIAO 09;2025-09-05;36;8075.0;839.0;0;15;0;;;0
Sul;RS;Miraguaí;43;431230.0;43020.0;REGIAO 20;2025-09-05;36;4925.0;1322.0;0;19;0;;;0
Sul;RS;Montauri;43;431235.0;43017.0;REGIAO 17;2025-09-05;36;1453.0;470.0;0;9;0;;;0
Sul;RS;Monte Alegre dos Campos;43;431237.0;43024.0;REGIAO 24;2025-09-05;36;3226.0;316.0;0;8;0;;;0
Sul;RS;Monte Belo do Sul;43;431238.0;43025.0;REGIAO 25;2025-09-05;36;2548.0;709.0;0;9;0;;;0
Sul;RS;Montenegro;43;431240.0;43008.0;REGIAO 08;2025-09-05;36;65264.0;21246.0;0;205;0;;;1
Sul;RS;Mormaço;43;431242.0;43019.0;REGIAO 19;2025-09-05;36;3085.0;1283.0;0;7;0;;;0
Sul;RS;Morrinhos do Sul;43;431244.0;43004.0;REGIAO 04;2025-09-05;36;2949.0;1064.0;0;8;0;;;0
Sul;RS;Morro Redondo;43;431245.0;43021.0;REGIAO 21;2025-09-05;36;6568.0;2592.0;0;28;0;;;0
Sul;RS;Morro Reuter;43;431247.0;43007.0;REGIAO 07;2025-09-05;36;6407.0;1691.0;0;18;0;;;0
Sul;RS;Mostardas;43;431250.0;43005.0;REGIAO 05;2025-09-05;36;12804.0;2031.0;0;37;0;;;0
Sul;RS;Muçum;43;431260.0;43029.0;REGIAO 29;2025-09-05;36;4954.0;1534.0;0;17;0;;;0
Sul;RS;Muitos Capões;43;431261.0;43024.0;REGIAO 24;2025-09-05;36;3162.0;417.0;0;7;0;;;0
Sul;RS;Muliterno;43;431262.0;43017.0;REGIAO 17;2025-09-05;36;1893.0;465.0;0;2;0;;;0
Sul;RS;Não-Me-Toque;43;431265.0;43017.0;REGIAO 17;2025-09-05;36;17624.0;8503.0;0;75;0;;;0
Sul;RS;Nicolau Vergueiro;43;431267.0;43017.0;REGIAO 17;2025-09-05;36;1682.0;164.0;0;9;0;;;0
Sul;RS;Nonoai;43;431270.0;43016.0;REGIAO 16;2025-09-05;36;11695.0;4061.0;0;55;0;;;0
Sul;RS;Nova Alvorada;43;431275.0;43017.0;REGIAO 17;2025-09-05;36;3625.0;1074.0;0;8;0;;;0
Sul;RS;Nova Araçá;43;431280.0;43025.0;REGIAO 25;2025-09-05;36;4759.0;1913.0;0;13;0;;;0
Sul;RS;Nova Bassano;43;431290.0;43025.0;REGIAO 25;2025-09-05;36;9916.0;3274.0;0;17;0;;;0
Sul;RS;Nova Boa Vista;43;431295.0;43020.0;REGIAO 20;2025-09-05;36;1775.0;872.0;0;4;0;;;0
Sul;RS;Nova Bréscia;43;431300.0;43029.0;REGIAO 29;2025-09-05;36;3330.0;1145.0;0;19;0;;;0
Sul;RS;Nova Candelária;43;431301.0;43014.0;REGIAO 14;2025-09-05;36;2698.0;1089.0;0;5;0;;;0
Sul;RS;Nova Esperança do Sul;43;431303.0;43002.0;REGIAO 02;2025-09-05;36;5352.0;2467.0;0;14;0;;;0
Sul;RS;Nova Hartz;43;431306.0;43007.0;REGIAO 07;2025-09-05;36;21615.0;5552.0;0;82;0;;;1
Sul;RS;Nova Pádua;43;431308.0;43026.0;REGIAO 26;2025-09-05;36;2553.0;786.0;0;14;0;;;0
Sul;RS;Nova Palma;43;431310.0;43001.0;REGIAO 01;2025-09-05;36;6512.0;1870.0;0;16;0;;;0
Sul;RS;Nova Petrópolis;43;431320.0;43023.0;REGIAO 23;2025-09-05;36;21353.0;10489.0;0;103;0;;;0
Sul;RS;Nova Prata;43;431330.0;43025.0;REGIAO 25;2025-09-05;36;27257.0;6973.0;0;65;0;;;0
Sul;RS;Nova Ramada;43;431333.0;43013.0;REGIAO 13;2025-09-05;36;2242.0;989.0;0;4;0;;;0
Sul;RS;Nova Roma do Sul;43;431335.0;43026.0;REGIAO 26;2025-09-05;36;3689.0;702.0;0;7;0;;;0
Sul;RS;Nova Santa Rita;43;431337.0;43008.0;REGIAO 08;2025-09-05;36;29300.0;8149.0;0;116;0;;;1
Sul;RS;Novo Cabrais;43;431339.0;43027.0;REGIAO 27;2025-09-05;36;4196.0;1123.0;0;9;0;;;0
Sul;RS;Novo Hamburgo;43;431340.0;43007.0;REGIAO 07;2025-09-05;36;246748.0;59987.0;0;1150;0;;;1
Sul;RS;Novo Machado;43;431342.0;43014.0;REGIAO 14;2025-09-05;36;3323.0;469.0;0;7;0;;;0
Sul;RS;Novo Tiradentes;43;431344.0;43015.0;REGIAO 15;2025-09-05;36;2211.0;591.0;0;0;0;;;0
Sul;RS;Novo Xingu;43;431346.0;43020.0;REGIAO 20;2025-09-05;36;1719.0;626.0;0;5;0;;;0
Sul;RS;Novo Barreiro;43;431349.0;43020.0;REGIAO 20;2025-09-05;36;4164.0;1533.0;0;26;0;;;0
Sul;RS;Osório;43;431350.0;43005.0;REGIAO 05;2025-09-05;36;45994.0;21670.0;0;214;0;;;0
Sul;RS;Paim Filho;43;431360.0;43018.0;REGIAO 18;2025-09-05;36;3828.0;798.0;0;3;0;;;0
Sul;RS;Palmares do Sul;43;431365.0;43005.0;REGIAO 05;2025-09-05;36;11318.0;3713.0;0;41;0;;;0
Sul;RS;Palmeira das Missões;43;431370.0;43020.0;REGIAO 20;2025-09-05;36;33303.0;10592.0;0;119;0;;;0
Sul;RS;Palmitinho;43;431380.0;43015.0;REGIAO 15;2025-09-05;36;7057.0;1996.0;0;16;0;;;0
Sul;RS;Panambi;43;431390.0;43013.0;REGIAO 13;2025-09-05;36;43667.0;15293.0;0;144;0;;;0
Sul;RS;Pantano Grande;43;431395.0;43028.0;REGIAO 28;2025-09-05;36;9174.0;2833.0;0;32;0;;;0
Sul;RS;Paraí;43;431400.0;43025.0;REGIAO 25;2025-09-05;36;7657.0;2364.0;0;26;0;;;0
Sul;RS;Paraíso do Sul;43;431402.0;43001.0;REGIAO 01;2025-09-05;36;7611.0;1399.0;0;17;0;;;0
Sul;RS;Pareci Novo;43;431403.0;43008.0;REGIAO 08;2025-09-05;36;3837.0;1532.0;0;7;0;;;0
Sul;RS;Parobé;43;431405.0;43006.0;REGIAO 06 - VALE DO PARANHANA E COSTA SERR;2025-09-05;36;58272.0;16707.0;0;263;0;;;1
Sul;RS;Passa Sete;43;431406.0;43027.0;REGIAO 27;2025-09-05;36;5702.0;819.0;0;7;0;;;0
Sul;RS;Passo do Sobrado;43;431407.0;43028.0;REGIAO 28;2025-09-05;36;6535.0;1630.0;0;20;0;;;0
Sul;RS;Passo Fundo;43;431410.0;43017.0;REGIAO 17;2025-09-05;36;203275.0;80449.0;0;848;0;;;0
Sul;RS;Paulo Bento;43;431413.0;43016.0;REGIAO 16;2025-09-05;36;2293.0;589.0;0;3;0;;;0
Sul;RS;Paverama;43;431415.0;43030.0;REGIAO 30;2025-09-05;36;8487.0;1291.0;0;24;0;;;0
Sul;RS;Pedras Altas;43;431417.0;43021.0;REGIAO 21;2025-09-05;36;1982.0;554.0;0;4;0;;;0
Sul;RS;Pedro Osório;43;431420.0;43021.0;REGIAO 21;2025-09-05;36;7730.0;2074.0;0;35;0;;;0
Sul;RS;Pejuçara;43;431430.0;43013.0;REGIAO 13;2025-09-05;36;3874.0;2096.0;0;13;0;;;0
Sul;RS;Pelotas;43;431440.0;43021.0;REGIAO 21;2025-09-05;36;342405.0;118805.0;0;1621;0;;;0
Sul;RS;Picada Café;43;431442.0;43023.0;REGIAO 23;2025-09-05;36;5742.0;1184.0;0;14;0;;;0
Sul;RS;Pinhal;43;431445.0;43015.0;REGIAO 15;2025-09-05;36;2579.0;1001.0;0;6;0;;;0
Sul;RS;Pinhal da Serra;43;431446.0;43024.0;REGIAO 24;2025-09-05;36;1941.0;726.0;0;7;0;;;0
Sul;RS;Pinhal Grande;43;431447.0;43001.0;REGIAO 01;2025-09-05;36;4350.0;884.0;0;7;0;;;0
Sul;RS;Pinheirinho do Vale;43;431449.0;43015.0;REGIAO 15;2025-09-05;36;4871.0;923.0;0;10;0;;;0
Sul;RS;Pinheiro Machado;43;431450.0;43021.0;REGIAO 21;2025-09-05;36;12271.0;4970.0;0;40;0;;;0
Sul;RS;Pinto Bandeira;43;431454.0;43025.0;REGIAO 25;2025-09-05;36;3003.0;718.0;0;7;0;;;0
Sul;RS;Pirapó;43;431455.0;43011.0;REGIAO 11;2025-09-05;36;2304.0;330.0;0;20;0;;;0
Sul;RS;Piratini;43;431460.0;43021.0;REGIAO 21;2025-09-05;36;20663.0;3029.0;0;44;0;;;0
Sul;RS;Planalto;43;431470.0;43015.0;REGIAO 15;2025-09-05;36;10084.0;2381.0;0;28;0;;;0
Sul;RS;Poço das Antas;43;431475.0;43030.0;REGIAO 30;2025-09-05;36;2098.0;524.0;0;3;0;;;0
Sul;RS;Pontão;43;431477.0;43017.0;REGIAO 17;2025-09-05;36;3904.0;434.0;0;12;0;;;0
Sul;RS;Ponte Preta;43;431478.0;43016.0;REGIAO 16;2025-09-05;36;1547.0;218.0;0;4;0;;;0
Sul;RS;Portão;43;431480.0;43007.0;REGIAO 07;2025-09-05;36;37079.0;8029.0;0;149;0;;;1
Sul;RS;Porto Alegre;43;431490.0;43010.0;REGIAO 10;2025-09-05;36;1483771.0;348809.0;0;6862;0;;;1
Sul;RS;Porto Lucena;43;431500.0;43014.0;REGIAO 14;2025-09-05;36;4678.0;1057.0;0;12;0;;;0
Sul;RS;Porto Mauá;43;431505.0;43014.0;REGIAO 14;2025-09-05;36;2374.0;439.0;0;8;0;;;0
Sul;RS;Porto Vera Cruz;43;431507.0;43014.0;REGIAO 14;2025-09-05;36;1360.0;356.0;0;6;0;;;0
Sul;RS;Porto Xavier;43;431510.0;43011.0;REGIAO 11;2025-09-05;36;10246.0;3306.0;0;61;0;;;0
Sul;RS;Pouso Novo;43;431513.0;43029.0;REGIAO 29;2025-09-05;36;1639.0;468.0;0;4;0;;;0
Sul;RS;Presidente Lucena;43;431514.0;43007.0;REGIAO 07;2025-09-05;36;2901.0;876.0;0;4;0;;;0
Sul;RS;Progresso;43;431515.0;43029.0;REGIAO 29;2025-09-05;36;6244.0;1247.0;0;18;0;;;0
Sul;RS;Protásio Alves;43;431517.0;43025.0;REGIAO 25;2025-09-05;36;1947.0;189.0;0;8;0;;;0
Sul;RS;Putinga;43;431520.0;43029.0;REGIAO 29;2025-09-05;36;3919.0;1094.0;0;21;0;;;0
Sul;RS;Quaraí;43;431530.0;43003.0;REGIAO 03;2025-09-05;36;22687.0;5037.0;0;70;0;;;0
Sul;RS;Quatro Irmãos;43;431531.0;43016.0;REGIAO 16;2025-09-05;36;1849.0;202.0;0;3;0;;;0
Sul;RS;Quevedos;43;431532.0;43001.0;REGIAO 01;2025-09-05;36;2788.0;667.0;0;2;0;;;0
Sul;RS;Quinze de Novembro;43;431535.0;43012.0;REGIAO 12;2025-09-05;36;3796.0;1623.0;0;13;0;;;0
Sul;RS;Redentora;43;431540.0;43020.0;REGIAO 20;2025-09-05;36;11549.0;2113.0;0;34;0;;;0
Sul;RS;Relvado;43;431545.0;43029.0;REGIAO 29;2025-09-05;36;2090.0;560.0;0;4;0;;;0
Sul;RS;Restinga Sêca;43;431550.0;43001.0;REGIAO 01;2025-09-05;36;15789.0;4818.0;0;46;0;;;0
Sul;RS;Rio dos Índios;43;431555.0;43016.0;REGIAO 16;2025-09-05;36;2752.0;792.0;0;12;0;;;0
Sul;RS;Rio Grande;43;431560.0;43021.0;REGIAO 21;2025-09-05;36;211005.0;62187.0;0;746;0;;;0
Sul;RS;Rio Pardo;43;431570.0;43028.0;REGIAO 28;2025-09-05;36;38275.0;9570.0;0;122;0;;;0
Sul;RS;Riozinho;43;431575.0;43006.0;REGIAO 06 - VALE DO PARANHANA E COSTA SERR;2025-09-05;36;4653.0;812.0;0;14;0;;;0
Sul;RS;Roca Sales;43;431580.0;43029.0;REGIAO 29;2025-09-05;36;11393.0;1601.0;0;30;0;;;0
Sul;RS;Rodeio Bonito;43;431590.0;43015.0;REGIAO 15;2025-09-05;36;5867.0;2778.0;0;12;0;;;0
Sul;RS;Rolador;43;431595.0;43011.0;REGIAO 11;2025-09-05;36;2323.0;703.0;0;4;0;;;0
Sul;RS;Rolante;43;431600.0;43006.0;REGIAO 06 - VALE DO PARANHANA E COSTA SERR;2025-09-05;36;21349.0;7572.0;0;77;0;;;1
Sul;RS;Ronda Alta;43;431610.0;43020.0;REGIAO 20;2025-09-05;36;10601.0;3007.0;0;32;0;;;0
Sul;RS;Rondinha;43;431620.0;43020.0;REGIAO 20;2025-09-05;36;5130.0;1962.0;0;22;0;;;0
Sul;RS;Roque Gonzales;43;431630.0;43011.0;REGIAO 11;2025-09-05;36;6847.0;1396.0;0;13;0;;;0
Sul;RS;Rosário do Sul;43;431640.0;43003.0;REGIAO 03;2025-09-05;36;39422.0;9946.0;0;169;0;;;0
Sul;RS;Sagrada Família;43;431642.0;43020.0;REGIAO 20;2025-09-05;36;2609.0;849.0;0;12;0;;;0
Sul;RS;Saldanha Marinho;43;431643.0;43012.0;REGIAO 12;2025-09-05;36;2650.0;965.0;0;15;0;;;0
Sul;RS;Salto do Jacuí;43;431645.0;43012.0;REGIAO 12;2025-09-05;36;12449.0;2744.0;0;30;0;;;0
Sul;RS;Salvador das Missões;43;431647.0;43011.0;REGIAO 11;2025-09-05;36;2733.0;859.0;0;10;0;;;0
Sul;RS;Salvador do Sul;43;431650.0;43008.0;REGIAO 08;2025-09-05;36;7799.0;1863.0;0;7;0;;;0
Sul;RS;Sananduva;43;431660.0;43018.0;REGIAO 18;2025-09-05;36;16270.0;6042.0;0;41;0;;;0
Sul;RS;Santa Bárbara do Sul;43;431670.0;43012.0;REGIAO 12;2025-09-05;36;7994.0;3122.0;0;50;0;;;0
Sul;RS;Santa Cecília do Sul;43;431673.0;43018.0;REGIAO 18;2025-09-05;36;1639.0;826.0;0;4;0;;;0
Sul;RS;Santa Clara do Sul;43;431675.0;43029.0;REGIAO 29;2025-09-05;36;6603.0;709.0;0;15;0;;;0
Sul;RS;Santa Cruz do Sul;43;431680.0;43028.0;REGIAO 28;2025-09-05;36;130416.0;53057.0;0;435;0;;;0
Sul;RS;Santa Maria;43;431690.0;43001.0;REGIAO 01;2025-09-05;36;282123.0;85715.0;0;1041;0;;;0
Sul;RS;Santa Maria do Herval;43;431695.0;43007.0;REGIAO 07;2025-09-05;36;6331.0;1290.0;0;17;0;;;0
Sul;RS;Santa Margarida do Sul;43;431697.0;43003.0;REGIAO 03;2025-09-05;36;2562.0;301.0;0;7;0;;;0
Sul;RS;Santana da Boa Vista;43;431700.0;43021.0;REGIAO 21;2025-09-05;36;8098.0;1011.0;0;16;0;;;0
Sul;RS;Sant'Ana do Livramento;43;431710.0;43003.0;REGIAO 03;2025-09-05;36;77027.0;22409.0;0;242;0;;;0
Sul;RS;Santa Rosa;43;431720.0;43014.0;REGIAO 14;2025-09-05;36;73254.0;27950.0;0;242;0;;;0
Sul;RS;Santa Tereza;43;431725.0;43025.0;REGIAO 25;2025-09-05;36;1729.0;447.0;0;6;0;;;0
Sul;RS;Santa Vitória do Palmar;43;431730.0;43021.0;REGIAO 21;2025-09-05;36;29676.0;8050.0;0;62;0;;;0
Sul;RS;Santiago;43;431740.0;43002.0;REGIAO 02;2025-09-05;36;49425.0;16374.0;0;191;0;;;0
Sul;RS;Santo Ângelo;43;431750.0;43011.0;REGIAO 11;2025-09-05;36;77593.0;22285.0;0;347;0;;;0
Sul;RS;Santo Antônio do Palma;43;431755.0;43017.0;REGIAO 17;2025-09-05;36;2128.0;350.0;0;5;0;;;0
Sul;RS;Santo Antônio da Patrulha;43;431760.0;43005.0;REGIAO 05;2025-09-05;36;42894.0;10972.0;0;179;0;;;1
Sul;RS;Santo Antônio das Missões;43;431770.0;43011.0;REGIAO 11;2025-09-05;36;10175.0;1342.0;0;47;0;;;0
Sul;RS;Santo Antônio do Planalto;43;431775.0;43017.0;REGIAO 17;2025-09-05;36;2019.0;295.0;0;6;0;;;0
Sul;RS;Santo Augusto;43;431780.0;43013.0;REGIAO 13;2025-09-05;36;13885.0;4053.0;0;45;0;;;0
Sul;RS;Santo Cristo;43;431790.0;43014.0;REGIAO 14;2025-09-05;36;14257.0;3321.0;0;34;0;;;0
Sul;RS;Santo Expedito do Sul;43;431795.0;43018.0;REGIAO 18;2025-09-05;36;2324.0;646.0;0;8;0;;;0
Sul;RS;São Borja;43;431800.0;43011.0;REGIAO 11;2025-09-05;36;60282.0;19362.0;0;295;0;;;0
Sul;RS;São Domingos do Sul;43;431805.0;43017.0;REGIAO 17;2025-09-05;36;3074.0;1029.0;0;11;0;;;0
Sul;RS;São Francisco de Assis;43;431810.0;43002.0;REGIAO 02;2025-09-05;36;18335.0;3386.0;0;51;0;;;0
Sul;RS;São Francisco de Paula;43;431820.0;43006.0;REGIAO 06 - VALE DO PARANHANA E COSTA SERR;2025-09-05;36;21710.0;3054.0;0;57;0;;;0
Sul;RS;São Gabriel;43;431830.0;43003.0;REGIAO 03;2025-09-05;36;62105.0;21658.0;0;370;0;;;0
Sul;RS;São Jerônimo;43;431840.0;43009.0;REGIAO 09;2025-09-05;36;24248.0;2994.0;0;91;0;;;1
Sul;RS;São João da Urtiga;43;431842.0;43018.0;REGIAO 18;2025-09-05;36;4657.0;1673.0;0;6;0;;;0
Sul;RS;São João do Polêsine;43;431843.0;43001.0;REGIAO 01;2025-09-05;36;2552.0;881.0;0;8;0;;;0
Sul;RS;São Jorge;43;431844.0;43025.0;REGIAO 25;2025-09-05;36;2824.0;627.0;0;12;0;;;0
Sul;RS;São José das Missões;43;431845.0;43020.0;REGIAO 20;2025-09-05;36;2537.0;516.0;0;3;0;;;0
Sul;RS;São José do Herval;43;431846.0;43029.0;REGIAO 29;2025-09-05;36;1971.0;276.0;0;3;0;;;0
Sul;RS;São José do Hortêncio;43;431848.0;43007.0;REGIAO 07;2025-09-05;36;4804.0;1298.0;0;13;0;;;0
Sul;RS;São José do Inhacorá;43;431849.0;43014.0;REGIAO 14;2025-09-05;36;2073.0;944.0;0;2;0;;;0
Sul;RS;São José do Norte;43;431850.0;43021.0;REGIAO 21;2025-09-05;36;27568.0;3227.0;0;58;0;;;0
Sul;RS;São José do Ouro;43;431860.0;43018.0;REGIAO 18;2025-09-05;36;6933.0;1801.0;0;21;0;;;0
Sul;RS;São José do Sul;43;431861.0;43008.0;REGIAO 08;2025-09-05;36;2408.0;653.0;0;7;0;;;0
Sul;RS;São José dos Ausentes;43;431862.0;43024.0;REGIAO 24;2025-09-05;36;3527.0;774.0;0;14;0;;;0
Sul;RS;São Leopoldo;43;431870.0;43007.0;REGIAO 07;2025-09-05;36;236835.0;51204.0;0;909;0;;;1
Sul;RS;São Lourenço do Sul;43;431880.0;43021.0;REGIAO 21;2025-09-05;36;43582.0;10470.0;0;119;0;;;0
Sul;RS;São Luiz Gonzaga;43;431890.0;43011.0;REGIAO 11;2025-09-05;36;33468.0;9813.0;0;124;0;;;0
Sul;RS;São Marcos;43;431900.0;43026.0;REGIAO 26;2025-09-05;36;21556.0;8247.0;0;81;0;;;0
Sul;RS;São Martinho;43;431910.0;43013.0;REGIAO 13;2025-09-05;36;5426.0;1555.0;0;14;0;;;0
Sul;RS;São Martinho da Serra;43;431912.0;43001.0;REGIAO 01;2025-09-05;36;3234.0;223.0;0;8;0;;;0
Sul;RS;São Miguel das Missões;43;431915.0;43011.0;REGIAO 11;2025-09-05;36;7673.0;1754.0;0;18;0;;;0
Sul;RS;São Nicolau;43;431920.0;43011.0;REGIAO 11;2025-09-05;36;5265.0;266.0;0;18;0;;;0
Sul;RS;São Paulo das Missões;43;431930.0;43014.0;REGIAO 14;2025-09-05;36;5790.0;1239.0;0;17;0;;;0
Sul;RS;São Pedro da Serra;43;431935.0;43008.0;REGIAO 08;2025-09-05;36;3801.0;873.0;0;3;0;;;0
Sul;RS;São Pedro das Missões;43;431936.0;43020.0;REGIAO 20;2025-09-05;36;2009.0;777.0;0;12;0;;;0
Sul;RS;São Pedro do Butiá;43;431937.0;43011.0;REGIAO 11;2025-09-05;36;2947.0;943.0;0;6;0;;;0
Sul;RS;São Pedro do Sul;43;431940.0;43001.0;REGIAO 01;2025-09-05;36;16198.0;3201.0;0;46;0;;;0
Sul;RS;São Sebastião do Caí;43;431950.0;43008.0;REGIAO 08;2025-09-05;36;25685.0;7657.0;0;70;0;;;1
Sul;RS;São Sepé;43;431960.0;43001.0;REGIAO 01;2025-09-05;36;23621.0;5751.0;0;85;0;;;0
Sul;RS;São Valentim;43;431970.0;43016.0;REGIAO 16;2025-09-05;36;3299.0;421.0;0;5;0;;;0
Sul;RS;São Valentim do Sul;43;431971.0;43029.0;REGIAO 29;2025-09-05;36;2242.0;838.0;0;4;0;;;0
Sul;RS;São Valério do Sul;43;431973.0;43013.0;REGIAO 13;2025-09-05;36;2727.0;349.0;0;5;0;;;0
Sul;RS;São Vendelino;43;431975.0;43026.0;REGIAO 26;2025-09-05;36;2243.0;702.0;0;6;0;;;0
Sul;RS;São Vicente do Sul;43;431980.0;43002.0;REGIAO 02;2025-09-05;36;8721.0;1393.0;0;23;0;;;0
Sul;RS;Sapiranga;43;431990.0;43007.0;REGIAO 07;2025-09-05;36;81734.0;24953.0;0;376;0;;;1
Sul;RS;Sapucaia do Sul;43;432000.0;43008.0;REGIAO 08;2025-09-05;36;141075.0;36458.0;0;654;0;;;1
Sul;RS;Sarandi;43;432010.0;43020.0;REGIAO 20;2025-09-05;36;24489.0;9783.0;0;78;0;;;0
Sul;RS;Seberi;43;432020.0;43015.0;REGIAO 15;2025-09-05;36;10750.0;3903.0;0;49;0;;;0
Sul;RS;Sede Nova;43;432023.0;43013.0;REGIAO 13;2025-09-05;36;2907.0;684.0;0;7;0;;;0
Sul;RS;Segredo;43;432026.0;43027.0;REGIAO 27;2025-09-05;36;7421.0;1344.0;0;8;0;;;0
Sul;RS;Selbach;43;432030.0;43012.0;REGIAO 12;2025-09-05;36;5100.0;1608.0;0;32;0;;;0
Sul;RS;Senador Salgado Filho;43;432032.0;43014.0;REGIAO 14;2025-09-05;36;2779.0;746.0;0;4;0;;;0
Sul;RS;Sentinela do Sul;43;432035.0;43009.0;REGIAO 09;2025-09-05;36;5581.0;889.0;0;25;0;;;0
Sul;RS;Serafina Corrêa;43;432040.0;43017.0;REGIAO 17;2025-09-05;36;17502.0;4796.0;0;39;0;;;0
Sul;RS;Sério;43;432045.0;43029.0;REGIAO 29;2025-09-05;36;1962.0;317.0;0;8;0;;;0
Sul;RS;Sertão;43;432050.0;43017.0;REGIAO 17;2025-09-05;36;5415.0;1614.0;0;19;0;;;0
Sul;RS;Sertão Santana;43;432055.0;43009.0;REGIAO 09;2025-09-05;36;6486.0;1377.0;0;13;0;;;0
Sul;RS;Sete de Setembro;43;432057.0;43011.0;REGIAO 11;2025-09-05;36;1970.0;184.0;0;5;0;;;0
Sul;RS;Severiano de Almeida;43;432060.0;43016.0;REGIAO 16;2025-09-05;36;3657.0;1117.0;0;7;0;;;0
Sul;RS;Silveira Martins;43;432065.0;43001.0;REGIAO 01;2025-09-05;36;2384.0;705.0;0;13;0;;;0
Sul;RS;Sinimbu;43;432067.0;43028.0;REGIAO 28;2025-09-05;36;10172.0;1717.0;0;25;0;;;0
Sul;RS;Sobradinho;43;432070.0;43027.0;REGIAO 27;2025-09-05;36;14967.0;3946.0;0;35;0;;;0
Sul;RS;Soledade;43;432080.0;43019.0;REGIAO 19;2025-09-05;36;31002.0;11457.0;0;114;0;;;0
Sul;RS;Tabaí;43;432085.0;43008.0;REGIAO 08;2025-09-05;36;4719.0;837.0;0;8;0;;;0
Sul;RS;Tapejara;43;432090.0;43018.0;REGIAO 18;2025-09-05;36;24111.0;8957.0;0;62;0;;;0
Sul;RS;Tapera;43;432100.0;43019.0;REGIAO 19;2025-09-05;36;10584.0;3767.0;0;51;0;;;0
Sul;RS;Tapes;43;432110.0;43009.0;REGIAO 09;2025-09-05;36;17300.0;3491.0;0;66;0;;;0
Sul;RS;Taquara;43;432120.0;43006.0;REGIAO 06 - VALE DO PARANHANA E COSTA SERR;2025-09-05;36;57466.0;12501.0;0;209;0;;;1
Sul;RS;Taquari;43;432130.0;43030.0;REGIAO 30;2025-09-05;36;26862.0;4952.0;0;88;0;;;0
Sul;RS;Taquaruçu do Sul;43;432132.0;43015.0;REGIAO 15;2025-09-05;36;3072.0;880.0;0;8;0;;;0
Sul;RS;Tavares;43;432135.0;43005.0;REGIAO 05;2025-09-05;36;5481.0;1057.0;0;16;0;;;0
Sul;RS;Tenente Portela;43;432140.0;43015.0;REGIAO 15;2025-09-05;36;13485.0;3853.0;0;39;0;;;0
Sul;RS;Terra de Areia;43;432143.0;43004.0;REGIAO 04;2025-09-05;36;11204.0;2329.0;0;59;0;;;0
Sul;RS;Teutônia;43;432145.0;43030.0;REGIAO 30;2025-09-05;36;33232.0;9242.0;0;108;0;;;0
Sul;RS;Tio Hugo;43;432146.0;43019.0;REGIAO 19;2025-09-05;36;3030.0;905.0;0;12;0;;;0
Sul;RS;Tiradentes do Sul;43;432147.0;43015.0;REGIAO 15;2025-09-05;36;5704.0;562.0;0;8;0;;;0
Sul;RS;Toropi;43;432149.0;43001.0;REGIAO 01;2025-09-05;36;2806.0;731.0;0;14;0;;;0
Sul;RS;Torres;43;432150.0;43004.0;REGIAO 04;2025-09-05;36;38732.0;15150.0;0;128;0;;;0
Sul;RS;Tramandaí;43;432160.0;43005.0;REGIAO 05;2025-09-05;36;51715.0;18460.0;0;267;0;;;0
Sul;RS;Travesseiro;43;432162.0;43029.0;REGIAO 29;2025-09-05;36;2336.0;572.0;0;10;0;;;0
Sul;RS;Três Arroios;43;432163.0;43016.0;REGIAO 16;2025-09-05;36;2668.0;466.0;0;3;0;;;0
Sul;RS;Três Cachoeiras;43;432166.0;43004.0;REGIAO 04;2025-09-05;36;11053.0;3027.0;0;31;0;;;0
Sul;RS;Três Coroas;43;432170.0;43006.0;REGIAO 06 - VALE DO PARANHANA E COSTA SERR;2025-09-05;36;28220.0;5980.0;0;83;0;;;0
Sul;RS;Três de Maio;43;432180.0;43014.0;REGIAO 14;2025-09-05;36;23906.0;7080.0;0;53;0;;;0
Sul;RS;Três Forquilhas;43;432183.0;43004.0;REGIAO 04;2025-09-05;36;2697.0;962.0;0;7;0;;;0
Sul;RS;Três Palmeiras;43;432185.0;43020.0;REGIAO 20;2025-09-05;36;4271.0;1196.0;0;19;0;;;0
Sul;RS;Três Passos;43;432190.0;43015.0;REGIAO 15;2025-09-05;36;23906.0;4946.0;0;70;0;;;0
Sul;RS;Trindade do Sul;43;432195.0;43020.0;REGIAO 20;2025-09-05;36;5802.0;1558.0;0;19;0;;;0
Sul;RS;Triunfo;43;432200.0;43008.0;REGIAO 08;2025-09-05;36;29538.0;5725.0;0;108;0;;;1
Sul;RS;Tucunduva;43;432210.0;43014.0;REGIAO 14;2025-09-05;36;5678.0;1554.0;0;23;0;;;0
Sul;RS;Tunas;43;432215.0;43019.0;REGIAO 19;2025-09-05;36;4569.0;536.0;0;16;0;;;0
Sul;RS;Tupanci do Sul;43;432218.0;43018.0;REGIAO 18;2025-09-05;36;1472.0;447.0;0;3;0;;;0
Sul;RS;Tupanciretã;43;432220.0;43012.0;REGIAO 12;2025-09-05;36;23948.0;7856.0;0;59;0;;;0
Sul;RS;Tupandi;43;432225.0;43008.0;REGIAO 08;2025-09-05;36;4855.0;1717.0;0;17;0;;;0
Sul;RS;Tuparendi;43;432230.0;43014.0;REGIAO 14;2025-09-05;36;7893.0;2515.0;0;22;0;;;0
Sul;RS;Turuçu;43;432232.0;43021.0;REGIAO 21;2025-09-05;36;3438.0;572.0;0;12;0;;;0
Sul;RS;Ubiretama;43;432234.0;43011.0;REGIAO 11;2025-09-05;36;2015.0;505.0;0;3;0;;;0
Sul;RS;União da Serra;43;432235.0;43025.0;REGIAO 25;2025-09-05;36;1154.0;167.0;0;2;0;;;0
Sul;RS;Unistalda;43;432237.0;43002.0;REGIAO 02;2025-09-05;36;2338.0;323.0;0;7;0;;;0
Sul;RS;Uruguaiana;43;432240.0;43003.0;REGIAO 03;2025-09-05;36;126970.0;31832.0;0;521;0;;;0
Sul;RS;Vacaria;43;432250.0;43024.0;REGIAO 24;2025-09-05;36;66218.0;16493.0;0;243;0;;;0
Sul;RS;Vale Verde;43;432252.0;43028.0;REGIAO 28;2025-09-05;36;3497.0;628.0;0;9;0;;;0
Sul;RS;Vale do Sol;43;432253.0;43028.0;REGIAO 28;2025-09-05;36;11781.0;1555.0;0;22;0;;;0
Sul;RS;Vale Real;43;432254.0;43026.0;REGIAO 26;2025-09-05;36;5913.0;1883.0;0;16;0;;;0
Sul;RS;Vanini;43;432255.0;43017.0;REGIAO 17;2025-09-05;36;2113.0;589.0;0;4;0;;;0
Sul;RS;Venâncio Aires;43;432260.0;43028.0;REGIAO 28;2025-09-05;36;71554.0;20514.0;0;165;0;;;0
Sul;RS;Vera Cruz;43;432270.0;43028.0;REGIAO 28;2025-09-05;36;26863.0;7396.0;0;55;0;;;0
Sul;RS;Veranópolis;43;432280.0;43025.0;REGIAO 25;2025-09-05;36;26241.0;9201.0;0;82;0;;;0
Sul;RS;Vespasiano Corrêa;43;432285.0;43029.0;REGIAO 29;2025-09-05;36;1815.0;584.0;0;10;0;;;0
Sul;RS;Viadutos;43;432290.0;43016.0;REGIAO 16;2025-09-05;36;4756.0;913.0;0;12;0;;;0
Sul;RS;Viamão;43;432300.0;43010.0;REGIAO 10;2025-09-05;36;255224.0;41335.0;0;877;0;;;1
Sul;RS;Vicente Dutra;43;432310.0;43015.0;REGIAO 15;2025-09-05;36;4670.0;667.0;0;7;0;;;0
Sul;RS;Victor Graeff;43;432320.0;43017.0;REGIAO 17;2025-09-05;36;2882.0;867.0;0;8;0;;;0
Sul;RS;Vila Flores;43;432330.0;43025.0;REGIAO 25;2025-09-05;36;3385.0;1532.0;0;16;0;;;0
Sul;RS;Vila Lângaro;43;432335.0;43018.0;REGIAO 18;2025-09-05;36;2091.0;643.0;0;3;0;;;0
Sul;RS;Vila Maria;43;432340.0;43017.0;REGIAO 17;2025-09-05;36;4358.0;1218.0;0;13;0;;;0
Sul;RS;Vila Nova do Sul;43;432345.0;43001.0;REGIAO 01;2025-09-05;36;4280.0;758.0;0;10;0;;;0
Sul;RS;Vista Alegre;43;432350.0;43015.0;REGIAO 15;2025-09-05;36;2752.0;703.0;0;10;0;;;0
Sul;RS;Vista Alegre do Prata;43;432360.0;43025.0;REGIAO 25;2025-09-05;36;1561.0;385.0;0;8;0;;;0
Sul;RS;Vista Gaúcha;43;432370.0;43015.0;REGIAO 15;2025-09-05;36;2851.0;543.0;0;17;0;;;0
Sul;RS;Vitória das Missões;43;432375.0;43011.0;REGIAO 11;2025-09-05;36;3133.0;596.0;0;12;0;;;0
Sul;RS;Westfália;43;432377.0;43030.0;REGIAO 30;2025-09-05;36;3014.0;489.0;0;10;0;;;0
Sul;RS;Xangri-lá;43;432380.0;43004.0;REGIAO 04;2025-09-05;36;16408.0;6745.0;0;60;0;;;0
Centro-Oeste;MS;Água Clara;50;500020.0;50004.0;TRES LAGOAS;2025-09-05;36;15522.0;5836.0;0;74;0;;;0
Centro-Oeste;MS;Alcinópolis;50;500025.0;50001.0;CAMPO GRANDE;2025-09-05;36;5343.0;1081.0;0;15;0;;;0
Centro-Oeste;MS;Amambai;50;500060.0;50003.0;DOURADOS;2025-09-05;36;39396.0;7014.0;0;105;0;;;0
Centro-Oeste;MS;Anastácio;50;500070.0;50001.0;CAMPO GRANDE;2025-09-05;36;25135.0;4010.0;0;100;0;;;0
Centro-Oeste;MS;Anaurilândia;50;500080.0;50003.0;DOURADOS;2025-09-05;36;9035.0;1609.0;0;20;0;;;0
Centro-Oeste;MS;Angélica;50;500085.0;50003.0;DOURADOS;2025-09-05;36;10780.0;2515.0;0;28;0;;;0
Centro-Oeste;MS;Antônio João;50;500090.0;50003.0;DOURADOS;2025-09-05;36;8956.0;1580.0;0;21;0;;;0
Centro-Oeste;MS;Aparecida do Taboado;50;500100.0;50004.0;TRES LAGOAS;2025-09-05;36;25745.0;7435.0;0;80;0;;;0
Centro-Oeste;MS;Aquidauana;50;500110.0;50001.0;CAMPO GRANDE;2025-09-05;36;47871.0;8715.0;0;186;0;;;0
Centro-Oeste;MS;Aral Moreira;50;500124.0;50003.0;DOURADOS;2025-09-05;36;12149.0;1279.0;0;23;0;;;0
Centro-Oeste;MS;Bandeirantes;50;500150.0;50001.0;CAMPO GRANDE;2025-09-05;36;6788.0;848.0;0;12;0;;;0
Centro-Oeste;MS;Bataguassu;50;500190.0;50004.0;TRES LAGOAS;2025-09-05;36;23024.0;4802.0;0;61;0;;;0
Centro-Oeste;MS;Batayporã;50;500200.0;50003.0;DOURADOS;2025-09-05;36;11329.0;2059.0;0;36;0;;;0
Centro-Oeste;MS;Bela Vista;50;500210.0;50001.0;CAMPO GRANDE;2025-09-05;36;24629.0;3344.0;0;48;0;;;0
Centro-Oeste;MS;Bodoquena;50;500215.0;50001.0;CAMPO GRANDE;2025-09-05;36;7875.0;1077.0;0;25;0;;;0
Centro-Oeste;MS;Bonito;50;500220.0;50001.0;CAMPO GRANDE;2025-09-05;36;21976.0;6122.0;0;84;0;;;0
Centro-Oeste;MS;Brasilândia;50;500230.0;50004.0;TRES LAGOAS;2025-09-05;36;11872.0;2699.0;0;30;0;;;0
Centro-Oeste;MS;Caarapó;50;500240.0;50003.0;DOURADOS;2025-09-05;36;30174.0;7289.0;0;70;0;;;0
Centro-Oeste;MS;Camapuã;50;500260.0;50001.0;CAMPO GRANDE;2025-09-05;36;13711.0;2292.0;0;39;0;;;0
Centro-Oeste;MS;Campo Grande;50;500270.0;50001.0;CAMPO GRANDE;2025-09-05;36;895982.0;222104.0;0;4794;0;;;1
Centro-Oeste;MS;Caracol;50;500280.0;50001.0;CAMPO GRANDE;2025-09-05;36;6116.0;1113.0;0;16;0;;;0
Centro-Oeste;MS;Cassilândia;50;500290.0;50004.0;TRES LAGOAS;2025-09-05;36;21939.0;6026.0;0;114;0;;;0
Centro-Oeste;MS;Chapadão do Sul;50;500295.0;50001.0;CAMPO GRANDE;2025-09-05;36;25218.0;9715.0;0;84;0;;;0
Centro-Oeste;MS;Corguinho;50;500310.0;50001.0;CAMPO GRANDE;2025-09-05;36;5947.0;599.0;0;13;0;;;0
Centro-Oeste;MS;Coronel Sapucaia;50;500315.0;50003.0;DOURADOS;2025-09-05;36;15253.0;1958.0;0;47;0;;;0
Centro-Oeste;MS;Corumbá;50;500320.0;50002.0;CORUMBA;2025-09-05;36;111435.0;22987.0;0;534;0;;;0
Centro-Oeste;MS;Costa Rica;50;500325.0;50001.0;CAMPO GRANDE;2025-09-05;36;20823.0;7885.0;0;87;0;;;0
Centro-Oeste;MS;Coxim;50;500330.0;50001.0;CAMPO GRANDE;2025-09-05;36;33543.0;8481.0;0;136;0;;;0
Centro-Oeste;MS;Deodápolis;50;500345.0;50003.0;DOURADOS;2025-09-05;36;12924.0;4107.0;0;48;0;;;0
Centro-Oeste;MS;Dois Irmãos do Buriti;50;500348.0;50001.0;CAMPO GRANDE;2025-09-05;36;11385.0;2066.0;0;35;0;;;0
Centro-Oeste;MS;Douradina;50;500350.0;50003.0;DOURADOS;2025-09-05;36;5924.0;1507.0;0;15;0;;;0
Centro-Oeste;MS;Dourados;50;500370.0;50003.0;DOURADOS;2025-09-05;36;222949.0;59418.0;0;786;0;;;0
Centro-Oeste;MS;Eldorado;50;500375.0;50003.0;DOURADOS;2025-09-05;36;12353.0;2113.0;0;57;0;;;0
Centro-Oeste;MS;Fátima do Sul;50;500380.0;50003.0;DOURADOS;2025-09-05;36;19189.0;5353.0;0;82;0;;;0
Centro-Oeste;MS;Figueirão;50;500390.0;50001.0;CAMPO GRANDE;2025-09-05;36;3051.0;574.0;0;7;0;;;0
Centro-Oeste;MS;Glória de Dourados;50;500400.0;50003.0;DOURADOS;2025-09-05;36;9965.0;2407.0;0;31;0;;;0
Centro-Oeste;MS;Guia Lopes da Laguna;50;500410.0;50001.0;CAMPO GRANDE;2025-09-05;36;9895.0;1948.0;0;42;0;;;0
Centro-Oeste;MS;Iguatemi;50;500430.0;50003.0;DOURADOS;2025-09-05;36;16078.0;1649.0;0;19;0;;;0
Centro-Oeste;MS;Inocência;50;500440.0;50004.0;TRES LAGOAS;2025-09-05;36;7610.0;2320.0;0;13;0;;;0
Centro-Oeste;MS;Itaporã;50;500450.0;50003.0;DOURADOS;2025-09-05;36;24839.0;4199.0;0;56;0;;;0
Centro-Oeste;MS;Itaquiraí;50;500460.0;50003.0;DOURADOS;2025-09-05;36;21142.0;3760.0;0;56;0;;;0
Centro-Oeste;MS;Ivinhema;50;500470.0;50003.0;DOURADOS;2025-09-05;36;23187.0;8926.0;0;90;0;;;0
Centro-Oeste;MS;Japorã;50;500480.0;50003.0;DOURADOS;2025-09-05;36;9110.0;231.0;0;13;0;;;0
Centro-Oeste;MS;Jaraguari;50;500490.0;50001.0;CAMPO GRANDE;2025-09-05;36;7187.0;711.0;0;11;0;;;0
Centro-Oeste;MS;Jardim;50;500500.0;50001.0;CAMPO GRANDE;2025-09-05;36;26097.0;5375.0;0;94;0;;;0
Centro-Oeste;MS;Jateí;50;500510.0;50003.0;DOURADOS;2025-09-05;36;4027.0;561.0;0;9;0;;;0
Centro-Oeste;MS;Juti;50;500515.0;50003.0;DOURADOS;2025-09-05;36;6712.0;1137.0;0;14;0;;;0
Centro-Oeste;MS;Ladário;50;500520.0;50002.0;CORUMBA;2025-09-05;36;23331.0;4539.0;0;74;0;;;0
Centro-Oeste;MS;Laguna Carapã;50;500525.0;50003.0;DOURADOS;2025-09-05;36;7341.0;1504.0;0;15;0;;;0
Centro-Oeste;MS;Maracaju;50;500540.0;50001.0;CAMPO GRANDE;2025-09-05;36;47083.0;13091.0;0;126;0;;;0
Centro-Oeste;MS;Miranda;50;500560.0;50001.0;CAMPO GRANDE;2025-09-05;36;28013.0;4762.0;0;109;0;;;0
Centro-Oeste;MS;Mundo Novo;50;500568.0;50003.0;DOURADOS;2025-09-05;36;18366.0;5312.0;0;52;0;;;0
Centro-Oeste;MS;Naviraí;50;500570.0;50003.0;DOURADOS;2025-09-05;36;54878.0;15282.0;0;289;0;;;0
Centro-Oeste;MS;Nioaque;50;500580.0;50001.0;CAMPO GRANDE;2025-09-05;36;13930.0;2217.0;0;29;0;;;0
Centro-Oeste;MS;Nova Alvorada do Sul;50;500600.0;50001.0;CAMPO GRANDE;2025-09-05;36;21882.0;4526.0;0;50;0;;;0
Centro-Oeste;MS;Nova Andradina;50;500620.0;50003.0;DOURADOS;2025-09-05;36;54374.0;8868.0;0;127;0;;;0
Centro-Oeste;MS;Novo Horizonte do Sul;50;500625.0;50003.0;DOURADOS;2025-09-05;36;3814.0;899.0;0;14;0;;;0
Centro-Oeste;MS;Paraíso das Águas;50;500627.0;50001.0;CAMPO GRANDE;2025-09-05;36;5555.0;1416.0;0;17;0;;;0
Centro-Oeste;MS;Paranaíba;50;500630.0;50004.0;TRES LAGOAS;2025-09-05;36;42148.0;9148.0;0;190;0;;;0
Centro-Oeste;MS;Paranhos;50;500635.0;50003.0;DOURADOS;2025-09-05;36;14228.0;1283.0;0;25;0;;;0
Centro-Oeste;MS;Pedro Gomes;50;500640.0;50001.0;CAMPO GRANDE;2025-09-05;36;7674.0;1509.0;0;23;0;;;0
Centro-Oeste;MS;Ponta Porã;50;500660.0;50003.0;DOURADOS;2025-09-05;36;92526.0;16958.0;0;422;0;;;0
Centro-Oeste;MS;Porto Murtinho;50;500690.0;50001.0;CAMPO GRANDE;2025-09-05;36;17131.0;2429.0;0;42;0;;;0
Centro-Oeste;MS;Ribas do Rio Pardo;50;500710.0;50001.0;CAMPO GRANDE;2025-09-05;36;24615.0;5988.0;0;73;0;;;0
Centro-Oeste;MS;Rio Brilhante;50;500720.0;50003.0;DOURADOS;2025-09-05;36;37514.0;7801.0;0;97;0;;;0
Centro-Oeste;MS;Rio Negro;50;500730.0;50001.0;CAMPO GRANDE;2025-09-05;36;4831.0;1390.0;0;12;0;;;0
Centro-Oeste;MS;Rio Verde de Mato Grosso;50;500740.0;50001.0;CAMPO GRANDE;2025-09-05;36;19746.0;4197.0;0;88;0;;;0
Centro-Oeste;MS;Rochedo;50;500750.0;50001.0;CAMPO GRANDE;2025-09-05;36;5499.0;881.0;0;13;0;;;0
Centro-Oeste;MS;Santa Rita do Pardo;50;500755.0;50004.0;TRES LAGOAS;2025-09-05;36;7851.0;2378.0;0;15;0;;;0
Centro-Oeste;MS;São Gabriel do Oeste;50;500769.0;50001.0;CAMPO GRANDE;2025-09-05;36;26771.0;6327.0;0;100;0;;;0
Centro-Oeste;MS;Sete Quedas;50;500770.0;50003.0;DOURADOS;2025-09-05;36;10791.0;1845.0;0;26;0;;;0
Centro-Oeste;MS;Selvíria;50;500780.0;50004.0;TRES LAGOAS;2025-09-05;36;6529.0;1081.0;0;22;0;;;0
Centro-Oeste;MS;Sidrolândia;50;500790.0;50001.0;CAMPO GRANDE;2025-09-05;36;57665.0;9996.0;0;181;0;;;0
Centro-Oeste;MS;Sonora;50;500793.0;50001.0;CAMPO GRANDE;2025-09-05;36;19274.0;3338.0;0;44;0;;;0
Centro-Oeste;MS;Tacuru;50;500795.0;50003.0;DOURADOS;2025-09-05;36;11552.0;1658.0;0;19;0;;;0
Centro-Oeste;MS;Taquarussu;50;500797.0;50003.0;DOURADOS;2025-09-05;36;3588.0;656.0;0;9;0;;;0
Centro-Oeste;MS;Terenos;50;500800.0;50001.0;CAMPO GRANDE;2025-09-05;36;21806.0;3468.0;0;86;0;;;0
Centro-Oeste;MS;Três Lagoas;50;500830.0;50004.0;TRES LAGOAS;2025-09-05;36;121388.0;34092.0;0;570;0;;;0
Centro-Oeste;MS;Vicentina;50;500840.0;50003.0;DOURADOS;2025-09-05;36;6102.0;2097.0;0;36;0;;;0
Centro-Oeste;MT;;51;510000.0;;;2025-09-05;36;;0.0;0;0;0;;;
Centro-Oeste;MT;Acorizal;51;510010.0;51002.0;BAIXADA CUIABANA;2025-09-05;36;5399.0;1752.0;0;24;0;;;1
Centro-Oeste;MT;Água Boa;51;510020.0;51006.0;MEDIO ARAGUAIA;2025-09-05;36;25721.0;6648.0;0;108;0;;;0
Centro-Oeste;MT;Alta Floresta;51;510025.0;51001.0;ALTO TAPAJOS;2025-09-05;36;51782.0;19538.0;0;194;0;;;0
Centro-Oeste;MT;Alto Araguaia;51;510030.0;51013.0;SUL MATOGROSSENSE;2025-09-05;36;19044.0;3718.0;0;37;0;;;0
Centro-Oeste;MT;Alto Boa Vista;51;510035.0;51009.0;NORTE ARAGUAIA KARAJA;2025-09-05;36;6822.0;1912.0;0;20;0;;;0
Centro-Oeste;MT;Alto Garças;51;510040.0;51013.0;SUL MATOGROSSENSE;2025-09-05;36;12030.0;1472.0;0;47;0;;;0
Centro-Oeste;MT;Alto Paraguai;51;510050.0;51004.0;CENTRO NORTE;2025-09-05;36;11356.0;1150.0;0;33;0;;;0
Centro-Oeste;MT;Alto Taquari;51;510060.0;51013.0;SUL MATOGROSSENSE;2025-09-05;36;10847.0;1833.0;0;31;0;;;0
Centro-Oeste;MT;Apiacás;51;510080.0;51001.0;ALTO TAPAJOS;2025-09-05;36;10133.0;3817.0;0;21;0;;;0
Centro-Oeste;MT;Araguaiana;51;510100.0;51005.0;GARCAS ARAGUAIA;2025-09-05;36;3100.0;716.0;0;9;0;;;0
Centro-Oeste;MT;Araguainha;51;510120.0;51013.0;SUL MATOGROSSENSE;2025-09-05;36;935.0;113.0;0;2;0;;;0
Centro-Oeste;MT;Araputanga;51;510125.0;51011.0;OESTE MATOGROSSENSE;2025-09-05;36;16822.0;5506.0;0;61;0;;;0
Centro-Oeste;MT;Arenápolis;51;510130.0;51007.0;MEDIO NORTE MATOGROSSENSE;2025-09-05;36;9607.0;3526.0;0;44;0;;;0
Centro-Oeste;MT;Aripuanã;51;510140.0;51008.0;NOROESTE MATOGROSSENSE;2025-09-05;36;22354.0;7020.0;0;60;0;;;0
Centro-Oeste;MT;Barão de Melgaço;51;510160.0;51002.0;BAIXADA CUIABANA;2025-09-05;36;8564.0;1347.0;0;19;0;;;0
Centro-Oeste;MT;Barra do Bugres;51;510170.0;51007.0;MEDIO NORTE MATOGROSSENSE;2025-09-05;36;34966.0;9671.0;0;108;0;;;0
Centro-Oeste;MT;Barra do Garças;51;510180.0;51005.0;GARCAS ARAGUAIA;2025-09-05;36;61012.0;19453.0;0;413;0;;;0
Centro-Oeste;MT;Bom Jesus do Araguaia;51;510185.0;51006.0;MEDIO ARAGUAIA;2025-09-05;36;6580.0;1213.0;0;17;0;;;0
Centro-Oeste;MT;Brasnorte;51;510190.0;51008.0;NOROESTE MATOGROSSENSE;2025-09-05;36;19695.0;3981.0;0;46;0;;;0
Centro-Oeste;MT;Cáceres;51;510250.0;51011.0;OESTE MATOGROSSENSE;2025-09-05;36;94376.0;23910.0;0;498;0;;;0
Centro-Oeste;MT;Campinápolis;51;510260.0;51005.0;GARCAS ARAGUAIA;2025-09-05;36;15980.0;3403.0;0;55;0;;;0
Centro-Oeste;MT;Campo Novo do Parecis;51;510263.0;51007.0;MEDIO NORTE MATOGROSSENSE;2025-09-05;36;35360.0;13100.0;0;107;0;;;0
Centro-Oeste;MT;Campo Verde;51;510267.0;51013.0;SUL MATOGROSSENSE;2025-09-05;36;44041.0;10824.0;0;159;0;;;0
Centro-Oeste;MT;Campos de Júlio;51;510268.0;51012.0;SUDOESTE MATOGROSSENSE;2025-09-05;36;6891.0;1859.0;0;15;0;;;0
Centro-Oeste;MT;Canabrava do Norte;51;510269.0;51003.0;ARAGUAIA XINGU;2025-09-05;36;4743.0;1263.0;0;15;0;;;0
Centro-Oeste;MT;Canarana;51;510270.0;51006.0;MEDIO ARAGUAIA;2025-09-05;36;21579.0;7660.0;0;88;0;;;0
Centro-Oeste;MT;Carlinda;51;510279.0;51001.0;ALTO TAPAJOS;2025-09-05;36;10305.0;4069.0;0;38;0;;;0
Centro-Oeste;MT;Castanheira;51;510285.0;51008.0;NOROESTE MATOGROSSENSE;2025-09-05;36;8729.0;2187.0;0;32;0;;;0
Centro-Oeste;MT;Chapada dos Guimarães;51;510300.0;51002.0;BAIXADA CUIABANA;2025-09-05;36;19752.0;2861.0;0;104;0;;;1
Centro-Oeste;MT;Cláudia;51;510305.0;51014.0;TELES PIRES;2025-09-05;36;12149.0;4118.0;0;51;0;;;0
Centro-Oeste;MT;Cocalinho;51;510310.0;51006.0;MEDIO ARAGUAIA;2025-09-05;36;5700.0;2236.0;0;18;0;;;0
Centro-Oeste;MT;Colíder;51;510320.0;51010.0;NORTE MATOGROSSENSE;2025-09-05;36;33438.0;14188.0;0;171;0;;;0
Centro-Oeste;MT;Colniza;51;510325.0;51008.0;NOROESTE MATOGROSSENSE;2025-09-05;36;38582.0;5995.0;0;96;0;;;0
Centro-Oeste;MT;Comodoro;51;510330.0;51012.0;SUDOESTE MATOGROSSENSE;2025-09-05;36;20763.0;4153.0;0;46;0;;;0
Centro-Oeste;MT;Confresa;51;510335.0;51003.0;ARAGUAIA XINGU;2025-09-05;36;30933.0;6765.0;0;122;0;;;0
Centro-Oeste;MT;Conquista D'Oeste;51;510336.0;51012.0;SUDOESTE MATOGROSSENSE;2025-09-05;36;4038.0;1380.0;0;20;0;;;0
Centro-Oeste;MT;Cotriguaçu;51;510337.0;51008.0;NOROESTE MATOGROSSENSE;2025-09-05;36;19750.0;2278.0;0;40;0;;;0
Centro-Oeste;MT;Cuiabá;51;510340.0;51002.0;BAIXADA CUIABANA;2025-09-05;36;612547.0;160076.0;0;3778;0;;;1
Centro-Oeste;MT;Curvelândia;51;510343.0;51011.0;OESTE MATOGROSSENSE;2025-09-05;36;5219.0;1262.0;0;20;0;;;0
Centro-Oeste;MT;Denise;51;510345.0;51007.0;MEDIO NORTE MATOGROSSENSE;2025-09-05;36;9462.0;1400.0;0;21;0;;;0
Centro-Oeste;MT;Diamantino;51;510350.0;51004.0;CENTRO NORTE;2025-09-05;36;22041.0;6555.0;0;76;0;;;0
Centro-Oeste;MT;Dom Aquino;51;510360.0;51013.0;SUL MATOGROSSENSE;2025-09-05;36;8178.0;1604.0;0;32;0;;;0
Centro-Oeste;MT;Feliz Natal;51;510370.0;51014.0;TELES PIRES;2025-09-05;36;14192.0;4313.0;0;36;0;;;0
Centro-Oeste;MT;Figueirópolis D'Oeste;51;510380.0;51012.0;SUDOESTE MATOGROSSENSE;2025-09-05;36;3494.0;882.0;0;9;0;;;0
Centro-Oeste;MT;Gaúcha do Norte;51;510385.0;51006.0;MEDIO ARAGUAIA;2025-09-05;36;7648.0;2529.0;0;31;0;;;0
Centro-Oeste;MT;General Carneiro;51;510390.0;51005.0;GARCAS ARAGUAIA;2025-09-05;36;5540.0;1266.0;0;25;0;;;0
Centro-Oeste;MT;Glória D'Oeste;51;510395.0;51011.0;OESTE MATOGROSSENSE;2025-09-05;36;3026.0;809.0;0;16;0;;;0
Centro-Oeste;MT;Guarantã do Norte;51;510410.0;51015.0;VALE DO PEIXOTO;2025-09-05;36;35816.0;9782.0;0;149;0;;;0
Centro-Oeste;MT;Guiratinga;51;510420.0;51013.0;SUL MATOGROSSENSE;2025-09-05;36;15141.0;2915.0;0;42;0;;;0
Centro-Oeste;MT;Indiavaí;51;510450.0;51011.0;OESTE MATOGROSSENSE;2025-09-05;36;2752.0;992.0;0;15;0;;;0
Centro-Oeste;MT;Ipiranga do Norte;51;510452.0;51014.0;TELES PIRES;2025-09-05;36;7667.0;2613.0;0;23;0;;;0
Centro-Oeste;MT;Itanhangá;51;510454.0;51014.0;TELES PIRES;2025-09-05;36;6737.0;2839.0;0;19;0;;;0
Centro-Oeste;MT;Itaúba;51;510455.0;51010.0;NORTE MATOGROSSENSE;2025-09-05;36;3802.0;2008.0;0;33;0;;;0
Centro-Oeste;MT;Itiquira;51;510460.0;51013.0;SUL MATOGROSSENSE;2025-09-05;36;13345.0;2116.0;0;19;0;;;0
Centro-Oeste;MT;Jaciara;51;510480.0;51013.0;SUL MATOGROSSENSE;2025-09-05;36;27776.0;5244.0;0;129;0;;;0
Centro-Oeste;MT;Jangada;51;510490.0;51002.0;BAIXADA CUIABANA;2025-09-05;36;8409.0;974.0;0;29;0;;;0
Centro-Oeste;MT;Jauru;51;510500.0;51012.0;SUDOESTE MATOGROSSENSE;2025-09-05;36;8793.0;1786.0;0;40;0;;;0
Centro-Oeste;MT;Juara;51;510510.0;51016.0;VALE DOS ARINOS;2025-09-05;36;34974.0;8446.0;0;107;0;;;0
Centro-Oeste;MT;Juína;51;510515.0;51008.0;NOROESTE MATOGROSSENSE;2025-09-05;36;40997.0;7027.0;0;164;0;;;0
Centro-Oeste;MT;Juruena;51;510517.0;51008.0;NOROESTE MATOGROSSENSE;2025-09-05;36;15865.0;2946.0;0;43;0;;;0
Centro-Oeste;MT;Juscimeira;51;510520.0;51013.0;SUL MATOGROSSENSE;2025-09-05;36;11221.0;2664.0;0;54;0;;;0
Centro-Oeste;MT;Lambari D'Oeste;51;510523.0;51011.0;OESTE MATOGROSSENSE;2025-09-05;36;6121.0;1284.0;0;17;0;;;0
Centro-Oeste;MT;Lucas do Rio Verde;51;510525.0;51014.0;TELES PIRES;2025-09-05;36;65534.0;31022.0;0;227;0;;;0
Centro-Oeste;MT;Luciara;51;510530.0;51009.0;NORTE ARAGUAIA KARAJA;2025-09-05;36;2077.0;709.0;0;7;0;;;0
Centro-Oeste;MT;Vila Bela da Santíssima Trindade;51;510550.0;51012.0;SUDOESTE MATOGROSSENSE;2025-09-05;36;16128.0;4241.0;0;60;0;;;0
Centro-Oeste;MT;Marcelândia;51;510558.0;51010.0;NORTE MATOGROSSENSE;2025-09-05;36;10499.0;2442.0;0;50;0;;;0
Centro-Oeste;MT;Matupá;51;510560.0;51015.0;VALE DO PEIXOTO;2025-09-05;36;16566.0;6467.0;0;65;0;;;0
Centro-Oeste;MT;Mirassol d'Oeste;51;510562.0;51011.0;OESTE MATOGROSSENSE;2025-09-05;36;27739.0;9438.0;0;160;0;;;0
Centro-Oeste;MT;Nobres;51;510590.0;51004.0;CENTRO NORTE;2025-09-05;36;15336.0;4219.0;0;80;0;;;0
Centro-Oeste;MT;Nortelândia;51;510600.0;51004.0;CENTRO NORTE;2025-09-05;36;5989.0;1737.0;0;32;0;;;0
Centro-Oeste;MT;Nossa Senhora do Livramento;51;510610.0;51002.0;BAIXADA CUIABANA;2025-09-05;36;13216.0;2122.0;0;46;0;;;1
Centro-Oeste;MT;Nova Bandeirantes;51;510615.0;51001.0;ALTO TAPAJOS;2025-09-05;36;15288.0;2095.0;0;31;0;;;0
Centro-Oeste;MT;Nova Nazaré;51;510617.0;51006.0;MEDIO ARAGUAIA;2025-09-05;36;3849.0;565.0;0;9;0;;;0
Centro-Oeste;MT;Nova Lacerda;51;510618.0;51012.0;SUDOESTE MATOGROSSENSE;2025-09-05;36;6640.0;2532.0;0;17;0;;;0
Centro-Oeste;MT;Nova Santa Helena;51;510619.0;51010.0;NORTE MATOGROSSENSE;2025-09-05;36;3718.0;778.0;0;17;0;;;0
Centro-Oeste;MT;Nova Brasilândia;51;510620.0;51002.0;BAIXADA CUIABANA;2025-09-05;36;3829.0;812.0;0;10;0;;;0
Centro-Oeste;MT;Nova Canaã do Norte;51;510621.0;51010.0;NORTE MATOGROSSENSE;2025-09-05;36;12787.0;4781.0;0;41;0;;;0
Centro-Oeste;MT;Nova Mutum;51;510622.0;51014.0;TELES PIRES;2025-09-05;36;45378.0;18178.0;0;162;0;;;0
Centro-Oeste;MT;Nova Olímpia;51;510623.0;51007.0;MEDIO NORTE MATOGROSSENSE;2025-09-05;36;20301.0;1846.0;0;81;0;;;0
Centro-Oeste;MT;Nova Ubiratã;51;510624.0;51014.0;TELES PIRES;2025-09-05;36;11982.0;2851.0;0;30;0;;;0
Centro-Oeste;MT;Nova Xavantina;51;510625.0;51005.0;GARCAS ARAGUAIA;2025-09-05;36;21374.0;6691.0;0;83;0;;;0
Centro-Oeste;MT;Novo Mundo;51;510626.0;51015.0;VALE DO PEIXOTO;2025-09-05;36;9178.0;2390.0;0;27;0;;;0
Centro-Oeste;MT;Novo Horizonte do Norte;51;510627.0;51016.0;VALE DOS ARINOS;2025-09-05;36;4004.0;1609.0;0;9;0;;;0
Centro-Oeste;MT;Novo São Joaquim;51;510628.0;51005.0;GARCAS ARAGUAIA;2025-09-05;36;5074.0;1583.0;0;24;0;;;0
Centro-Oeste;MT;Paranaíta;51;510629.0;51001.0;ALTO TAPAJOS;2025-09-05;36;11225.0;5988.0;0;39;0;;;0
Centro-Oeste;MT;Paranatinga;51;510630.0;51013.0;SUL MATOGROSSENSE;2025-09-05;36;22563.0;6085.0;0;92;0;;;0
Centro-Oeste;MT;Novo Santo Antônio;51;510631.0;51009.0;NORTE ARAGUAIA KARAJA;2025-09-05;36;2640.0;1042.0;0;6;0;;;0
Centro-Oeste;MT;Pedra Preta;51;510637.0;51013.0;SUL MATOGROSSENSE;2025-09-05;36;17626.0;3796.0;0;73;0;;;0
Centro-Oeste;MT;Peixoto de Azevedo;51;510642.0;51015.0;VALE DO PEIXOTO;2025-09-05;36;34976.0;6926.0;0;149;0;;;0
Centro-Oeste;MT;Planalto da Serra;51;510645.0;51002.0;BAIXADA CUIABANA;2025-09-05;36;2662.0;1176.0;0;12;0;;;0
Centro-Oeste;MT;Poconé;51;510650.0;51002.0;BAIXADA CUIABANA;2025-09-05;36;32843.0;7114.0;0;106;0;;;0
Centro-Oeste;MT;Pontal do Araguaia;51;510665.0;51005.0;GARCAS ARAGUAIA;2025-09-05;36;6711.0;1795.0;0;29;0;;;0
Centro-Oeste;MT;Ponte Branca;51;510670.0;51005.0;GARCAS ARAGUAIA;2025-09-05;36;1576.0;456.0;0;6;0;;;0
Centro-Oeste;MT;Pontes e Lacerda;51;510675.0;51012.0;SUDOESTE MATOGROSSENSE;2025-09-05;36;45436.0;14948.0;0;261;0;;;0
Centro-Oeste;MT;Porto Alegre do Norte;51;510677.0;51003.0;ARAGUAIA XINGU;2025-09-05;36;12517.0;2247.0;0;27;0;;;0
Centro-Oeste;MT;Porto dos Gaúchos;51;510680.0;51016.0;VALE DOS ARINOS;2025-09-05;36;5410.0;2685.0;0;14;0;;;0
Centro-Oeste;MT;Porto Esperidião;51;510682.0;51011.0;OESTE MATOGROSSENSE;2025-09-05;36;12017.0;2477.0;0;65;0;;;0
Centro-Oeste;MT;Porto Estrela;51;510685.0;51007.0;MEDIO NORTE MATOGROSSENSE;2025-09-05;36;2963.0;1101.0;0;16;0;;;0
Centro-Oeste;MT;Poxoréu;51;510700.0;51013.0;SUL MATOGROSSENSE;2025-09-05;36;16219.0;4421.0;0;64;0;;;0
Centro-Oeste;MT;Primavera do Leste;51;510704.0;51013.0;SUL MATOGROSSENSE;2025-09-05;36;62019.0;27624.0;0;357;0;;;0
Centro-Oeste;MT;Querência;51;510706.0;51006.0;MEDIO ARAGUAIA;2025-09-05;36;17479.0;5596.0;0;77;0;;;0
Centro-Oeste;MT;São José dos Quatro Marcos;51;510710.0;51011.0;OESTE MATOGROSSENSE;2025-09-05;36;18906.0;5989.0;0;123;0;;;0
Centro-Oeste;MT;Reserva do Cabaçal;51;510715.0;51011.0;OESTE MATOGROSSENSE;2025-09-05;36;2732.0;810.0;0;8;0;;;0
Centro-Oeste;MT;Ribeirão Cascalheira;51;510718.0;51006.0;MEDIO ARAGUAIA;2025-09-05;36;10206.0;2888.0;0;42;0;;;0
Centro-Oeste;MT;Ribeirãozinho;51;510719.0;51005.0;GARCAS ARAGUAIA;2025-09-05;36;2405.0;514.0;0;12;0;;;0
Centro-Oeste;MT;Rio Branco;51;510720.0;51011.0;OESTE MATOGROSSENSE;2025-09-05;36;5156.0;1778.0;0;22;0;;;0
Centro-Oeste;MT;Santa Carmem;51;510724.0;51014.0;TELES PIRES;2025-09-05;36;4525.0;1850.0;0;16;0;;;0
Centro-Oeste;MT;Santo Afonso;51;510726.0;51007.0;MEDIO NORTE MATOGROSSENSE;2025-09-05;36;3146.0;697.0;0;14;0;;;0
Centro-Oeste;MT;São José do Povo;51;510729.0;51013.0;SUL MATOGROSSENSE;2025-09-05;36;4063.0;267.0;0;9;0;;;0
Centro-Oeste;MT;São José do Rio Claro;51;510730.0;51004.0;CENTRO NORTE;2025-09-05;36;20664.0;2992.0;0;48;0;;;0
Centro-Oeste;MT;São José do Xingu;51;510735.0;51003.0;ARAGUAIA XINGU;2025-09-05;36;5595.0;1429.0;0;22;0;;;0
Centro-Oeste;MT;São Pedro da Cipa;51;510740.0;51013.0;SUL MATOGROSSENSE;2025-09-05;36;4727.0;1356.0;0;28;0;;;0
Centro-Oeste;MT;Rondolândia;51;510757.0;51012.0;SUDOESTE MATOGROSSENSE;2025-09-05;36;4001.0;750.0;0;5;0;;;0
Centro-Oeste;MT;Rondonópolis;51;510760.0;51013.0;SUL MATOGROSSENSE;2025-09-05;36;232491.0;46556.0;0;1014;0;;;0
Centro-Oeste;MT;Rosário Oeste;51;510770.0;51004.0;CENTRO NORTE;2025-09-05;36;17151.0;4057.0;0;67;0;;;0
Centro-Oeste;MT;Santa Cruz do Xingu;51;510774.0;51003.0;ARAGUAIA XINGU;2025-09-05;36;2564.0;772.0;0;7;0;;;0
Centro-Oeste;MT;Salto do Céu;51;510775.0;51011.0;OESTE MATOGROSSENSE;2025-09-05;36;3365.0;297.0;0;10;0;;;0
Centro-Oeste;MT;Santa Rita do Trivelato;51;510776.0;51014.0;TELES PIRES;2025-09-05;36;3429.0;539.0;0;4;0;;;0
Centro-Oeste;MT;Santa Terezinha;51;510777.0;51003.0;ARAGUAIA XINGU;2025-09-05;36;8371.0;1280.0;0;17;0;;;0
Centro-Oeste;MT;Santo Antônio do Leste;51;510779.0;51013.0;SUL MATOGROSSENSE;2025-09-05;36;5174.0;542.0;0;9;0;;;0
Centro-Oeste;MT;Santo Antônio do Leverger;51;510780.0;51002.0;BAIXADA CUIABANA;2025-09-05;36;16628.0;2589.0;0;71;0;;;1
Centro-Oeste;MT;São Félix do Araguaia;51;510785.0;51009.0;NORTE ARAGUAIA KARAJA;2025-09-05;36;11708.0;3377.0;0;44;0;;;0
Centro-Oeste;MT;Sapezal;51;510787.0;51007.0;MEDIO NORTE MATOGROSSENSE;2025-09-05;36;25881.0;8349.0;0;66;0;;;0
Centro-Oeste;MT;Serra Nova Dourada;51;510788.0;51009.0;NORTE ARAGUAIA KARAJA;2025-09-05;36;1650.0;780.0;0;7;0;;;0
Centro-Oeste;MT;Sinop;51;510790.0;51014.0;TELES PIRES;2025-09-05;36;142996.0;44420.0;0;515;0;;;0
Centro-Oeste;MT;Sorriso;51;510792.0;51014.0;TELES PIRES;2025-09-05;36;90313.0;28762.0;0;258;0;;;0
Centro-Oeste;MT;Tabaporã;51;510794.0;51016.0;VALE DOS ARINOS;2025-09-05;36;9489.0;2180.0;0;28;0;;;0
Centro-Oeste;MT;Tangará da Serra;51;510795.0;51007.0;MEDIO NORTE MATOGROSSENSE;2025-09-05;36;103750.0;31533.0;0;405;0;;;0
Centro-Oeste;MT;Tapurah;51;510800.0;51014.0;TELES PIRES;2025-09-05;36;13705.0;4907.0;0;37;0;;;0
Centro-Oeste;MT;Terra Nova do Norte;51;510805.0;51015.0;VALE DO PEIXOTO;2025-09-05;36;9667.0;3140.0;0;45;0;;;0
Centro-Oeste;MT;Tesouro;51;510810.0;51013.0;SUL MATOGROSSENSE;2025-09-05;36;3805.0;817.0;0;16;0;;;0
Centro-Oeste;MT;Torixoréu;51;510820.0;51005.0;GARCAS ARAGUAIA;2025-09-05;36;3609.0;1299.0;0;24;0;;;0
Centro-Oeste;MT;União do Sul;51;510830.0;51014.0;TELES PIRES;2025-09-05;36;3525.0;1677.0;0;16;0;;;0
Centro-Oeste;MT;Vale de São Domingos;51;510835.0;51012.0;SUDOESTE MATOGROSSENSE;2025-09-05;36;3127.0;722.0;0;11;0;;;0
Centro-Oeste;MT;Várzea Grande;51;510840.0;51002.0;BAIXADA CUIABANA;2025-09-05;36;284971.0;62836.0;0;1550;0;;;1
Centro-Oeste;MT;Vera;51;510850.0;51014.0;TELES PIRES;2025-09-05;36;11309.0;2274.0;0;37;0;;;0
Centro-Oeste;MT;Vila Rica;51;510860.0;51003.0;ARAGUAIA XINGU;2025-09-05;36;26037.0;4939.0;0;55;0;;;0
Centro-Oeste;MT;Nova Guarita;51;510880.0;51010.0;NORTE MATOGROSSENSE;2025-09-05;36;4519.0;2104.0;0;19;0;;;0
Centro-Oeste;MT;Nova Marilândia;51;510885.0;51007.0;MEDIO NORTE MATOGROSSENSE;2025-09-05;36;3278.0;1008.0;0;8;0;;;0
Centro-Oeste;MT;Nova Maringá;51;510890.0;51004.0;CENTRO NORTE;2025-09-05;36;8641.0;1760.0;0;11;0;;;0
Centro-Oeste;MT;Nova Monte Verde;51;510895.0;51001.0;ALTO TAPAJOS;2025-09-05;36;9178.0;3444.0;0;24;0;;;0
Centro-Oeste;GO;;52;520000.0;;;2025-09-05;36;;0.0;0;0;0;;;
Centro-Oeste;GO;Abadia de Goiás;52;520005.0;52001.0;CENTRAL;2025-09-05;36;8773.0;4490.0;0;55;0;;;1
Centro-Oeste;GO;Abadiânia;52;520010.0;52011.0;PIRINEUS;2025-09-05;36;20042.0;2710.0;0;58;0;;;0
Centro-Oeste;GO;Acreúna;52;520013.0;52015.0;SUDOESTE I;2025-09-05;36;22366.0;7940.0;0;87;0;;;0
Centro-Oeste;GO;Adelândia;52;520015.0;52010.0;OESTE II;2025-09-05;36;2516.0;717.0;0;6;0;;;0
Centro-Oeste;GO;Água Fria de Goiás;52;520017.0;52003.0;ENTORNO NORTE;2025-09-05;36;5735.0;1318.0;0;11;0;;;0
Centro-Oeste;GO;Água Limpa;52;520020.0;52017.0;SUL;2025-09-05;36;1850.0;480.0;0;4;0;;;0
Centro-Oeste;GO;Águas Lindas de Goiás;52;520025.0;52004.0;ENTORNO SUL;2025-09-05;36;212440.0;17428.0;0;407;0;;;0
Centro-Oeste;GO;Alexânia;52;520030.0;52011.0;PIRINEUS;2025-09-05;36;27653.0;8691.0;0;126;0;;;0
Centro-Oeste;GO;Aloândia;52;520050.0;52017.0;SUL;2025-09-05;36;1995.0;698.0;0;12;0;;;0
Centro-Oeste;GO;Alto Horizonte;52;520055.0;52014.0;SERRA DA MESA;2025-09-05;36;6414.0;3518.0;0;18;0;;;0
Centro-Oeste;GO;Alto Paraíso de Goiás;52;520060.0;52003.0;ENTORNO NORTE;2025-09-05;36;7624.0;1939.0;0;10;0;;;0
Centro-Oeste;GO;Alvorada do Norte;52;520080.0;52007.0;NORDESTE II;2025-09-05;36;8660.0;1735.0;0;23;0;;;0
Centro-Oeste;GO;Amaralina;52;520082.0;52014.0;SERRA DA MESA;2025-09-05;36;3812.0;509.0;0;2;0;;;0
Centro-Oeste;GO;Americano do Brasil;52;520085.0;52012.0;RIO VERMELHO;2025-09-05;36;6111.0;2979.0;0;28;0;;;0
Centro-Oeste;GO;Amorinópolis;52;520090.0;52009.0;OESTE I;2025-09-05;36;3126.0;1219.0;0;14;0;;;0
Centro-Oeste;GO;Anápolis;52;520110.0;52011.0;PIRINEUS;2025-09-05;36;386923.0;106897.0;0;2074;0;;;0
Centro-Oeste;GO;Anhanguera;52;520120.0;52005.0;ESTRADA DE FERRO;2025-09-05;36;1149.0;303.0;0;7;0;;;0
Centro-Oeste;GO;Anicuns;52;520130.0;52001.0;CENTRAL;2025-09-05;36;21850.0;10804.0;0;94;0;;;0
Centro-Oeste;GO;Aparecida de Goiânia;52;520140.0;52002.0;CENTRO SUL;2025-09-05;36;578179.0;194249.0;0;2093;0;;;1
Centro-Oeste;GO;Aparecida do Rio Doce;52;520145.0;52015.0;SUDOESTE I;2025-09-05;36;2474.0;998.0;0;5;0;;;0
Centro-Oeste;GO;Aporé;52;520150.0;52016.0;SUDOESTE II;2025-09-05;36;4198.0;1132.0;0;13;0;;;0
Centro-Oeste;GO;Araçu;52;520160.0;52001.0;CENTRAL;2025-09-05;36;3522.0;2258.0;0;23;0;;;0
Centro-Oeste;GO;Aragarças;52;520170.0;52009.0;OESTE I;2025-09-05;36;20118.0;5791.0;0;86;0;;;0
Centro-Oeste;GO;Aragoiânia;52;520180.0;52002.0;CENTRO SUL;2025-09-05;36;10308.0;4073.0;0;36;0;;;1
Centro-Oeste;GO;Araguapaz;52;520215.0;52012.0;RIO VERMELHO;2025-09-05;36;7770.0;1500.0;0;34;0;;;0
Centro-Oeste;GO;Arenópolis;52;520235.0;52009.0;OESTE I;2025-09-05;36;2612.0;903.0;0;11;0;;;0
Centro-Oeste;GO;Aruanã;52;520250.0;52012.0;RIO VERMELHO;2025-09-05;36;9875.0;2793.0;0;25;0;;;0
Centro-Oeste;GO;Aurilândia;52;520260.0;52010.0;OESTE II;2025-09-05;36;3120.0;1870.0;0;17;0;;;0
Centro-Oeste;GO;Avelinópolis;52;520280.0;52001.0;CENTRAL;2025-09-05;36;2417.0;622.0;0;19;0;;;0
Centro-Oeste;GO;Baliza;52;520310.0;52009.0;OESTE I;2025-09-05;36;5138.0;915.0;0;14;0;;;0
Centro-Oeste;GO;Barro Alto;52;520320.0;52018.0;SAO PATRICIO II;2025-09-05;36;11167.0;4260.0;0;24;0;;;0
Centro-Oeste;GO;Bela Vista de Goiás;52;520330.0;52002.0;CENTRO SUL;2025-09-05;36;29975.0;7414.0;0;118;0;;;1
Centro-Oeste;GO;Bom Jardim de Goiás;52;520340.0;52009.0;OESTE I;2025-09-05;36;8841.0;2940.0;0;32;0;;;0
Centro-Oeste;GO;Bom Jesus de Goiás;52;520350.0;52017.0;SUL;2025-09-05;36;25216.0;7051.0;0;128;0;;;0
Centro-Oeste;GO;Bonfinópolis;52;520355.0;52002.0;CENTRO SUL;2025-09-05;36;9706.0;771.0;0;39;0;;;1
Centro-Oeste;GO;Bonópolis;52;520357.0;52008.0;NORTE;2025-09-05;36;4405.0;1056.0;0;6;0;;;0
Centro-Oeste;GO;Brazabrantes;52;520360.0;52001.0;CENTRAL;2025-09-05;36;3703.0;1144.0;0;9;0;;;1
Centro-Oeste;GO;Britânia;52;520380.0;52012.0;RIO VERMELHO;2025-09-05;36;5779.0;1946.0;0;12;0;;;0
Centro-Oeste;GO;Buriti Alegre;52;520390.0;52017.0;SUL;2025-09-05;36;9459.0;2180.0;0;42;0;;;0
Centro-Oeste;GO;Buriti de Goiás;52;520393.0;52010.0;OESTE II;2025-09-05;36;2488.0;888.0;0;9;0;;;0
Centro-Oeste;GO;Buritinópolis;52;520396.0;52007.0;NORDESTE II;2025-09-05;36;3292.0;721.0;0;4;0;;;0
Centro-Oeste;GO;Cabeceiras;52;520400.0;52003.0;ENTORNO NORTE;2025-09-05;36;7993.0;1488.0;0;20;0;;;0
Centro-Oeste;GO;Cachoeira Alta;52;520410.0;52015.0;SUDOESTE I;2025-09-05;36;12484.0;4346.0;0;38;0;;;0
Centro-Oeste;GO;Cachoeira de Goiás;52;520420.0;52010.0;OESTE II;2025-09-05;36;1351.0;703.0;0;7;0;;;0
Centro-Oeste;GO;Cachoeira Dourada;52;520425.0;52017.0;SUL;2025-09-05;36;8067.0;2634.0;0;34;0;;;0
Centro-Oeste;GO;Caçu;52;520430.0;52015.0;SUDOESTE I;2025-09-05;36;16009.0;5757.0;0;45;0;;;0
Centro-Oeste;GO;Caiapônia;52;520440.0;52016.0;SUDOESTE II;2025-09-05;36;18913.0;4839.0;0;48;0;;;0
Centro-Oeste;GO;Caldas Novas;52;520450.0;52005.0;ESTRADA DE FERRO;2025-09-05;36;91162.0;26427.0;0;372;0;;;0
Centro-Oeste;GO;Caldazinha;52;520455.0;52002.0;CENTRO SUL;2025-09-05;36;3804.0;1815.0;0;12;0;;;1
Centro-Oeste;GO;Campestre de Goiás;52;520460.0;52001.0;CENTRAL;2025-09-05;36;3630.0;1521.0;0;17;0;;;0
Centro-Oeste;GO;Campinaçu;52;520465.0;52008.0;NORTE;2025-09-05;36;3640.0;453.0;0;10;0;;;0
Centro-Oeste;GO;Campinorte;52;520470.0;52014.0;SERRA DA MESA;2025-09-05;36;12626.0;3682.0;0;46;0;;;0
Centro-Oeste;GO;Campo Alegre de Goiás;52;520480.0;52005.0;ESTRADA DE FERRO;2025-09-05;36;7589.0;989.0;0;27;0;;;0
Centro-Oeste;GO;Campo Limpo de Goiás;52;520485.0;52011.0;PIRINEUS;2025-09-05;36;7789.0;1446.0;0;27;0;;;0
Centro-Oeste;GO;Campos Belos;52;520490.0;52006.0;NORDESTE I;2025-09-05;36;19887.0;6604.0;0;40;0;;;0
Centro-Oeste;GO;Campos Verdes;52;520495.0;52013.0;SAO PATRICIO I;2025-09-05;36;2141.0;1419.0;0;19;0;;;0
Centro-Oeste;GO;Carmo do Rio Verde;52;520500.0;52013.0;SAO PATRICIO I;2025-09-05;36;10082.0;1779.0;0;38;0;;;0
Centro-Oeste;GO;Castelândia;52;520505.0;52015.0;SUDOESTE I;2025-09-05;36;3435.0;776.0;0;16;0;;;0
Centro-Oeste;GO;Catalão;52;520510.0;52005.0;ESTRADA DE FERRO;2025-09-05;36;108823.0;30202.0;0;484;0;;;0
Centro-Oeste;GO;Caturaí;52;520520.0;52001.0;CENTRAL;2025-09-05;36;5070.0;1772.0;0;24;0;;;1
Centro-Oeste;GO;Cavalcante;52;520530.0;52006.0;NORDESTE I;2025-09-05;36;9709.0;1496.0;0;7;0;;;0
Centro-Oeste;GO;Ceres;52;520540.0;52013.0;SAO PATRICIO I;2025-09-05;36;22191.0;9300.0;0;132;0;;;0
Centro-Oeste;GO;Cezarina;52;520545.0;52002.0;CENTRO SUL;2025-09-05;36;8606.0;2341.0;0;48;0;;;0
Centro-Oeste;GO;Chapadão do Céu;52;520547.0;52016.0;SUDOESTE II;2025-09-05;36;10167.0;4778.0;0;28;0;;;0
Centro-Oeste;GO;Cidade Ocidental;52;520549.0;52004.0;ENTORNO SUL;2025-09-05;36;71376.0;11164.0;0;198;0;;;0
Centro-Oeste;GO;Cocalzinho de Goiás;52;520551.0;52011.0;PIRINEUS;2025-09-05;36;20240.0;7149.0;0;54;0;;;0
Centro-Oeste;GO;Colinas do Sul;52;520552.0;52014.0;SERRA DA MESA;2025-09-05;36;3382.0;1105.0;0;6;0;;;0
Centro-Oeste;GO;Córrego do Ouro;52;520570.0;52010.0;OESTE II;2025-09-05;36;2327.0;1212.0;0;8;0;;;0
Centro-Oeste;GO;Corumbá de Goiás;52;520580.0;52011.0;PIRINEUS;2025-09-05;36;11110.0;2116.0;0;47;0;;;0
Centro-Oeste;GO;Corumbaíba;52;520590.0;52005.0;ESTRADA DE FERRO;2025-09-05;36;9723.0;2834.0;0;41;0;;;0
Centro-Oeste;GO;Cristalina;52;520620.0;52004.0;ENTORNO SUL;2025-09-05;36;58997.0;9821.0;0;141;0;;;0
Centro-Oeste;GO;Cristianópolis;52;520630.0;52002.0;CENTRO SUL;2025-09-05;36;2966.0;441.0;0;7;0;;;0
Centro-Oeste;GO;Crixás;52;520640.0;52013.0;SAO PATRICIO I;2025-09-05;36;16949.0;5081.0;0;69;0;;;0
Centro-Oeste;GO;Cromínia;52;520650.0;52002.0;CENTRO SUL;2025-09-05;36;3486.0;1551.0;0;9;0;;;0
Centro-Oeste;GO;Cumari;52;520660.0;52005.0;ESTRADA DE FERRO;2025-09-05;36;2854.0;966.0;0;12;0;;;0
Centro-Oeste;GO;Damianópolis;52;520670.0;52007.0;NORDESTE II;2025-09-05;36;3311.0;725.0;0;9;0;;;0
Centro-Oeste;GO;Damolândia;52;520680.0;52001.0;CENTRAL;2025-09-05;36;2938.0;1007.0;0;17;0;;;0
Centro-Oeste;GO;Davinópolis;52;520690.0;52005.0;ESTRADA DE FERRO;2025-09-05;36;2094.0;428.0;0;9;0;;;0
Centro-Oeste;GO;Diorama;52;520710.0;52009.0;OESTE I;2025-09-05;36;2484.0;781.0;0;6;0;;;0
Centro-Oeste;GO;Doverlândia;52;520725.0;52016.0;SUDOESTE II;2025-09-05;36;7322.0;1781.0;0;22;0;;;0
Centro-Oeste;GO;Edealina;52;520735.0;52002.0;CENTRO SUL;2025-09-05;36;3699.0;2261.0;0;12;0;;;0
Centro-Oeste;GO;Edéia;52;520740.0;52002.0;CENTRO SUL;2025-09-05;36;12372.0;5314.0;0;42;0;;;0
Centro-Oeste;GO;Estrela do Norte;52;520750.0;52008.0;NORTE;2025-09-05;36;3275.0;562.0;0;5;0;;;0
Centro-Oeste;GO;Faina;52;520753.0;52012.0;RIO VERMELHO;2025-09-05;36;6627.0;2136.0;0;17;0;;;0
Centro-Oeste;GO;Fazenda Nova;52;520760.0;52009.0;OESTE I;2025-09-05;36;5637.0;2262.0;0;18;0;;;0
Centro-Oeste;GO;Firminópolis;52;520780.0;52010.0;OESTE II;2025-09-05;36;13292.0;4199.0;0;41;0;;;0
Centro-Oeste;GO;Flores de Goiás;52;520790.0;52003.0;ENTORNO NORTE;2025-09-05;36;16557.0;1235.0;0;7;0;;;0
Centro-Oeste;GO;Formosa;52;520800.0;52003.0;ENTORNO NORTE;2025-09-05;36;121617.0;18858.0;0;347;0;;;0
Centro-Oeste;GO;Formoso;52;520810.0;52008.0;NORTE;2025-09-05;36;4248.0;745.0;0;20;0;;;0
Centro-Oeste;GO;Gameleira de Goiás;52;520815.0;52011.0;PIRINEUS;2025-09-05;36;3818.0;1746.0;0;14;0;;;0
Centro-Oeste;GO;Divinópolis de Goiás;52;520830.0;52006.0;NORDESTE I;2025-09-05;36;4804.0;891.0;0;12;0;;;0
Centro-Oeste;GO;Goianápolis;52;520840.0;52011.0;PIRINEUS;2025-09-05;36;11231.0;3714.0;0;54;0;;;1
Centro-Oeste;GO;Goiandira;52;520850.0;52005.0;ESTRADA DE FERRO;2025-09-05;36;5600.0;976.0;0;19;0;;;0
Centro-Oeste;GO;Goianésia;52;520860.0;52018.0;SAO PATRICIO II;2025-09-05;36;70084.0;25532.0;0;329;0;;;0
Centro-Oeste;GO;Goiânia;52;520870.0;52001.0;CENTRAL;2025-09-05;36;1516113.0;505294.0;0;8211;0;;;1
Centro-Oeste;GO;Goianira;52;520880.0;52001.0;CENTRAL;2025-09-05;36;44289.0;9411.0;0;162;0;;;1
Centro-Oeste;GO;Goiás;52;520890.0;52012.0;RIO VERMELHO;2025-09-05;36;22645.0;13319.0;0;102;0;;;0
Centro-Oeste;GO;Goiatuba;52;520910.0;52017.0;SUL;2025-09-05;36;34095.0;14906.0;0;191;0;;;0
Centro-Oeste;GO;Gouvelândia;52;520915.0;52017.0;SUL;2025-09-05;36;5898.0;1848.0;0;15;0;;;0
Centro-Oeste;GO;Guapó;52;520920.0;52001.0;CENTRAL;2025-09-05;36;14209.0;4920.0;0;66;0;;;1
Centro-Oeste;GO;Guaraíta;52;520929.0;52012.0;RIO VERMELHO;2025-09-05;36;1996.0;923.0;0;14;0;;;0
Centro-Oeste;GO;Guarani de Goiás;52;520940.0;52007.0;NORDESTE II;2025-09-05;36;3893.0;931.0;0;3;0;;;0
Centro-Oeste;GO;Guarinos;52;520945.0;52013.0;SAO PATRICIO I;2025-09-05;36;1794.0;933.0;0;9;0;;;0
Centro-Oeste;GO;Heitoraí;52;520960.0;52012.0;RIO VERMELHO;2025-09-05;36;3724.0;1813.0;0;10;0;;;0
Centro-Oeste;GO;Hidrolândia;52;520970.0;52002.0;CENTRO SUL;2025-09-05;36;21706.0;7798.0;0;109;0;;;1
Centro-Oeste;GO;Hidrolina;52;520980.0;52014.0;SERRA DA MESA;2025-09-05;36;3564.0;381.0;0;14;0;;;0
Centro-Oeste;GO;Iaciara;52;520990.0;52007.0;NORDESTE II;2025-09-05;36;13947.0;2754.0;0;17;0;;;0
Centro-Oeste;GO;Inaciolândia;52;520993.0;52017.0;SUL;2025-09-05;36;6194.0;1984.0;0;35;0;;;0
Centro-Oeste;GO;Indiara;52;520995.0;52002.0;CENTRO SUL;2025-09-05;36;15611.0;3212.0;0;60;0;;;0
Centro-Oeste;GO;Inhumas;52;521000.0;52001.0;CENTRAL;2025-09-05;36;52866.0;24101.0;0;304;0;;;1
Centro-Oeste;GO;Ipameri;52;521010.0;52005.0;ESTRADA DE FERRO;2025-09-05;36;26985.0;8277.0;0;117;0;;;0
Centro-Oeste;GO;Ipiranga de Goiás;52;521015.0;52013.0;SAO PATRICIO I;2025-09-05;36;2893.0;388.0;0;13;0;;;0
Centro-Oeste;GO;Iporá;52;521020.0;52009.0;OESTE I;2025-09-05;36;31531.0;11086.0;0;179;0;;;0
Centro-Oeste;GO;Israelândia;52;521030.0;52009.0;OESTE I;2025-09-05;36;2800.0;725.0;0;10;0;;;0
Centro-Oeste;GO;Itaberaí;52;521040.0;52012.0;RIO VERMELHO;2025-09-05;36;42900.0;12977.0;0;201;0;;;0
Centro-Oeste;GO;Itaguari;52;521056.0;52001.0;CENTRAL;2025-09-05;36;4676.0;1995.0;0;20;0;;;0
Centro-Oeste;GO;Itaguaru;52;521060.0;52018.0;SAO PATRICIO II;2025-09-05;36;5237.0;1492.0;0;26;0;;;0
Centro-Oeste;GO;Itajá;52;521080.0;52015.0;SUDOESTE I;2025-09-05;36;4539.0;531.0;0;24;0;;;0
Centro-Oeste;GO;Itapaci;52;521090.0;52013.0;SAO PATRICIO I;2025-09-05;36;22981.0;7304.0;0;74;0;;;0
Centro-Oeste;GO;Itapirapuã;52;521100.0;52012.0;RIO VERMELHO;2025-09-05;36;4997.0;2429.0;0;22;0;;;0
Centro-Oeste;GO;Itapuranga;52;521120.0;52012.0;RIO VERMELHO;2025-09-05;36;25768.0;11273.0;0;100;0;;;0
Centro-Oeste;GO;Itarumã;52;521130.0;52015.0;SUDOESTE I;2025-09-05;36;7178.0;1579.0;0;26;0;;;0
Centro-Oeste;GO;Itauçu;52;521140.0;52001.0;CENTRAL;2025-09-05;36;8938.0;2348.0;0;41;0;;;0
Centro-Oeste;GO;Itumbiara;52;521150.0;52017.0;SUL;2025-09-05;36;104742.0;29538.0;0;540;0;;;0
Centro-Oeste;GO;Ivolândia;52;521160.0;52009.0;OESTE I;2025-09-05;36;2370.0;1106.0;0;8;0;;;0
Centro-Oeste;GO;Jandaia;52;521170.0;52002.0;CENTRO SUL;2025-09-05;36;6048.0;2215.0;0;27;0;;;0
Centro-Oeste;GO;Jaraguá;52;521180.0;52018.0;SAO PATRICIO II;2025-09-05;36;50511.0;19485.0;0;235;0;;;0
Centro-Oeste;GO;Jataí;52;521190.0;52016.0;SUDOESTE II;2025-09-05;36;100882.0;33611.0;0;457;0;;;0
Centro-Oeste;GO;Jaupaci;52;521200.0;52009.0;OESTE I;2025-09-05;36;2879.0;196.0;0;8;0;;;0
Centro-Oeste;GO;Jesúpolis;52;521205.0;52001.0;CENTRAL;2025-09-05;36;2490.0;571.0;0;12;0;;;0
Centro-Oeste;GO;Joviânia;52;521210.0;52017.0;SUL;2025-09-05;36;7387.0;3896.0;0;26;0;;;0
Centro-Oeste;GO;Jussara;52;521220.0;52012.0;RIO VERMELHO;2025-09-05;36;18478.0;6289.0;0;79;0;;;0
Centro-Oeste;GO;Lagoa Santa;52;521225.0;52015.0;SUDOESTE I;2025-09-05;36;1588.0;481.0;0;5;0;;;0
Centro-Oeste;GO;Leopoldo de Bulhões;52;521230.0;52002.0;CENTRO SUL;2025-09-05;36;7647.0;1763.0;0;20;0;;;0
Centro-Oeste;GO;Luziânia;52;521250.0;52004.0;ENTORNO SUL;2025-09-05;36;208299.0;70848.0;0;608;0;;;0
Centro-Oeste;GO;Mairipotaba;52;521260.0;52002.0;CENTRO SUL;2025-09-05;36;2368.0;336.0;0;7;0;;;0
Centro-Oeste;GO;Mambaí;52;521270.0;52007.0;NORDESTE II;2025-09-05;36;8882.0;602.0;0;7;0;;;0
Centro-Oeste;GO;Mara Rosa;52;521280.0;52014.0;SERRA DA MESA;2025-09-05;36;9503.0;1066.0;0;37;0;;;0
Centro-Oeste;GO;Marzagão;52;521290.0;52005.0;ESTRADA DE FERRO;2025-09-05;36;2236.0;790.0;0;8;0;;;0
Centro-Oeste;GO;Matrinchã;52;521295.0;52012.0;RIO VERMELHO;2025-09-05;36;4351.0;850.0;0;9;0;;;0
Centro-Oeste;GO;Maurilândia;52;521300.0;52015.0;SUDOESTE I;2025-09-05;36;14080.0;2177.0;0;36;0;;;0
Centro-Oeste;GO;Mimoso de Goiás;52;521305.0;52018.0;SAO PATRICIO II;2025-09-05;36;2597.0;783.0;0;2;0;;;0
Centro-Oeste;GO;Minaçu;52;521308.0;52008.0;NORTE;2025-09-05;36;29070.0;9724.0;0;77;0;;;0
Centro-Oeste;GO;Mineiros;52;521310.0;52016.0;SUDOESTE II;2025-09-05;36;66801.0;30469.0;0;310;0;;;0
Centro-Oeste;GO;Moiporá;52;521340.0;52009.0;OESTE I;2025-09-05;36;1529.0;107.0;0;3;0;;;0
Centro-Oeste;GO;Monte Alegre de Goiás;52;521350.0;52006.0;NORDESTE I;2025-09-05;36;8606.0;1593.0;0;8;0;;;0
Centro-Oeste;GO;Montes Claros de Goiás;52;521370.0;52009.0;OESTE I;2025-09-05;36;8055.0;2825.0;0;32;0;;;0
Centro-Oeste;GO;Montividiu;52;521375.0;52015.0;SUDOESTE I;2025-09-05;36;13396.0;1634.0;0;32;0;;;0
Centro-Oeste;GO;Montividiu do Norte;52;521377.0;52008.0;NORTE;2025-09-05;36;4479.0;1233.0;0;8;0;;;0
Centro-Oeste;GO;Morrinhos;52;521380.0;52017.0;SUL;2025-09-05;36;46136.0;22264.0;0;198;0;;;0
Centro-Oeste;GO;Morro Agudo de Goiás;52;521385.0;52013.0;SAO PATRICIO I;2025-09-05;36;2248.0;756.0;0;7;0;;;0
Centro-Oeste;GO;Mossâmedes;52;521390.0;52012.0;RIO VERMELHO;2025-09-05;36;4290.0;1063.0;0;10;0;;;0
Centro-Oeste;GO;Mozarlândia;52;521400.0;52012.0;RIO VERMELHO;2025-09-05;36;15659.0;6850.0;0;39;0;;;0
Centro-Oeste;GO;Mundo Novo;52;521405.0;52008.0;NORTE;2025-09-05;36;4887.0;1822.0;0;24;0;;;0
Centro-Oeste;GO;Mutunópolis;52;521410.0;52008.0;NORTE;2025-09-05;36;3778.0;1423.0;0;16;0;;;0
Centro-Oeste;GO;Nazário;52;521440.0;52001.0;CENTRAL;2025-09-05;36;9142.0;2694.0;0;31;0;;;0
Centro-Oeste;GO;Nerópolis;52;521450.0;52001.0;CENTRAL;2025-09-05;36;29850.0;4627.0;0;104;0;;;1
Centro-Oeste;GO;Niquelândia;52;521460.0;52014.0;SERRA DA MESA;2025-09-05;36;46388.0;11370.0;0;116;0;;;0
Centro-Oeste;GO;Nova América;52;521470.0;52013.0;SAO PATRICIO I;2025-09-05;36;2352.0;1083.0;0;8;0;;;0
Centro-Oeste;GO;Nova Aurora;52;521480.0;52005.0;ESTRADA DE FERRO;2025-09-05;36;2210.0;478.0;0;6;0;;;0
Centro-Oeste;GO;Nova Crixás;52;521483.0;52012.0;RIO VERMELHO;2025-09-05;36;12869.0;4519.0;0;27;0;;;0
Centro-Oeste;GO;Nova Glória;52;521486.0;52013.0;SAO PATRICIO I;2025-09-05;36;8164.0;3110.0;0;36;0;;;0
Centro-Oeste;GO;Nova Iguaçu de Goiás;52;521487.0;52014.0;SERRA DA MESA;2025-09-05;36;2929.0;710.0;0;15;0;;;0
Centro-Oeste;GO;Nova Roma;52;521490.0;52007.0;NORDESTE II;2025-09-05;36;3264.0;757.0;0;2;0;;;0
Centro-Oeste;GO;Nova Veneza;52;521500.0;52001.0;CENTRAL;2025-09-05;36;9853.0;3385.0;0;28;0;;;1
Centro-Oeste;GO;Novo Brasil;52;521520.0;52009.0;OESTE I;2025-09-05;36;2913.0;1381.0;0;13;0;;;0
Centro-Oeste;GO;Novo Gama;52;521523.0;52004.0;ENTORNO SUL;2025-09-05;36;115711.0;15983.0;0;246;0;;;0
Centro-Oeste;GO;Novo Planalto;52;521525.0;52008.0;NORTE;2025-09-05;36;4495.0;414.0;0;9;0;;;0
Centro-Oeste;GO;Orizona;52;521530.0;52002.0;CENTRO SUL;2025-09-05;36;15615.0;2581.0;0;40;0;;;0
Centro-Oeste;GO;Ouro Verde de Goiás;52;521540.0;52001.0;CENTRAL;2025-09-05;36;3759.0;1785.0;0;16;0;;;0
Centro-Oeste;GO;Ouvidor;52;521550.0;52005.0;ESTRADA DE FERRO;2025-09-05;36;6667.0;2186.0;0;32;0;;;0
Centro-Oeste;GO;Padre Bernardo;52;521560.0;52018.0;SAO PATRICIO II;2025-09-05;36;33835.0;4742.0;0;77;0;;;0
Centro-Oeste;GO;Palestina de Goiás;52;521565.0;52009.0;OESTE I;2025-09-05;36;3464.0;865.0;0;11;0;;;0
Centro-Oeste;GO;Palmeiras de Goiás;52;521570.0;52010.0;OESTE II;2025-09-05;36;28858.0;12517.0;0;104;0;;;0
Centro-Oeste;GO;Palmelo;52;521580.0;52005.0;ESTRADA DE FERRO;2025-09-05;36;2381.0;655.0;0;10;0;;;0
Centro-Oeste;GO;Palminópolis;52;521590.0;52010.0;OESTE II;2025-09-05;36;3585.0;2236.0;0;15;0;;;0
Centro-Oeste;GO;Panamá;52;521600.0;52017.0;SUL;2025-09-05;36;2615.0;874.0;0;10;0;;;0
Centro-Oeste;GO;Paranaiguara;52;521630.0;52015.0;SUDOESTE I;2025-09-05;36;10057.0;2336.0;0;62;0;;;0
Centro-Oeste;GO;Paraúna;52;521640.0;52010.0;OESTE II;2025-09-05;36;10988.0;4102.0;0;40;0;;;0
Centro-Oeste;GO;Perolândia;52;521645.0;52016.0;SUDOESTE II;2025-09-05;36;3129.0;649.0;0;9;0;;;0
Centro-Oeste;GO;Petrolina de Goiás;52;521680.0;52001.0;CENTRAL;2025-09-05;36;10281.0;5226.0;0;46;0;;;0
Centro-Oeste;GO;Pilar de Goiás;52;521690.0;52013.0;SAO PATRICIO I;2025-09-05;36;2253.0;967.0;0;12;0;;;0
Centro-Oeste;GO;Piracanjuba;52;521710.0;52002.0;CENTRO SUL;2025-09-05;36;24524.0;10252.0;0;113;0;;;0
Centro-Oeste;GO;Piranhas;52;521720.0;52009.0;OESTE I;2025-09-05;36;10385.0;3324.0;0;84;0;;;0
Centro-Oeste;GO;Pirenópolis;52;521730.0;52011.0;PIRINEUS;2025-09-05;36;24908.0;11122.0;0;83;0;;;0
Centro-Oeste;GO;Pires do Rio;52;521740.0;52005.0;ESTRADA DE FERRO;2025-09-05;36;31458.0;9291.0;0;178;0;;;0
Centro-Oeste;GO;Planaltina;52;521760.0;52003.0;ENTORNO NORTE;2025-09-05;36;89918.0;11046.0;0;258;0;;;0
Centro-Oeste;GO;Pontalina;52;521770.0;52002.0;CENTRO SUL;2025-09-05;36;17819.0;5777.0;0;62;0;;;0
Centro-Oeste;GO;Porangatu;52;521800.0;52008.0;NORTE;2025-09-05;36;45394.0;4358.0;0;196;0;;;0
Centro-Oeste;GO;Porteirão;52;521805.0;52015.0;SUDOESTE I;2025-09-05;36;3881.0;2374.0;0;22;0;;;0
Centro-Oeste;GO;Portelândia;52;521810.0;52016.0;SUDOESTE II;2025-09-05;36;4011.0;1257.0;0;15;0;;;0
Centro-Oeste;GO;Posse;52;521830.0;52007.0;NORDESTE II;2025-09-05;36;36900.0;7291.0;0;67;0;;;0
Centro-Oeste;GO;Professor Jamil;52;521839.0;52002.0;CENTRO SUL;2025-09-05;36;3223.0;1532.0;0;15;0;;;0
Centro-Oeste;GO;Quirinópolis;52;521850.0;52015.0;SUDOESTE I;2025-09-05;36;50065.0;11827.0;0;231;0;;;0
Centro-Oeste;GO;Rialma;52;521860.0;52013.0;SAO PATRICIO I;2025-09-05;36;10918.0;4115.0;0;65;0;;;0
Centro-Oeste;GO;Rianápolis;52;521870.0;52013.0;SAO PATRICIO I;2025-09-05;36;4801.0;2553.0;0;17;0;;;0
Centro-Oeste;GO;Rio Quente;52;521878.0;52005.0;ESTRADA DE FERRO;2025-09-05;36;4493.0;1861.0;0;10;0;;;0
Centro-Oeste;GO;Rio Verde;52;521880.0;52015.0;SUDOESTE I;2025-09-05;36;235647.0;71510.0;0;907;0;;;0
Centro-Oeste;GO;Rubiataba;52;521890.0;52013.0;SAO PATRICIO I;2025-09-05;36;19882.0;9131.0;0;104;0;;;0
Centro-Oeste;GO;Sanclerlândia;52;521900.0;52010.0;OESTE II;2025-09-05;36;7637.0;2087.0;0;40;0;;;0
Centro-Oeste;GO;Santa Bárbara de Goiás;52;521910.0;52001.0;CENTRAL;2025-09-05;36;6560.0;2953.0;0;30;0;;;1
Centro-Oeste;GO;Santa Cruz de Goiás;52;521920.0;52005.0;ESTRADA DE FERRO;2025-09-05;36;2855.0;804.0;0;8;0;;;0
Centro-Oeste;GO;Santa Fé de Goiás;52;521925.0;52012.0;RIO VERMELHO;2025-09-05;36;5459.0;2499.0;0;24;0;;;0
Centro-Oeste;GO;Santa Helena de Goiás;52;521930.0;52015.0;SUDOESTE I;2025-09-05;36;38648.0;7536.0;0;238;0;;;0
Centro-Oeste;GO;Santa Isabel;52;521935.0;52013.0;SAO PATRICIO I;2025-09-05;36;3809.0;939.0;0;18;0;;;0
Centro-Oeste;GO;Santa Rita do Araguaia;52;521940.0;52016.0;SUDOESTE II;2025-09-05;36;8756.0;1197.0;0;8;0;;;0
Centro-Oeste;GO;Santa Rita do Novo Destino;52;521945.0;52018.0;SAO PATRICIO II;2025-09-05;36;3343.0;581.0;0;11;0;;;0
Centro-Oeste;GO;Santa Rosa de Goiás;52;521950.0;52001.0;CENTRAL;2025-09-05;36;2319.0;1428.0;0;9;0;;;0
Centro-Oeste;GO;Santa Tereza de Goiás;52;521960.0;52008.0;NORTE;2025-09-05;36;3355.0;1296.0;0;14;0;;;0
Centro-Oeste;GO;Santa Terezinha de Goiás;52;521970.0;52013.0;SAO PATRICIO I;2025-09-05;36;8744.0;3084.0;0;39;0;;;0
Centro-Oeste;GO;Santo Antônio da Barra;52;521971.0;52015.0;SUDOESTE I;2025-09-05;36;4821.0;864.0;0;10;0;;;0
Centro-Oeste;GO;Santo Antônio de Goiás;52;521973.0;52001.0;CENTRAL;2025-09-05;36;6283.0;2981.0;0;39;0;;;1
Centro-Oeste;GO;Santo Antônio do Descoberto;52;521975.0;52004.0;ENTORNO SUL;2025-09-05;36;74744.0;7838.0;0;130;0;;;0
Centro-Oeste;GO;São Domingos;52;521980.0;52007.0;NORDESTE II;2025-09-05;36;12949.0;546.0;0;11;0;;;0
Centro-Oeste;GO;São Francisco de Goiás;52;521990.0;52001.0;CENTRAL;2025-09-05;36;6264.0;738.0;0;19;0;;;0
Centro-Oeste;GO;São João d'Aliança;52;522000.0;52003.0;ENTORNO NORTE;2025-09-05;36;13740.0;1743.0;0;30;0;;;0
Centro-Oeste;GO;São João da Paraúna;52;522005.0;52010.0;OESTE II;2025-09-05;36;1381.0;854.0;0;4;0;;;0
Centro-Oeste;GO;São Luís de Montes Belos;52;522010.0;52010.0;OESTE II;2025-09-05;36;33817.0;14787.0;0;82;0;;;0
Centro-Oeste;GO;São Luiz do Norte;52;522015.0;52013.0;SAO PATRICIO I;2025-09-05;36;5167.0;1092.0;0;22;0;;;0
Centro-Oeste;GO;São Miguel do Araguaia;52;522020.0;52008.0;NORTE;2025-09-05;36;21993.0;8006.0;0;91;0;;;0
Centro-Oeste;GO;São Miguel do Passa Quatro;52;522026.0;52002.0;CENTRO SUL;2025-09-05;36;4057.0;1711.0;0;15;0;;;0
Centro-Oeste;GO;São Patrício;52;522028.0;52013.0;SAO PATRICIO I;2025-09-05;36;2036.0;616.0;0;11;0;;;0
Centro-Oeste;GO;São Simão;52;522040.0;52015.0;SUDOESTE I;2025-09-05;36;20645.0;3869.0;0;73;0;;;0
Centro-Oeste;GO;Senador Canedo;52;522045.0;52002.0;CENTRO SUL;2025-09-05;36;115371.0;45581.0;0;482;0;;;1
Centro-Oeste;GO;Serranópolis;52;522050.0;52016.0;SUDOESTE II;2025-09-05;36;8544.0;2573.0;0;18;0;;;0
Centro-Oeste;GO;Silvânia;52;522060.0;52002.0;CENTRO SUL;2025-09-05;36;20695.0;6960.0;0;40;0;;;0
Centro-Oeste;GO;Simolândia;52;522068.0;52007.0;NORDESTE II;2025-09-05;36;6856.0;978.0;0;7;0;;;0
Centro-Oeste;GO;Sítio d'Abadia;52;522070.0;52007.0;NORDESTE II;2025-09-05;36;2989.0;274.0;0;2;0;;;0
Centro-Oeste;GO;Taquaral de Goiás;52;522100.0;52001.0;CENTRAL;2025-09-05;36;3529.0;1060.0;0;13;0;;;0
Centro-Oeste;GO;Teresina de Goiás;52;522108.0;52006.0;NORDESTE I;2025-09-05;36;3458.0;418.0;0;1;0;;;0
Centro-Oeste;GO;Terezópolis de Goiás;52;522119.0;52011.0;PIRINEUS;2025-09-05;36;8043.0;1832.0;0;29;0;;;1
Centro-Oeste;GO;Três Ranchos;52;522130.0;52005.0;ESTRADA DE FERRO;2025-09-05;36;2833.0;1088.0;0;15;0;;;0
Centro-Oeste;GO;Trindade;52;522140.0;52001.0;CENTRAL;2025-09-05;36;127599.0;39125.0;0;625;0;;;1
Centro-Oeste;GO;Trombas;52;522145.0;52008.0;NORTE;2025-09-05;36;3500.0;725.0;0;8;0;;;0
Centro-Oeste;GO;Turvânia;52;522150.0;52010.0;OESTE II;2025-09-05;36;4598.0;2509.0;0;30;0;;;0
Centro-Oeste;GO;Turvelândia;52;522155.0;52015.0;SUDOESTE I;2025-09-05;36;5281.0;1339.0;0;17;0;;;0
Centro-Oeste;GO;Uirapuru;52;522157.0;52013.0;SAO PATRICIO I;2025-09-05;36;2854.0;706.0;0;10;0;;;0
Centro-Oeste;GO;Uruaçu;52;522160.0;52014.0;SERRA DA MESA;2025-09-05;36;40532.0;14220.0;0;175;0;;;0
Centro-Oeste;GO;Uruana;52;522170.0;52013.0;SAO PATRICIO I;2025-09-05;36;13843.0;4903.0;0;53;0;;;0
Centro-Oeste;GO;Urutaí;52;522180.0;52005.0;ESTRADA DE FERRO;2025-09-05;36;3072.0;1230.0;0;8;0;;;0
Centro-Oeste;GO;Valparaíso de Goiás;52;522185.0;52004.0;ENTORNO SUL;2025-09-05;36;168468.0;37626.0;0;458;0;;;0
Centro-Oeste;GO;Varjão;52;522190.0;52002.0;CENTRO SUL;2025-09-05;36;3827.0;1255.0;0;18;0;;;0
Centro-Oeste;GO;Vianópolis;52;522200.0;52002.0;CENTRO SUL;2025-09-05;36;13863.0;5166.0;0;48;0;;;0
Centro-Oeste;GO;Vicentinópolis;52;522205.0;52002.0;CENTRO SUL;2025-09-05;36;8743.0;1932.0;0;25;0;;;0
Centro-Oeste;GO;Vila Boa;52;522220.0;52003.0;ENTORNO NORTE;2025-09-05;36;6171.0;754.0;0;4;0;;;0
Centro-Oeste;GO;Vila Propício;52;522230.0;52018.0;SAO PATRICIO II;2025-09-05;36;5821.0;1167.0;0;10;0;;;0
Centro-Oeste;DF;Brasília;53;530010.0;53001.0;DISTRITO FEDERAL;2025-09-05;36;3015268.0;965303.0;0;12051;0;;;1
