estado;ano;semanaEpi;casosNovos;obitosNovos;casosAcumulado;obitosAcumulado;populacao;data_inicio
AC;2020;9;0;0;0.0;0;881935.0;2020-02-24
AC;2020;10;0;0;0.0;0;881935.0;2020-02-24
AC;2020;11;0;0;0.0;0;881935.0;2020-03-02
AC;2020;12;9;0;9.0;0;881935.0;2020-03-09
AC;2020;13;16;0;25.0;0;881935.0;2020-03-16
AC;2020;14;21;0;46.0;0;881935.0;2020-03-23
AC;2020;15;26;2;72.0;2;881935.0;2020-03-30
AC;2020;16;70;3;142.0;5;881935.0;2020-04-06
AC;2020;17;116;6;258.0;11;881935.0;2020-04-13
AC;2020;18;295;10;553.0;21;881935.0;2020-04-20
AC;2020;19;782;18;1335.0;39;881935.0;2020-04-27
AC;2020;20;532;20;1867.0;59;881935.0;2020-05-04
AC;2020;21;2000;28;3867.0;87;881935.0;2020-05-11
AC;2020;22;2205;55;6072.0;142;881935.0;2020-05-18
AC;2020;23;1453;59;7525.0;201;881935.0;2020-05-25
AC;2020;24;2009;55;9534.0;256;881935.0;2020-06-01
AC;2020;25;1729;41;11263.0;297;881935.0;2020-06-08
AC;2020;26;1650;54;12913.0;351;881935.0;2020-06-15
AC;2020;27;1574;40;14487.0;391;881935.0;2020-06-22
AC;2020;28;1593;28;16080.0;419;881935.0;2020-06-29
AC;2020;29;1122;38;17202.0;457;881935.0;2020-07-06
AC;2020;30;1455;26;18657.0;483;881935.0;2020-07-13
AC;2020;31;1273;52;19930.0;535;881935.0;2020-07-20
AC;2020;32;1568;24;21498.0;559;881935.0;2020-07-27
AC;2020;33;1018;17;22516.0;576;881935.0;2020-08-03
AC;2020;34;1149;22;23665.0;598;881935.0;2020-08-10
AC;2020;35;936;10;24601.0;608;881935.0;2020-08-17
AC;2020;36;807;16;25408.0;624;881935.0;2020-08-24
AC;2020;37;740;13;26148.0;637;881935.0;2020-08-31
AC;2020;38;913;11;27061.0;648;881935.0;2020-09-07
AC;2020;39;798;8;27859.0;656;881935.0;2020-09-14
AC;2020;40;803;11;28662.0;667;881935.0;2020-09-21
AC;2020;41;369;7;29031.0;674;881935.0;2020-09-28
AC;2020;42;662;5;29693.0;679;881935.0;2020-10-05
AC;2020;43;524;7;30217.0;686;881935.0;2020-10-12
AC;2020;44;579;7;30796.0;693;881935.0;2020-10-19
AC;2020;45;779;6;31575.0;699;881935.0;2020-10-26
AC;2020;46;1416;9;32991.0;708;881935.0;2020-11-02
AC;2020;47;1444;5;34435.0;713;881935.0;2020-11-09
AC;2020;48;1485;10;35920.0;723;881935.0;2020-11-16
AC;2020;49;1357;9;37277.0;732;881935.0;2020-11-23
AC;2020;50;1086;17;38363.0;749;881935.0;2020-11-30
AC;2020;51;1506;9;39869.0;758;881935.0;2020-12-07
AC;2020;52;867;22;40736.0;780;881935.0;2020-12-14
AC;2020;53;884;15;41620.0;795;881935.0;2020-12-21
AC;2021;1;967;25;42908.0;823;881935.0;2020-12-28
AC;2021;2;1713;12;44621.0;835;881935.0;2021-01-04
AC;2021;3;1618;13;46239.0;848;881935.0;2021-01-11
AC;2021;4;2108;16;48347.0;864;881935.0;2021-01-18
AC;2021;5;2107;22;50454.0;886;881935.0;2021-01-25
AC;2021;6;2466;31;52920.0;917;881935.0;2021-02-01
AC;2021;7;1823;40;54743.0;957;881935.0;2021-02-08
AC;2021;8;2594;39;57337.0;996;881935.0;2021-02-15
AC;2021;9;2732;58;60069.0;1054;881935.0;2021-02-22
AC;2021;10;2263;63;62332.0;1117;881935.0;2021-03-01
AC;2021;11;2943;59;65275.0;1176;881935.0;2021-03-08
AC;2021;12;3300;53;68575.0;1229;881935.0;2021-03-15
AC;2021;13;2487;55;71062.0;1284;881935.0;2021-03-22
AC;2021;14;2213;55;73275.0;1339;881935.0;2021-03-29
AC;2021;15;2059;66;75334.0;1405;881935.0;2021-04-05
AC;2021;16;1269;71;76603.0;1476;881935.0;2021-04-12
AC;2021;17;1413;58;78016.0;1534;881935.0;2021-04-19
AC;2021;18;1260;51;79276.0;1585;881935.0;2021-04-26
AC;2021;19;1062;27;80338.0;1612;881935.0;2021-05-03
AC;2021;20;1010;21;81348.0;1633;881935.0;2021-05-10
AC;2021;21;859;24;82207.0;1657;881935.0;2021-05-17
AC;2021;22;1033;29;83240.0;1686;881935.0;2021-05-24
AC;2021;23;864;21;84104.0;1707;881935.0;2021-05-31
AC;2021;24;708;22;84812.0;1729;881935.0;2021-06-07
AC;2021;25;571;7;85383.0;1736;881935.0;2021-06-14
AC;2021;26;488;10;85871.0;1746;881935.0;2021-06-21
AC;2021;27;583;20;86454.0;1766;881935.0;2021-06-28
AC;2021;28;210;10;86664.0;1776;881935.0;2021-07-05
AC;2021;29;272;20;86936.0;1796;881935.0;2021-07-12
AC;2021;30;205;3;87141.0;1799;881935.0;2021-07-19
AC;2021;31;248;5;87389.0;1804;881935.0;2021-07-26
AC;2021;32;98;3;87487.0;1807;881935.0;2021-08-02
AC;2021;33;191;2;87678.0;1809;881935.0;2021-08-09
AC;2021;34;124;4;87802.0;1813;881935.0;2021-08-16
AC;2021;35;73;1;87875.0;1814;881935.0;2021-08-23
AC;2021;36;32;2;87907.0;1816;881935.0;2021-08-30
AC;2021;37;23;1;87930.0;1817;881935.0;2021-09-06
AC;2021;38;8;19;87938.0;1836;881935.0;2021-09-13
AC;2021;39;-12;2;87940.0;1838;881935.0;2021-09-20
AC;2021;40;18;2;87944.0;1840;881935.0;2021-09-27
AC;2021;41;61;2;88005.0;1842;881935.0;2021-10-04
AC;2021;42;19;2;88024.0;1844;881935.0;2021-10-11
AC;2021;43;26;1;88050.0;1845;881935.0;2021-10-18
AC;2021;44;16;0;88066.0;1845;881935.0;2021-10-25
AC;2021;45;38;0;88104.0;1845;881935.0;2021-11-01
AC;2021;46;30;0;88134.0;1845;881935.0;2021-11-08
AC;2021;47;69;1;88203.0;1846;881935.0;2021-11-15
AC;2021;48;25;3;88228.0;1849;881935.0;2021-11-22
AC;2021;49;44;0;88272.0;1849;881935.0;2021-11-29
AC;2021;50;57;1;88329.0;1850;881935.0;2021-12-06
AC;2021;51;44;0;88373.0;1850;881935.0;2021-12-13
AC;2021;52;11;1;88384.0;1851;881935.0;2021-12-20
AC;2021;53;321;3;41941.0;798;881935.0;2020-12-28
AC;2022;1;17;1;88403.0;1852;881935.0;2021-12-27
AC;2022;2;1232;2;89635.0;1854;881935.0;2022-01-03
AC;2022;3;3898;1;93533.0;1855;881935.0;2022-01-10
AC;2022;4;4296;11;97829.0;1866;881935.0;2022-01-17
AC;2022;5;8045;28;105874.0;1894;881935.0;2022-01-24
AC;2022;6;4556;23;110430.0;1917;881935.0;2022-01-31
AC;2022;7;5792;36;116222.0;1953;881935.0;2022-02-07
AC;2022;8;4347;16;120569.0;1969;881935.0;2022-02-14
AC;2022;9;1949;11;122518.0;1980;881935.0;2022-02-21
AC;2022;10;852;8;123370.0;1988;881935.0;2022-02-28
AC;2022;11;297;2;123667.0;1990;881935.0;2022-03-07
AC;2022;12;110;2;123777.0;1992;881935.0;2022-03-14
AC;2022;13;36;1;123813.0;1993;881935.0;2022-03-21
AC;2022;14;12;2;123825.0;1995;881935.0;2022-03-28
AC;2022;15;529;1;124354.0;1996;881935.0;2022-04-04
AC;2022;16;279;2;124633.0;1998;881935.0;2022-04-11
AC;2022;17;288;4;124921.0;2002;881935.0;2022-04-18
AC;2022;18;48;0;124969.0;2002;881935.0;2022-04-25
AC;2022;19;1;0;124970.0;2002;881935.0;2022-05-02
AC;2022;20;4;0;124974.0;2002;881935.0;2022-05-09
AC;2022;21;1;0;124975.0;2002;881935.0;2022-05-16
AC;2022;22;136;0;125111.0;2002;881935.0;2022-05-23
AC;2022;23;65;0;125176.0;2002;881935.0;2022-05-30
AC;2022;24;76;0;125252.0;2002;881935.0;2022-06-06
AC;2022;25;249;0;125501.0;2002;881935.0;2022-06-13
AC;2022;26;1403;2;126904.0;2004;881935.0;2022-06-20
AC;2022;27;3000;2;129904.0;2006;881935.0;2022-06-27
AC;2022;28;4962;3;134866.0;2009;881935.0;2022-07-04
AC;2022;29;4307;1;139173.0;2010;881935.0;2022-07-11
AC;2022;30;4008;8;143181.0;2018;881935.0;2022-07-18
AC;2022;31;2306;3;145487.0;2021;881935.0;2022-07-25
AC;2022;32;2025;4;147512.0;2025;881935.0;2022-08-01
AC;2022;33;758;2;148270.0;2027;881935.0;2022-08-08
AC;2022;34;627;0;148897.0;2027;881935.0;2022-08-15
AC;2022;35;327;0;149224.0;2027;881935.0;2022-08-22
AC;2022;36;186;0;149410.0;2027;881935.0;2022-08-29
AC;2022;37;159;2;149569.0;2029;881935.0;2022-09-05
AC;2022;38;99;0;149668.0;2029;881935.0;2022-09-12
AC;2022;39;62;0;149730.0;2029;881935.0;2022-09-19
AC;2022;40;26;0;149756.0;2029;881935.0;2022-09-26
AC;2022;41;0;0;149756.0;2029;881935.0;2022-10-03
AC;2022;42;0;0;149756.0;2029;881935.0;2022-10-10
AC;2022;43;0;0;149756.0;2029;881935.0;2022-10-17
AC;2022;44;160;0;149916.0;2029;881935.0;2022-10-24
AC;2022;45;175;0;150091.0;2029;881935.0;2022-10-31
AC;2022;46;2603;0;152694.0;2029;881935.0;2022-11-07
AC;2022;47;901;0;153595.0;2029;881935.0;2022-11-14
AC;2022;48;1076;3;154671.0;2032;881935.0;2022-11-21
AC;2022;49;1220;0;155891.0;2032;881935.0;2022-11-28
AC;2022;50;1407;3;157298.0;2035;881935.0;2022-12-05
AC;2022;51;482;1;157780.0;2036;881935.0;2022-12-12
AC;2022;52;891;4;158669.0;2040;881935.0;2021-12-27
AC;2023;1;958;1;166045.0;2067;881935.0;2022-12-26
AC;2023;2;253;0;159880.0;2041;881935.0;2023-01-02
AC;2023;3;231;0;160111.0;2041;881935.0;2023-01-09
AC;2023;4;52;0;160163.0;2041;881935.0;2023-01-16
AC;2023;5;30;2;160193.0;2043;881935.0;2023-01-23
AC;2023;6;68;0;160261.0;2043;881935.0;2023-01-30
AC;2023;7;67;0;160328.0;2043;881935.0;2023-02-06
AC;2023;8;54;0;160382.0;2043;881935.0;2023-02-13
AC;2023;9;70;0;160452.0;2043;881935.0;2023-02-20
AC;2023;10;78;0;160530.0;2043;881935.0;2023-02-27
AC;2023;11;148;1;160678.0;2044;881935.0;2023-03-06
AC;2023;12;317;0;160995.0;2044;881935.0;2023-03-13
AC;2023;13;322;0;161317.0;2044;881935.0;2023-03-20
AC;2023;14;15;1;161332.0;2045;881935.0;2023-03-27
AC;2023;15;746;0;162078.0;2045;881935.0;2023-04-03
AC;2023;16;376;2;162454.0;2047;881935.0;2023-04-10
AC;2023;17;333;4;162787.0;2051;881935.0;2023-04-17
AC;2023;18;313;3;163100.0;2054;881935.0;2023-04-24
AC;2023;19;236;0;163336.0;2054;881935.0;2023-05-01
AC;2023;20;131;2;163467.0;2056;881935.0;2023-05-08
AC;2023;21;166;2;163633.0;2058;881935.0;2023-05-15
AC;2023;22;4;0;163637.0;2058;881935.0;2023-05-22
AC;2023;23;0;0;163637.0;2058;881935.0;2023-05-29
AC;2023;24;133;0;163770.0;2058;881935.0;2023-06-05
AC;2023;25;98;4;163868.0;2062;881935.0;2023-06-12
AC;2023;26;0;0;163868.0;2062;881935.0;2023-06-19
AC;2023;27;4;0;163872.0;2062;881935.0;2023-06-26
AC;2023;28;0;0;163872.0;2062;881935.0;2023-07-03
AC;2023;29;87;1;163959.0;2063;881935.0;2023-07-10
AC;2023;30;0;0;163959.0;2063;881935.0;2023-07-17
AC;2023;31;0;0;163959.0;2063;881935.0;2023-07-24
AC;2023;32;0;0;163959.0;2063;881935.0;2023-07-31
AC;2023;33;11;0;163970.0;2063;881935.0;2023-08-07
AC;2023;34;0;0;163970.0;2063;881935.0;2023-08-14
AC;2023;35;0;0;163970.0;2063;881935.0;2023-08-21
AC;2023;36;5;0;163975.0;2063;881935.0;2023-08-28
AC;2023;37;4;1;163979.0;2064;881935.0;2023-09-04
AC;2023;38;120;0;164099.0;2064;881935.0;2023-09-11
AC;2023;39;2;0;164101.0;2064;881935.0;2023-09-18
AC;2023;40;18;0;164119.0;2064;881935.0;2023-09-25
AC;2023;41;0;0;164119.0;2064;881935.0;2023-10-02
AC;2023;42;0;0;164119.0;2064;881935.0;2023-10-09
AC;2023;43;0;0;164119.0;2064;881935.0;2023-10-16
AC;2023;44;175;0;164294.0;2064;881935.0;2023-10-23
AC;2023;45;161;0;164455.0;2064;881935.0;2023-10-30
AC;2023;46;0;0;164455.0;2064;881935.0;2023-11-06
AC;2023;47;143;2;164598.0;2066;881935.0;2023-11-13
AC;2023;48;683;1;165281.0;2067;881935.0;2023-11-20
AC;2023;49;-265;0;165281.0;2067;881935.0;2023-11-27
AC;2023;50;0;0;165016.0;2067;881935.0;2023-12-04
AC;2023;51;1029;0;166045.0;2067;881935.0;2023-12-11
AC;2023;52;0;0;166045.0;2067;881935.0;2023-12-18
AC;2024;1;1485;3;169893.0;2085;881935.0;2024-01-01
AC;2024;2;170;0;167700.0;2070;881935.0;2024-01-01
AC;2024;3;312;5;168012.0;2075;881935.0;2024-01-08
AC;2024;4;0;0;168012.0;2075;881935.0;2024-01-15
AC;2024;5;0;0;168012.0;2075;881935.0;2024-01-22
AC;2024;6;0;0;168012.0;2075;881935.0;2024-01-29
AC;2024;7;328;0;168340.0;2075;881935.0;2024-02-05
AC;2024;8;134;3;168474.0;2078;881935.0;2024-02-12
AC;2024;9;0;0;168474.0;2078;881935.0;2024-02-19
AC;2024;10;187;1;168661.0;2079;881935.0;2024-02-26
AC;2024;11;0;0;168661.0;2079;881935.0;2024-03-04
AC;2024;12;124;0;168785.0;2079;881935.0;2024-03-11
AC;2024;13;0;0;168785.0;2079;881935.0;2024-03-18
AC;2024;14;0;0;168785.0;2079;881935.0;2024-03-25
AC;2024;15;75;0;168860.0;2079;881935.0;2024-04-01
AC;2024;16;0;0;168860.0;2079;881935.0;2024-04-08
AC;2024;17;72;0;168932.0;2079;881935.0;2024-04-15
AC;2024;18;13;0;168945.0;2079;881935.0;2024-04-22
AC;2024;19;8;1;168953.0;2080;881935.0;2024-04-29
AC;2024;20;7;0;168960.0;2080;881935.0;2024-05-06
AC;2024;21;17;0;168977.0;2080;881935.0;2024-05-13
AC;2024;22;22;0;168999.0;2080;881935.0;2024-05-20
AC;2024;23;17;0;169016.0;2080;881935.0;2024-05-27
AC;2024;24;0;0;169016.0;2080;881935.0;2024-06-03
AC;2024;25;126;1;169142.0;2081;881935.0;2024-06-10
AC;2024;26;0;0;169142.0;2081;881935.0;2024-06-17
AC;2024;27;68;0;169210.0;2081;881935.0;2024-06-24
AC;2024;28;37;0;169247.0;2081;881935.0;2024-07-01
AC;2024;29;30;0;169277.0;2081;881935.0;2024-07-08
AC;2024;30;0;0;169277.0;2081;881935.0;2024-07-15
AC;2024;31;61;2;169338.0;2083;881935.0;2024-07-22
AC;2024;32;26;0;169364.0;2083;881935.0;2024-07-29
AC;2024;33;46;0;169410.0;2083;881935.0;2024-08-05
AC;2024;34;56;0;169466.0;2083;881935.0;2024-08-12
AC;2024;35;0;0;169466.0;2083;881935.0;2024-08-19
AC;2024;36;73;0;169539.0;2083;881935.0;2024-08-26
AC;2024;37;38;0;169577.0;2083;881935.0;2024-09-02
AC;2024;38;25;0;169602.0;2083;881935.0;2024-09-09
AC;2024;39;12;0;169614.0;2083;881935.0;2024-09-16
AC;2024;40;1;0;169615.0;2083;881935.0;2024-09-23
AC;2024;41;-1;0;169615.0;2083;881935.0;2024-09-30
AC;2024;42;8;0;169622.0;2083;881935.0;2024-10-07
AC;2024;43;3;0;169625.0;2083;881935.0;2024-10-14
AC;2024;44;0;0;169625.0;2083;881935.0;2024-10-21
AC;2024;45;13;0;169638.0;2083;881935.0;2024-10-28
AC;2024;46;10;0;169648.0;2083;881935.0;2024-11-04
AC;2024;47;8;0;169656.0;2083;881935.0;2024-11-11
AC;2024;48;29;0;169685.0;2083;881935.0;2024-11-18
AC;2024;49;26;0;169711.0;2083;881935.0;2024-11-25
AC;2024;50;182;2;169893.0;2085;881935.0;2024-12-02
AC;2024;51;0;0;169893.0;2085;881935.0;2024-12-09
AC;2024;52;0;0;169893.0;2085;881935.0;2024-12-16
AC;2025;1;0;0;169893.0;2085;881935.0;2024-12-30
AC;2025;2;0;0;169893.0;2085;881935.0;2024-12-30
AC;2025;3;0;0;169893.0;2085;881935.0;2025-01-06
AC;2025;4;3860;13;173753.0;2098;881935.0;2025-01-13
AC;2025;5;382;3;174135.0;2101;881935.0;2025-01-20
AC;2025;6;246;2;174381.0;2103;881935.0;2025-01-27
AC;2025;7;0;0;174381.0;2103;881935.0;2025-02-03
AC;2025;8;0;0;174381.0;2103;881935.0;2025-02-10
AC;2025;9;0;0;174381.0;2103;881935.0;2025-02-17
AC;2025;10;0;0;174381.0;2103;881935.0;2025-02-24
AC;2025;11;0;0;174381.0;2103;881935.0;2025-03-03
AC;2025;12;306;0;174687.0;2103;881935.0;2025-03-10
AC;2025;13;11;0;174698.0;2103;881935.0;2025-03-17
AC;2025;14;0;0;174698.0;2103;881935.0;2025-03-24
AC;2025;15;21;11;174719.0;2114;881935.0;2025-03-31
AC;2025;16;0;0;174719.0;2114;881935.0;2025-04-07
AC;2025;17;21;1;174740.0;2115;881935.0;2025-04-14
AC;2025;18;0;0;174740.0;2115;881935.0;2025-04-21
AC;2025;19;0;0;174740.0;2115;881935.0;2025-04-28
AC;2025;20;0;0;174740.0;2115;881935.0;2025-05-05
AC;2025;21;29;0;174769.0;2115;881935.0;2025-05-12
AC;2025;22;0;0;174769.0;2115;881935.0;2025-05-19
AC;2025;23;0;0;174769.0;2115;881935.0;2025-05-26
AC;2025;24;0;0;174769.0;2115;881935.0;2025-06-02
AC;2025;25;62;0;174831.0;2115;881935.0;2025-06-09
AC;2025;26;0;0;174831.0;2115;881935.0;2025-06-16
AC;2025;27;19;1;174850.0;2116;881935.0;2025-06-23
AC;2025;28;0;0;174850.0;2116;881935.0;2025-06-30
AC;2025;29;23;2;174873.0;2118;881935.0;2025-07-07
AC;2025;30;0;0;174873.0;2118;881935.0;2025-07-14
AC;2025;31;0;0;174873.0;2118;881935.0;2025-07-21
AC;2025;32;25;0;174898.0;2118;881935.0;2025-07-28
AC;2025;33;0;0;174898.0;2118;881935.0;2025-08-04
AC;2025;34;0;0;174898.0;2118;881935.0;2025-08-11
AC;2025;35;79;0;174977.0;2118;881935.0;2025-08-18
AC;2025;36;0;0;174977.0;2118;881935.0;2025-08-25
AL;2020;9;0;0;0.0;0;3337357.0;2020-02-24
AL;2020;10;0;0;0.0;0;3337357.0;2020-02-24
AL;2020;11;1;0;1.0;0;3337357.0;2020-03-02
AL;2020;12;6;0;7.0;0;3337357.0;2020-03-09
AL;2020;13;7;0;14.0;0;3337357.0;2020-03-16
AL;2020;14;13;2;23.0;2;3337357.0;2020-03-23
AL;2020;15;28;2;48.0;3;3337357.0;2020-03-30
AL;2020;16;85;5;132.0;7;3337357.0;2020-04-06
AL;2020;17;371;22;501.0;29;3337357.0;2020-04-13
AL;2020;18;873;29;1372.0;58;3337357.0;2020-04-20
AL;2020;19;800;56;2172.0;114;3337357.0;2020-04-27
AL;2020;20;1431;86;3593.0;199;3337357.0;2020-05-04
AL;2020;21;2047;102;5630.0;301;3337357.0;2020-05-11
AL;2020;22;3611;123;9223.0;424;3337357.0;2020-05-18
AL;2020;23;5607;159;14818.0;582;3337357.0;2020-05-25
AL;2020;24;6087;142;20887.0;723;3337357.0;2020-06-01
AL;2020;25;6819;144;27698.0;866;3337357.0;2020-06-08
AL;2020;26;5833;128;33521.0;993;3337357.0;2020-06-15
AL;2020;27;5751;141;39255.0;1134;3337357.0;2020-06-22
AL;2020;28;5384;130;44633.0;1264;3337357.0;2020-06-29
AL;2020;29;4958;117;49583.0;1381;3337357.0;2020-07-06
AL;2020;30;5154;105;54730.0;1486;3337357.0;2020-07-13
AL;2020;31;6287;96;60992.0;1581;3337357.0;2020-07-20
AL;2020;32;5780;84;66748.0;1665;3337357.0;2020-07-27
AL;2020;33;5332;77;72076.0;1742;3337357.0;2020-08-03
AL;2020;34;3401;68;75470.0;1810;3337357.0;2020-08-10
AL;2020;35;3014;60;78483.0;1870;3337357.0;2020-08-17
AL;2020;36;1982;54;80462.0;1924;3337357.0;2020-08-24
AL;2020;37;1374;48;82028.0;1972;3337357.0;2020-08-31
AL;2020;38;1922;42;83950.0;2014;3337357.0;2020-09-07
AL;2020;39;2174;38;86124.0;2052;3337357.0;2020-09-14
AL;2020;40;1804;39;87928.0;2091;3337357.0;2020-09-21
AL;2020;41;862;41;88790.0;2132;3337357.0;2020-09-28
AL;2020;42;575;40;89365.0;2172;3337357.0;2020-10-05
AL;2020;43;759;34;90124.0;2206;3337357.0;2020-10-12
AL;2020;44;665;32;90789.0;2238;3337357.0;2020-10-19
AL;2020;45;814;28;91603.0;2266;3337357.0;2020-10-26
AL;2020;46;877;25;92480.0;2291;3337357.0;2020-11-02
AL;2020;47;879;23;93359.0;2314;3337357.0;2020-11-09
AL;2020;48;1254;20;94613.0;2334;3337357.0;2020-11-16
AL;2020;49;1687;17;96300.0;2351;3337357.0;2020-11-23
AL;2020;50;1877;21;98177.0;2372;3337357.0;2020-11-30
AL;2020;51;2801;32;100978.0;2404;3337357.0;2020-12-07
AL;2020;52;2147;50;103125.0;2454;3337357.0;2020-12-14
AL;2020;53;1693;35;104818.0;2489;3337357.0;2020-12-21
AL;2021;1;2748;51;108109.0;2553;3337357.0;2020-12-28
AL;2021;2;2859;58;110968.0;2611;3337357.0;2021-01-04
AL;2021;3;2694;63;113662.0;2674;3337357.0;2021-01-11
AL;2021;4;3625;63;117287.0;2737;3337357.0;2021-01-18
AL;2021;5;3168;60;120455.0;2797;3337357.0;2021-01-25
AL;2021;6;3170;59;123625.0;2856;3337357.0;2021-02-01
AL;2021;7;4218;67;127843.0;2923;3337357.0;2021-02-08
AL;2021;8;3218;61;131066.0;2989;3337357.0;2021-02-15
AL;2021;9;3882;83;134949.0;3073;3337357.0;2021-02-22
AL;2021;10;4696;109;139645.0;3182;3337357.0;2021-03-01
AL;2021;11;6751;134;146396.0;3316;3337357.0;2021-03-08
AL;2021;12;4694;151;151090.0;3467;3337357.0;2021-03-15
AL;2021;13;4720;153;155810.0;3620;3337357.0;2021-03-22
AL;2021;14;4315;160;160125.0;3780;3337357.0;2021-03-29
AL;2021;15;5336;164;165461.0;3944;3337357.0;2021-04-05
AL;2021;16;4675;150;170138.0;4096;3337357.0;2021-04-12
AL;2021;17;4338;144;174476.0;4240;3337357.0;2021-04-19
AL;2021;18;4437;124;178913.0;4364;3337357.0;2021-04-26
AL;2021;19;4790;114;183703.0;4478;3337357.0;2021-05-03
AL;2021;20;4359;111;188062.0;4589;3337357.0;2021-05-10
AL;2021;21;4162;126;192224.0;4715;3337357.0;2021-05-17
AL;2021;22;4359;124;196583.0;4839;3337357.0;2021-05-24
AL;2021;23;5909;145;202492.0;4984;3337357.0;2021-05-31
AL;2021;24;5871;130;208363.0;5114;3337357.0;2021-06-07
AL;2021;25;5367;146;213730.0;5260;3337357.0;2021-06-14
AL;2021;26;4890;139;218620.0;5399;3337357.0;2021-06-21
AL;2021;27;4507;115;223127.0;5514;3337357.0;2021-06-28
AL;2021;28;2473;112;225600.0;5626;3337357.0;2021-07-05
AL;2021;29;2300;98;227900.0;5724;3337357.0;2021-07-12
AL;2021;30;2060;85;229960.0;5809;3337357.0;2021-07-19
AL;2021;31;1699;77;231659.0;5886;3337357.0;2021-07-26
AL;2021;32;976;64;232635.0;5950;3337357.0;2021-08-02
AL;2021;33;1251;56;233886.0;6006;3337357.0;2021-08-09
AL;2021;34;1605;48;235491.0;6054;3337357.0;2021-08-16
AL;2021;35;932;42;236423.0;6096;3337357.0;2021-08-23
AL;2021;36;696;35;237119.0;6131;3337357.0;2021-08-30
AL;2021;37;502;34;237621.0;6165;3337357.0;2021-09-06
AL;2021;38;323;28;237944.0;6193;3337357.0;2021-09-13
AL;2021;39;326;27;238270.0;6220;3337357.0;2021-09-20
AL;2021;40;557;18;238827.0;6238;3337357.0;2021-09-27
AL;2021;41;388;18;239215.0;6256;3337357.0;2021-10-04
AL;2021;42;424;20;239639.0;6276;3337357.0;2021-10-11
AL;2021;43;423;14;240062.0;6290;3337357.0;2021-10-18
AL;2021;44;438;14;240500.0;6304;3337357.0;2021-10-25
AL;2021;45;346;14;240846.0;6318;3337357.0;2021-11-01
AL;2021;46;298;14;241144.0;6332;3337357.0;2021-11-08
AL;2021;47;265;14;241409.0;6346;3337357.0;2021-11-15
AL;2021;48;190;12;241599.0;6358;3337357.0;2021-11-22
AL;2021;49;201;11;241800.0;6369;3337357.0;2021-11-29
AL;2021;50;92;8;241892.0;6377;3337357.0;2021-12-06
AL;2021;51;61;5;241953.0;6382;3337357.0;2021-12-13
AL;2021;52;127;1;242080.0;6383;3337357.0;2021-12-20
AL;2021;53;543;13;105361.0;2502;3337357.0;2020-12-28
AL;2022;1;661;3;242752.0;6386;3337357.0;2021-12-27
AL;2022;2;2302;5;245054.0;6391;3337357.0;2022-01-03
AL;2022;3;4213;14;249267.0;6405;3337357.0;2022-01-10
AL;2022;4;7869;26;257136.0;6431;3337357.0;2022-01-17
AL;2022;5;11360;35;268496.0;6466;3337357.0;2022-01-24
AL;2022;6;12262;51;280758.0;6517;3337357.0;2022-01-31
AL;2022;7;7735;70;288493.0;6587;3337357.0;2022-02-07
AL;2022;8;2075;79;290568.0;6666;3337357.0;2022-02-14
AL;2022;9;2679;71;293247.0;6737;3337357.0;2022-02-21
AL;2022;10;934;58;294181.0;6795;3337357.0;2022-02-28
AL;2022;11;1133;46;295314.0;6841;3337357.0;2022-03-07
AL;2022;12;658;28;295972.0;6869;3337357.0;2022-03-14
AL;2022;13;276;19;296248.0;6888;3337357.0;2022-03-21
AL;2022;14;763;15;297011.0;6903;3337357.0;2022-03-28
AL;2022;15;186;11;297197.0;6914;3337357.0;2022-04-04
AL;2022;16;428;7;297625.0;6921;3337357.0;2022-04-11
AL;2022;17;347;5;297972.0;6926;3337357.0;2022-04-18
AL;2022;18;381;7;298353.0;6933;3337357.0;2022-04-25
AL;2022;19;220;3;298573.0;6936;3337357.0;2022-05-02
AL;2022;20;107;0;298680.0;6936;3337357.0;2022-05-09
AL;2022;21;380;0;299060.0;6936;3337357.0;2022-05-16
AL;2022;22;451;0;299511.0;6936;3337357.0;2022-05-23
AL;2022;23;463;0;299974.0;6936;3337357.0;2022-05-30
AL;2022;24;912;3;300886.0;6939;3337357.0;2022-06-06
AL;2022;25;2012;5;302898.0;6944;3337357.0;2022-06-13
AL;2022;26;3436;14;306334.0;6958;3337357.0;2022-06-20
AL;2022;27;5130;25;311464.0;6983;3337357.0;2022-06-27
AL;2022;28;3266;30;314730.0;7013;3337357.0;2022-07-04
AL;2022;29;2117;35;316847.0;7048;3337357.0;2022-07-11
AL;2022;30;975;20;317822.0;7068;3337357.0;2022-07-18
AL;2022;31;1237;20;319059.0;7088;3337357.0;2022-07-25
AL;2022;32;311;8;319370.0;7096;3337357.0;2022-08-01
AL;2022;33;309;12;319679.0;7108;3337357.0;2022-08-08
AL;2022;34;336;7;320015.0;7115;3337357.0;2022-08-15
AL;2022;35;435;2;320450.0;7117;3337357.0;2022-08-22
AL;2022;36;181;1;320631.0;7118;3337357.0;2022-08-29
AL;2022;37;200;3;320831.0;7121;3337357.0;2022-09-05
AL;2022;38;146;0;320977.0;7121;3337357.0;2022-09-12
AL;2022;39;138;3;321115.0;7124;3337357.0;2022-09-19
AL;2022;40;104;1;321219.0;7125;3337357.0;2022-09-26
AL;2022;41;101;3;321320.0;7128;3337357.0;2022-10-03
AL;2022;42;79;0;321399.0;7128;3337357.0;2022-10-10
AL;2022;43;117;0;321516.0;7128;3337357.0;2022-10-17
AL;2022;44;73;1;321589.0;7129;3337357.0;2022-10-24
AL;2022;45;149;4;321738.0;7133;3337357.0;2022-10-31
AL;2022;46;643;3;322381.0;7136;3337357.0;2022-11-07
AL;2022;47;1105;1;323486.0;7137;3337357.0;2022-11-14
AL;2022;48;2329;8;325815.0;7145;3337357.0;2022-11-21
AL;2022;49;2300;11;328115.0;7156;3337357.0;2022-11-28
AL;2022;50;4281;20;332396.0;7176;3337357.0;2022-12-05
AL;2022;51;1457;9;333853.0;7185;3337357.0;2022-12-12
AL;2022;52;1334;11;335176.0;7196;3337357.0;2021-12-27
AL;2023;1;676;17;343586.0;7317;3337357.0;2022-12-26
AL;2023;2;468;14;336320.0;7227;3337357.0;2023-01-02
AL;2023;3;491;3;336811.0;7230;3337357.0;2023-01-09
AL;2023;4;161;4;336972.0;7234;3337357.0;2023-01-16
AL;2023;5;131;4;337103.0;7238;3337357.0;2023-01-23
AL;2023;6;73;3;337176.0;7241;3337357.0;2023-01-30
AL;2023;7;156;1;337332.0;7242;3337357.0;2023-02-06
AL;2023;8;82;0;337414.0;7242;3337357.0;2023-02-13
AL;2023;9;154;0;337568.0;7242;3337357.0;2023-02-20
AL;2023;10;206;6;337774.0;7248;3337357.0;2023-02-27
AL;2023;11;174;0;337948.0;7248;3337357.0;2023-03-06
AL;2023;12;85;2;338033.0;7250;3337357.0;2023-03-13
AL;2023;13;132;2;338165.0;7252;3337357.0;2023-03-20
AL;2023;14;167;0;338332.0;7252;3337357.0;2023-03-27
AL;2023;15;116;3;338448.0;7255;3337357.0;2023-04-03
AL;2023;16;179;1;338627.0;7256;3337357.0;2023-04-10
AL;2023;17;131;4;338758.0;7260;3337357.0;2023-04-17
AL;2023;18;141;5;338899.0;7265;3337357.0;2023-04-24
AL;2023;19;297;3;339196.0;7268;3337357.0;2023-05-01
AL;2023;20;184;1;339380.0;7269;3337357.0;2023-05-08
AL;2023;21;224;3;339604.0;7272;3337357.0;2023-05-15
AL;2023;22;179;2;339783.0;7274;3337357.0;2023-05-22
AL;2023;23;262;5;340045.0;7279;3337357.0;2023-05-29
AL;2023;24;175;3;340220.0;7282;3337357.0;2023-06-05
AL;2023;25;134;8;340354.0;7290;3337357.0;2023-06-12
AL;2023;26;85;4;340439.0;7294;3337357.0;2023-06-19
AL;2023;27;125;2;340564.0;7296;3337357.0;2023-06-26
AL;2023;28;124;2;340688.0;7298;3337357.0;2023-07-03
AL;2023;29;88;2;340776.0;7300;3337357.0;2023-07-10
AL;2023;30;58;0;340834.0;7300;3337357.0;2023-07-17
AL;2023;31;19;0;340853.0;7300;3337357.0;2023-07-24
AL;2023;32;16;1;340869.0;7301;3337357.0;2023-07-31
AL;2023;33;10;0;340879.0;7301;3337357.0;2023-08-07
AL;2023;34;12;1;340891.0;7302;3337357.0;2023-08-14
AL;2023;35;5;0;340896.0;7302;3337357.0;2023-08-21
AL;2023;36;7;0;340903.0;7302;3337357.0;2023-08-28
AL;2023;37;17;0;340920.0;7302;3337357.0;2023-09-04
AL;2023;38;9;0;340929.0;7302;3337357.0;2023-09-11
AL;2023;39;16;1;340945.0;7303;3337357.0;2023-09-18
AL;2023;40;6;0;340951.0;7303;3337357.0;2023-09-25
AL;2023;41;2;0;340953.0;7303;3337357.0;2023-10-02
AL;2023;42;11;0;340964.0;7303;3337357.0;2023-10-09
AL;2023;43;18;0;340982.0;7303;3337357.0;2023-10-16
AL;2023;44;15;0;340997.0;7303;3337357.0;2023-10-23
AL;2023;45;25;0;341022.0;7303;3337357.0;2023-10-30
AL;2023;46;50;1;341072.0;7304;3337357.0;2023-11-06
AL;2023;47;111;0;341183.0;7304;3337357.0;2023-11-13
AL;2023;48;199;1;341382.0;7305;3337357.0;2023-11-20
AL;2023;49;237;2;341619.0;7307;3337357.0;2023-11-27
AL;2023;50;331;5;341950.0;7312;3337357.0;2023-12-04
AL;2023;51;839;1;342789.0;7313;3337357.0;2023-12-11
AL;2023;52;797;4;343586.0;7317;3337357.0;2023-12-18
AL;2024;1;859;1;348970.0;7355;3337357.0;2024-01-01
AL;2024;2;801;1;345246.0;7319;3337357.0;2024-01-01
AL;2024;3;504;4;345750.0;7323;3337357.0;2024-01-08
AL;2024;4;304;3;346054.0;7326;3337357.0;2024-01-15
AL;2024;5;222;4;346276.0;7330;3337357.0;2024-01-22
AL;2024;6;145;1;346421.0;7331;3337357.0;2024-01-29
AL;2024;7;45;1;346466.0;7332;3337357.0;2024-02-05
AL;2024;8;174;2;346640.0;7334;3337357.0;2024-02-12
AL;2024;9;66;2;346706.0;7336;3337357.0;2024-02-19
AL;2024;10;83;1;346789.0;7337;3337357.0;2024-02-26
AL;2024;11;28;0;346817.0;7337;3337357.0;2024-03-04
AL;2024;12;19;3;346836.0;7340;3337357.0;2024-03-11
AL;2024;13;69;0;346905.0;7340;3337357.0;2024-03-18
AL;2024;14;35;1;346940.0;7341;3337357.0;2024-03-25
AL;2024;15;7;0;346947.0;7341;3337357.0;2024-04-01
AL;2024;16;11;2;346958.0;7343;3337357.0;2024-04-08
AL;2024;17;81;1;347039.0;7344;3337357.0;2024-04-15
AL;2024;18;19;0;347058.0;7344;3337357.0;2024-04-22
AL;2024;19;28;0;347086.0;7344;3337357.0;2024-04-29
AL;2024;20;12;0;347098.0;7344;3337357.0;2024-05-06
AL;2024;21;246;0;347344.0;7344;3337357.0;2024-05-13
AL;2024;22;369;0;347713.0;7344;3337357.0;2024-05-20
AL;2024;23;475;0;348188.0;7344;3337357.0;2024-05-27
AL;2024;24;43;0;348231.0;7344;3337357.0;2024-06-03
AL;2024;25;21;0;348252.0;7344;3337357.0;2024-06-10
AL;2024;26;14;0;348266.0;7344;3337357.0;2024-06-17
AL;2024;27;21;0;348287.0;7344;3337357.0;2024-06-24
AL;2024;28;24;0;348311.0;7344;3337357.0;2024-07-01
AL;2024;29;30;0;348341.0;7344;3337357.0;2024-07-08
AL;2024;30;36;3;348377.0;7347;3337357.0;2024-07-15
AL;2024;31;0;0;348377.0;7347;3337357.0;2024-07-22
AL;2024;32;67;4;348444.0;7351;3337357.0;2024-07-29
AL;2024;33;30;1;348474.0;7352;3337357.0;2024-08-05
AL;2024;34;13;0;348487.0;7352;3337357.0;2024-08-12
AL;2024;35;12;1;348499.0;7353;3337357.0;2024-08-19
AL;2024;36;17;0;348516.0;7353;3337357.0;2024-08-26
AL;2024;37;17;1;348533.0;7354;3337357.0;2024-09-02
AL;2024;38;29;0;348562.0;7354;3337357.0;2024-09-09
AL;2024;39;27;0;348589.0;7354;3337357.0;2024-09-16
AL;2024;40;19;0;348608.0;7354;3337357.0;2024-09-23
AL;2024;41;12;0;348620.0;7354;3337357.0;2024-09-30
AL;2024;42;32;1;348652.0;7355;3337357.0;2024-10-07
AL;2024;43;39;0;348691.0;7355;3337357.0;2024-10-14
AL;2024;44;10;0;348701.0;7355;3337357.0;2024-10-21
AL;2024;45;27;0;348728.0;7355;3337357.0;2024-10-28
AL;2024;46;1;0;348729.0;7355;3337357.0;2024-11-04
AL;2024;47;0;0;348729.0;7355;3337357.0;2024-11-11
AL;2024;48;18;0;348747.0;7355;3337357.0;2024-11-18
AL;2024;49;53;0;348800.0;7355;3337357.0;2024-11-25
AL;2024;50;74;0;348874.0;7355;3337357.0;2024-12-02
AL;2024;51;96;0;348970.0;7355;3337357.0;2024-12-09
AL;2024;52;0;0;348970.0;7355;3337357.0;2024-12-16
AL;2025;1;237;1;349207.0;7356;3337357.0;2024-12-30
AL;2025;2;128;0;349335.0;7356;3337357.0;2024-12-30
AL;2025;3;143;0;349478.0;7356;3337357.0;2025-01-06
AL;2025;4;157;0;349635.0;7356;3337357.0;2025-01-13
AL;2025;5;382;0;350017.0;7356;3337357.0;2025-01-20
AL;2025;6;90;6;350107.0;7362;3337357.0;2025-01-27
AL;2025;7;201;0;350308.0;7362;3337357.0;2025-02-03
AL;2025;8;138;0;350446.0;7362;3337357.0;2025-02-10
AL;2025;9;130;0;350576.0;7362;3337357.0;2025-02-17
AL;2025;10;32;6;350608.0;7368;3337357.0;2025-02-24
AL;2025;11;0;0;350608.0;7368;3337357.0;2025-03-03
AL;2025;12;124;0;350732.0;7368;3337357.0;2025-03-10
AL;2025;13;40;0;350772.0;7368;3337357.0;2025-03-17
AL;2025;14;-31;5;350772.0;7373;3337357.0;2025-03-24
AL;2025;15;26;1;350767.0;7374;3337357.0;2025-03-31
AL;2025;16;-5;2;350767.0;7376;3337357.0;2025-04-07
AL;2025;17;6;-1;350768.0;7376;3337357.0;2025-04-14
AL;2025;18;7;0;350775.0;7375;3337357.0;2025-04-21
AL;2025;19;161;0;350936.0;7375;3337357.0;2025-04-28
AL;2025;20;-6;1;350936.0;7376;3337357.0;2025-05-05
AL;2025;21;1;0;350931.0;7376;3337357.0;2025-05-12
AL;2025;22;4;0;350935.0;7376;3337357.0;2025-05-19
AL;2025;23;-51;0;350935.0;7376;3337357.0;2025-05-26
AL;2025;24;18;0;350902.0;7376;3337357.0;2025-06-02
AL;2025;25;1;0;350903.0;7376;3337357.0;2025-06-09
AL;2025;26;6;2;350909.0;7378;3337357.0;2025-06-16
AL;2025;27;79;0;350988.0;7378;3337357.0;2025-06-23
AL;2025;28;10;0;350998.0;7378;3337357.0;2025-06-30
AL;2025;29;-3;-1;350998.0;7378;3337357.0;2025-07-07
AL;2025;30;11;1;351006.0;7378;3337357.0;2025-07-14
AL;2025;31;11;0;351017.0;7378;3337357.0;2025-07-21
AL;2025;32;8;2;351025.0;7380;3337357.0;2025-07-28
AL;2025;33;32;0;351057.0;7380;3337357.0;2025-08-04
AL;2025;34;37;0;351094.0;7380;3337357.0;2025-08-11
AL;2025;35;25;0;351119.0;7380;3337357.0;2025-08-18
AL;2025;36;0;0;351119.0;7380;3337357.0;2025-08-25
AM;2020;9;0;0;0.0;0;4144597.0;2020-02-24
AM;2020;10;0;0;0.0;0;4144597.0;2020-02-24
AM;2020;11;0;0;0.0;0;4144597.0;2020-03-02
AM;2020;12;11;0;11.0;0;4144597.0;2020-03-09
AM;2020;13;100;1;111.0;1;4144597.0;2020-03-16
AM;2020;14;200;11;311.0;12;4144597.0;2020-03-23
AM;2020;15;739;41;1050.0;53;4144597.0;2020-03-30
AM;2020;16;847;108;1897.0;161;4144597.0;2020-04-06
AM;2020;17;1738;126;3635.0;287;4144597.0;2020-04-13
AM;2020;18;2427;214;6062.0;501;4144597.0;2020-04-20
AM;2020;19;5863;461;11925.0;962;4144597.0;2020-04-27
AM;2020;20;7752;413;19677.0;1375;4144597.0;2020-05-04
AM;2020;21;9125;369;28802.0;1744;4144597.0;2020-05-11
AM;2020;22;11758;303;40560.0;2047;4144597.0;2020-05-18
AM;2020;23;8225;185;48785.0;2232;4144597.0;2020-05-25
AM;2020;24;7241;233;56026.0;2465;4144597.0;2020-06-01
AM;2020;25;6876;185;62902.0;2650;4144597.0;2020-06-08
AM;2020;26;6120;122;69022.0;2772;4144597.0;2020-06-15
AM;2020;27;6923;146;75945.0;2918;4144597.0;2020-06-22
AM;2020;28;7285;105;83230.0;3023;4144597.0;2020-06-29
AM;2020;29;7304;106;90534.0;3129;4144597.0;2020-07-06
AM;2020;30;5560;81;96094.0;3210;4144597.0;2020-07-13
AM;2020;31;5683;68;101777.0;3278;4144597.0;2020-07-20
AM;2020;32;4651;86;106428.0;3364;4144597.0;2020-07-27
AM;2020;33;4813;99;111241.0;3463;4144597.0;2020-08-03
AM;2020;34;4128;94;115369.0;3557;4144597.0;2020-08-10
AM;2020;35;4490;77;119859.0;3634;4144597.0;2020-08-17
AM;2020;36;3867;207;123726.0;3841;4144597.0;2020-08-24
AM;2020;37;3213;47;126939.0;3888;4144597.0;2020-08-31
AM;2020;38;4634;68;131573.0;3956;4144597.0;2020-09-07
AM;2020;39;4596;66;136169.0;4022;4144597.0;2020-09-14
AM;2020;40;5968;147;142137.0;4169;4144597.0;2020-09-21
AM;2020;41;4901;66;147038.0;4235;4144597.0;2020-09-28
AM;2020;42;4148;90;151186.0;4325;4144597.0;2020-10-05
AM;2020;43;5789;108;156975.0;4433;4144597.0;2020-10-12
AM;2020;44;4708;110;161683.0;4543;4144597.0;2020-10-19
AM;2020;45;3711;79;165394.0;4622;4144597.0;2020-10-26
AM;2020;46;3771;71;169165.0;4693;4144597.0;2020-11-02
AM;2020;47;4181;78;173346.0;4771;4144597.0;2020-11-09
AM;2020;48;4454;105;177800.0;4876;4144597.0;2020-11-16
AM;2020;49;4537;70;182337.0;4946;4144597.0;2020-11-23
AM;2020;50;3937;52;186274.0;4998;4144597.0;2020-11-30
AM;2020;51;5400;78;191674.0;5076;4144597.0;2020-12-07
AM;2020;52;4333;97;196007.0;5173;4144597.0;2020-12-14
AM;2020;53;5006;112;201013.0;5285;4144597.0;2020-12-21
AM;2021;1;11129;344;212996.0;5669;4144597.0;2020-12-28
AM;2021;2;16371;454;229367.0;6123;4144597.0;2021-01-04
AM;2021;3;19194;928;248561.0;7051;4144597.0;2021-01-11
AM;2021;4;17433;967;265994.0;8018;4144597.0;2021-01-18
AM;2021;5;15760;916;281754.0;8934;4144597.0;2021-01-25
AM;2021;6;12568;885;294322.0;9819;4144597.0;2021-02-01
AM;2021;7;10928;590;305250.0;10409;4144597.0;2021-02-08
AM;2021;8;10349;422;315599.0;10831;4144597.0;2021-02-15
AM;2021;9;8011;409;323610.0;11240;4144597.0;2021-02-22
AM;2021;10;7562;276;331172.0;11516;4144597.0;2021-03-01
AM;2021;11;7204;259;338376.0;11775;4144597.0;2021-03-08
AM;2021;12;6960;164;345336.0;11939;4144597.0;2021-03-15
AM;2021;13;6528;122;351864.0;12061;4144597.0;2021-03-22
AM;2021;14;6032;184;357896.0;12245;4144597.0;2021-03-29
AM;2021;15;5206;117;363102.0;12362;4144597.0;2021-04-05
AM;2021;16;4240;144;367342.0;12506;4144597.0;2021-04-12
AM;2021;17;3964;130;371306.0;12636;4144597.0;2021-04-19
AM;2021;18;3766;88;375072.0;12724;4144597.0;2021-04-26
AM;2021;19;3573;100;378645.0;12824;4144597.0;2021-05-03
AM;2021;20;3505;91;382150.0;12915;4144597.0;2021-05-10
AM;2021;21;3678;57;385828.0;12972;4144597.0;2021-05-17
AM;2021;22;3372;78;389200.0;13050;4144597.0;2021-05-24
AM;2021;23;3978;86;393178.0;13136;4144597.0;2021-05-31
AM;2021;24;3729;78;396907.0;13214;4144597.0;2021-06-07
AM;2021;25;3626;53;400533.0;13267;4144597.0;2021-06-14
AM;2021;26;3288;70;403821.0;13337;4144597.0;2021-06-21
AM;2021;27;3699;41;407520.0;13378;4144597.0;2021-06-28
AM;2021;28;3362;51;410882.0;13429;4144597.0;2021-07-05
AM;2021;29;2971;48;413853.0;13477;4144597.0;2021-07-12
AM;2021;30;2859;50;416712.0;13527;4144597.0;2021-07-19
AM;2021;31;2582;50;419294.0;13577;4144597.0;2021-07-26
AM;2021;32;2140;48;421434.0;13625;4144597.0;2021-08-02
AM;2021;33;1434;26;422868.0;13651;4144597.0;2021-08-09
AM;2021;34;1090;26;423958.0;13677;4144597.0;2021-08-16
AM;2021;35;875;16;424833.0;13693;4144597.0;2021-08-23
AM;2021;36;673;11;425506.0;13704;4144597.0;2021-08-30
AM;2021;37;454;8;425960.0;13712;4144597.0;2021-09-06
AM;2021;38;326;7;426286.0;13719;4144597.0;2021-09-13
AM;2021;39;268;6;426554.0;13725;4144597.0;2021-09-20
AM;2021;40;328;20;426882.0;13745;4144597.0;2021-09-27
AM;2021;41;265;11;427147.0;13756;4144597.0;2021-10-04
AM;2021;42;316;7;427463.0;13763;4144597.0;2021-10-11
AM;2021;43;305;7;427768.0;13770;4144597.0;2021-10-18
AM;2021;44;341;6;428109.0;13776;4144597.0;2021-10-25
AM;2021;45;506;6;428615.0;13782;4144597.0;2021-11-01
AM;2021;46;469;9;429084.0;13791;4144597.0;2021-11-08
AM;2021;47;659;10;429743.0;13801;4144597.0;2021-11-15
AM;2021;48;741;8;430484.0;13809;4144597.0;2021-11-22
AM;2021;49;919;3;431403.0;13812;4144597.0;2021-11-29
AM;2021;50;1185;8;432588.0;13820;4144597.0;2021-12-06
AM;2021;51;648;8;433236.0;13828;4144597.0;2021-12-13
AM;2021;52;577;7;433813.0;13835;4144597.0;2021-12-20
AM;2021;53;854;40;201867.0;5325;4144597.0;2020-12-28
AM;2022;1;1534;8;435384.0;13844;4144597.0;2021-12-27
AM;2022;2;11296;12;446680.0;13856;4144597.0;2022-01-03
AM;2022;3;42082;25;488762.0;13881;4144597.0;2022-01-10
AM;2022;4;37558;47;526320.0;13928;4144597.0;2022-01-17
AM;2022;5;21201;78;547521.0;14006;4144597.0;2022-01-24
AM;2022;6;14480;57;562001.0;14063;4144597.0;2022-01-31
AM;2022;7;6625;24;568626.0;14087;4144597.0;2022-02-07
AM;2022;8;4375;28;573001.0;14115;4144597.0;2022-02-14
AM;2022;9;1650;14;574651.0;14129;4144597.0;2022-02-21
AM;2022;10;3445;12;578096.0;14141;4144597.0;2022-02-28
AM;2022;11;2148;6;580244.0;14147;4144597.0;2022-03-07
AM;2022;12;798;4;581042.0;14151;4144597.0;2022-03-14
AM;2022;13;317;6;581359.0;14157;4144597.0;2022-03-21
AM;2022;14;282;3;581641.0;14160;4144597.0;2022-03-28
AM;2022;15;172;6;581813.0;14166;4144597.0;2022-04-04
AM;2022;16;145;3;581958.0;14169;4144597.0;2022-04-11
AM;2022;17;241;3;582199.0;14172;4144597.0;2022-04-18
AM;2022;18;155;0;582354.0;14172;4144597.0;2022-04-25
AM;2022;19;149;0;582503.0;14172;4144597.0;2022-05-02
AM;2022;20;149;0;582652.0;14172;4144597.0;2022-05-09
AM;2022;21;117;2;582769.0;14174;4144597.0;2022-05-16
AM;2022;22;87;1;582856.0;14175;4144597.0;2022-05-23
AM;2022;23;158;0;583014.0;14175;4144597.0;2022-05-30
AM;2022;24;227;2;583241.0;14177;4144597.0;2022-06-06
AM;2022;25;749;0;583990.0;14177;4144597.0;2022-06-13
AM;2022;26;2061;1;586051.0;14178;4144597.0;2022-06-20
AM;2022;27;4271;5;590322.0;14183;4144597.0;2022-06-27
AM;2022;28;5727;12;596049.0;14195;4144597.0;2022-07-04
AM;2022;29;5708;14;601757.0;14209;4144597.0;2022-07-11
AM;2022;30;3828;15;605585.0;14224;4144597.0;2022-07-18
AM;2022;31;2768;13;608353.0;14237;4144597.0;2022-07-25
AM;2022;32;2374;12;610727.0;14249;4144597.0;2022-08-01
AM;2022;33;1556;14;612283.0;14263;4144597.0;2022-08-08
AM;2022;34;864;13;613147.0;14276;4144597.0;2022-08-15
AM;2022;35;940;15;614087.0;14291;4144597.0;2022-08-22
AM;2022;36;779;14;614866.0;14305;4144597.0;2022-08-29
AM;2022;37;759;9;615625.0;14314;4144597.0;2022-09-05
AM;2022;38;475;6;616100.0;14320;4144597.0;2022-09-12
AM;2022;39;228;7;616328.0;14327;4144597.0;2022-09-19
AM;2022;40;231;8;616559.0;14335;4144597.0;2022-09-26
AM;2022;41;232;6;616791.0;14341;4144597.0;2022-10-03
AM;2022;42;989;9;617780.0;14350;4144597.0;2022-10-10
AM;2022;43;1147;6;618927.0;14356;4144597.0;2022-10-17
AM;2022;44;935;2;619862.0;14358;4144597.0;2022-10-24
AM;2022;45;1258;11;621120.0;14369;4144597.0;2022-10-31
AM;2022;46;1065;10;622185.0;14379;4144597.0;2022-11-07
AM;2022;47;1039;13;623224.0;14392;4144597.0;2022-11-14
AM;2022;48;638;8;623862.0;14400;4144597.0;2022-11-21
AM;2022;49;341;7;624203.0;14407;4144597.0;2022-11-28
AM;2022;50;337;3;624540.0;14410;4144597.0;2022-12-05
AM;2022;51;186;5;624726.0;14415;4144597.0;2022-12-12
AM;2022;52;175;4;624864.0;14418;4144597.0;2021-12-27
AM;2023;1;143;2;638685.0;14484;4144597.0;2022-12-26
AM;2023;2;117;1;625124.0;14421;4144597.0;2023-01-02
AM;2023;3;147;0;625271.0;14421;4144597.0;2023-01-09
AM;2023;4;96;1;625367.0;14422;4144597.0;2023-01-16
AM;2023;5;128;0;625495.0;14422;4144597.0;2023-01-23
AM;2023;6;599;1;626094.0;14423;4144597.0;2023-01-30
AM;2023;7;1837;2;627931.0;14425;4144597.0;2023-02-06
AM;2023;8;2204;6;630135.0;14431;4144597.0;2023-02-13
AM;2023;9;1841;12;631976.0;14443;4144597.0;2023-02-20
AM;2023;10;1757;10;633733.0;14453;4144597.0;2023-02-27
AM;2023;11;829;4;634562.0;14457;4144597.0;2023-03-06
AM;2023;12;1047;0;635609.0;14457;4144597.0;2023-03-13
AM;2023;13;174;9;635783.0;14466;4144597.0;2023-03-20
AM;2023;14;131;5;635914.0;14471;4144597.0;2023-03-27
AM;2023;15;141;0;636055.0;14471;4144597.0;2023-04-03
AM;2023;16;199;2;636254.0;14473;4144597.0;2023-04-10
AM;2023;17;2975;1;639229.0;14474;4144597.0;2023-04-17
AM;2023;18;-2820;0;639229.0;14474;4144597.0;2023-04-24
AM;2023;19;121;0;636530.0;14474;4144597.0;2023-05-01
AM;2023;20;122;3;636652.0;14477;4144597.0;2023-05-08
AM;2023;21;79;2;636731.0;14479;4144597.0;2023-05-15
AM;2023;22;611;0;637342.0;14479;4144597.0;2023-05-22
AM;2023;23;-526;0;637342.0;14479;4144597.0;2023-05-29
AM;2023;24;61;0;636877.0;14479;4144597.0;2023-06-05
AM;2023;25;34;0;636911.0;14479;4144597.0;2023-06-12
AM;2023;26;35;0;636946.0;14479;4144597.0;2023-06-19
AM;2023;27;60;0;637006.0;14479;4144597.0;2023-06-26
AM;2023;28;59;0;637065.0;14479;4144597.0;2023-07-03
AM;2023;29;64;0;637129.0;14479;4144597.0;2023-07-10
AM;2023;30;75;0;637204.0;14479;4144597.0;2023-07-17
AM;2023;31;97;2;637301.0;14481;4144597.0;2023-07-24
AM;2023;32;86;0;637387.0;14481;4144597.0;2023-07-31
AM;2023;33;55;0;637442.0;14481;4144597.0;2023-08-07
AM;2023;34;171;0;637613.0;14481;4144597.0;2023-08-14
AM;2023;35;159;0;637772.0;14481;4144597.0;2023-08-21
AM;2023;36;83;0;637855.0;14481;4144597.0;2023-08-28
AM;2023;37;153;0;638008.0;14481;4144597.0;2023-09-04
AM;2023;38;109;0;638117.0;14481;4144597.0;2023-09-11
AM;2023;39;67;0;638184.0;14481;4144597.0;2023-09-18
AM;2023;40;40;0;638224.0;14481;4144597.0;2023-09-25
AM;2023;41;37;0;638261.0;14481;4144597.0;2023-10-02
AM;2023;42;45;0;638306.0;14481;4144597.0;2023-10-09
AM;2023;43;-14;0;638306.0;14481;4144597.0;2023-10-16
AM;2023;44;9;0;638301.0;14481;4144597.0;2023-10-23
AM;2023;45;75;1;638376.0;14482;4144597.0;2023-10-30
AM;2023;46;31;1;638407.0;14483;4144597.0;2023-11-06
AM;2023;47;39;1;638446.0;14484;4144597.0;2023-11-13
AM;2023;48;83;0;638529.0;14484;4144597.0;2023-11-20
AM;2023;49;22;0;638551.0;14484;4144597.0;2023-11-27
AM;2023;50;24;0;638575.0;14484;4144597.0;2023-12-04
AM;2023;51;50;0;638625.0;14484;4144597.0;2023-12-11
AM;2023;52;60;0;638685.0;14484;4144597.0;2023-12-18
AM;2024;1;218;0;643831.0;14537;4144597.0;2024-01-01
AM;2024;2;438;1;639341.0;14485;4144597.0;2024-01-01
AM;2024;3;572;1;639913.0;14486;4144597.0;2024-01-08
AM;2024;4;660;1;640573.0;14487;4144597.0;2024-01-15
AM;2024;5;475;1;641048.0;14488;4144597.0;2024-01-22
AM;2024;6;254;1;641302.0;14489;4144597.0;2024-01-29
AM;2024;7;118;1;641420.0;14490;4144597.0;2024-02-05
AM;2024;8;114;0;641534.0;14490;4144597.0;2024-02-12
AM;2024;9;147;1;641681.0;14491;4144597.0;2024-02-19
AM;2024;10;79;1;641760.0;14492;4144597.0;2024-02-26
AM;2024;11;134;1;641894.0;14493;4144597.0;2024-03-04
AM;2024;12;94;0;641988.0;14493;4144597.0;2024-03-11
AM;2024;13;36;0;642024.0;14493;4144597.0;2024-03-18
AM;2024;14;52;0;642076.0;14493;4144597.0;2024-03-25
AM;2024;15;0;0;642076.0;14493;4144597.0;2024-04-01
AM;2024;16;147;1;642223.0;14494;4144597.0;2024-04-08
AM;2024;17;43;1;642266.0;14495;4144597.0;2024-04-15
AM;2024;18;30;0;642296.0;14495;4144597.0;2024-04-22
AM;2024;19;45;1;642341.0;14496;4144597.0;2024-04-29
AM;2024;20;36;0;642377.0;14496;4144597.0;2024-05-06
AM;2024;21;24;1;642401.0;14497;4144597.0;2024-05-13
AM;2024;22;114;1;642515.0;14498;4144597.0;2024-05-20
AM;2024;23;74;0;642589.0;14498;4144597.0;2024-05-27
AM;2024;24;15;1;642604.0;14499;4144597.0;2024-06-03
AM;2024;25;63;1;642667.0;14500;4144597.0;2024-06-10
AM;2024;26;169;1;642836.0;14501;4144597.0;2024-06-17
AM;2024;27;231;1;643067.0;14502;4144597.0;2024-06-24
AM;2024;28;0;0;643067.0;14502;4144597.0;2024-07-01
AM;2024;29;246;2;643313.0;14504;4144597.0;2024-07-08
AM;2024;30;102;0;643415.0;14504;4144597.0;2024-07-15
AM;2024;31;92;0;643507.0;14504;4144597.0;2024-07-22
AM;2024;32;43;2;643550.0;14506;4144597.0;2024-07-29
AM;2024;33;23;3;643573.0;14509;4144597.0;2024-08-05
AM;2024;34;12;1;643585.0;14510;4144597.0;2024-08-12
AM;2024;35;15;2;643600.0;14512;4144597.0;2024-08-19
AM;2024;36;33;1;643633.0;14513;4144597.0;2024-08-26
AM;2024;37;3;1;643636.0;14514;4144597.0;2024-09-02
AM;2024;38;5;2;643641.0;14516;4144597.0;2024-09-09
AM;2024;39;7;2;643648.0;14518;4144597.0;2024-09-16
AM;2024;40;4;2;643652.0;14520;4144597.0;2024-09-23
AM;2024;41;6;2;643658.0;14522;4144597.0;2024-09-30
AM;2024;42;36;3;643694.0;14525;4144597.0;2024-10-07
AM;2024;43;36;3;643730.0;14528;4144597.0;2024-10-14
AM;2024;44;15;3;643745.0;14531;4144597.0;2024-10-21
AM;2024;45;9;2;643754.0;14533;4144597.0;2024-10-28
AM;2024;46;4;2;643758.0;14535;4144597.0;2024-11-04
AM;2024;47;10;1;643768.0;14536;4144597.0;2024-11-11
AM;2024;48;10;0;643778.0;14536;4144597.0;2024-11-18
AM;2024;49;5;0;643783.0;14536;4144597.0;2024-11-25
AM;2024;50;4;0;643787.0;14536;4144597.0;2024-12-02
AM;2024;51;0;0;643787.0;14536;4144597.0;2024-12-09
AM;2024;52;44;1;643831.0;14537;4144597.0;2024-12-16
AM;2025;1;27;0;643858.0;14537;4144597.0;2024-12-30
AM;2025;2;702;0;644560.0;14537;4144597.0;2024-12-30
AM;2025;3;0;0;644560.0;14537;4144597.0;2025-01-06
AM;2025;4;1386;1;645946.0;14538;4144597.0;2025-01-13
AM;2025;5;537;0;646483.0;14538;4144597.0;2025-01-20
AM;2025;6;408;2;646891.0;14540;4144597.0;2025-01-27
AM;2025;7;243;2;647134.0;14542;4144597.0;2025-02-03
AM;2025;8;630;0;647764.0;14542;4144597.0;2025-02-10
AM;2025;9;0;0;647764.0;14542;4144597.0;2025-02-17
AM;2025;10;5;4;647769.0;14546;4144597.0;2025-02-24
AM;2025;11;65;2;647834.0;14548;4144597.0;2025-03-03
AM;2025;12;44;2;647878.0;14550;4144597.0;2025-03-10
AM;2025;13;33;2;647911.0;14552;4144597.0;2025-03-17
AM;2025;14;20;0;647931.0;14552;4144597.0;2025-03-24
AM;2025;15;29;0;647960.0;14552;4144597.0;2025-03-31
AM;2025;16;10;3;647970.0;14555;4144597.0;2025-04-07
AM;2025;17;12;0;647982.0;14555;4144597.0;2025-04-14
AM;2025;18;29;1;648011.0;14556;4144597.0;2025-04-21
AM;2025;19;7;0;648018.0;14556;4144597.0;2025-04-28
AM;2025;20;2;0;648020.0;14556;4144597.0;2025-05-05
AM;2025;21;15;0;648035.0;14556;4144597.0;2025-05-12
AM;2025;22;12;0;648047.0;14556;4144597.0;2025-05-19
AM;2025;23;18;0;648065.0;14556;4144597.0;2025-05-26
AM;2025;24;14;0;648079.0;14556;4144597.0;2025-06-02
AM;2025;25;0;0;648079.0;14556;4144597.0;2025-06-09
AM;2025;26;19;0;648098.0;14556;4144597.0;2025-06-16
AM;2025;27;11;0;648109.0;14556;4144597.0;2025-06-23
AM;2025;28;20;0;648129.0;14556;4144597.0;2025-06-30
AM;2025;29;0;0;648129.0;14556;4144597.0;2025-07-07
AM;2025;30;89;0;648218.0;14556;4144597.0;2025-07-14
AM;2025;31;170;0;648388.0;14556;4144597.0;2025-07-21
AM;2025;32;339;0;648727.0;14556;4144597.0;2025-07-28
AM;2025;33;324;0;649051.0;14556;4144597.0;2025-08-04
AM;2025;34;383;0;649434.0;14556;4144597.0;2025-08-11
AM;2025;35;184;0;649618.0;14556;4144597.0;2025-08-18
AM;2025;36;0;0;649618.0;14556;4144597.0;2025-08-25
AP;2020;9;0;0;0.0;0;845731.0;2020-02-24
AP;2020;10;0;0;0.0;0;845731.0;2020-02-24
AP;2020;11;0;0;0.0;0;845731.0;2020-03-02
AP;2020;12;1;0;1.0;0;845731.0;2020-03-09
AP;2020;13;3;0;4.0;0;845731.0;2020-03-16
AP;2020;14;24;1;28.0;1;845731.0;2020-03-23
AP;2020;15;165;2;193.0;3;845731.0;2020-03-30
AP;2020;16;200;7;393.0;10;845731.0;2020-04-06
AP;2020;17;292;9;685.0;19;845731.0;2020-04-13
AP;2020;18;502;21;1187.0;40;845731.0;2020-04-20
AP;2020;19;1306;29;2493.0;69;845731.0;2020-04-27
AP;2020;20;1341;39;3834.0;108;845731.0;2020-05-04
AP;2020;21;2257;54;6091.0;162;845731.0;2020-05-11
AP;2020;22;3222;53;9313.0;215;845731.0;2020-05-18
AP;2020;23;3460;54;12773.0;269;845731.0;2020-05-25
AP;2020;24;3549;50;16322.0;319;845731.0;2020-06-01
AP;2020;25;5252;34;21574.0;353;845731.0;2020-06-08
AP;2020;26;6327;53;27901.0;406;845731.0;2020-06-15
AP;2020;27;1908;35;29809.0;441;845731.0;2020-06-22
AP;2020;28;1470;32;31279.0;473;845731.0;2020-06-29
AP;2020;29;2306;32;33585.0;505;845731.0;2020-07-06
AP;2020;30;1577;49;35162.0;554;845731.0;2020-07-13
AP;2020;31;1433;14;36595.0;568;845731.0;2020-07-20
AP;2020;32;1544;33;38139.0;601;845731.0;2020-07-27
AP;2020;33;1292;12;39431.0;613;845731.0;2020-08-03
AP;2020;34;1600;17;41031.0;630;845731.0;2020-08-10
AP;2020;35;1740;29;42771.0;659;845731.0;2020-08-17
AP;2020;36;1911;12;44682.0;671;845731.0;2020-08-24
AP;2020;37;1107;7;45789.0;678;845731.0;2020-08-31
AP;2020;38;949;13;46738.0;691;845731.0;2020-09-07
AP;2020;39;1007;11;47745.0;702;845731.0;2020-09-14
AP;2020;40;857;13;48602.0;715;845731.0;2020-09-21
AP;2020;41;701;10;49303.0;725;845731.0;2020-09-28
AP;2020;42;847;6;50150.0;731;845731.0;2020-10-05
AP;2020;43;924;10;51074.0;741;845731.0;2020-10-12
AP;2020;44;1101;7;52175.0;748;845731.0;2020-10-19
AP;2020;45;657;3;52832.0;751;845731.0;2020-10-26
AP;2020;46;2006;26;54838.0;777;845731.0;2020-11-02
AP;2020;47;1398;12;56236.0;789;845731.0;2020-11-09
AP;2020;48;2599;17;58835.0;806;845731.0;2020-11-16
AP;2020;49;2218;20;61053.0;826;845731.0;2020-11-23
AP;2020;50;1989;23;63042.0;849;845731.0;2020-11-30
AP;2020;51;2067;26;65109.0;875;845731.0;2020-12-07
AP;2020;52;1184;26;66293.0;901;845731.0;2020-12-14
AP;2020;53;1908;24;68201.0;925;845731.0;2020-12-21
AP;2021;1;2235;42;70676.0;969;845731.0;2020-12-28
AP;2021;2;2537;27;73213.0;996;845731.0;2021-01-04
AP;2021;3;1841;29;75054.0;1025;845731.0;2021-01-11
AP;2021;4;1830;34;76884.0;1059;845731.0;2021-01-18
AP;2021;5;1762;20;78646.0;1079;845731.0;2021-01-25
AP;2021;6;1728;23;80374.0;1102;845731.0;2021-02-01
AP;2021;7;1500;19;81874.0;1121;845731.0;2021-02-08
AP;2021;8;1631;18;83505.0;1139;845731.0;2021-02-15
AP;2021;9;1718;17;85223.0;1156;845731.0;2021-02-22
AP;2021;10;2569;25;87792.0;1181;845731.0;2021-03-01
AP;2021;11;3723;41;91515.0;1222;845731.0;2021-03-08
AP;2021;12;3885;46;95400.0;1268;845731.0;2021-03-15
AP;2021;13;3204;55;98604.0;1323;845731.0;2021-03-22
AP;2021;14;2591;63;101195.0;1386;845731.0;2021-03-29
AP;2021;15;1807;78;103002.0;1464;845731.0;2021-04-05
AP;2021;16;1235;41;104237.0;1505;845731.0;2021-04-12
AP;2021;17;1734;44;105971.0;1549;845731.0;2021-04-19
AP;2021;18;1616;31;107587.0;1580;845731.0;2021-04-26
AP;2021;19;1293;34;108880.0;1614;845731.0;2021-05-03
AP;2021;20;1149;42;110029.0;1656;845731.0;2021-05-10
AP;2021;21;1734;32;111763.0;1688;845731.0;2021-05-17
AP;2021;22;1115;30;112878.0;1718;845731.0;2021-05-24
AP;2021;23;950;38;113828.0;1756;845731.0;2021-05-31
AP;2021;24;1688;37;115516.0;1793;845731.0;2021-06-07
AP;2021;25;1103;29;116619.0;1822;845731.0;2021-06-14
AP;2021;26;1016;22;117635.0;1844;845731.0;2021-06-21
AP;2021;27;1162;22;118797.0;1866;845731.0;2021-06-28
AP;2021;28;919;13;119716.0;1879;845731.0;2021-07-05
AP;2021;29;930;12;120646.0;1891;845731.0;2021-07-12
AP;2021;30;572;16;121218.0;1907;845731.0;2021-07-19
AP;2021;31;448;17;121666.0;1924;845731.0;2021-07-26
AP;2021;32;346;12;122012.0;1936;845731.0;2021-08-02
AP;2021;33;241;9;122253.0;1945;845731.0;2021-08-09
AP;2021;34;147;6;122400.0;1951;845731.0;2021-08-16
AP;2021;35;93;8;122493.0;1959;845731.0;2021-08-23
AP;2021;36;102;1;122595.0;1960;845731.0;2021-08-30
AP;2021;37;69;9;122664.0;1969;845731.0;2021-09-06
AP;2021;38;105;8;122769.0;1977;845731.0;2021-09-13
AP;2021;39;110;7;122879.0;1984;845731.0;2021-09-20
AP;2021;40;195;2;123074.0;1986;845731.0;2021-09-27
AP;2021;41;182;2;123256.0;1988;845731.0;2021-10-04
AP;2021;42;169;2;123425.0;1990;845731.0;2021-10-11
AP;2021;43;184;1;123609.0;1991;845731.0;2021-10-18
AP;2021;44;200;2;123809.0;1993;845731.0;2021-10-25
AP;2021;45;221;2;124030.0;1995;845731.0;2021-11-01
AP;2021;46;239;1;124269.0;1996;845731.0;2021-11-08
AP;2021;47;259;6;124528.0;2002;845731.0;2021-11-15
AP;2021;48;365;2;124893.0;2004;845731.0;2021-11-22
AP;2021;49;527;3;125420.0;2007;845731.0;2021-11-29
AP;2021;50;669;1;126089.0;2008;845731.0;2021-12-06
AP;2021;51;529;7;126618.0;2015;845731.0;2021-12-13
AP;2021;52;363;7;126981.0;2022;845731.0;2021-12-20
AP;2021;53;240;2;68441.0;927;845731.0;2020-12-28
AP;2022;1;467;2;127480.0;2024;845731.0;2021-12-27
AP;2022;2;1319;6;128799.0;2030;845731.0;2022-01-03
AP;2022;3;6592;6;135391.0;2036;845731.0;2022-01-10
AP;2022;4;15042;13;150433.0;2049;845731.0;2022-01-17
AP;2022;5;5828;8;156261.0;2057;845731.0;2022-01-24
AP;2022;6;2820;21;159081.0;2078;845731.0;2022-01-31
AP;2022;7;793;19;159874.0;2097;845731.0;2022-02-07
AP;2022;8;204;5;160078.0;2102;845731.0;2022-02-14
AP;2022;9;57;11;160135.0;2113;845731.0;2022-02-21
AP;2022;10;70;5;160205.0;2118;845731.0;2022-02-28
AP;2022;11;53;2;160258.0;2120;845731.0;2022-03-07
AP;2022;12;63;2;160321.0;2122;845731.0;2022-03-14
AP;2022;13;26;4;160347.0;2126;845731.0;2022-03-21
AP;2022;14;13;2;160360.0;2128;845731.0;2022-03-28
AP;2022;15;9;0;160369.0;2128;845731.0;2022-04-04
AP;2022;16;11;2;160380.0;2130;845731.0;2022-04-11
AP;2022;17;12;0;160392.0;2130;845731.0;2022-04-18
AP;2022;18;8;2;160400.0;2132;845731.0;2022-04-25
AP;2022;19;2;0;160402.0;2132;845731.0;2022-05-02
AP;2022;20;14;0;160416.0;2132;845731.0;2022-05-09
AP;2022;21;5;2;160421.0;2134;845731.0;2022-05-16
AP;2022;22;27;0;160448.0;2134;845731.0;2022-05-23
AP;2022;23;26;3;160474.0;2137;845731.0;2022-05-30
AP;2022;24;45;3;160519.0;2140;845731.0;2022-06-06
AP;2022;25;255;0;160774.0;2140;845731.0;2022-06-13
AP;2022;26;837;0;161611.0;2140;845731.0;2022-06-20
AP;2022;27;2811;1;164422.0;2141;845731.0;2022-06-27
AP;2022;28;5757;8;170179.0;2149;845731.0;2022-07-04
AP;2022;29;4180;0;174359.0;2149;845731.0;2022-07-11
AP;2022;30;2020;0;176379.0;2149;845731.0;2022-07-18
AP;2022;31;849;4;177228.0;2153;845731.0;2022-07-25
AP;2022;32;499;2;177727.0;2155;845731.0;2022-08-01
AP;2022;33;205;2;177932.0;2157;845731.0;2022-08-08
AP;2022;34;124;1;178056.0;2158;845731.0;2022-08-15
AP;2022;35;54;0;178110.0;2158;845731.0;2022-08-22
AP;2022;36;69;1;178179.0;2159;845731.0;2022-08-29
AP;2022;37;31;0;178210.0;2159;845731.0;2022-09-05
AP;2022;38;51;4;178261.0;2163;845731.0;2022-09-12
AP;2022;39;15;0;178276.0;2163;845731.0;2022-09-19
AP;2022;40;28;0;178304.0;2163;845731.0;2022-09-26
AP;2022;41;17;1;178321.0;2164;845731.0;2022-10-03
AP;2022;42;29;0;178350.0;2164;845731.0;2022-10-10
AP;2022;43;37;0;178387.0;2164;845731.0;2022-10-17
AP;2022;44;80;0;178467.0;2164;845731.0;2022-10-24
AP;2022;45;261;0;178728.0;2164;845731.0;2022-10-31
AP;2022;46;1091;1;179819.0;2165;845731.0;2022-11-07
AP;2022;47;1144;0;180963.0;2165;845731.0;2022-11-14
AP;2022;48;775;0;181738.0;2165;845731.0;2022-11-21
AP;2022;49;318;0;182056.0;2165;845731.0;2022-11-28
AP;2022;50;190;0;182246.0;2165;845731.0;2022-12-05
AP;2022;51;242;0;182488.0;2165;845731.0;2022-12-12
AP;2022;52;60;0;182516.0;2165;845731.0;2021-12-27
AP;2023;1;456;1;186825.0;2170;845731.0;2022-12-26
AP;2023;2;334;0;183306.0;2166;845731.0;2023-01-02
AP;2023;3;361;1;183667.0;2167;845731.0;2023-01-09
AP;2023;4;311;0;183978.0;2167;845731.0;2023-01-16
AP;2023;5;362;0;184340.0;2167;845731.0;2023-01-23
AP;2023;6;309;0;184649.0;2167;845731.0;2023-01-30
AP;2023;7;378;0;185027.0;2167;845731.0;2023-02-06
AP;2023;8;399;0;185426.0;2167;845731.0;2023-02-13
AP;2023;9;247;0;185673.0;2167;845731.0;2023-02-20
AP;2023;10;80;2;185753.0;2169;845731.0;2023-02-27
AP;2023;11;72;-24;185825.0;2169;845731.0;2023-03-06
AP;2023;12;0;24;185825.0;2169;845731.0;2023-03-13
AP;2023;13;77;0;185902.0;2169;845731.0;2023-03-20
AP;2023;14;64;0;185966.0;2169;845731.0;2023-03-27
AP;2023;15;14;0;185980.0;2169;845731.0;2023-04-03
AP;2023;16;4;0;185984.0;2169;845731.0;2023-04-10
AP;2023;17;11;0;185995.0;2169;845731.0;2023-04-17
AP;2023;18;9;0;186004.0;2169;845731.0;2023-04-24
AP;2023;19;10;0;186014.0;2169;845731.0;2023-05-01
AP;2023;20;29;0;186043.0;2169;845731.0;2023-05-08
AP;2023;21;29;0;186072.0;2169;845731.0;2023-05-15
AP;2023;22;23;0;186095.0;2169;845731.0;2023-05-22
AP;2023;23;33;-90;186128.0;2169;845731.0;2023-05-29
AP;2023;24;198;90;186326.0;2169;845731.0;2023-06-05
AP;2023;25;-150;0;186326.0;2169;845731.0;2023-06-12
AP;2023;26;26;0;186202.0;2169;845731.0;2023-06-19
AP;2023;27;18;0;186220.0;2169;845731.0;2023-06-26
AP;2023;28;49;0;186269.0;2169;845731.0;2023-07-03
AP;2023;29;14;0;186283.0;2169;845731.0;2023-07-10
AP;2023;30;4;0;186287.0;2169;845731.0;2023-07-17
AP;2023;31;6;0;186293.0;2169;845731.0;2023-07-24
AP;2023;32;0;0;186293.0;2169;845731.0;2023-07-31
AP;2023;33;22;0;186315.0;2169;845731.0;2023-08-07
AP;2023;34;15;0;186330.0;2169;845731.0;2023-08-14
AP;2023;35;15;-205;186345.0;2169;845731.0;2023-08-21
AP;2023;36;-11;205;186345.0;2169;845731.0;2023-08-28
AP;2023;37;5;0;186339.0;2169;845731.0;2023-09-04
AP;2023;38;3;0;186342.0;2169;845731.0;2023-09-11
AP;2023;39;3;0;186345.0;2169;845731.0;2023-09-18
AP;2023;40;2;0;186347.0;2169;845731.0;2023-09-25
AP;2023;41;5;0;186352.0;2169;845731.0;2023-10-02
AP;2023;42;4;0;186356.0;2169;845731.0;2023-10-09
AP;2023;43;8;0;186364.0;2169;845731.0;2023-10-16
AP;2023;44;7;0;186371.0;2169;845731.0;2023-10-23
AP;2023;45;4;0;186375.0;2169;845731.0;2023-10-30
AP;2023;46;2;0;186377.0;2169;845731.0;2023-11-06
AP;2023;47;2;0;186379.0;2169;845731.0;2023-11-13
AP;2023;48;2;0;186381.0;2169;845731.0;2023-11-20
AP;2023;49;13;0;186394.0;2169;845731.0;2023-11-27
AP;2023;50;64;1;186458.0;2170;845731.0;2023-12-04
AP;2023;51;100;0;186558.0;2170;845731.0;2023-12-11
AP;2023;52;267;0;186825.0;2170;845731.0;2023-12-18
AP;2024;1;492;0;191911.0;2175;845731.0;2024-01-01
AP;2024;2;1726;0;189043.0;2170;845731.0;2024-01-01
AP;2024;3;1220;2;190263.0;2172;845731.0;2024-01-08
AP;2024;4;621;1;190884.0;2173;845731.0;2024-01-15
AP;2024;5;312;0;191196.0;2173;845731.0;2024-01-22
AP;2024;6;102;0;191298.0;2173;845731.0;2024-01-29
AP;2024;7;69;0;191367.0;2173;845731.0;2024-02-05
AP;2024;8;31;0;191398.0;2173;845731.0;2024-02-12
AP;2024;9;32;0;191430.0;2173;845731.0;2024-02-19
AP;2024;10;5;1;191435.0;2174;845731.0;2024-02-26
AP;2024;11;7;0;191442.0;2174;845731.0;2024-03-04
AP;2024;12;12;0;191454.0;2174;845731.0;2024-03-11
AP;2024;13;13;0;191467.0;2174;845731.0;2024-03-18
AP;2024;14;2;0;191469.0;2174;845731.0;2024-03-25
AP;2024;15;-11;0;191469.0;2174;845731.0;2024-04-01
AP;2024;16;0;0;191458.0;2174;845731.0;2024-04-08
AP;2024;17;0;0;191458.0;2174;845731.0;2024-04-15
AP;2024;18;0;0;191458.0;2174;845731.0;2024-04-22
AP;2024;19;2;0;191460.0;2174;845731.0;2024-04-29
AP;2024;20;2;0;191462.0;2174;845731.0;2024-05-06
AP;2024;21;114;0;191576.0;2174;845731.0;2024-05-13
AP;2024;22;0;0;191576.0;2174;845731.0;2024-05-20
AP;2024;23;15;0;191591.0;2174;845731.0;2024-05-27
AP;2024;24;36;0;191627.0;2174;845731.0;2024-06-03
AP;2024;25;0;0;191627.0;2174;845731.0;2024-06-10
AP;2024;26;48;0;191675.0;2174;845731.0;2024-06-17
AP;2024;27;0;0;191675.0;2174;845731.0;2024-06-24
AP;2024;28;72;1;191747.0;2175;845731.0;2024-07-01
AP;2024;29;7;0;191754.0;2175;845731.0;2024-07-08
AP;2024;30;4;0;191758.0;2175;845731.0;2024-07-15
AP;2024;31;-3;0;191758.0;2175;845731.0;2024-07-22
AP;2024;32;7;0;191762.0;2175;845731.0;2024-07-29
AP;2024;33;3;0;191765.0;2175;845731.0;2024-08-05
AP;2024;34;3;0;191768.0;2175;845731.0;2024-08-12
AP;2024;35;6;0;191774.0;2175;845731.0;2024-08-19
AP;2024;36;-8;0;191774.0;2175;845731.0;2024-08-26
AP;2024;37;-3;0;191766.0;2175;845731.0;2024-09-02
AP;2024;38;4;0;191767.0;2175;845731.0;2024-09-09
AP;2024;39;107;0;191874.0;2175;845731.0;2024-09-16
AP;2024;40;0;0;191874.0;2175;845731.0;2024-09-23
AP;2024;41;2;0;191876.0;2175;845731.0;2024-09-30
AP;2024;42;0;0;191876.0;2175;845731.0;2024-10-07
AP;2024;43;1;0;191877.0;2175;845731.0;2024-10-14
AP;2024;44;0;0;191877.0;2175;845731.0;2024-10-21
AP;2024;45;2;0;191879.0;2175;845731.0;2024-10-28
AP;2024;46;-1;0;191879.0;2175;845731.0;2024-11-04
AP;2024;47;31;0;191909.0;2175;845731.0;2024-11-11
AP;2024;48;0;0;191909.0;2175;845731.0;2024-11-18
AP;2024;49;1;0;191910.0;2175;845731.0;2024-11-25
AP;2024;50;1;0;191911.0;2175;845731.0;2024-12-02
AP;2024;51;0;0;191911.0;2175;845731.0;2024-12-09
AP;2024;52;0;0;191911.0;2175;845731.0;2024-12-16
AP;2025;1;17;0;191928.0;2175;845731.0;2024-12-30
AP;2025;2;82;0;192010.0;2175;845731.0;2024-12-30
AP;2025;3;57;0;192067.0;2175;845731.0;2025-01-06
AP;2025;4;-14;0;192067.0;2175;845731.0;2025-01-13
AP;2025;5;-631;-2;192053.0;2175;845731.0;2025-01-20
AP;2025;6;552;3;191974.0;2176;845731.0;2025-01-27
AP;2025;7;-22;-1;191974.0;2176;845731.0;2025-02-03
AP;2025;8;7;1;191959.0;2176;845731.0;2025-02-10
AP;2025;9;21;2;191980.0;2178;845731.0;2025-02-17
AP;2025;10;24;0;192004.0;2178;845731.0;2025-02-24
AP;2025;11;2;0;192006.0;2178;845731.0;2025-03-03
AP;2025;12;3;0;192009.0;2178;845731.0;2025-03-10
AP;2025;13;-2;0;192009.0;2178;845731.0;2025-03-17
AP;2025;14;0;0;192007.0;2178;845731.0;2025-03-24
AP;2025;15;0;0;192007.0;2178;845731.0;2025-03-31
AP;2025;16;12;0;192019.0;2178;845731.0;2025-04-07
AP;2025;17;0;0;192019.0;2178;845731.0;2025-04-14
AP;2025;18;0;0;192019.0;2178;845731.0;2025-04-21
AP;2025;19;0;0;192019.0;2178;845731.0;2025-04-28
AP;2025;20;0;0;192019.0;2178;845731.0;2025-05-05
AP;2025;21;0;0;192019.0;2178;845731.0;2025-05-12
AP;2025;22;1407;0;193426.0;2178;845731.0;2025-05-19
AP;2025;23;0;0;193426.0;2178;845731.0;2025-05-26
AP;2025;24;0;0;193426.0;2178;845731.0;2025-06-02
AP;2025;25;0;0;193426.0;2178;845731.0;2025-06-09
AP;2025;26;0;0;193426.0;2178;845731.0;2025-06-16
AP;2025;27;2;0;193428.0;2178;845731.0;2025-06-23
AP;2025;28;1;0;193429.0;2178;845731.0;2025-06-30
AP;2025;29;1;0;193430.0;2178;845731.0;2025-07-07
AP;2025;30;4;-3;193434.0;2178;845731.0;2025-07-14
AP;2025;31;10;3;193444.0;2178;845731.0;2025-07-21
AP;2025;32;83;0;193527.0;2178;845731.0;2025-07-28
AP;2025;33;228;0;193755.0;2178;845731.0;2025-08-04
AP;2025;34;9;0;193764.0;2178;845731.0;2025-08-11
AP;2025;35;754;0;194518.0;2178;845731.0;2025-08-18
AP;2025;36;0;0;194518.0;2178;845731.0;2025-08-25
BA;2020;9;0;0;0.0;0;14873064.0;2020-02-24
BA;2020;10;2;0;2.0;0;14873064.0;2020-02-24
BA;2020;11;0;0;2.0;0;14873064.0;2020-03-02
BA;2020;12;39;0;41.0;0;14873064.0;2020-03-09
BA;2020;13;87;0;127.0;0;14873064.0;2020-03-16
BA;2020;14;207;7;332.0;7;14873064.0;2020-03-23
BA;2020;15;309;15;635.0;21;14873064.0;2020-03-30
BA;2020;16;589;20;1193.0;37;14873064.0;2020-04-06
BA;2020;17;871;28;2081.0;70;14873064.0;2020-04-13
BA;2020;18;1190;53;3267.0;123;14873064.0;2020-04-20
BA;2020;19;1907;73;5174.0;196;14873064.0;2020-04-27
BA;2020;20;3146;92;8314.0;286;14873064.0;2020-05-04
BA;2020;21;4725;127;13000.0;413;14873064.0;2020-05-11
BA;2020;22;4655;226;17626.0;638;14873064.0;2020-05-18
BA;2020;23;9832;209;27396.0;846;14873064.0;2020-05-25
BA;2020;24;8423;223;35788.0;1069;14873064.0;2020-06-01
BA;2020;25;10292;282;45304.0;1350;14873064.0;2020-06-08
BA;2020;26;20445;347;65244.0;1697;14873064.0;2020-06-15
BA;2020;27;20476;356;85485.0;2050;14873064.0;2020-06-22
BA;2020;28;18886;387;104188.0;2436;14873064.0;2020-06-29
BA;2020;29;16243;359;120238.0;2793;14873064.0;2020-07-06
BA;2020;30;26447;352;146399.0;3140;14873064.0;2020-07-13
BA;2020;31;22792;382;168926.0;3517;14873064.0;2020-07-20
BA;2020;32;22788;384;191401.0;3899;14873064.0;2020-07-27
BA;2020;33;23564;440;214379.0;4338;14873064.0;2020-08-03
BA;2020;34;20045;497;234204.0;4832;14873064.0;2020-08-10
BA;2020;35;20914;475;254790.0;5302;14873064.0;2020-08-17
BA;2020;36;15541;330;270177.0;5627;14873064.0;2020-08-24
BA;2020;37;11625;286;281665.0;5912;14873064.0;2020-08-31
BA;2020;38;12672;313;294210.0;6221;14873064.0;2020-09-07
BA;2020;39;11082;336;305186.0;6552;14873064.0;2020-09-14
BA;2020;40;9665;340;314711.0;6890;14873064.0;2020-09-21
BA;2020;41;10380;209;324964.0;7099;14873064.0;2020-09-28
BA;2020;42;9858;190;334697.0;7288;14873064.0;2020-10-05
BA;2020;43;9409;167;344014.0;7453;14873064.0;2020-10-12
BA;2020;44;9272;171;353157.0;7622;14873064.0;2020-10-19
BA;2020;45;9539;154;362563.0;7776;14873064.0;2020-10-26
BA;2020;46;10306;146;372727.0;7922;14873064.0;2020-11-02
BA;2020;47;11374;162;383945.0;8081;14873064.0;2020-11-09
BA;2020;48;14768;147;398504.0;8227;14873064.0;2020-11-16
BA;2020;49;20781;162;419044.0;8388;14873064.0;2020-11-23
BA;2020;50;24739;204;443465.0;8589;14873064.0;2020-11-30
BA;2020;51;24804;189;468003.0;8777;14873064.0;2020-12-07
BA;2020;52;14245;207;482113.0;8983;14873064.0;2020-12-14
BA;2020;53;11450;146;493400.0;9129;14873064.0;2020-12-21
BA;2021;1;16207;206;511192.0;9392;14873064.0;2020-12-28
BA;2021;2;23568;215;534371.0;9606;14873064.0;2021-01-04
BA;2021;3;28307;224;562466.0;9827;14873064.0;2021-01-11
BA;2021;4;23835;233;585958.0;10059;14873064.0;2021-01-18
BA;2021;5;20382;280;606062.0;10334;14873064.0;2021-01-25
BA;2021;6;21418;340;627265.0;10674;14873064.0;2021-02-01
BA;2021;7;24407;462;651484.0;11128;14873064.0;2021-02-08
BA;2021;8;29676;607;680904.0;11729;14873064.0;2021-02-15
BA;2021;9;30250;726;710900.0;12448;14873064.0;2021-02-22
BA;2021;10;29339;718;740148.0;13159;14873064.0;2021-03-01
BA;2021;11;27045;849;767134.0;14000;14873064.0;2021-03-08
BA;2021;12;24442;892;791481.0;14886;14873064.0;2021-03-15
BA;2021;13;22395;789;813794.0;15660;14873064.0;2021-03-22
BA;2021;14;22214;793;835962.0;16445;14873064.0;2021-03-29
BA;2021;15;23887;792;859760.0;17228;14873064.0;2021-04-05
BA;2021;16;21118;693;880803.0;17908;14873064.0;2021-04-12
BA;2021;17;24393;658;905113.0;18561;14873064.0;2021-04-19
BA;2021;18;23385;617;928437.0;19165;14873064.0;2021-04-26
BA;2021;19;24443;676;952796.0;19831;14873064.0;2021-05-03
BA;2021;20;28001;535;980712.0;20363;14873064.0;2021-05-10
BA;2021;21;29553;723;1010166.0;21074;14873064.0;2021-05-17
BA;2021;22;22366;644;1032454.0;21707;14873064.0;2021-05-24
BA;2021;23;30400;724;1062742.0;22425;14873064.0;2021-05-31
BA;2021;24;30124;690;1092772.0;23104;14873064.0;2021-06-07
BA;2021;25;24751;622;1117408.0;23709;14873064.0;2021-06-14
BA;2021;26;17905;536;1135261.0;24235;14873064.0;2021-06-21
BA;2021;27;20638;512;1155841.0;24742;14873064.0;2021-06-28
BA;2021;28;15507;431;1171292.0;25166;14873064.0;2021-07-05
BA;2021;29;13072;325;1184314.0;25485;14873064.0;2021-07-12
BA;2021;30;9406;265;1193689.0;25750;14873064.0;2021-07-19
BA;2021;31;8314;206;1201950.0;25954;14873064.0;2021-07-26
BA;2021;32;6946;165;1208878.0;26118;14873064.0;2021-08-02
BA;2021;33;5465;145;1214324.0;26260;14873064.0;2021-08-09
BA;2021;34;5122;157;1219440.0;26416;14873064.0;2021-08-16
BA;2021;35;4345;152;1223769.0;26565;14873064.0;2021-08-23
BA;2021;36;2221;69;1225697.0;26633;14873064.0;2021-08-30
BA;2021;37;3132;120;1228777.0;26752;14873064.0;2021-09-06
BA;2021;38;3032;81;1231753.0;26833;14873064.0;2021-09-13
BA;2021;39;3112;38;1234812.0;26870;14873064.0;2021-09-20
BA;2021;40;2697;47;1237470.0;26916;14873064.0;2021-09-27
BA;2021;41;2230;51;1239650.0;26967;14873064.0;2021-10-04
BA;2021;42;3223;52;1242821.0;27017;14873064.0;2021-10-11
BA;2021;43;3298;61;1246064.0;27076;14873064.0;2021-10-18
BA;2021;44;2527;42;1248550.0;27117;14873064.0;2021-10-25
BA;2021;45;3377;54;1251866.0;27171;14873064.0;2021-11-01
BA;2021;46;3449;57;1255237.0;27227;14873064.0;2021-11-08
BA;2021;47;3696;58;1258872.0;27282;14873064.0;2021-11-15
BA;2021;48;3753;60;1262581.0;27341;14873064.0;2021-11-22
BA;2021;49;2259;48;1264804.0;27386;14873064.0;2021-11-29
BA;2021;50;0;48;1264804.0;27430;14873064.0;2021-12-06
BA;2021;51;0;35;1264804.0;27464;14873064.0;2021-12-13
BA;2021;52;6182;43;1270858.0;27506;14873064.0;2021-12-20
BA;2021;53;1913;60;495286.0;9187;14873064.0;2020-12-28
BA;2022;1;6167;86;1276832.0;27589;14873064.0;2021-12-27
BA;2022;2;10553;69;1287084.0;27658;14873064.0;2022-01-03
BA;2022;3;25943;114;1312371.0;27770;14873064.0;2022-01-10
BA;2022;4;43991;139;1355500.0;27907;14873064.0;2022-01-17
BA;2022;5;51340;262;1406018.0;28164;14873064.0;2022-01-24
BA;2022;6;47004;319;1452365.0;28477;14873064.0;2022-01-31
BA;2022;7;32519;407;1484531.0;28882;14873064.0;2022-02-07
BA;2022;8;16790;266;1501100.0;29143;14873064.0;2022-02-14
BA;2022;9;8017;219;1508971.0;29357;14873064.0;2022-02-21
BA;2022;10;9223;128;1518103.0;29484;14873064.0;2022-02-28
BA;2022;11;6418;99;1524423.0;29582;14873064.0;2022-03-07
BA;2022;12;4680;76;1529008.0;29657;14873064.0;2022-03-14
BA;2022;13;5068;66;1533984.0;29723;14873064.0;2022-03-21
BA;2022;14;2939;45;1536763.0;29768;14873064.0;2022-03-28
BA;2022;15;2421;34;1539017.0;29802;14873064.0;2022-04-04
BA;2022;16;2297;33;1541055.0;29834;14873064.0;2022-04-11
BA;2022;17;1952;22;1542880.0;29856;14873064.0;2022-04-18
BA;2022;18;1752;15;1544552.0;29871;14873064.0;2022-04-25
BA;2022;19;1431;20;1545962.0;29891;14873064.0;2022-05-02
BA;2022;20;783;27;1546724.0;29917;14873064.0;2022-05-09
BA;2022;21;2100;9;1548454.0;29926;14873064.0;2022-05-16
BA;2022;22;1657;16;1549865.0;29942;14873064.0;2022-05-23
BA;2022;23;4748;14;1554463.0;29956;14873064.0;2022-05-30
BA;2022;24;4611;25;1558963.0;29981;14873064.0;2022-06-06
BA;2022;25;7599;30;1566377.0;30011;14873064.0;2022-06-13
BA;2022;26;18235;34;1584287.0;30045;14873064.0;2022-06-20
BA;2022;27;26397;32;1610340.0;30077;14873064.0;2022-06-27
BA;2022;28;22958;102;1633038.0;30178;14873064.0;2022-07-04
BA;2022;29;15699;90;1648557.0;30266;14873064.0;2022-07-11
BA;2022;30;11957;88;1660378.0;30354;14873064.0;2022-07-18
BA;2022;31;8108;96;1668396.0;30448;14873064.0;2022-07-25
BA;2022;32;7186;66;1675401.0;30514;14873064.0;2022-08-01
BA;2022;33;5131;59;1680456.0;30572;14873064.0;2022-08-08
BA;2022;34;4380;52;1684771.0;30624;14873064.0;2022-08-15
BA;2022;35;3145;40;1687870.0;30663;14873064.0;2022-08-22
BA;2022;36;2417;13;1690268.0;30676;14873064.0;2022-08-29
BA;2022;37;2631;12;1692875.0;30688;14873064.0;2022-09-05
BA;2022;38;2970;8;1695786.0;30696;14873064.0;2022-09-12
BA;2022;39;2354;7;1698098.0;30703;14873064.0;2022-09-19
BA;2022;40;1145;12;1699232.0;30715;14873064.0;2022-09-26
BA;2022;41;1611;22;1700826.0;30737;14873064.0;2022-10-03
BA;2022;42;817;28;1701630.0;30765;14873064.0;2022-10-10
BA;2022;43;1822;22;1703419.0;30787;14873064.0;2022-10-17
BA;2022;44;1042;8;1704438.0;30795;14873064.0;2022-10-24
BA;2022;45;1059;5;1705450.0;30800;14873064.0;2022-10-31
BA;2022;46;3067;5;1708438.0;30805;14873064.0;2022-11-07
BA;2022;47;6312;21;1714647.0;30826;14873064.0;2022-11-14
BA;2022;48;9548;51;1724041.0;30877;14873064.0;2022-11-21
BA;2022;49;8780;41;1732712.0;30918;14873064.0;2022-11-28
BA;2022;50;19425;145;1751830.0;31062;14873064.0;2022-12-05
BA;2022;51;11250;86;1762947.0;31148;14873064.0;2022-12-12
BA;2022;52;6381;86;1769063.0;31230;14873064.0;2021-12-27
BA;2023;1;6262;54;1823743.0;31857;14873064.0;2022-12-26
BA;2023;2;5025;34;1780214.0;31318;14873064.0;2023-01-02
BA;2023;3;3421;32;1783585.0;31350;14873064.0;2023-01-09
BA;2023;4;2423;34;1785964.0;31383;14873064.0;2023-01-16
BA;2023;5;1365;12;1787303.0;31395;14873064.0;2023-01-23
BA;2023;6;1678;29;1788956.0;31424;14873064.0;2023-01-30
BA;2023;7;1290;17;1790221.0;31441;14873064.0;2023-02-06
BA;2023;8;921;6;1791129.0;31447;14873064.0;2023-02-13
BA;2023;9;1488;12;1792572.0;31459;14873064.0;2023-02-20
BA;2023;10;1335;14;1793882.0;31473;14873064.0;2023-02-27
BA;2023;11;833;8;1794715.0;31481;14873064.0;2023-03-06
BA;2023;12;795;8;1795510.0;31489;14873064.0;2023-03-13
BA;2023;13;840;26;1796350.0;31515;14873064.0;2023-03-20
BA;2023;14;577;4;1796927.0;31519;14873064.0;2023-03-27
BA;2023;15;702;6;1797629.0;31525;14873064.0;2023-04-03
BA;2023;16;749;17;1798378.0;31542;14873064.0;2023-04-10
BA;2023;17;780;18;1799158.0;31560;14873064.0;2023-04-17
BA;2023;18;453;14;1799611.0;31574;14873064.0;2023-04-24
BA;2023;19;547;19;1800158.0;31593;14873064.0;2023-05-01
BA;2023;20;753;8;1800911.0;31601;14873064.0;2023-05-08
BA;2023;21;700;9;1801611.0;31610;14873064.0;2023-05-15
BA;2023;22;657;11;1802268.0;31621;14873064.0;2023-05-22
BA;2023;23;451;9;1802719.0;31630;14873064.0;2023-05-29
BA;2023;24;382;8;1803101.0;31638;14873064.0;2023-06-05
BA;2023;25;222;8;1803323.0;31646;14873064.0;2023-06-12
BA;2023;26;449;12;1803772.0;31658;14873064.0;2023-06-19
BA;2023;27;467;7;1804239.0;31665;14873064.0;2023-06-26
BA;2023;28;371;5;1804610.0;31670;14873064.0;2023-07-03
BA;2023;29;226;7;1804836.0;31677;14873064.0;2023-07-10
BA;2023;30;277;11;1805113.0;31688;14873064.0;2023-07-17
BA;2023;31;275;8;1805388.0;31696;14873064.0;2023-07-24
BA;2023;32;98;11;1805486.0;31707;14873064.0;2023-07-31
BA;2023;33;105;10;1805591.0;31717;14873064.0;2023-08-07
BA;2023;34;206;2;1805797.0;31719;14873064.0;2023-08-14
BA;2023;35;185;0;1805982.0;31719;14873064.0;2023-08-21
BA;2023;36;201;1;1806183.0;31720;14873064.0;2023-08-28
BA;2023;37;124;1;1806307.0;31721;14873064.0;2023-09-04
BA;2023;38;330;1;1806637.0;31722;14873064.0;2023-09-11
BA;2023;39;322;6;1806959.0;31728;14873064.0;2023-09-18
BA;2023;40;145;1;1807104.0;31729;14873064.0;2023-09-25
BA;2023;41;148;1;1807252.0;31730;14873064.0;2023-10-02
BA;2023;42;279;6;1807531.0;31736;14873064.0;2023-10-09
BA;2023;43;645;2;1808176.0;31738;14873064.0;2023-10-16
BA;2023;44;874;3;1809050.0;31741;14873064.0;2023-10-23
BA;2023;45;1356;8;1810406.0;31749;14873064.0;2023-10-30
BA;2023;46;2157;12;1812563.0;31761;14873064.0;2023-11-06
BA;2023;47;2759;18;1815322.0;31779;14873064.0;2023-11-13
BA;2023;48;2637;18;1817959.0;31797;14873064.0;2023-11-20
BA;2023;49;1596;19;1819555.0;31816;14873064.0;2023-11-27
BA;2023;50;2031;16;1821586.0;31832;14873064.0;2023-12-04
BA;2023;51;1365;15;1822951.0;31847;14873064.0;2023-12-11
BA;2023;52;792;10;1823743.0;31857;14873064.0;2023-12-18
BA;2024;1;586;14;1847242.0;32068;14873064.0;2024-01-01
BA;2024;2;1024;20;1825353.0;31891;14873064.0;2024-01-01
BA;2024;3;970;7;1826323.0;31898;14873064.0;2024-01-08
BA;2024;4;1073;13;1827396.0;31911;14873064.0;2024-01-15
BA;2024;5;787;2;1828183.0;31913;14873064.0;2024-01-22
BA;2024;6;658;12;1828841.0;31925;14873064.0;2024-01-29
BA;2024;7;515;12;1829356.0;31937;14873064.0;2024-02-05
BA;2024;8;767;16;1830123.0;31953;14873064.0;2024-02-12
BA;2024;9;656;7;1830779.0;31960;14873064.0;2024-02-19
BA;2024;10;578;4;1831357.0;31964;14873064.0;2024-02-26
BA;2024;11;7126;10;1838483.0;31974;14873064.0;2024-03-04
BA;2024;12;747;3;1839230.0;31977;14873064.0;2024-03-11
BA;2024;13;364;7;1839594.0;31984;14873064.0;2024-03-18
BA;2024;14;-18579;-254;1839857.0;31990;14873064.0;2024-03-25
BA;2024;15;19084;262;1840099.0;31992;14873064.0;2024-04-01
BA;2024;16;238;3;1840337.0;31995;14873064.0;2024-04-08
BA;2024;17;129;1;1840466.0;31996;14873064.0;2024-04-15
BA;2024;18;-18811;-258;1840497.0;31998;14873064.0;2024-04-22
BA;2024;19;84;3;1840581.0;32001;14873064.0;2024-04-29
BA;2024;20;18875;260;1840614.0;32001;14873064.0;2024-05-06
BA;2024;21;129;0;1840743.0;32001;14873064.0;2024-05-13
BA;2024;22;78;1;1840821.0;32002;14873064.0;2024-05-20
BA;2024;23;0;0;1840821.0;32002;14873064.0;2024-05-27
BA;2024;24;0;0;1840821.0;32002;14873064.0;2024-06-03
BA;2024;25;0;0;1840821.0;32002;14873064.0;2024-06-10
BA;2024;26;181;4;1841002.0;32006;14873064.0;2024-06-17
BA;2024;27;0;0;1841002.0;32006;14873064.0;2024-06-24
BA;2024;28;193;1;1841195.0;32007;14873064.0;2024-07-01
BA;2024;29;105;0;1841300.0;32007;14873064.0;2024-07-08
BA;2024;30;167;0;1841467.0;32007;14873064.0;2024-07-15
BA;2024;31;0;0;1841467.0;32007;14873064.0;2024-07-22
BA;2024;32;285;5;1841752.0;32012;14873064.0;2024-07-29
BA;2024;33;170;3;1841922.0;32015;14873064.0;2024-08-05
BA;2024;34;364;1;1842286.0;32016;14873064.0;2024-08-12
BA;2024;35;0;0;1842286.0;32016;14873064.0;2024-08-19
BA;2024;36;373;1;1842659.0;32017;14873064.0;2024-08-26
BA;2024;37;0;0;1842659.0;32017;14873064.0;2024-09-02
BA;2024;38;464;0;1843123.0;32017;14873064.0;2024-09-09
BA;2024;39;212;1;1843335.0;32018;14873064.0;2024-09-16
BA;2024;40;0;0;1843335.0;32018;14873064.0;2024-09-23
BA;2024;41;841;10;1844176.0;32028;14873064.0;2024-09-30
BA;2024;42;0;0;1844176.0;32028;14873064.0;2024-10-07
BA;2024;43;305;6;1844481.0;32034;14873064.0;2024-10-14
BA;2024;44;0;0;1844481.0;32034;14873064.0;2024-10-21
BA;2024;45;0;0;1844481.0;32034;14873064.0;2024-10-28
BA;2024;46;0;0;1844481.0;32034;14873064.0;2024-11-04
BA;2024;47;0;0;1844481.0;32034;14873064.0;2024-11-11
BA;2024;48;1681;26;1846162.0;32060;14873064.0;2024-11-18
BA;2024;49;343;3;1846505.0;32063;14873064.0;2024-11-25
BA;2024;50;275;0;1846780.0;32063;14873064.0;2024-12-02
BA;2024;51;212;5;1846992.0;32068;14873064.0;2024-12-09
BA;2024;52;250;0;1847242.0;32068;14873064.0;2024-12-16
BA;2025;1;0;0;1847242.0;32068;14873064.0;2024-12-30
BA;2025;2;0;0;1847242.0;32068;14873064.0;2024-12-30
BA;2025;3;0;0;1847242.0;32068;14873064.0;2025-01-06
BA;2025;4;1103;13;1848345.0;32081;14873064.0;2025-01-13
BA;2025;5;258;2;1848603.0;32083;14873064.0;2025-01-20
BA;2025;6;458;7;1849061.0;32090;14873064.0;2025-01-27
BA;2025;7;398;5;1849459.0;32095;14873064.0;2025-02-03
BA;2025;8;566;1;1850025.0;32096;14873064.0;2025-02-10
BA;2025;9;513;8;1850538.0;32104;14873064.0;2025-02-17
BA;2025;10;599;3;1851137.0;32107;14873064.0;2025-02-24
BA;2025;11;582;0;1851719.0;32107;14873064.0;2025-03-03
BA;2025;12;509;3;1852228.0;32110;14873064.0;2025-03-10
BA;2025;13;0;0;1852228.0;32110;14873064.0;2025-03-17
BA;2025;14;0;0;1852228.0;32110;14873064.0;2025-03-24
BA;2025;15;578;9;1852806.0;32119;14873064.0;2025-03-31
BA;2025;16;0;0;1852806.0;32119;14873064.0;2025-04-07
BA;2025;17;172;5;1852978.0;32124;14873064.0;2025-04-14
BA;2025;18;59;1;1853037.0;32125;14873064.0;2025-04-21
BA;2025;19;66;1;1853103.0;32126;14873064.0;2025-04-28
BA;2025;20;49;0;1853152.0;32126;14873064.0;2025-05-05
BA;2025;21;116;2;1853268.0;32128;14873064.0;2025-05-12
BA;2025;22;56;1;1853324.0;32129;14873064.0;2025-05-19
BA;2025;23;0;0;1853324.0;32129;14873064.0;2025-05-26
BA;2025;24;104;2;1853428.0;32131;14873064.0;2025-06-02
BA;2025;25;66;2;1853494.0;32133;14873064.0;2025-06-09
BA;2025;26;32;0;1853526.0;32133;14873064.0;2025-06-16
BA;2025;27;0;0;1853526.0;32133;14873064.0;2025-06-23
BA;2025;28;181;2;1853707.0;32135;14873064.0;2025-06-30
BA;2025;29;77;7;1853784.0;32142;14873064.0;2025-07-07
BA;2025;30;72;0;1853856.0;32142;14873064.0;2025-07-14
BA;2025;31;109;0;1853965.0;32142;14873064.0;2025-07-21
BA;2025;32;110;3;1854075.0;32145;14873064.0;2025-07-28
BA;2025;33;130;1;1854205.0;32146;14873064.0;2025-08-04
BA;2025;34;157;1;1854362.0;32147;14873064.0;2025-08-11
BA;2025;35;0;0;1854362.0;32147;14873064.0;2025-08-18
BA;2025;36;0;0;1854362.0;32147;14873064.0;2025-08-25
CE;2020;9;0;0;0.0;0;9132078.0;2020-02-24
CE;2020;10;0;0;0.0;0;9132078.0;2020-02-24
CE;2020;11;0;0;0.0;0;9132078.0;2020-03-02
CE;2020;12;68;0;68.0;0;9132078.0;2020-03-09
CE;2020;13;246;4;314.0;4;9132078.0;2020-03-16
CE;2020;14;430;18;730.0;22;9132078.0;2020-03-23
CE;2020;15;858;45;1582.0;67;9132078.0;2020-03-30
CE;2020;16;1466;109;3034.0;176;9132078.0;2020-04-06
CE;2020;17;2378;135;5421.0;310;9132078.0;2020-04-13
CE;2020;18;2835;305;8231.0;614;9132078.0;2020-04-20
CE;2020;19;7733;446;15879.0;1062;9132078.0;2020-04-27
CE;2020;20;8213;552;23795.0;1614;9132078.0;2020-05-04
CE;2020;21;12077;694;35122.0;2308;9132078.0;2020-05-11
CE;2020;22;10202;648;46506.0;2956;9132078.0;2020-05-18
CE;2020;23;18784;1009;63575.0;3965;9132078.0;2020-05-25
CE;2020;24;12901;864;76429.0;4829;9132078.0;2020-06-01
CE;2020;25;15766;689;92156.0;5518;9132078.0;2020-06-08
CE;2020;26;14446;463;106628.0;5981;9132078.0;2020-06-15
CE;2020;27;14340;430;120952.0;6411;9132078.0;2020-06-22
CE;2020;28;14980;442;135945.0;6853;9132078.0;2020-06-29
CE;2020;29;10597;320;146544.0;7173;9132078.0;2020-07-06
CE;2020;30;15064;303;161597.0;7476;9132078.0;2020-07-13
CE;2020;31;14461;222;175928.0;7698;9132078.0;2020-07-20
CE;2020;32;12208;253;188244.0;7951;9132078.0;2020-07-27
CE;2020;33;9185;178;197381.0;8129;9132078.0;2020-08-03
CE;2020;34;7395;157;204587.0;8286;9132078.0;2020-08-10
CE;2020;35;9370;96;214094.0;8382;9132078.0;2020-08-17
CE;2020;36;8144;183;230105.0;8565;9132078.0;2020-08-24
CE;2020;37;4990;120;227075.0;8685;9132078.0;2020-08-31
CE;2020;38;6539;116;233600.0;8801;9132078.0;2020-09-07
CE;2020;39;5006;112;238568.0;8913;9132078.0;2020-09-14
CE;2020;40;4182;137;242669.0;9050;9132078.0;2020-09-21
CE;2020;41;18247;80;259764.0;9130;9132078.0;2020-09-28
CE;2020;42;4393;77;264245.0;9207;9132078.0;2020-10-05
CE;2020;43;5255;39;269392.0;9246;9132078.0;2020-10-12
CE;2020;44;4821;107;274185.0;9353;9132078.0;2020-10-19
CE;2020;45;3812;38;277950.0;9393;9132078.0;2020-10-26
CE;2020;46;6379;48;284208.0;9439;9132078.0;2020-11-02
CE;2020;47;7177;48;290959.0;9487;9132078.0;2020-11-09
CE;2020;48;8357;111;299290.0;9598;9132078.0;2020-11-16
CE;2020;49;5313;95;304443.0;9693;9132078.0;2020-11-23
CE;2020;50;10731;81;314674.0;9774;9132078.0;2020-11-30
CE;2020;51;8967;135;322861.0;9909;9132078.0;2020-12-07
CE;2020;52;5104;43;327832.0;9952;9132078.0;2020-12-14
CE;2020;53;7562;38;335091.0;9990;9132078.0;2020-12-21
CE;2021;1;7670;122;343887.0;10137;9132078.0;2020-12-28
CE;2021;2;8668;86;352340.0;10223;9132078.0;2021-01-04
CE;2021;3;8939;97;360973.0;10320;9132078.0;2021-01-11
CE;2021;4;9389;145;370300.0;10465;9132078.0;2021-01-18
CE;2021;5;11716;150;381621.0;10611;9132078.0;2021-01-25
CE;2021;6;9142;126;390857.0;10741;9132078.0;2021-02-01
CE;2021;7;16883;197;408555.0;10938;9132078.0;2021-02-08
CE;2021;8;15158;321;422782.0;11259;9132078.0;2021-02-15
CE;2021;9;19729;405;442439.0;11664;9132078.0;2021-02-22
CE;2021;10;25785;532;468097.0;12196;9132078.0;2021-03-01
CE;2021;11;27667;610;495647.0;12806;9132078.0;2021-03-08
CE;2021;12;26608;706;522173.0;13508;9132078.0;2021-03-15
CE;2021;13;26633;822;548635.0;14334;9132078.0;2021-03-22
CE;2021;14;36185;1093;584619.0;15427;9132078.0;2021-03-29
CE;2021;15;31453;736;616022.0;16163;9132078.0;2021-04-05
CE;2021;16;32546;794;648344.0;16957;9132078.0;2021-04-12
CE;2021;17;28797;810;677152.0;17767;9132078.0;2021-04-19
CE;2021;18;29597;662;706540.0;18429;9132078.0;2021-04-26
CE;2021;19;30570;640;736774.0;19069;9132078.0;2021-05-03
CE;2021;20;30453;742;767193.0;19811;9132078.0;2021-05-10
CE;2021;21;29685;617;796885.0;20428;9132078.0;2021-05-17
CE;2021;22;26410;475;821842.0;20903;9132078.0;2021-05-24
CE;2021;23;15411;476;837223.0;21379;9132078.0;2021-05-31
CE;2021;24;27521;664;864529.0;22043;9132078.0;2021-06-07
CE;2021;25;14127;377;878665.0;22420;9132078.0;2021-06-14
CE;2021;26;11336;272;889947.0;22692;9132078.0;2021-06-21
CE;2021;27;11274;316;901227.0;23008;9132078.0;2021-06-28
CE;2021;28;7080;194;908425.0;23202;9132078.0;2021-07-05
CE;2021;29;5660;162;914005.0;23364;9132078.0;2021-07-12
CE;2021;30;5364;155;919206.0;23519;9132078.0;2021-07-19
CE;2021;31;3851;173;923045.0;23692;9132078.0;2021-07-26
CE;2021;32;2952;123;926017.0;23815;9132078.0;2021-08-02
CE;2021;33;2548;138;928564.0;23953;9132078.0;2021-08-09
CE;2021;34;2270;62;930816.0;24015;9132078.0;2021-08-16
CE;2021;35;2030;50;932934.0;24065;9132078.0;2021-08-23
CE;2021;36;1609;61;934447.0;24126;9132078.0;2021-08-30
CE;2021;37;1160;31;935722.0;24157;9132078.0;2021-09-06
CE;2021;38;-15606;18;935931.0;24175;9132078.0;2021-09-13
CE;2021;39;20310;65;940854.0;24240;9132078.0;2021-09-20
CE;2021;40;494;56;941330.0;24296;9132078.0;2021-09-27
CE;2021;41;702;82;942018.0;24378;9132078.0;2021-10-04
CE;2021;42;895;79;942901.0;24457;9132078.0;2021-10-11
CE;2021;43;529;39;943426.0;24496;9132078.0;2021-10-18
CE;2021;44;803;7;944178.0;24503;9132078.0;2021-10-25
CE;2021;45;4196;46;948251.0;24549;9132078.0;2021-11-01
CE;2021;46;791;39;949043.0;24588;9132078.0;2021-11-08
CE;2021;47;571;36;949590.0;24624;9132078.0;2021-11-15
CE;2021;48;1996;49;951821.0;24673;9132078.0;2021-11-22
CE;2021;49;1353;47;953160.0;24720;9132078.0;2021-11-29
CE;2021;50;620;29;953774.0;24749;9132078.0;2021-12-06
CE;2021;51;757;16;954518.0;24765;9132078.0;2021-12-13
CE;2021;52;1850;41;956325.0;24806;9132078.0;2021-12-20
CE;2021;53;1558;25;336574.0;10015;9132078.0;2020-12-28
CE;2022;1;3991;35;960999.0;24841;9132078.0;2021-12-27
CE;2022;2;7499;29;968505.0;24870;9132078.0;2022-01-03
CE;2022;3;21603;110;990138.0;24980;9132078.0;2022-01-10
CE;2022;4;90565;195;1077060.0;25175;9132078.0;2022-01-17
CE;2022;5;105427;252;1180133.0;25450;9132078.0;2022-01-24
CE;2022;6;22201;366;1202237.0;25793;9132078.0;2022-01-31
CE;2022;7;14655;248;1216869.0;26041;9132078.0;2022-02-07
CE;2022;8;9190;245;1226040.0;26286;9132078.0;2022-02-14
CE;2022;9;-6048;287;1230599.0;26412;9132078.0;2022-02-21
CE;2022;10;13903;-10;1233886.0;26563;9132078.0;2022-02-28
CE;2022;11;2376;98;1236261.0;26661;9132078.0;2022-03-07
CE;2022;12;3500;38;1239702.0;26699;9132078.0;2022-03-14
CE;2022;13;1132;57;1240834.0;26756;9132078.0;2022-03-21
CE;2022;14;1980;61;1242818.0;26817;9132078.0;2022-03-28
CE;2022;15;627;21;1243445.0;26838;9132078.0;2022-04-04
CE;2022;16;422;38;1243867.0;26876;9132078.0;2022-04-11
CE;2022;17;441;31;1244308.0;26907;9132078.0;2022-04-18
CE;2022;18;435;38;1244742.0;26945;9132078.0;2022-04-25
CE;2022;19;607;38;1245349.0;26983;9132078.0;2022-05-02
CE;2022;20;337;40;1245686.0;27023;9132078.0;2022-05-09
CE;2022;21;567;43;1246248.0;27066;9132078.0;2022-05-16
CE;2022;22;789;38;1246968.0;27104;9132078.0;2022-05-23
CE;2022;23;2755;27;1249651.0;27131;9132078.0;2022-05-30
CE;2022;24;2914;8;1252417.0;27139;9132078.0;2022-06-06
CE;2022;25;5364;25;1257497.0;27164;9132078.0;2022-06-13
CE;2022;26;12338;48;1269537.0;27212;9132078.0;2022-06-20
CE;2022;27;10409;88;1279524.0;27300;9132078.0;2022-06-27
CE;2022;28;59012;39;1338311.0;27339;9132078.0;2022-07-04
CE;2022;29;13622;35;1351919.0;27374;9132078.0;2022-07-11
CE;2022;30;8321;41;1360208.0;27415;9132078.0;2022-07-18
CE;2022;31;6877;32;1367057.0;27447;9132078.0;2022-07-25
CE;2022;32;4570;41;1371614.0;27488;9132078.0;2022-08-01
CE;2022;33;2850;32;1374453.0;27520;9132078.0;2022-08-08
CE;2022;34;5461;29;1379908.0;27549;9132078.0;2022-08-15
CE;2022;35;1419;32;1381326.0;27581;9132078.0;2022-08-22
CE;2022;36;843;28;1382169.0;27609;9132078.0;2022-08-29
CE;2022;37;1115;17;1383284.0;27626;9132078.0;2022-09-05
CE;2022;38;626;21;1383910.0;27647;9132078.0;2022-09-12
CE;2022;39;778;38;1384688.0;27685;9132078.0;2022-09-19
CE;2022;40;428;40;1385115.0;27725;9132078.0;2022-09-26
CE;2022;41;146;4;1385261.0;27729;9132078.0;2022-10-03
CE;2022;42;673;61;1385934.0;27790;9132078.0;2022-10-10
CE;2022;43;428;176;1386362.0;27966;9132078.0;2022-10-17
CE;2022;44;394;44;1386756.0;28010;9132078.0;2022-10-24
CE;2022;45;992;3;1387747.0;28013;9132078.0;2022-10-31
CE;2022;46;1662;0;1389409.0;28013;9132078.0;2022-11-07
CE;2022;47;7728;6;1397136.0;28019;9132078.0;2022-11-14
CE;2022;48;9609;1;1406738.0;28020;9132078.0;2022-11-21
CE;2022;49;10745;16;1417482.0;28036;9132078.0;2022-11-28
CE;2022;50;10188;10;1427669.0;28046;9132078.0;2022-12-05
CE;2022;51;6716;10;1434385.0;28056;9132078.0;2022-12-12
CE;2022;52;3478;11;1437171.0;28067;9132078.0;2021-12-27
CE;2023;1;4720;10;1491654.0;28215;9132078.0;2022-12-26
CE;2023;2;2961;5;1444852.0;28082;9132078.0;2023-01-02
CE;2023;3;1629;9;1446481.0;28091;9132078.0;2023-01-09
CE;2023;4;1607;9;1448088.0;28100;9132078.0;2023-01-16
CE;2023;5;1388;10;1449476.0;28110;9132078.0;2023-01-23
CE;2023;6;1009;4;1450485.0;28114;9132078.0;2023-01-30
CE;2023;7;1129;-1;1451614.0;28114;9132078.0;2023-02-06
CE;2023;8;339;1;1451953.0;28114;9132078.0;2023-02-13
CE;2023;9;1464;43;1453572.0;28157;9132078.0;2023-02-20
CE;2023;10;1732;-1;1455149.0;28157;9132078.0;2023-02-27
CE;2023;11;1293;1;1456442.0;28157;9132078.0;2023-03-06
CE;2023;12;1500;0;1457942.0;28157;9132078.0;2023-03-13
CE;2023;13;1784;-1;1459726.0;28157;9132078.0;2023-03-20
CE;2023;14;1812;8;1461538.0;28164;9132078.0;2023-03-27
CE;2023;15;2225;4;1463763.0;28168;9132078.0;2023-04-03
CE;2023;16;1942;0;1465705.0;28168;9132078.0;2023-04-10
CE;2023;17;2098;2;1467803.0;28170;9132078.0;2023-04-17
CE;2023;18;1394;8;1469197.0;28178;9132078.0;2023-04-24
CE;2023;19;699;1;1469896.0;28179;9132078.0;2023-05-01
CE;2023;20;80;10;1469976.0;28189;9132078.0;2023-05-08
CE;2023;21;633;0;1470609.0;28189;9132078.0;2023-05-15
CE;2023;22;248;1;1470857.0;28190;9132078.0;2023-05-22
CE;2023;23;309;1;1471166.0;28191;9132078.0;2023-05-29
CE;2023;24;-95;2;1471166.0;28193;9132078.0;2023-06-05
CE;2023;25;-225;1;1471071.0;28194;9132078.0;2023-06-12
CE;2023;26;195;6;1471041.0;28200;9132078.0;2023-06-19
CE;2023;27;174;9;1471215.0;28209;9132078.0;2023-06-26
CE;2023;28;183;0;1471398.0;28209;9132078.0;2023-07-03
CE;2023;29;84;1;1471482.0;28210;9132078.0;2023-07-10
CE;2023;30;245;1;1471727.0;28211;9132078.0;2023-07-17
CE;2023;31;-781;0;1471727.0;28211;9132078.0;2023-07-24
CE;2023;32;-9;0;1470946.0;28211;9132078.0;2023-07-31
CE;2023;33;60;0;1470997.0;28211;9132078.0;2023-08-07
CE;2023;34;34;0;1471031.0;28211;9132078.0;2023-08-14
CE;2023;35;53;0;1471084.0;28211;9132078.0;2023-08-21
CE;2023;36;79;5;1471163.0;28216;9132078.0;2023-08-28
CE;2023;37;127;-1;1471290.0;28216;9132078.0;2023-09-04
CE;2023;38;87;2;1471377.0;28217;9132078.0;2023-09-11
CE;2023;39;6;0;1471383.0;28217;9132078.0;2023-09-18
CE;2023;40;74;0;1471457.0;28217;9132078.0;2023-09-25
CE;2023;41;21;1;1471478.0;28218;9132078.0;2023-10-02
CE;2023;42;6;-1;1471484.0;28218;9132078.0;2023-10-09
CE;2023;43;72;-1;1471556.0;28217;9132078.0;2023-10-16
CE;2023;44;127;1;1471683.0;28217;9132078.0;2023-10-23
CE;2023;45;268;0;1471951.0;28217;9132078.0;2023-10-30
CE;2023;46;-886;-2;1471951.0;28217;9132078.0;2023-11-06
CE;2023;47;661;0;1471726.0;28215;9132078.0;2023-11-13
CE;2023;48;228;0;1471954.0;28215;9132078.0;2023-11-20
CE;2023;49;2505;0;1474459.0;28215;9132078.0;2023-11-27
CE;2023;50;7098;0;1481557.0;28215;9132078.0;2023-12-04
CE;2023;51;0;0;1481557.0;28215;9132078.0;2023-12-11
CE;2023;52;10097;0;1491654.0;28215;9132078.0;2023-12-18
CE;2024;1;4816;0;1518025.0;28215;9132078.0;2024-01-01
CE;2024;2;763;0;1497233.0;28215;9132078.0;2024-01-01
CE;2024;3;3112;0;1500345.0;28215;9132078.0;2024-01-08
CE;2024;4;198;0;1500543.0;28215;9132078.0;2024-01-15
CE;2024;5;816;0;1501359.0;28215;9132078.0;2024-01-22
CE;2024;6;0;0;1501359.0;28215;9132078.0;2024-01-29
CE;2024;7;0;0;1501359.0;28215;9132078.0;2024-02-05
CE;2024;8;2259;0;1503618.0;28215;9132078.0;2024-02-12
CE;2024;9;142;0;1503760.0;28215;9132078.0;2024-02-19
CE;2024;10;62;0;1503822.0;28215;9132078.0;2024-02-26
CE;2024;11;-1038;0;1503822.0;28215;9132078.0;2024-03-04
CE;2024;12;1306;0;1504090.0;28215;9132078.0;2024-03-11
CE;2024;13;0;163;1504090.0;28215;9132078.0;2024-03-18
CE;2024;14;0;0;1504090.0;28215;9132078.0;2024-03-25
CE;2024;15;0;0;1504090.0;28215;9132078.0;2024-04-01
CE;2024;16;412;-163;1504502.0;28215;9132078.0;2024-04-08
CE;2024;17;0;0;1504502.0;28215;9132078.0;2024-04-15
CE;2024;18;-11109;163;1504502.0;28215;9132078.0;2024-04-22
CE;2024;19;471;0;1504973.0;28215;9132078.0;2024-04-29
CE;2024;20;11109;-163;1504973.0;28215;9132078.0;2024-05-06
CE;2024;21;656;0;1505629.0;28215;9132078.0;2024-05-13
CE;2024;22;180;0;1505809.0;28215;9132078.0;2024-05-20
CE;2024;23;175;0;1505984.0;28215;9132078.0;2024-05-27
CE;2024;24;117;0;1506101.0;28215;9132078.0;2024-06-03
CE;2024;25;0;0;1506101.0;28215;9132078.0;2024-06-10
CE;2024;26;-214;0;1506101.0;28215;9132078.0;2024-06-17
CE;2024;27;169;0;1506056.0;28215;9132078.0;2024-06-24
CE;2024;28;1194;0;1507250.0;28215;9132078.0;2024-07-01
CE;2024;29;0;0;1507250.0;28215;9132078.0;2024-07-08
CE;2024;30;242;0;1507492.0;28215;9132078.0;2024-07-15
CE;2024;31;0;0;1507492.0;28215;9132078.0;2024-07-22
CE;2024;32;139;0;1507631.0;28215;9132078.0;2024-07-29
CE;2024;33;98;0;1507729.0;28215;9132078.0;2024-08-05
CE;2024;34;102;0;1507831.0;28215;9132078.0;2024-08-12
CE;2024;35;44;0;1507875.0;28215;9132078.0;2024-08-19
CE;2024;36;101;0;1507976.0;28215;9132078.0;2024-08-26
CE;2024;37;62;0;1508038.0;28215;9132078.0;2024-09-02
CE;2024;38;0;0;1508038.0;28215;9132078.0;2024-09-09
CE;2024;39;97;0;1508135.0;28215;9132078.0;2024-09-16
CE;2024;40;0;0;1508135.0;28215;9132078.0;2024-09-23
CE;2024;41;0;0;1508135.0;28215;9132078.0;2024-09-30
CE;2024;42;0;0;1508135.0;28215;9132078.0;2024-10-07
CE;2024;43;0;0;1508135.0;28215;9132078.0;2024-10-14
CE;2024;44;0;0;1508135.0;28215;9132078.0;2024-10-21
CE;2024;45;0;0;1508135.0;28215;9132078.0;2024-10-28
CE;2024;46;623;0;1508758.0;28215;9132078.0;2024-11-04
CE;2024;47;0;0;1508758.0;28215;9132078.0;2024-11-11
CE;2024;48;0;0;1508758.0;28215;9132078.0;2024-11-18
CE;2024;49;9267;0;1518025.0;28215;9132078.0;2024-11-25
CE;2024;50;0;0;1518025.0;28215;9132078.0;2024-12-02
CE;2024;51;0;0;1518025.0;28215;9132078.0;2024-12-09
CE;2024;52;0;0;1518025.0;28215;9132078.0;2024-12-16
CE;2025;1;0;0;1518025.0;28215;9132078.0;2024-12-30
CE;2025;2;14753;0;1532778.0;28215;9132078.0;2024-12-30
CE;2025;3;0;0;1532778.0;28215;9132078.0;2025-01-06
CE;2025;4;0;0;1532778.0;28215;9132078.0;2025-01-13
CE;2025;5;0;0;1532778.0;28215;9132078.0;2025-01-20
CE;2025;6;0;0;1532778.0;28215;9132078.0;2025-01-27
CE;2025;7;3567;0;1536345.0;28215;9132078.0;2025-02-03
CE;2025;8;0;0;1536345.0;28215;9132078.0;2025-02-10
CE;2025;9;0;0;1536345.0;28215;9132078.0;2025-02-17
CE;2025;10;0;0;1536345.0;28215;9132078.0;2025-02-24
CE;2025;11;0;0;1536345.0;28215;9132078.0;2025-03-03
CE;2025;12;0;0;1536345.0;28215;9132078.0;2025-03-10
CE;2025;13;0;0;1536345.0;28215;9132078.0;2025-03-17
CE;2025;14;0;0;1536345.0;28215;9132078.0;2025-03-24
CE;2025;15;0;0;1536345.0;28215;9132078.0;2025-03-31
CE;2025;16;0;0;1536345.0;28215;9132078.0;2025-04-07
CE;2025;17;0;0;1536345.0;28215;9132078.0;2025-04-14
CE;2025;18;0;0;1536345.0;28215;9132078.0;2025-04-21
CE;2025;19;0;0;1536345.0;28215;9132078.0;2025-04-28
CE;2025;20;0;0;1536345.0;28215;9132078.0;2025-05-05
CE;2025;21;0;0;1536345.0;28215;9132078.0;2025-05-12
CE;2025;22;0;0;1536345.0;28215;9132078.0;2025-05-19
CE;2025;23;0;0;1536345.0;28215;9132078.0;2025-05-26
CE;2025;24;0;0;1536345.0;28215;9132078.0;2025-06-02
CE;2025;25;0;0;1536345.0;28215;9132078.0;2025-06-09
CE;2025;26;0;0;1536345.0;28215;9132078.0;2025-06-16
CE;2025;27;0;0;1536345.0;28215;9132078.0;2025-06-23
CE;2025;28;0;0;1536345.0;28215;9132078.0;2025-06-30
CE;2025;29;0;0;1536345.0;28215;9132078.0;2025-07-07
CE;2025;30;0;0;1536345.0;28215;9132078.0;2025-07-14
CE;2025;31;0;0;1536345.0;28215;9132078.0;2025-07-21
CE;2025;32;0;0;1536345.0;28215;9132078.0;2025-07-28
CE;2025;33;0;0;1536345.0;28215;9132078.0;2025-08-04
CE;2025;34;0;0;1536345.0;28215;9132078.0;2025-08-11
CE;2025;35;0;0;1536345.0;28215;9132078.0;2025-08-18
CE;2025;36;0;0;1536345.0;28215;9132078.0;2025-08-25
DF;2020;9;0;0;0.0;0;3015268.0;2020-02-24
DF;2020;10;1;0;1.0;0;3015268.0;2020-02-24
DF;2020;11;5;0;6.0;0;3015268.0;2020-03-02
DF;2020;12;94;0;100.0;0;3015268.0;2020-03-09
DF;2020;13;160;0;260.0;0;3015268.0;2020-03-16
DF;2020;14;194;7;454.0;7;3015268.0;2020-03-23
DF;2020;15;125;7;579.0;14;3015268.0;2020-03-30
DF;2020;16;183;10;762.0;24;3015268.0;2020-04-06
DF;2020;17;251;2;1013.0;26;3015268.0;2020-04-13
DF;2020;18;553;5;1566.0;31;3015268.0;2020-04-20
DF;2020;19;1010;8;2576.0;39;3015268.0;2020-04-27
DF;2020;20;1564;17;4140.0;56;3015268.0;2020-05-04
DF;2020;21;2111;39;6251.0;95;3015268.0;2020-05-11
DF;2020;22;3223;67;9474.0;162;3015268.0;2020-05-18
DF;2020;23;6376;46;15850.0;208;3015268.0;2020-05-25
DF;2020;24;6109;85;21959.0;293;3015268.0;2020-06-01
DF;2020;25;10279;111;32238.0;404;3015268.0;2020-06-08
DF;2020;26;10528;133;42766.0;537;3015268.0;2020-06-15
DF;2020;27;12994;134;55760.0;671;3015268.0;2020-06-22
DF;2020;28;12646;200;68406.0;871;3015268.0;2020-06-29
DF;2020;29;12757;204;81163.0;1075;3015268.0;2020-07-06
DF;2020;30;13024;200;94187.0;1275;3015268.0;2020-07-13
DF;2020;31;13735;215;107922.0;1490;3015268.0;2020-07-20
DF;2020;32;13902;222;121824.0;1712;3015268.0;2020-07-27
DF;2020;33;13190;246;135014.0;1958;3015268.0;2020-08-03
DF;2020;34;12113;299;147127.0;2257;3015268.0;2020-08-10
DF;2020;35;12399;193;159526.0;2450;3015268.0;2020-08-17
DF;2020;36;9079;250;168605.0;2700;3015268.0;2020-08-24
DF;2020;37;7041;183;175646.0;2883;3015268.0;2020-08-31
DF;2020;38;7450;165;183096.0;3048;3015268.0;2020-09-07
DF;2020;39;5512;135;188608.0;3183;3015268.0;2020-09-14
DF;2020;40;6175;126;194783.0;3309;3015268.0;2020-09-21
DF;2020;41;4786;103;199569.0;3412;3015268.0;2020-09-28
DF;2020;42;4735;127;204304.0;3539;3015268.0;2020-10-05
DF;2020;43;4457;84;208761.0;3623;3015268.0;2020-10-12
DF;2020;44;4484;60;213245.0;3683;3015268.0;2020-10-19
DF;2020;45;2605;57;215850.0;3740;3015268.0;2020-10-26
DF;2020;46;3862;73;219712.0;3813;3015268.0;2020-11-02
DF;2020;47;3666;49;223378.0;3862;3015268.0;2020-11-09
DF;2020;48;4697;58;228075.0;3920;3015268.0;2020-11-16
DF;2020;49;5301;58;233376.0;3978;3015268.0;2020-11-23
DF;2020;50;5258;81;238634.0;4059;3015268.0;2020-11-30
DF;2020;51;5200;79;243834.0;4138;3015268.0;2020-12-07
DF;2020;52;4094;60;247928.0;4198;3015268.0;2020-12-14
DF;2020;53;3773;61;251701.0;4259;3015268.0;2020-12-21
DF;2021;1;5279;83;258153.0;4351;3015268.0;2020-12-28
DF;2021;2;5603;61;263756.0;4412;3015268.0;2021-01-04
DF;2021;3;5594;56;269350.0;4468;3015268.0;2021-01-11
DF;2021;4;7222;77;276572.0;4545;3015268.0;2021-01-18
DF;2021;5;4027;63;280599.0;4608;3015268.0;2021-01-25
DF;2021;6;3702;72;284301.0;4680;3015268.0;2021-02-01
DF;2021;7;4676;67;288977.0;4747;3015268.0;2021-02-08
DF;2021;8;6638;84;295615.0;4831;3015268.0;2021-02-15
DF;2021;9;9762;119;305377.0;4950;3015268.0;2021-02-22
DF;2021;10;10804;147;316181.0;5097;3015268.0;2021-03-01
DF;2021;11;11641;258;327822.0;5355;3015268.0;2021-03-08
DF;2021;12;11108;362;338930.0;5717;3015268.0;2021-03-15
DF;2021;13;9757;518;348687.0;6235;3015268.0;2021-03-22
DF;2021;14;9074;474;357761.0;6709;3015268.0;2021-03-29
DF;2021;15;7885;463;365646.0;7172;3015268.0;2021-04-05
DF;2021;16;6917;362;372563.0;7534;3015268.0;2021-04-12
DF;2021;17;7189;292;379752.0;7826;3015268.0;2021-04-19
DF;2021;18;6011;261;385763.0;8087;3015268.0;2021-04-26
DF;2021;19;5925;211;391688.0;8298;3015268.0;2021-05-03
DF;2021;20;6027;152;397715.0;8450;3015268.0;2021-05-10
DF;2021;21;6475;171;404190.0;8621;3015268.0;2021-05-17
DF;2021;22;5869;169;410059.0;8790;3015268.0;2021-05-24
DF;2021;23;6070;147;416129.0;8937;3015268.0;2021-05-31
DF;2021;24;6004;134;422133.0;9071;3015268.0;2021-06-07
DF;2021;25;5299;113;427432.0;9184;3015268.0;2021-06-14
DF;2021;26;5060;105;432492.0;9289;3015268.0;2021-06-21
DF;2021;27;4756;81;437248.0;9370;3015268.0;2021-06-28
DF;2021;28;4003;97;441251.0;9467;3015268.0;2021-07-05
DF;2021;29;4173;81;445424.0;9548;3015268.0;2021-07-12
DF;2021;30;4742;72;450166.0;9620;3015268.0;2021-07-19
DF;2021;31;4601;96;454767.0;9716;3015268.0;2021-07-26
DF;2021;32;4328;86;459095.0;9802;3015268.0;2021-08-02
DF;2021;33;4435;96;463530.0;9898;3015268.0;2021-08-09
DF;2021;34;4734;109;468264.0;10007;3015268.0;2021-08-16
DF;2021;35;6156;109;474420.0;10116;3015268.0;2021-08-23
DF;2021;36;4864;85;479284.0;10201;3015268.0;2021-08-30
DF;2021;37;5215;72;484499.0;10273;3015268.0;2021-09-06
DF;2021;38;6410;109;490909.0;10382;3015268.0;2021-09-13
DF;2021;39;5870;106;496779.0;10488;3015268.0;2021-09-20
DF;2021;40;8764;106;505543.0;10594;3015268.0;2021-09-27
DF;2021;41;4616;98;510159.0;10692;3015268.0;2021-10-04
DF;2021;42;3032;94;513191.0;10786;3015268.0;2021-10-11
DF;2021;43;1624;80;514815.0;10866;3015268.0;2021-10-18
DF;2021;44;824;45;515639.0;10911;3015268.0;2021-10-25
DF;2021;45;831;46;516470.0;10957;3015268.0;2021-11-01
DF;2021;46;639;37;517109.0;10994;3015268.0;2021-11-08
DF;2021;47;499;32;517608.0;11026;3015268.0;2021-11-15
DF;2021;48;454;17;518062.0;11043;3015268.0;2021-11-22
DF;2021;49;283;15;518345.0;11058;3015268.0;2021-11-29
DF;2021;50;226;26;518571.0;11084;3015268.0;2021-12-06
DF;2021;51;307;11;518878.0;11095;3015268.0;2021-12-13
DF;2021;52;933;13;519811.0;11108;3015268.0;2021-12-20
DF;2021;53;1173;9;252874.0;4268;3015268.0;2020-12-28
DF;2022;1;5105;11;524916.0;11119;3015268.0;2021-12-27
DF;2022;2;16336;7;541252.0;11126;3015268.0;2022-01-03
DF;2022;3;20205;13;561457.0;11139;3015268.0;2022-01-10
DF;2022;4;33800;25;595257.0;11164;3015268.0;2022-01-17
DF;2022;5;35976;53;631233.0;11217;3015268.0;2022-01-24
DF;2022;6;25173;63;656406.0;11280;3015268.0;2022-01-31
DF;2022;7;14999;63;671405.0;11343;3015268.0;2022-02-07
DF;2022;8;9436;66;680841.0;11409;3015268.0;2022-02-14
DF;2022;9;4256;52;685097.0;11461;3015268.0;2022-02-21
DF;2022;10;2834;47;687931.0;11508;3015268.0;2022-02-28
DF;2022;11;1952;43;689883.0;11551;3015268.0;2022-03-07
DF;2022;12;1470;22;691353.0;11573;3015268.0;2022-03-14
DF;2022;13;1193;15;692546.0;11588;3015268.0;2022-03-21
DF;2022;14;867;22;693413.0;11610;3015268.0;2022-03-28
DF;2022;15;1759;17;695172.0;11627;3015268.0;2022-04-04
DF;2022;16;465;11;695637.0;11638;3015268.0;2022-04-11
DF;2022;17;850;13;696487.0;11651;3015268.0;2022-04-18
DF;2022;18;1025;9;697512.0;11660;3015268.0;2022-04-25
DF;2022;19;1295;10;698807.0;11670;3015268.0;2022-05-02
DF;2022;20;2543;14;701350.0;11684;3015268.0;2022-05-09
DF;2022;21;4598;6;705948.0;11690;3015268.0;2022-05-16
DF;2022;22;12294;2;718242.0;11692;3015268.0;2022-05-23
DF;2022;23;22670;7;740912.0;11699;3015268.0;2022-05-30
DF;2022;24;25480;9;766392.0;11708;3015268.0;2022-06-06
DF;2022;25;25190;38;791582.0;11746;3015268.0;2022-06-13
DF;2022;26;16123;20;807705.0;11766;3015268.0;2022-06-20
DF;2022;27;9150;24;816855.0;11790;3015268.0;2022-06-27
DF;2022;28;7442;13;824297.0;11803;3015268.0;2022-07-04
DF;2022;29;3568;11;827865.0;11814;3015268.0;2022-07-11
DF;2022;30;2700;5;830565.0;11819;3015268.0;2022-07-18
DF;2022;31;2737;3;833302.0;11822;3015268.0;2022-07-25
DF;2022;32;1854;3;835156.0;11825;3015268.0;2022-08-01
DF;2022;33;1059;0;836215.0;11825;3015268.0;2022-08-08
DF;2022;34;636;0;836851.0;11825;3015268.0;2022-08-15
DF;2022;35;767;0;837618.0;11825;3015268.0;2022-08-22
DF;2022;36;310;0;837928.0;11825;3015268.0;2022-08-29
DF;2022;37;485;0;838413.0;11825;3015268.0;2022-09-05
DF;2022;38;262;4;838675.0;11829;3015268.0;2022-09-12
DF;2022;39;435;2;839110.0;11831;3015268.0;2022-09-19
DF;2022;40;370;0;839480.0;11831;3015268.0;2022-09-26
DF;2022;41;272;0;839752.0;11831;3015268.0;2022-10-03
DF;2022;42;2471;0;842223.0;11831;3015268.0;2022-10-10
DF;2022;43;416;0;842639.0;11831;3015268.0;2022-10-17
DF;2022;44;523;1;843162.0;11832;3015268.0;2022-10-24
DF;2022;45;1060;0;844222.0;11832;3015268.0;2022-10-31
DF;2022;46;2382;0;846604.0;11832;3015268.0;2022-11-07
DF;2022;47;3259;3;849863.0;11835;3015268.0;2022-11-14
DF;2022;48;7214;0;857077.0;11835;3015268.0;2022-11-21
DF;2022;49;7197;0;864274.0;11835;3015268.0;2022-11-28
DF;2022;50;12018;2;876292.0;11837;3015268.0;2022-12-05
DF;2022;51;7657;1;883949.0;11838;3015268.0;2022-12-12
DF;2022;52;4114;0;888063.0;11838;3015268.0;2021-12-27
DF;2023;1;2337;0;927220.0;11952;3015268.0;2022-12-26
DF;2023;2;1673;0;892073.0;11838;3015268.0;2023-01-02
DF;2023;3;1177;0;893250.0;11838;3015268.0;2023-01-09
DF;2023;4;628;0;893878.0;11838;3015268.0;2023-01-16
DF;2023;5;672;0;894550.0;11838;3015268.0;2023-01-23
DF;2023;6;531;0;895081.0;11838;3015268.0;2023-01-30
DF;2023;7;976;5;896057.0;11843;3015268.0;2023-02-06
DF;2023;8;751;0;896808.0;11843;3015268.0;2023-02-13
DF;2023;9;1264;2;898072.0;11845;3015268.0;2023-02-20
DF;2023;10;532;2;898604.0;11847;3015268.0;2023-02-27
DF;2023;11;722;6;899326.0;11853;3015268.0;2023-03-06
DF;2023;12;792;0;900118.0;11853;3015268.0;2023-03-13
DF;2023;13;985;0;901103.0;11853;3015268.0;2023-03-20
DF;2023;14;943;1;902046.0;11854;3015268.0;2023-03-27
DF;2023;15;1002;0;903048.0;11854;3015268.0;2023-04-03
DF;2023;16;896;0;903944.0;11854;3015268.0;2023-04-10
DF;2023;17;1036;2;904980.0;11856;3015268.0;2023-04-17
DF;2023;18;808;1;905788.0;11857;3015268.0;2023-04-24
DF;2023;19;924;1;906712.0;11858;3015268.0;2023-05-01
DF;2023;20;844;1;907556.0;11859;3015268.0;2023-05-08
DF;2023;21;720;1;908276.0;11860;3015268.0;2023-05-15
DF;2023;22;544;2;908820.0;11862;3015268.0;2023-05-22
DF;2023;23;0;0;908820.0;11862;3015268.0;2023-05-29
DF;2023;24;782;0;909602.0;11862;3015268.0;2023-06-05
DF;2023;25;174;0;909776.0;11862;3015268.0;2023-06-12
DF;2023;26;257;0;910033.0;11862;3015268.0;2023-06-19
DF;2023;27;234;0;910267.0;11862;3015268.0;2023-06-26
DF;2023;28;178;1;910445.0;11863;3015268.0;2023-07-03
DF;2023;29;218;0;910663.0;11863;3015268.0;2023-07-10
DF;2023;30;144;0;910807.0;11863;3015268.0;2023-07-17
DF;2023;31;328;8;911135.0;11871;3015268.0;2023-07-24
DF;2023;32;239;9;911374.0;11880;3015268.0;2023-07-31
DF;2023;33;312;6;911686.0;11886;3015268.0;2023-08-07
DF;2023;34;479;0;912165.0;11886;3015268.0;2023-08-14
DF;2023;35;626;0;912791.0;11886;3015268.0;2023-08-21
DF;2023;36;416;7;913207.0;11893;3015268.0;2023-08-28
DF;2023;37;1056;2;914263.0;11895;3015268.0;2023-09-04
DF;2023;38;2013;1;916276.0;11896;3015268.0;2023-09-11
DF;2023;39;1753;5;918029.0;11901;3015268.0;2023-09-18
DF;2023;40;1459;9;919488.0;11910;3015268.0;2023-09-25
DF;2023;41;1449;7;920937.0;11917;3015268.0;2023-10-02
DF;2023;42;1542;8;922479.0;11925;3015268.0;2023-10-09
DF;2023;43;0;0;922479.0;11925;3015268.0;2023-10-16
DF;2023;44;2053;2;924532.0;11927;3015268.0;2023-10-23
DF;2023;45;710;5;925242.0;11932;3015268.0;2023-10-30
DF;2023;46;419;0;925661.0;11932;3015268.0;2023-11-06
DF;2023;47;333;2;925994.0;11934;3015268.0;2023-11-13
DF;2023;48;258;5;926252.0;11939;3015268.0;2023-11-20
DF;2023;49;303;4;926555.0;11943;3015268.0;2023-11-27
DF;2023;50;253;5;926808.0;11948;3015268.0;2023-12-04
DF;2023;51;150;4;926958.0;11952;3015268.0;2023-12-11
DF;2023;52;262;0;927220.0;11952;3015268.0;2023-12-18
DF;2024;1;260;0;956507.0;12028;3015268.0;2024-01-01
DF;2024;2;-2646;0;927480.0;11952;3015268.0;2024-01-01
DF;2024;3;3407;0;928241.0;11952;3015268.0;2024-01-08
DF;2024;4;0;0;928241.0;11952;3015268.0;2024-01-15
DF;2024;5;1365;7;929606.0;11959;3015268.0;2024-01-22
DF;2024;6;1673;1;931279.0;11960;3015268.0;2024-01-29
DF;2024;7;1967;4;933246.0;11964;3015268.0;2024-02-05
DF;2024;8;2654;8;935900.0;11972;3015268.0;2024-02-12
DF;2024;9;2505;1;938405.0;11973;3015268.0;2024-02-19
DF;2024;10;1792;5;940197.0;11978;3015268.0;2024-02-26
DF;2024;11;1173;6;941370.0;11984;3015268.0;2024-03-04
DF;2024;12;671;6;942041.0;11990;3015268.0;2024-03-11
DF;2024;13;455;5;942496.0;11995;3015268.0;2024-03-18
DF;2024;14;370;3;942866.0;11998;3015268.0;2024-03-25
DF;2024;15;1950;0;944816.0;11998;3015268.0;2024-04-01
DF;2024;16;243;2;945059.0;12000;3015268.0;2024-04-08
DF;2024;17;165;4;945224.0;12004;3015268.0;2024-04-15
DF;2024;18;162;0;945386.0;12004;3015268.0;2024-04-22
DF;2024;19;183;3;945569.0;12007;3015268.0;2024-04-29
DF;2024;20;247;0;945816.0;12007;3015268.0;2024-05-06
DF;2024;21;99;0;945915.0;12007;3015268.0;2024-05-13
DF;2024;22;88;0;946003.0;12007;3015268.0;2024-05-20
DF;2024;23;68;0;946071.0;12007;3015268.0;2024-05-27
DF;2024;24;83;0;946154.0;12007;3015268.0;2024-06-03
DF;2024;25;188;2;946342.0;12009;3015268.0;2024-06-10
DF;2024;26;149;0;946491.0;12009;3015268.0;2024-06-17
DF;2024;27;243;0;946734.0;12009;3015268.0;2024-06-24
DF;2024;28;217;0;946951.0;12009;3015268.0;2024-07-01
DF;2024;29;257;1;947208.0;12010;3015268.0;2024-07-08
DF;2024;30;341;2;947549.0;12012;3015268.0;2024-07-15
DF;2024;31;1065;1;948614.0;12013;3015268.0;2024-07-22
DF;2024;32;409;0;949023.0;12013;3015268.0;2024-07-29
DF;2024;33;0;0;949023.0;12013;3015268.0;2024-08-05
DF;2024;34;1562;0;950585.0;12013;3015268.0;2024-08-12
DF;2024;35;772;1;951357.0;12014;3015268.0;2024-08-19
DF;2024;36;1006;0;952363.0;12014;3015268.0;2024-08-26
DF;2024;37;811;0;953174.0;12014;3015268.0;2024-09-02
DF;2024;38;641;2;953815.0;12016;3015268.0;2024-09-09
DF;2024;39;509;3;954324.0;12019;3015268.0;2024-09-16
DF;2024;40;450;0;954774.0;12019;3015268.0;2024-09-23
DF;2024;41;298;3;955072.0;12022;3015268.0;2024-09-30
DF;2024;42;210;3;955282.0;12025;3015268.0;2024-10-07
DF;2024;43;140;0;955422.0;12025;3015268.0;2024-10-14
DF;2024;44;118;0;955540.0;12025;3015268.0;2024-10-21
DF;2024;45;104;0;955644.0;12025;3015268.0;2024-10-28
DF;2024;46;94;0;955738.0;12025;3015268.0;2024-11-04
DF;2024;47;234;3;955972.0;12028;3015268.0;2024-11-11
DF;2024;48;104;0;956076.0;12028;3015268.0;2024-11-18
DF;2024;49;141;0;956217.0;12028;3015268.0;2024-11-25
DF;2024;50;129;0;956346.0;12028;3015268.0;2024-12-02
DF;2024;51;161;0;956507.0;12028;3015268.0;2024-12-09
DF;2024;52;0;0;956507.0;12028;3015268.0;2024-12-16
DF;2025;1;164;0;956671.0;12028;3015268.0;2024-12-30
DF;2025;2;265;0;956936.0;12028;3015268.0;2024-12-30
DF;2025;3;205;1;957141.0;12029;3015268.0;2025-01-06
DF;2025;4;309;0;957450.0;12029;3015268.0;2025-01-13
DF;2025;5;336;0;957786.0;12029;3015268.0;2025-01-20
DF;2025;6;456;1;958242.0;12030;3015268.0;2025-01-27
DF;2025;7;596;2;958838.0;12032;3015268.0;2025-02-03
DF;2025;8;642;0;959480.0;12032;3015268.0;2025-02-10
DF;2025;9;0;0;959480.0;12032;3015268.0;2025-02-17
DF;2025;10;1619;0;961099.0;12032;3015268.0;2025-02-24
DF;2025;11;1364;0;962463.0;12032;3015268.0;2025-03-03
DF;2025;12;319;3;962782.0;12035;3015268.0;2025-03-10
DF;2025;13;202;0;962984.0;12035;3015268.0;2025-03-17
DF;2025;14;177;0;963161.0;12035;3015268.0;2025-03-24
DF;2025;15;141;0;963302.0;12035;3015268.0;2025-03-31
DF;2025;16;0;0;963302.0;12035;3015268.0;2025-04-07
DF;2025;17;147;5;963449.0;12040;3015268.0;2025-04-14
DF;2025;18;106;0;963555.0;12040;3015268.0;2025-04-21
DF;2025;19;65;2;963620.0;12042;3015268.0;2025-04-28
DF;2025;20;59;3;963679.0;12045;3015268.0;2025-05-05
DF;2025;21;66;0;963745.0;12045;3015268.0;2025-05-12
DF;2025;22;48;0;963793.0;12045;3015268.0;2025-05-19
DF;2025;23;59;1;963852.0;12046;3015268.0;2025-05-26
DF;2025;24;36;1;963888.0;12047;3015268.0;2025-06-02
DF;2025;25;23;0;963911.0;12047;3015268.0;2025-06-09
DF;2025;26;42;1;963953.0;12048;3015268.0;2025-06-16
DF;2025;27;0;0;963953.0;12048;3015268.0;2025-06-23
DF;2025;28;90;0;964043.0;12048;3015268.0;2025-06-30
DF;2025;29;49;0;964092.0;12048;3015268.0;2025-07-07
DF;2025;30;51;0;964143.0;12048;3015268.0;2025-07-14
DF;2025;31;98;0;964241.0;12048;3015268.0;2025-07-21
DF;2025;32;94;0;964335.0;12048;3015268.0;2025-07-28
DF;2025;33;189;1;964524.0;12049;3015268.0;2025-08-04
DF;2025;34;314;2;964838.0;12051;3015268.0;2025-08-11
DF;2025;35;465;0;965303.0;12051;3015268.0;2025-08-18
DF;2025;36;0;0;965303.0;12051;3015268.0;2025-08-25
ES;2020;9;0;0;0.0;0;4018650.0;2020-02-24
ES;2020;10;1;0;1.0;0;4018650.0;2020-02-24
ES;2020;11;0;0;1.0;0;4018650.0;2020-03-02
ES;2020;12;25;0;26.0;0;4018650.0;2020-03-09
ES;2020;13;27;0;53.0;0;4018650.0;2020-03-16
ES;2020;14;100;5;153.0;5;4018650.0;2020-03-23
ES;2020;15;196;4;349.0;9;4018650.0;2020-03-30
ES;2020;16;603;19;952.0;28;4018650.0;2020-04-06
ES;2020;17;643;19;1595.0;47;4018650.0;2020-04-13
ES;2020;18;1353;55;2948.0;102;4018650.0;2020-04-20
ES;2020;19;1633;71;4412.0;172;4018650.0;2020-04-27
ES;2020;20;2220;99;6595.0;271;4018650.0;2020-05-04
ES;2020;21;3363;148;9918.0;417;4018650.0;2020-05-11
ES;2020;22;3576;166;13437.0;583;4018650.0;2020-05-18
ES;2020;23;5539;225;18950.0;806;4018650.0;2020-05-25
ES;2020;24;7013;216;25932.0;1022;4018650.0;2020-06-01
ES;2020;25;8339;275;34216.0;1297;4018650.0;2020-06-08
ES;2020;26;7472;210;41652.0;1507;4018650.0;2020-06-15
ES;2020;27;11233;274;52823.0;1781;4018650.0;2020-06-22
ES;2020;28;9483;204;62236.0;1984;4018650.0;2020-06-29
ES;2020;29;7964;221;70131.0;2202;4018650.0;2020-07-06
ES;2020;30;6528;185;76598.0;2386;4018650.0;2020-07-13
ES;2020;31;7295;181;83814.0;2566;4018650.0;2020-07-20
ES;2020;32;7390;156;91146.0;2720;4018650.0;2020-07-27
ES;2020;33;7685;146;98765.0;2864;4018650.0;2020-08-03
ES;2020;34;6915;152;105613.0;3016;4018650.0;2020-08-10
ES;2020;35;4445;114;110025.0;3129;4018650.0;2020-08-17
ES;2020;36;5206;115;115172.0;3242;4018650.0;2020-08-24
ES;2020;37;4211;98;119354.0;3338;4018650.0;2020-08-31
ES;2020;38;4397;72;123720.0;3408;4018650.0;2020-09-07
ES;2020;39;5021;84;128710.0;3490;4018650.0;2020-09-14
ES;2020;40;5064;85;133744.0;3572;4018650.0;2020-09-21
ES;2020;41;4729;78;138442.0;3646;4018650.0;2020-09-28
ES;2020;42;5506;65;143918.0;3709;4018650.0;2020-10-05
ES;2020;43;5768;72;149654.0;3780;4018650.0;2020-10-12
ES;2020;44;6091;76;155709.0;3855;4018650.0;2020-10-19
ES;2020;45;5534;66;161208.0;3919;4018650.0;2020-10-26
ES;2020;46;7595;80;168751.0;3998;4018650.0;2020-11-02
ES;2020;47;8789;117;177486.0;4114;4018650.0;2020-11-09
ES;2020;48;9140;114;186574.0;4224;4018650.0;2020-11-16
ES;2020;49;12197;164;198690.0;4384;4018650.0;2020-11-23
ES;2020;50;13372;176;211992.0;4559;4018650.0;2020-11-30
ES;2020;51;15329;193;227245.0;4747;4018650.0;2020-12-07
ES;2020;52;11209;182;238377.0;4926;4018650.0;2020-12-14
ES;2020;53;9936;157;248232.0;5080;4018650.0;2020-12-21
ES;2021;1;11996;196;262113.0;5306;4018650.0;2020-12-28
ES;2021;2;12447;193;274470.0;5493;4018650.0;2021-01-04
ES;2021;3;10478;170;284841.0;5658;4018650.0;2021-01-11
ES;2021;4;8266;190;293030.0;5841;4018650.0;2021-01-18
ES;2021;5;8869;154;301834.0;5986;4018650.0;2021-01-25
ES;2021;6;8395;157;310150.0;6135;4018650.0;2021-02-01
ES;2021;7;6361;134;316473.0;6264;4018650.0;2021-02-08
ES;2021;8;8779;139;325190.0;6396;4018650.0;2021-02-15
ES;2021;9;9018;145;334125.0;6537;4018650.0;2021-02-22
ES;2021;10;9694;179;343725.0;6706;4018650.0;2021-03-01
ES;2021;11;14011;210;357653.0;6905;4018650.0;2021-03-08
ES;2021;12;15007;346;372604.0;7248;4018650.0;2021-03-15
ES;2021;13;15247;396;387778.0;7639;4018650.0;2021-03-22
ES;2021;14;14965;498;402672.0;8133;4018650.0;2021-03-29
ES;2021;15;11402;459;413996.0;8588;4018650.0;2021-04-05
ES;2021;16;12759;548;426649.0;9124;4018650.0;2021-04-12
ES;2021;17;11277;418;437813.0;9536;4018650.0;2021-04-19
ES;2021;18;9858;331;447566.0;9863;4018650.0;2021-04-26
ES;2021;19;10792;320;458209.0;10178;4018650.0;2021-05-03
ES;2021;20;11044;315;469156.0;10491;4018650.0;2021-05-10
ES;2021;21;10915;227;479996.0;10713;4018650.0;2021-05-17
ES;2021;22;8770;234;488704.0;10944;4018650.0;2021-05-24
ES;2021;23;9145;194;497745.0;11129;4018650.0;2021-05-31
ES;2021;24;8849;145;506489.0;11268;4018650.0;2021-06-07
ES;2021;25;7945;144;514348.0;11406;4018650.0;2021-06-14
ES;2021;26;6124;120;520425.0;11525;4018650.0;2021-06-21
ES;2021;27;6998;114;527346.0;11637;4018650.0;2021-06-28
ES;2021;28;6118;78;533410.0;11712;4018650.0;2021-07-05
ES;2021;29;5516;95;538854.0;11805;4018650.0;2021-07-12
ES;2021;30;4194;85;542984.0;11889;4018650.0;2021-07-19
ES;2021;31;3703;90;546638.0;11976;4018650.0;2021-07-26
ES;2021;32;4319;97;550902.0;12070;4018650.0;2021-08-02
ES;2021;33;5335;61;556184.0;12129;4018650.0;2021-08-09
ES;2021;34;4802;88;560941.0;12209;4018650.0;2021-08-16
ES;2021;35;5043;85;565947.0;12294;4018650.0;2021-08-23
ES;2021;36;4897;57;570791.0;12350;4018650.0;2021-08-30
ES;2021;37;5427;75;576180.0;12425;4018650.0;2021-09-06
ES;2021;38;5600;81;581744.0;12503;4018650.0;2021-09-13
ES;2021;39;6026;72;587728.0;12572;4018650.0;2021-09-20
ES;2021;40;6285;88;593974.0;12659;4018650.0;2021-09-27
ES;2021;41;4065;87;598015.0;12745;4018650.0;2021-10-04
ES;2021;42;4755;83;602747.0;12826;4018650.0;2021-10-11
ES;2021;43;4222;90;606950.0;12915;4018650.0;2021-10-18
ES;2021;44;3081;65;610020.0;12978;4018650.0;2021-10-25
ES;2021;45;3181;69;613182.0;13047;4018650.0;2021-11-01
ES;2021;46;2868;52;616032.0;13097;4018650.0;2021-11-08
ES;2021;47;2544;49;618540.0;13144;4018650.0;2021-11-15
ES;2021;48;3634;66;622187.0;13208;4018650.0;2021-11-22
ES;2021;49;2519;33;624694.0;13240;4018650.0;2021-11-29
ES;2021;50;2031;32;626709.0;13272;4018650.0;2021-12-06
ES;2021;51;1623;39;628317.0;13307;4018650.0;2021-12-13
ES;2021;52;1591;21;629871.0;13328;4018650.0;2021-12-20
ES;2021;53;2007;33;250227.0;5113;4018650.0;2020-12-28
ES;2022;1;4938;21;634620.0;13350;4018650.0;2021-12-27
ES;2022;2;27568;21;661353.0;13371;4018650.0;2022-01-03
ES;2022;3;61028;43;721839.0;13413;4018650.0;2022-01-10
ES;2022;4;104106;71;825410.0;13484;4018650.0;2022-01-17
ES;2022;5;93583;169;918544.0;13651;4018650.0;2022-01-24
ES;2022;6;59260;182;977424.0;13831;4018650.0;2022-01-31
ES;2022;7;28480;169;1005699.0;13998;4018650.0;2022-02-07
ES;2022;8;15469;119;1021020.0;14114;4018650.0;2022-02-14
ES;2022;9;6250;67;1027195.0;14181;4018650.0;2022-02-21
ES;2022;10;4650;55;1031783.0;14235;4018650.0;2022-02-28
ES;2022;11;2621;63;1034373.0;14296;4018650.0;2022-03-07
ES;2022;12;2687;26;1037037.0;14322;4018650.0;2022-03-14
ES;2022;13;2726;15;1039740.0;14337;4018650.0;2022-03-21
ES;2022;14;1935;20;1041652.0;14357;4018650.0;2022-03-28
ES;2022;15;3007;22;1044639.0;14378;4018650.0;2022-04-04
ES;2022;16;1140;13;1045921.0;14391;4018650.0;2022-04-11
ES;2022;17;918;1;1046679.0;14393;4018650.0;2022-04-18
ES;2022;18;703;4;1047378.0;14396;4018650.0;2022-04-25
ES;2022;19;1062;1;1048435.0;14397;4018650.0;2022-05-02
ES;2022;20;1875;4;1050298.0;14401;4018650.0;2022-05-09
ES;2022;21;2238;7;1052523.0;14408;4018650.0;2022-05-16
ES;2022;22;3962;11;1056465.0;14418;4018650.0;2022-05-23
ES;2022;23;8142;15;1064581.0;14431;4018650.0;2022-05-30
ES;2022;24;12174;14;1076705.0;14444;4018650.0;2022-06-06
ES;2022;25;22865;22;1099503.0;14466;4018650.0;2022-06-13
ES;2022;26;28942;40;1128376.0;14505;4018650.0;2022-06-20
ES;2022;27;27587;56;1155883.0;14561;4018650.0;2022-06-27
ES;2022;28;23038;36;1178830.0;14598;4018650.0;2022-07-04
ES;2022;29;15125;51;1193886.0;14649;4018650.0;2022-07-11
ES;2022;30;9178;46;1203019.0;14695;4018650.0;2022-07-18
ES;2022;31;4884;29;1207890.0;14723;4018650.0;2022-07-25
ES;2022;32;3089;20;1210966.0;14743;4018650.0;2022-08-01
ES;2022;33;1716;23;1212682.0;14766;4018650.0;2022-08-08
ES;2022;34;1280;19;1213948.0;14785;4018650.0;2022-08-15
ES;2022;35;728;10;1214674.0;14795;4018650.0;2022-08-22
ES;2022;36;219;9;1214891.0;14803;4018650.0;2022-08-29
ES;2022;37;199;9;1215212.0;14812;4018650.0;2022-09-05
ES;2022;38;95;4;1215182.0;14815;4018650.0;2022-09-12
ES;2022;39;269;2;1215449.0;14817;4018650.0;2022-09-19
ES;2022;40;252;3;1215700.0;14820;4018650.0;2022-09-26
ES;2022;41;908;7;1216605.0;14827;4018650.0;2022-10-03
ES;2022;42;376;0;1217028.0;14827;4018650.0;2022-10-10
ES;2022;43;51;0;1217030.0;14827;4018650.0;2022-10-17
ES;2022;44;596;8;1217623.0;14834;4018650.0;2022-10-24
ES;2022;45;1174;2;1218783.0;14837;4018650.0;2022-10-31
ES;2022;46;4978;3;1223731.0;14839;4018650.0;2022-11-07
ES;2022;47;11802;6;1235502.0;14845;4018650.0;2022-11-14
ES;2022;48;17747;14;1253205.0;14858;4018650.0;2022-11-21
ES;2022;49;21652;22;1274811.0;14879;4018650.0;2022-11-28
ES;2022;50;19980;26;1294746.0;14905;4018650.0;2022-12-05
ES;2022;51;9873;32;1304583.0;14936;4018650.0;2022-12-12
ES;2022;52;6659;31;1311144.0;14964;4018650.0;2021-12-27
ES;2023;1;3842;16;1360872.0;15154;4018650.0;2022-12-26
ES;2023;2;1710;12;1316663.0;14992;4018650.0;2023-01-02
ES;2023;3;1365;10;1318014.0;15002;4018650.0;2023-01-09
ES;2023;4;1185;10;1319188.0;15012;4018650.0;2023-01-16
ES;2023;5;915;13;1320097.0;15025;4018650.0;2023-01-23
ES;2023;6;746;7;1320842.0;15032;4018650.0;2023-01-30
ES;2023;7;685;5;1321526.0;15037;4018650.0;2023-02-06
ES;2023;8;839;2;1322363.0;15039;4018650.0;2023-02-13
ES;2023;9;1235;2;1323595.0;15041;4018650.0;2023-02-20
ES;2023;10;711;3;1324306.0;15044;4018650.0;2023-02-27
ES;2023;11;1216;3;1325522.0;15047;4018650.0;2023-03-06
ES;2023;12;0;0;1325522.0;15047;4018650.0;2023-03-13
ES;2023;13;2909;8;1328431.0;15055;4018650.0;2023-03-20
ES;2023;14;1149;9;1329580.0;15064;4018650.0;2023-03-27
ES;2023;15;1149;9;1330729.0;15073;4018650.0;2023-04-03
ES;2023;16;1080;0;1331809.0;15073;4018650.0;2023-04-10
ES;2023;17;1266;2;1333075.0;15075;4018650.0;2023-04-17
ES;2023;18;0;0;1333075.0;15075;4018650.0;2023-04-24
ES;2023;19;2127;8;1335202.0;15083;4018650.0;2023-05-01
ES;2023;20;934;2;1336136.0;15085;4018650.0;2023-05-08
ES;2023;21;757;2;1336893.0;15087;4018650.0;2023-05-15
ES;2023;22;406;5;1337299.0;15092;4018650.0;2023-05-22
ES;2023;23;348;4;1337647.0;15096;4018650.0;2023-05-29
ES;2023;24;407;4;1338054.0;15100;4018650.0;2023-06-05
ES;2023;25;220;3;1338274.0;15103;4018650.0;2023-06-12
ES;2023;26;0;0;1338274.0;15103;4018650.0;2023-06-19
ES;2023;27;0;0;1338274.0;15103;4018650.0;2023-06-26
ES;2023;28;514;3;1338788.0;15106;4018650.0;2023-07-03
ES;2023;29;109;0;1338897.0;15106;4018650.0;2023-07-10
ES;2023;30;123;1;1339020.0;15107;4018650.0;2023-07-17
ES;2023;31;70;0;1339090.0;15107;4018650.0;2023-07-24
ES;2023;32;0;0;1339090.0;15107;4018650.0;2023-07-31
ES;2023;33;176;1;1339266.0;15108;4018650.0;2023-08-07
ES;2023;34;150;0;1339416.0;15108;4018650.0;2023-08-14
ES;2023;35;213;2;1339629.0;15110;4018650.0;2023-08-21
ES;2023;36;207;1;1339836.0;15111;4018650.0;2023-08-28
ES;2023;37;406;1;1340242.0;15112;4018650.0;2023-09-04
ES;2023;38;635;0;1340877.0;15112;4018650.0;2023-09-11
ES;2023;39;1296;1;1342173.0;15113;4018650.0;2023-09-18
ES;2023;40;1665;0;1343838.0;15113;4018650.0;2023-09-25
ES;2023;41;1594;2;1345432.0;15115;4018650.0;2023-10-02
ES;2023;42;2491;4;1347923.0;15119;4018650.0;2023-10-09
ES;2023;43;2482;3;1350405.0;15122;4018650.0;2023-10-16
ES;2023;44;2090;4;1352495.0;15126;4018650.0;2023-10-23
ES;2023;45;2436;5;1354931.0;15131;4018650.0;2023-10-30
ES;2023;46;0;0;1354931.0;15131;4018650.0;2023-11-06
ES;2023;47;2760;14;1357691.0;15145;4018650.0;2023-11-13
ES;2023;48;885;6;1358576.0;15151;4018650.0;2023-11-20
ES;2023;49;698;2;1359274.0;15153;4018650.0;2023-11-27
ES;2023;50;566;0;1359840.0;15153;4018650.0;2023-12-04
ES;2023;51;571;1;1360411.0;15154;4018650.0;2023-12-11
ES;2023;52;461;0;1360872.0;15154;4018650.0;2023-12-18
ES;2024;1;468;1;1389122.0;15228;4018650.0;2024-01-01
ES;2024;2;526;2;1361866.0;15157;4018650.0;2024-01-01
ES;2024;3;568;2;1362434.0;15159;4018650.0;2024-01-08
ES;2024;4;629;1;1363063.0;15160;4018650.0;2024-01-15
ES;2024;5;752;1;1363815.0;15161;4018650.0;2024-01-22
ES;2024;6;1829;1;1365644.0;15162;4018650.0;2024-01-29
ES;2024;7;2871;4;1368515.0;15166;4018650.0;2024-02-05
ES;2024;8;3713;4;1372228.0;15170;4018650.0;2024-02-12
ES;2024;9;4010;1;1376238.0;15171;4018650.0;2024-02-19
ES;2024;10;2651;10;1378889.0;15181;4018650.0;2024-02-26
ES;2024;11;1616;8;1380505.0;15189;4018650.0;2024-03-04
ES;2024;12;1010;5;1381515.0;15194;4018650.0;2024-03-11
ES;2024;13;234;4;1381749.0;15198;4018650.0;2024-03-18
ES;2024;14;380;1;1382129.0;15199;4018650.0;2024-03-25
ES;2024;15;262;3;1382391.0;15202;4018650.0;2024-04-01
ES;2024;16;140;6;1382531.0;15208;4018650.0;2024-04-08
ES;2024;17;100;1;1382631.0;15209;4018650.0;2024-04-15
ES;2024;18;99;0;1382730.0;15209;4018650.0;2024-04-22
ES;2024;19;105;1;1382835.0;15210;4018650.0;2024-04-29
ES;2024;20;58;1;1382893.0;15211;4018650.0;2024-05-06
ES;2024;21;80;-1;1382973.0;15211;4018650.0;2024-05-13
ES;2024;22;66;0;1383039.0;15210;4018650.0;2024-05-20
ES;2024;23;28;1;1383067.0;15211;4018650.0;2024-05-27
ES;2024;24;42;0;1383109.0;15211;4018650.0;2024-06-03
ES;2024;25;23;0;1383132.0;15211;4018650.0;2024-06-10
ES;2024;26;21;0;1383153.0;15211;4018650.0;2024-06-17
ES;2024;27;60;0;1383213.0;15211;4018650.0;2024-06-24
ES;2024;28;24;0;1383237.0;15211;4018650.0;2024-07-01
ES;2024;29;17;0;1383254.0;15211;4018650.0;2024-07-08
ES;2024;30;26;0;1383280.0;15211;4018650.0;2024-07-15
ES;2024;31;26;0;1383306.0;15211;4018650.0;2024-07-22
ES;2024;32;0;0;1383306.0;15211;4018650.0;2024-07-29
ES;2024;33;74;0;1383380.0;15211;4018650.0;2024-08-05
ES;2024;34;65;0;1383445.0;15211;4018650.0;2024-08-12
ES;2024;35;59;1;1383504.0;15212;4018650.0;2024-08-19
ES;2024;36;78;0;1383582.0;15212;4018650.0;2024-08-26
ES;2024;37;93;1;1383675.0;15213;4018650.0;2024-09-02
ES;2024;38;108;-1;1383783.0;15213;4018650.0;2024-09-09
ES;2024;39;89;0;1383872.0;15212;4018650.0;2024-09-16
ES;2024;40;138;1;1384010.0;15213;4018650.0;2024-09-23
ES;2024;41;201;0;1384211.0;15213;4018650.0;2024-09-30
ES;2024;42;266;1;1384477.0;15214;4018650.0;2024-10-07
ES;2024;43;323;0;1384800.0;15214;4018650.0;2024-10-14
ES;2024;44;0;0;1384800.0;15214;4018650.0;2024-10-21
ES;2024;45;887;1;1385687.0;15215;4018650.0;2024-10-28
ES;2024;46;487;1;1386174.0;15216;4018650.0;2024-11-04
ES;2024;47;745;2;1386919.0;15218;4018650.0;2024-11-11
ES;2024;48;0;0;1386919.0;15218;4018650.0;2024-11-18
ES;2024;49;1250;5;1388169.0;15223;4018650.0;2024-11-25
ES;2024;50;655;4;1388824.0;15227;4018650.0;2024-12-02
ES;2024;51;298;1;1389122.0;15228;4018650.0;2024-12-09
ES;2024;52;0;0;1389122.0;15228;4018650.0;2024-12-16
ES;2025;1;383;1;1389505.0;15229;4018650.0;2024-12-30
ES;2025;2;152;0;1389657.0;15229;4018650.0;2024-12-30
ES;2025;3;190;0;1389847.0;15229;4018650.0;2025-01-06
ES;2025;4;0;0;1389847.0;15229;4018650.0;2025-01-13
ES;2025;5;361;4;1390208.0;15233;4018650.0;2025-01-20
ES;2025;6;204;1;1390412.0;15234;4018650.0;2025-01-27
ES;2025;7;0;0;1390412.0;15234;4018650.0;2025-02-03
ES;2025;8;515;1;1390927.0;15235;4018650.0;2025-02-10
ES;2025;9;336;1;1391263.0;15236;4018650.0;2025-02-17
ES;2025;10;320;0;1391583.0;15236;4018650.0;2025-02-24
ES;2025;11;313;2;1391896.0;15238;4018650.0;2025-03-03
ES;2025;12;206;1;1392102.0;15239;4018650.0;2025-03-10
ES;2025;13;135;0;1392237.0;15239;4018650.0;2025-03-17
ES;2025;14;100;2;1392337.0;15241;4018650.0;2025-03-24
ES;2025;15;99;2;1392436.0;15243;4018650.0;2025-03-31
ES;2025;16;39;1;1392475.0;15244;4018650.0;2025-04-07
ES;2025;17;60;3;1392535.0;15247;4018650.0;2025-04-14
ES;2025;18;0;0;1392535.0;15247;4018650.0;2025-04-21
ES;2025;19;10064;-4;1402599.0;15247;4018650.0;2025-04-28
ES;2025;20;9;1;1402608.0;15244;4018650.0;2025-05-05
ES;2025;21;11;0;1402619.0;15244;4018650.0;2025-05-12
ES;2025;22;12;0;1402631.0;15244;4018650.0;2025-05-19
ES;2025;23;8;3;1402639.0;15247;4018650.0;2025-05-26
ES;2025;24;8;0;1402647.0;15247;4018650.0;2025-06-02
ES;2025;25;0;8;1402647.0;15255;4018650.0;2025-06-09
ES;2025;26;13;1;1402660.0;15256;4018650.0;2025-06-16
ES;2025;27;4;0;1402664.0;15256;4018650.0;2025-06-23
ES;2025;28;15;1;1402679.0;15257;4018650.0;2025-06-30
ES;2025;29;35;1;1402714.0;15258;4018650.0;2025-07-07
ES;2025;30;32;0;1402746.0;15258;4018650.0;2025-07-14
ES;2025;31;29;0;1402775.0;15258;4018650.0;2025-07-21
ES;2025;32;5;0;1402780.0;15258;4018650.0;2025-07-28
ES;2025;33;40;0;1402820.0;15258;4018650.0;2025-08-04
ES;2025;34;0;0;1402820.0;15258;4018650.0;2025-08-11
ES;2025;35;171;1;1402991.0;15259;4018650.0;2025-08-18
ES;2025;36;0;0;1402991.0;15259;4018650.0;2025-08-25
GO;2020;9;0;0;0.0;0;7018354.0;2020-02-24
GO;2020;10;0;0;0.0;0;7018354.0;2020-02-24
GO;2020;11;3;0;3.0;0;7018354.0;2020-03-02
GO;2020;12;17;0;20.0;0;7018354.0;2020-03-09
GO;2020;13;36;1;56.0;1;7018354.0;2020-03-16
GO;2020;14;49;1;103.0;2;7018354.0;2020-03-23
GO;2020;15;107;8;209.0;10;7018354.0;2020-03-30
GO;2020;16;168;8;378.0;18;7018354.0;2020-04-06
GO;2020;17;127;8;506.0;25;7018354.0;2020-04-13
GO;2020;18;341;5;825.0;30;7018354.0;2020-04-20
GO;2020;19;221;16;1069.0;47;7018354.0;2020-04-27
GO;2020;20;574;22;1640.0;69;7018354.0;2020-05-04
GO;2020;21;738;26;2377.0;95;7018354.0;2020-05-11
GO;2020;22;1208;27;3585.0;122;7018354.0;2020-05-18
GO;2020;23;2084;50;5669.0;172;7018354.0;2020-05-25
GO;2020;24;2271;36;7940.0;208;7018354.0;2020-06-01
GO;2020;25;6936;87;14880.0;295;7018354.0;2020-06-08
GO;2020;26;6740;134;21620.0;429;7018354.0;2020-06-15
GO;2020;27;6874;182;28494.0;611;7018354.0;2020-06-22
GO;2020;28;7299;233;35793.0;844;7018354.0;2020-06-29
GO;2020;29;5002;235;40795.0;1079;7018354.0;2020-07-06
GO;2020;30;14006;299;54801.0;1378;7018354.0;2020-07-13
GO;2020;31;14686;308;69487.0;1686;7018354.0;2020-07-20
GO;2020;32;15044;322;84531.0;2008;7018354.0;2020-07-27
GO;2020;33;16407;278;100938.0;2286;7018354.0;2020-08-03
GO;2020;34;14592;427;115530.0;2713;7018354.0;2020-08-10
GO;2020;35;14786;347;130316.0;3060;7018354.0;2020-08-17
GO;2020;36;17041;390;147357.0;3450;7018354.0;2020-08-24
GO;2020;37;15198;333;162554.0;3783;7018354.0;2020-08-31
GO;2020;38;20302;352;182856.0;4135;7018354.0;2020-09-07
GO;2020;39;16744;365;199601.0;4500;7018354.0;2020-09-14
GO;2020;40;16337;332;215938.0;4832;7018354.0;2020-09-21
GO;2020;41;12600;349;228538.0;5181;7018354.0;2020-09-28
GO;2020;42;8276;193;236814.0;5374;7018354.0;2020-10-05
GO;2020;43;10021;190;246835.0;5564;7018354.0;2020-10-12
GO;2020;44;8612;189;255447.0;5753;7018354.0;2020-10-19
GO;2020;45;5667;121;261114.0;5874;7018354.0;2020-10-26
GO;2020;46;6263;156;267377.0;6030;7018354.0;2020-11-02
GO;2020;47;5689;194;273066.0;6224;7018354.0;2020-11-09
GO;2020;48;5743;120;278809.0;6344;7018354.0;2020-11-16
GO;2020;49;7144;111;285953.0;6455;7018354.0;2020-11-23
GO;2020;50;6736;79;292689.0;6534;7018354.0;2020-11-30
GO;2020;51;7587;129;300276.0;6663;7018354.0;2020-12-07
GO;2020;52;4113;88;304389.0;6751;7018354.0;2020-12-14
GO;2020;53;4479;54;308868.0;6805;7018354.0;2020-12-21
GO;2021;1;7830;159;317024.0;6964;7018354.0;2020-12-28
GO;2021;2;10913;113;327937.0;7077;7018354.0;2021-01-04
GO;2021;3;10037;201;337974.0;7278;7018354.0;2021-01-11
GO;2021;4;12375;209;350349.0;7487;7018354.0;2021-01-18
GO;2021;5;10277;203;360626.0;7690;7018354.0;2021-01-25
GO;2021;6;10178;267;370804.0;7957;7018354.0;2021-02-01
GO;2021;7;9177;318;379981.0;8275;7018354.0;2021-02-08
GO;2021;8;15591;235;395572.0;8510;7018354.0;2021-02-15
GO;2021;9;16633;371;412205.0;8881;7018354.0;2021-02-22
GO;2021;10;20314;656;432519.0;9537;7018354.0;2021-03-01
GO;2021;11;18850;772;451369.0;10309;7018354.0;2021-03-08
GO;2021;12;23012;776;474381.0;11085;7018354.0;2021-03-15
GO;2021;13;14177;737;488558.0;11822;7018354.0;2021-03-22
GO;2021;14;18393;921;506951.0;12743;7018354.0;2021-03-29
GO;2021;15;16336;904;523287.0;13647;7018354.0;2021-04-05
GO;2021;16;14440;818;537727.0;14465;7018354.0;2021-04-12
GO;2021;17;14734;587;552461.0;15052;7018354.0;2021-04-19
GO;2021;18;14018;524;566479.0;15576;7018354.0;2021-04-26
GO;2021;19;12789;504;579268.0;16080;7018354.0;2021-05-03
GO;2021;20;15415;451;594683.0;16531;7018354.0;2021-05-10
GO;2021;21;12191;463;606874.0;16994;7018354.0;2021-05-17
GO;2021;22;14389;409;621263.0;17403;7018354.0;2021-05-24
GO;2021;23;16598;525;637861.0;17928;7018354.0;2021-05-31
GO;2021;24;16921;527;654782.0;18455;7018354.0;2021-06-07
GO;2021;25;15855;498;670637.0;18953;7018354.0;2021-06-14
GO;2021;26;11845;418;682482.0;19371;7018354.0;2021-06-21
GO;2021;27;13795;351;696277.0;19722;7018354.0;2021-06-28
GO;2021;28;13152;328;709429.0;20050;7018354.0;2021-07-05
GO;2021;29;15931;389;725360.0;20439;7018354.0;2021-07-12
GO;2021;30;17155;325;742515.0;20764;7018354.0;2021-07-19
GO;2021;31;17490;514;760005.0;21278;7018354.0;2021-07-26
GO;2021;32;16768;457;776773.0;21735;7018354.0;2021-08-02
GO;2021;33;19775;347;796548.0;22082;7018354.0;2021-08-09
GO;2021;34;15625;273;812173.0;22355;7018354.0;2021-08-16
GO;2021;35;14931;290;827104.0;22645;7018354.0;2021-08-23
GO;2021;36;9117;267;836221.0;22912;7018354.0;2021-08-30
GO;2021;37;8413;222;844634.0;23134;7018354.0;2021-09-06
GO;2021;38;12274;218;856908.0;23352;7018354.0;2021-09-13
GO;2021;39;8650;181;865558.0;23533;7018354.0;2021-09-20
GO;2021;40;13687;181;879245.0;23714;7018354.0;2021-09-27
GO;2021;41;6385;227;885630.0;23941;7018354.0;2021-10-04
GO;2021;42;10321;125;895951.0;24066;7018354.0;2021-10-11
GO;2021;43;8735;129;904686.0;24195;7018354.0;2021-10-18
GO;2021;44;4282;118;908968.0;24313;7018354.0;2021-10-25
GO;2021;45;10504;80;919472.0;24393;7018354.0;2021-11-01
GO;2021;46;6908;27;926380.0;24420;7018354.0;2021-11-08
GO;2021;47;8425;84;934805.0;24504;7018354.0;2021-11-15
GO;2021;48;5136;76;939941.0;24580;7018354.0;2021-11-22
GO;2021;49;3161;24;943102.0;24604;7018354.0;2021-11-29
GO;2021;50;0;0;943102.0;24604;7018354.0;2021-12-06
GO;2021;51;1563;49;944665.0;24653;7018354.0;2021-12-13
GO;2021;52;3039;25;947704.0;24678;7018354.0;2021-12-20
GO;2021;53;326;0;309194.0;6805;7018354.0;2020-12-28
GO;2022;1;5462;29;953369.0;24724;7018354.0;2021-12-27
GO;2022;2;15730;41;969099.0;24765;7018354.0;2022-01-03
GO;2022;3;29682;93;998781.0;24858;7018354.0;2022-01-10
GO;2022;4;35498;144;1034279.0;25002;7018354.0;2022-01-17
GO;2022;5;33381;186;1067660.0;25188;7018354.0;2022-01-24
GO;2022;6;36864;149;1104524.0;25337;7018354.0;2022-01-31
GO;2022;7;34618;183;1139142.0;25520;7018354.0;2022-02-07
GO;2022;8;26964;218;1166106.0;25738;7018354.0;2022-02-14
GO;2022;9;17234;94;1183340.0;25832;7018354.0;2022-02-21
GO;2022;10;29647;180;1212987.0;26012;7018354.0;2022-02-28
GO;2022;11;34796;55;1247783.0;26067;7018354.0;2022-03-07
GO;2022;12;21524;141;1269307.0;26208;7018354.0;2022-03-14
GO;2022;13;13218;73;1282525.0;26281;7018354.0;2022-03-21
GO;2022;14;23114;67;1305639.0;26348;7018354.0;2022-03-28
GO;2022;15;9580;50;1315219.0;26398;7018354.0;2022-04-04
GO;2022;16;5273;17;1320492.0;26415;7018354.0;2022-04-11
GO;2022;17;8419;59;1328911.0;26474;7018354.0;2022-04-18
GO;2022;18;8151;51;1337062.0;26525;7018354.0;2022-04-25
GO;2022;19;9619;32;1346681.0;26557;7018354.0;2022-05-02
GO;2022;20;7683;41;1354364.0;26598;7018354.0;2022-05-09
GO;2022;21;12561;49;1366925.0;26647;7018354.0;2022-05-16
GO;2022;22;18257;14;1385182.0;26661;7018354.0;2022-05-23
GO;2022;23;24596;45;1409778.0;26706;7018354.0;2022-05-30
GO;2022;24;25805;49;1435583.0;26755;7018354.0;2022-06-06
GO;2022;25;36614;68;1472197.0;26823;7018354.0;2022-06-13
GO;2022;26;39448;112;1511645.0;26935;7018354.0;2022-06-20
GO;2022;27;35199;74;1546844.0;27009;7018354.0;2022-06-27
GO;2022;28;31728;58;1578572.0;27067;7018354.0;2022-07-04
GO;2022;29;15799;61;1594371.0;27128;7018354.0;2022-07-11
GO;2022;30;18331;57;1612702.0;27185;7018354.0;2022-07-18
GO;2022;31;27701;26;1640403.0;27211;7018354.0;2022-07-25
GO;2022;32;13407;79;1653810.0;27290;7018354.0;2022-08-01
GO;2022;33;10199;123;1664009.0;27413;7018354.0;2022-08-08
GO;2022;34;9543;21;1673552.0;27434;7018354.0;2022-08-15
GO;2022;35;7783;53;1681335.0;27487;7018354.0;2022-08-22
GO;2022;36;6089;22;1687424.0;27509;7018354.0;2022-08-29
GO;2022;37;5862;11;1693286.0;27520;7018354.0;2022-09-05
GO;2022;38;6488;6;1699774.0;27526;7018354.0;2022-09-12
GO;2022;39;5983;11;1705757.0;27537;7018354.0;2022-09-19
GO;2022;40;4636;9;1710393.0;27546;7018354.0;2022-09-26
GO;2022;41;4680;13;1715073.0;27559;7018354.0;2022-10-03
GO;2022;42;6016;17;1721089.0;27576;7018354.0;2022-10-10
GO;2022;43;4334;1;1725423.0;27578;7018354.0;2022-10-17
GO;2022;44;2306;4;1727729.0;27581;7018354.0;2022-10-24
GO;2022;45;7909;11;1735638.0;27593;7018354.0;2022-10-31
GO;2022;46;3828;3;1739466.0;27595;7018354.0;2022-11-07
GO;2022;47;3806;28;1743272.0;27623;7018354.0;2022-11-14
GO;2022;48;3341;14;1746613.0;27637;7018354.0;2022-11-21
GO;2022;49;10176;20;1756789.0;27657;7018354.0;2022-11-28
GO;2022;50;32324;17;1789113.0;27674;7018354.0;2022-12-05
GO;2022;51;23172;41;1812285.0;27715;7018354.0;2022-12-12
GO;2022;52;11898;68;1823980.0;27766;7018354.0;2021-12-27
GO;2023;1;17877;63;1984674.0;28447;7018354.0;2022-12-26
GO;2023;2;10939;28;1852796.0;27857;7018354.0;2023-01-02
GO;2023;3;11324;33;1864120.0;27890;7018354.0;2023-01-09
GO;2023;4;9165;35;1873285.0;27925;7018354.0;2023-01-16
GO;2023;5;5014;39;1878299.0;27964;7018354.0;2023-01-23
GO;2023;6;5945;25;1884244.0;27989;7018354.0;2023-01-30
GO;2023;7;7192;22;1891436.0;28011;7018354.0;2023-02-06
GO;2023;8;3386;13;1894822.0;28024;7018354.0;2023-02-13
GO;2023;9;5637;17;1900459.0;28041;7018354.0;2023-02-20
GO;2023;10;2829;4;1903288.0;28045;7018354.0;2023-02-27
GO;2023;11;3215;12;1906503.0;28057;7018354.0;2023-03-06
GO;2023;12;2705;20;1909208.0;28077;7018354.0;2023-03-13
GO;2023;13;3438;20;1912646.0;28097;7018354.0;2023-03-20
GO;2023;14;3622;12;1916268.0;28109;7018354.0;2023-03-27
GO;2023;15;3622;13;1919890.0;28122;7018354.0;2023-04-03
GO;2023;16;2238;20;1922128.0;28142;7018354.0;2023-04-10
GO;2023;17;3175;13;1925303.0;28155;7018354.0;2023-04-17
GO;2023;18;0;0;1925303.0;28155;7018354.0;2023-04-24
GO;2023;19;6135;28;1931438.0;28183;7018354.0;2023-05-01
GO;2023;20;669;3;1932107.0;28186;7018354.0;2023-05-08
GO;2023;21;408;14;1932515.0;28200;7018354.0;2023-05-15
GO;2023;22;3565;14;1936080.0;28214;7018354.0;2023-05-22
GO;2023;23;1089;7;1937169.0;28221;7018354.0;2023-05-29
GO;2023;24;1414;25;1938583.0;28246;7018354.0;2023-06-05
GO;2023;25;2964;8;1941547.0;28254;7018354.0;2023-06-12
GO;2023;26;0;0;1941547.0;28254;7018354.0;2023-06-19
GO;2023;27;0;0;1941547.0;28254;7018354.0;2023-06-26
GO;2023;28;936;33;1942483.0;28287;7018354.0;2023-07-03
GO;2023;29;2779;10;1945262.0;28297;7018354.0;2023-07-10
GO;2023;30;3358;10;1948620.0;28307;7018354.0;2023-07-17
GO;2023;31;652;4;1949272.0;28311;7018354.0;2023-07-24
GO;2023;32;496;10;1949768.0;28321;7018354.0;2023-07-31
GO;2023;33;335;7;1950103.0;28328;7018354.0;2023-08-07
GO;2023;34;2839;8;1952942.0;28336;7018354.0;2023-08-14
GO;2023;35;2105;10;1955047.0;28346;7018354.0;2023-08-21
GO;2023;36;0;0;1955047.0;28346;7018354.0;2023-08-28
GO;2023;37;5299;13;1960346.0;28359;7018354.0;2023-09-04
GO;2023;38;0;0;1960346.0;28359;7018354.0;2023-09-11
GO;2023;39;5366;10;1965712.0;28369;7018354.0;2023-09-18
GO;2023;40;0;0;1965712.0;28369;7018354.0;2023-09-25
GO;2023;41;-9562;13;1965712.0;28382;7018354.0;2023-10-02
GO;2023;42;15691;12;1971841.0;28394;7018354.0;2023-10-09
GO;2023;43;2292;8;1974133.0;28402;7018354.0;2023-10-16
GO;2023;44;15547;10;1989680.0;28412;7018354.0;2023-10-23
GO;2023;45;-12815;5;1989680.0;28417;7018354.0;2023-10-30
GO;2023;46;2249;4;1979114.0;28421;7018354.0;2023-11-06
GO;2023;47;1527;9;1980641.0;28430;7018354.0;2023-11-13
GO;2023;48;1122;6;1981763.0;28436;7018354.0;2023-11-20
GO;2023;49;1128;7;1982891.0;28443;7018354.0;2023-11-27
GO;2023;50;876;-5;1983767.0;28443;7018354.0;2023-12-04
GO;2023;51;591;6;1984358.0;28444;7018354.0;2023-12-11
GO;2023;52;316;3;1984674.0;28447;7018354.0;2023-12-18
GO;2024;1;701;7;2060518.0;28669;7018354.0;2024-01-01
GO;2024;2;1011;7;1986386.0;28461;7018354.0;2024-01-01
GO;2024;3;1164;4;1987550.0;28465;7018354.0;2024-01-08
GO;2024;4;2133;14;1989683.0;28479;7018354.0;2024-01-15
GO;2024;5;3980;4;1993663.0;28483;7018354.0;2024-01-22
GO;2024;6;4718;2;1998381.0;28485;7018354.0;2024-01-29
GO;2024;7;5108;6;2003489.0;28491;7018354.0;2024-02-05
GO;2024;8;9556;12;2013045.0;28503;7018354.0;2024-02-12
GO;2024;9;9872;11;2022917.0;28514;7018354.0;2024-02-19
GO;2024;10;4076;14;2026993.0;28528;7018354.0;2024-02-26
GO;2024;11;2702;16;2029695.0;28544;7018354.0;2024-03-04
GO;2024;12;1033;11;2030728.0;28555;7018354.0;2024-03-11
GO;2024;13;965;5;2031693.0;28560;7018354.0;2024-03-18
GO;2024;14;666;3;2032359.0;28563;7018354.0;2024-03-25
GO;2024;15;585;1;2032944.0;28564;7018354.0;2024-04-01
GO;2024;16;451;3;2033395.0;28567;7018354.0;2024-04-08
GO;2024;17;315;0;2033710.0;28567;7018354.0;2024-04-15
GO;2024;18;351;5;2034061.0;28572;7018354.0;2024-04-22
GO;2024;19;384;0;2034445.0;28572;7018354.0;2024-04-29
GO;2024;20;534;3;2034979.0;28575;7018354.0;2024-05-06
GO;2024;21;435;2;2035414.0;28577;7018354.0;2024-05-13
GO;2024;22;186;0;2035600.0;28577;7018354.0;2024-05-20
GO;2024;23;34;0;2035634.0;28577;7018354.0;2024-05-27
GO;2024;24;0;0;2035634.0;28577;7018354.0;2024-06-03
GO;2024;25;1427;7;2037061.0;28584;7018354.0;2024-06-10
GO;2024;26;372;2;2037433.0;28586;7018354.0;2024-06-17
GO;2024;27;573;0;2038006.0;28586;7018354.0;2024-06-24
GO;2024;28;903;0;2038909.0;28586;7018354.0;2024-07-01
GO;2024;29;669;0;2039578.0;28586;7018354.0;2024-07-08
GO;2024;30;178;6;2039756.0;28592;7018354.0;2024-07-15
GO;2024;31;0;0;2039756.0;28592;7018354.0;2024-07-22
GO;2024;32;2893;10;2042649.0;28602;7018354.0;2024-07-29
GO;2024;33;1232;1;2043881.0;28603;7018354.0;2024-08-05
GO;2024;34;1581;1;2045462.0;28604;7018354.0;2024-08-12
GO;2024;35;48;0;2045510.0;28604;7018354.0;2024-08-19
GO;2024;36;4989;15;2050499.0;28619;7018354.0;2024-08-26
GO;2024;37;2258;0;2052757.0;28619;7018354.0;2024-09-02
GO;2024;38;2285;23;2055042.0;28642;7018354.0;2024-09-09
GO;2024;39;1606;0;2056648.0;28642;7018354.0;2024-09-16
GO;2024;40;1516;14;2058164.0;28656;7018354.0;2024-09-23
GO;2024;41;1889;0;2060053.0;28656;7018354.0;2024-09-30
GO;2024;42;0;0;2060053.0;28656;7018354.0;2024-10-07
GO;2024;43;465;13;2060518.0;28669;7018354.0;2024-10-14
GO;2024;44;0;0;2060518.0;28669;7018354.0;2024-10-21
GO;2024;45;0;0;2060518.0;28669;7018354.0;2024-10-28
GO;2024;46;0;0;2060518.0;28669;7018354.0;2024-11-04
GO;2024;47;0;0;2060518.0;28669;7018354.0;2024-11-11
GO;2024;48;0;0;2060518.0;28669;7018354.0;2024-11-18
GO;2024;49;0;0;2060518.0;28669;7018354.0;2024-11-25
GO;2024;50;0;0;2060518.0;28669;7018354.0;2024-12-02
GO;2024;51;0;0;2060518.0;28669;7018354.0;2024-12-09
GO;2024;52;0;0;2060518.0;28669;7018354.0;2024-12-16
GO;2025;1;14228;-106;2074746.0;28669;7018354.0;2024-12-30
GO;2025;2;0;0;2074746.0;28563;7018354.0;2024-12-30
GO;2025;3;0;0;2074746.0;28563;7018354.0;2025-01-06
GO;2025;4;0;0;2074746.0;28563;7018354.0;2025-01-13
GO;2025;5;0;0;2074746.0;28563;7018354.0;2025-01-20
GO;2025;6;0;0;2074746.0;28563;7018354.0;2025-01-27
GO;2025;7;0;0;2074746.0;28563;7018354.0;2025-02-03
GO;2025;8;0;0;2074746.0;28563;7018354.0;2025-02-10
GO;2025;9;0;0;2074746.0;28563;7018354.0;2025-02-17
GO;2025;10;-3482;39;2074746.0;28602;7018354.0;2025-02-24
GO;2025;11;976;3;2072240.0;28605;7018354.0;2025-03-03
GO;2025;12;542;-2;2072782.0;28605;7018354.0;2025-03-10
GO;2025;13;349;9;2073131.0;28612;7018354.0;2025-03-17
GO;2025;14;331;3;2073462.0;28615;7018354.0;2025-03-24
GO;2025;15;0;0;2073462.0;28615;7018354.0;2025-03-31
GO;2025;16;0;0;2073462.0;28615;7018354.0;2025-04-07
GO;2025;17;623;16;2074085.0;28631;7018354.0;2025-04-14
GO;2025;18;0;0;2074085.0;28631;7018354.0;2025-04-21
GO;2025;19;391;2;2074476.0;28633;7018354.0;2025-04-28
GO;2025;20;184;6;2074660.0;28639;7018354.0;2025-05-05
GO;2025;21;199;3;2074859.0;28642;7018354.0;2025-05-12
GO;2025;22;-22;1;2074859.0;28643;7018354.0;2025-05-19
GO;2025;23;0;0;2074837.0;28643;7018354.0;2025-05-26
GO;2025;24;282;2;2075119.0;28645;7018354.0;2025-06-02
GO;2025;25;276;1;2075395.0;28646;7018354.0;2025-06-09
GO;2025;26;198;0;2075593.0;28646;7018354.0;2025-06-16
GO;2025;27;213;3;2075806.0;28649;7018354.0;2025-06-23
GO;2025;28;157;0;2075963.0;28649;7018354.0;2025-06-30
GO;2025;29;-45;0;2075963.0;28649;7018354.0;2025-07-07
GO;2025;30;-88;3;2075918.0;28652;7018354.0;2025-07-14
GO;2025;31;-246;2;2075830.0;28654;7018354.0;2025-07-21
GO;2025;32;-310;3;2075584.0;28657;7018354.0;2025-07-28
GO;2025;33;64;-1;2075338.0;28657;7018354.0;2025-08-04
GO;2025;34;509;4;2075847.0;28660;7018354.0;2025-08-11
GO;2025;35;784;0;2076631.0;28660;7018354.0;2025-08-18
GO;2025;36;0;0;2076631.0;28660;7018354.0;2025-08-25
MA;2020;9;0;0;0.0;0;7075181.0;2020-02-24
MA;2020;10;0;0;0.0;0;7075181.0;2020-02-24
MA;2020;11;0;0;0.0;0;7075181.0;2020-03-02
MA;2020;12;1;0;1.0;0;7075181.0;2020-03-09
MA;2020;13;13;0;14.0;0;7075181.0;2020-03-16
MA;2020;14;74;1;88.0;1;7075181.0;2020-03-23
MA;2020;15;256;20;344.0;21;7075181.0;2020-03-30
MA;2020;16;696;23;1040.0;44;7075181.0;2020-04-06
MA;2020;17;1065;56;2105.0;100;7075181.0;2020-04-13
MA;2020;18;1700;124;3805.0;224;7075181.0;2020-04-20
MA;2020;19;2971;131;6765.0;355;7075181.0;2020-04-27
MA;2020;20;4822;169;11592.0;524;7075181.0;2020-05-04
MA;2020;21;7169;198;18767.0;722;7075181.0;2020-05-11
MA;2020;22;13853;210;32620.0;932;7075181.0;2020-05-18
MA;2020;23;12850;200;45470.0;1132;7075181.0;2020-05-25
MA;2020;24;13389;304;58859.0;1436;7075181.0;2020-06-01
MA;2020;25;10814;248;69673.0;1684;7075181.0;2020-06-08
MA;2020;26;8442;259;78115.0;1943;7075181.0;2020-06-15
MA;2020;27;10942;242;89057.0;2185;7075181.0;2020-06-22
MA;2020;28;9341;241;98398.0;2426;7075181.0;2020-06-29
MA;2020;29;7694;250;106092.0;2676;7075181.0;2020-07-06
MA;2020;30;7471;222;113563.0;2898;7075181.0;2020-07-13
MA;2020;31;8018;134;121581.0;3032;7075181.0;2020-07-20
MA;2020;32;8119;122;129700.0;3154;7075181.0;2020-07-27
MA;2020;33;6580;99;136280.0;3253;7075181.0;2020-08-03
MA;2020;34;7593;87;143873.0;3340;7075181.0;2020-08-10
MA;2020;35;7022;84;150895.0;3424;7075181.0;2020-08-17
MA;2020;36;6949;75;157844.0;3499;7075181.0;2020-08-24
MA;2020;37;4632;70;162476.0;3569;7075181.0;2020-08-31
MA;2020;38;4857;74;167333.0;3643;7075181.0;2020-09-07
MA;2020;39;4147;71;171480.0;3714;7075181.0;2020-09-14
MA;2020;40;3738;73;175218.0;3787;7075181.0;2020-09-21
MA;2020;41;3331;73;178549.0;3860;7075181.0;2020-09-28
MA;2020;42;2338;63;180887.0;3923;7075181.0;2020-10-05
MA;2020;43;2876;64;183763.0;3987;7075181.0;2020-10-12
MA;2020;44;2064;66;185827.0;4053;7075181.0;2020-10-19
MA;2020;45;1728;66;187555.0;4119;7075181.0;2020-10-26
MA;2020;46;1946;52;189501.0;4171;7075181.0;2020-11-02
MA;2020;47;1626;53;191127.0;4224;7075181.0;2020-11-09
MA;2020;48;1926;55;193053.0;4279;7075181.0;2020-11-16
MA;2020;49;1967;56;195020.0;4335;7075181.0;2020-11-23
MA;2020;50;1986;40;197006.0;4375;7075181.0;2020-11-30
MA;2020;51;2088;45;199094.0;4420;7075181.0;2020-12-07
MA;2020;52;949;46;200043.0;4466;7075181.0;2020-12-14
MA;2020;53;895;34;200938.0;4500;7075181.0;2020-12-21
MA;2021;1;939;42;201915.0;4555;7075181.0;2020-12-28
MA;2021;2;1419;46;203334.0;4601;7075181.0;2021-01-04
MA;2021;3;2062;43;205396.0;4644;7075181.0;2021-01-11
MA;2021;4;2019;44;207415.0;4688;7075181.0;2021-01-18
MA;2021;5;2189;77;209604.0;4765;7075181.0;2021-01-25
MA;2021;6;3116;76;212720.0;4841;7075181.0;2021-02-01
MA;2021;7;3137;83;215857.0;4924;7075181.0;2021-02-08
MA;2021;8;3376;108;219233.0;5032;7075181.0;2021-02-15
MA;2021;9;3968;207;223201.0;5239;7075181.0;2021-02-22
MA;2021;10;4803;230;228004.0;5469;7075181.0;2021-03-01
MA;2021;11;5760;209;233764.0;5678;7075181.0;2021-03-08
MA;2021;12;5952;232;239716.0;5910;7075181.0;2021-03-15
MA;2021;13;4847;281;244563.0;6191;7075181.0;2021-03-22
MA;2021;14;3916;321;248479.0;6512;7075181.0;2021-03-29
MA;2021;15;6802;312;255281.0;6824;7075181.0;2021-04-05
MA;2021;16;6368;270;261649.0;7094;7075181.0;2021-04-12
MA;2021;17;5899;217;267548.0;7311;7075181.0;2021-04-19
MA;2021;18;5669;215;273217.0;7526;7075181.0;2021-04-26
MA;2021;19;5378;165;278595.0;7691;7075181.0;2021-05-03
MA;2021;20;5547;185;284142.0;7876;7075181.0;2021-05-10
MA;2021;21;5528;224;289670.0;8100;7075181.0;2021-05-17
MA;2021;22;4962;175;294632.0;8275;7075181.0;2021-05-24
MA;2021;23;6385;236;301017.0;8511;7075181.0;2021-05-31
MA;2021;24;6797;205;307814.0;8716;7075181.0;2021-06-07
MA;2021;25;7052;230;314866.0;8946;7075181.0;2021-06-14
MA;2021;26;5311;181;320177.0;9127;7075181.0;2021-06-21
MA;2021;27;5508;183;325685.0;9310;7075181.0;2021-06-28
MA;2021;28;4956;119;330641.0;9429;7075181.0;2021-07-05
MA;2021;29;2532;118;333173.0;9547;7075181.0;2021-07-12
MA;2021;30;3943;89;337116.0;9636;7075181.0;2021-07-19
MA;2021;31;3140;99;340256.0;9735;7075181.0;2021-07-26
MA;2021;32;2745;91;343001.0;9826;7075181.0;2021-08-02
MA;2021;33;2831;90;345832.0;9916;7075181.0;2021-08-09
MA;2021;34;2567;77;348399.0;9993;7075181.0;2021-08-16
MA;2021;35;2212;73;350611.0;10066;7075181.0;2021-08-23
MA;2021;36;1792;29;352403.0;10095;7075181.0;2021-08-30
MA;2021;37;1292;40;353695.0;10135;7075181.0;2021-09-06
MA;2021;38;1536;21;355231.0;10156;7075181.0;2021-09-13
MA;2021;39;1467;23;356698.0;10179;7075181.0;2021-09-20
MA;2021;40;1207;16;357905.0;10195;7075181.0;2021-09-27
MA;2021;41;739;16;358644.0;10211;7075181.0;2021-10-04
MA;2021;42;1341;12;359985.0;10223;7075181.0;2021-10-11
MA;2021;43;1057;13;361042.0;10236;7075181.0;2021-10-18
MA;2021;44;707;8;361749.0;10244;7075181.0;2021-10-25
MA;2021;45;1027;11;362776.0;10255;7075181.0;2021-11-01
MA;2021;46;890;9;363666.0;10264;7075181.0;2021-11-08
MA;2021;47;1006;17;364672.0;10281;7075181.0;2021-11-15
MA;2021;48;1402;28;366074.0;10309;7075181.0;2021-11-22
MA;2021;49;1372;27;367446.0;10336;7075181.0;2021-11-29
MA;2021;50;1808;14;369254.0;10350;7075181.0;2021-12-06
MA;2021;51;934;16;370188.0;10366;7075181.0;2021-12-13
MA;2021;52;457;11;370645.0;10377;7075181.0;2021-12-20
MA;2021;53;38;13;200976.0;4513;7075181.0;2020-12-28
MA;2022;1;1233;19;371927.0;10396;7075181.0;2021-12-27
MA;2022;2;2377;17;374304.0;10413;7075181.0;2022-01-03
MA;2022;3;3807;30;378111.0;10443;7075181.0;2022-01-10
MA;2022;4;7773;34;385884.0;10477;7075181.0;2022-01-17
MA;2022;5;7203;49;393087.0;10526;7075181.0;2022-01-24
MA;2022;6;7428;75;400515.0;10601;7075181.0;2022-01-31
MA;2022;7;6538;82;407053.0;10683;7075181.0;2022-02-07
MA;2022;8;5767;90;412820.0;10773;7075181.0;2022-02-14
MA;2022;9;2229;55;415049.0;10828;7075181.0;2022-02-21
MA;2022;10;3291;14;418340.0;10842;7075181.0;2022-02-28
MA;2022;11;3399;15;421739.0;10857;7075181.0;2022-03-07
MA;2022;12;2397;11;424136.0;10868;7075181.0;2022-03-14
MA;2022;13;2134;5;426270.0;10873;7075181.0;2022-03-21
MA;2022;14;1997;4;428267.0;10877;7075181.0;2022-03-28
MA;2022;15;822;1;429089.0;10878;7075181.0;2022-04-04
MA;2022;16;1685;1;430774.0;10879;7075181.0;2022-04-11
MA;2022;17;1808;4;432582.0;10883;7075181.0;2022-04-18
MA;2022;18;1765;4;434347.0;10887;7075181.0;2022-04-25
MA;2022;19;1403;0;435750.0;10887;7075181.0;2022-05-02
MA;2022;20;1051;0;436801.0;10887;7075181.0;2022-05-09
MA;2022;21;900;1;437701.0;10888;7075181.0;2022-05-16
MA;2022;22;1310;1;439011.0;10889;7075181.0;2022-05-23
MA;2022;23;1276;1;440287.0;10890;7075181.0;2022-05-30
MA;2022;24;700;0;440987.0;10890;7075181.0;2022-06-06
MA;2022;25;1027;4;442014.0;10894;7075181.0;2022-06-13
MA;2022;26;1499;2;443513.0;10896;7075181.0;2022-06-20
MA;2022;27;2294;10;445807.0;10906;7075181.0;2022-06-27
MA;2022;28;5561;11;451368.0;10917;7075181.0;2022-07-04
MA;2022;29;4667;12;456035.0;10929;7075181.0;2022-07-11
MA;2022;30;3990;10;460025.0;10939;7075181.0;2022-07-18
MA;2022;31;3172;14;463197.0;10953;7075181.0;2022-07-25
MA;2022;32;2281;12;465478.0;10965;7075181.0;2022-08-01
MA;2022;33;1446;14;466924.0;10979;7075181.0;2022-08-08
MA;2022;34;1089;5;468013.0;10984;7075181.0;2022-08-15
MA;2022;35;1130;3;469143.0;10987;7075181.0;2022-08-22
MA;2022;36;662;1;469805.0;10988;7075181.0;2022-08-29
MA;2022;37;807;2;470612.0;10990;7075181.0;2022-09-05
MA;2022;38;874;3;471486.0;10993;7075181.0;2022-09-12
MA;2022;39;619;0;472105.0;10993;7075181.0;2022-09-19
MA;2022;40;612;0;472717.0;10993;7075181.0;2022-09-26
MA;2022;41;632;0;473349.0;10993;7075181.0;2022-10-03
MA;2022;42;1039;1;474388.0;10994;7075181.0;2022-10-10
MA;2022;43;304;2;474692.0;10996;7075181.0;2022-10-17
MA;2022;44;63;1;474755.0;10997;7075181.0;2022-10-24
MA;2022;45;529;1;475284.0;10998;7075181.0;2022-10-31
MA;2022;46;615;2;475899.0;11000;7075181.0;2022-11-07
MA;2022;47;3406;4;479305.0;11004;7075181.0;2022-11-14
MA;2022;48;4109;4;483414.0;11008;7075181.0;2022-11-21
MA;2022;49;1197;4;484611.0;11012;7075181.0;2022-11-28
MA;2022;50;1574;11;486185.0;11023;7075181.0;2022-12-05
MA;2022;51;1149;5;487334.0;11028;7075181.0;2022-12-12
MA;2022;52;808;6;488093.0;11034;7075181.0;2021-12-27
MA;2023;1;1440;2;498837.0;11080;7075181.0;2022-12-26
MA;2023;2;816;5;490349.0;11041;7075181.0;2023-01-02
MA;2023;3;655;2;491004.0;11043;7075181.0;2023-01-09
MA;2023;4;517;2;491521.0;11045;7075181.0;2023-01-16
MA;2023;5;510;2;492031.0;11047;7075181.0;2023-01-23
MA;2023;6;465;1;492496.0;11048;7075181.0;2023-01-30
MA;2023;7;371;2;492867.0;11050;7075181.0;2023-02-06
MA;2023;8;191;1;493058.0;11051;7075181.0;2023-02-13
MA;2023;9;360;2;493418.0;11053;7075181.0;2023-02-20
MA;2023;10;251;2;493669.0;11055;7075181.0;2023-02-27
MA;2023;11;140;1;493809.0;11056;7075181.0;2023-03-06
MA;2023;12;162;0;493971.0;11056;7075181.0;2023-03-13
MA;2023;13;136;1;494107.0;11057;7075181.0;2023-03-20
MA;2023;14;63;1;494170.0;11058;7075181.0;2023-03-27
MA;2023;15;206;4;494376.0;11062;7075181.0;2023-04-03
MA;2023;16;150;3;494526.0;11065;7075181.0;2023-04-10
MA;2023;17;202;2;494728.0;11067;7075181.0;2023-04-17
MA;2023;18;196;3;494924.0;11070;7075181.0;2023-04-24
MA;2023;19;320;1;495244.0;11071;7075181.0;2023-05-01
MA;2023;20;240;0;495484.0;11071;7075181.0;2023-05-08
MA;2023;21;257;0;495741.0;11071;7075181.0;2023-05-15
MA;2023;22;185;0;495926.0;11071;7075181.0;2023-05-22
MA;2023;23;64;1;495990.0;11072;7075181.0;2023-05-29
MA;2023;24;212;2;496202.0;11074;7075181.0;2023-06-05
MA;2023;25;189;0;496391.0;11074;7075181.0;2023-06-12
MA;2023;26;71;2;496462.0;11076;7075181.0;2023-06-19
MA;2023;27;86;0;496548.0;11076;7075181.0;2023-06-26
MA;2023;28;123;0;496671.0;11076;7075181.0;2023-07-03
MA;2023;29;120;1;496791.0;11077;7075181.0;2023-07-10
MA;2023;30;66;0;496857.0;11077;7075181.0;2023-07-17
MA;2023;31;103;1;496960.0;11078;7075181.0;2023-07-24
MA;2023;32;121;1;497081.0;11079;7075181.0;2023-07-31
MA;2023;33;136;1;497217.0;11080;7075181.0;2023-08-07
MA;2023;34;63;0;497280.0;11080;7075181.0;2023-08-14
MA;2023;35;66;0;497346.0;11080;7075181.0;2023-08-21
MA;2023;36;18;0;497364.0;11080;7075181.0;2023-08-28
MA;2023;37;15;0;497379.0;11080;7075181.0;2023-09-04
MA;2023;38;2;0;497381.0;11080;7075181.0;2023-09-11
MA;2023;39;8;0;497389.0;11080;7075181.0;2023-09-18
MA;2023;40;2;0;497391.0;11080;7075181.0;2023-09-25
MA;2023;41;24;0;497415.0;11080;7075181.0;2023-10-02
MA;2023;42;25;0;497440.0;11080;7075181.0;2023-10-09
MA;2023;43;3;0;497443.0;11080;7075181.0;2023-10-16
MA;2023;44;9;0;497452.0;11080;7075181.0;2023-10-23
MA;2023;45;12;0;497464.0;11080;7075181.0;2023-10-30
MA;2023;46;8;0;497472.0;11080;7075181.0;2023-11-06
MA;2023;47;89;0;497561.0;11080;7075181.0;2023-11-13
MA;2023;48;151;0;497712.0;11080;7075181.0;2023-11-20
MA;2023;49;155;0;497867.0;11080;7075181.0;2023-11-27
MA;2023;50;280;0;498147.0;11080;7075181.0;2023-12-04
MA;2023;51;0;0;498147.0;11080;7075181.0;2023-12-11
MA;2023;52;690;0;498837.0;11080;7075181.0;2023-12-18
MA;2024;1;138;2;501132.0;11104;7075181.0;2024-01-01
MA;2024;2;418;2;499393.0;11084;7075181.0;2024-01-01
MA;2024;3;500;2;499893.0;11086;7075181.0;2024-01-08
MA;2024;4;335;3;500228.0;11089;7075181.0;2024-01-15
MA;2024;5;147;1;500375.0;11090;7075181.0;2024-01-22
MA;2024;6;113;1;500488.0;11091;7075181.0;2024-01-29
MA;2024;7;45;0;500533.0;11091;7075181.0;2024-02-05
MA;2024;8;33;1;500566.0;11092;7075181.0;2024-02-12
MA;2024;9;72;2;500638.0;11094;7075181.0;2024-02-19
MA;2024;10;29;1;500667.0;11095;7075181.0;2024-02-26
MA;2024;11;13;0;500680.0;11095;7075181.0;2024-03-04
MA;2024;12;14;0;500694.0;11095;7075181.0;2024-03-11
MA;2024;13;3;0;500697.0;11095;7075181.0;2024-03-18
MA;2024;14;12;0;500709.0;11095;7075181.0;2024-03-25
MA;2024;15;4;0;500713.0;11095;7075181.0;2024-04-01
MA;2024;16;12;1;500725.0;11096;7075181.0;2024-04-08
MA;2024;17;2;0;500727.0;11096;7075181.0;2024-04-15
MA;2024;18;3;0;500730.0;11096;7075181.0;2024-04-22
MA;2024;19;3;0;500733.0;11096;7075181.0;2024-04-29
MA;2024;20;13;1;500746.0;11097;7075181.0;2024-05-06
MA;2024;21;13;0;500759.0;11097;7075181.0;2024-05-13
MA;2024;22;7;0;500766.0;11097;7075181.0;2024-05-20
MA;2024;23;23;0;500789.0;11097;7075181.0;2024-05-27
MA;2024;24;46;1;500835.0;11098;7075181.0;2024-06-03
MA;2024;25;104;2;500939.0;11100;7075181.0;2024-06-10
MA;2024;26;0;0;500939.0;11100;7075181.0;2024-06-17
MA;2024;27;51;0;500990.0;11100;7075181.0;2024-06-24
MA;2024;28;3;0;500993.0;11100;7075181.0;2024-07-01
MA;2024;29;5;0;500998.0;11100;7075181.0;2024-07-08
MA;2024;30;4;2;501002.0;11102;7075181.0;2024-07-15
MA;2024;31;1;1;501003.0;11103;7075181.0;2024-07-22
MA;2024;32;2;0;501005.0;11103;7075181.0;2024-07-29
MA;2024;33;32;0;501037.0;11103;7075181.0;2024-08-05
MA;2024;34;78;0;501115.0;11103;7075181.0;2024-08-12
MA;2024;35;1;0;501116.0;11103;7075181.0;2024-08-19
MA;2024;36;3;0;501119.0;11103;7075181.0;2024-08-26
MA;2024;37;0;0;501119.0;11103;7075181.0;2024-09-02
MA;2024;38;1;0;501120.0;11103;7075181.0;2024-09-09
MA;2024;39;0;0;501120.0;11103;7075181.0;2024-09-16
MA;2024;40;0;0;501120.0;11103;7075181.0;2024-09-23
MA;2024;41;0;0;501120.0;11103;7075181.0;2024-09-30
MA;2024;42;1;0;501121.0;11103;7075181.0;2024-10-07
MA;2024;43;0;0;501121.0;11103;7075181.0;2024-10-14
MA;2024;44;0;0;501121.0;11103;7075181.0;2024-10-21
MA;2024;45;0;0;501121.0;11103;7075181.0;2024-10-28
MA;2024;46;1;1;501122.0;11104;7075181.0;2024-11-04
MA;2024;47;0;0;501122.0;11104;7075181.0;2024-11-11
MA;2024;48;2;0;501124.0;11104;7075181.0;2024-11-18
MA;2024;49;0;0;501124.0;11104;7075181.0;2024-11-25
MA;2024;50;8;0;501132.0;11104;7075181.0;2024-12-02
MA;2024;51;0;0;501132.0;11104;7075181.0;2024-12-09
MA;2024;52;0;0;501132.0;11104;7075181.0;2024-12-16
MA;2025;1;61;0;501193.0;11104;7075181.0;2024-12-30
MA;2025;2;116;0;501309.0;11104;7075181.0;2024-12-30
MA;2025;3;177;0;501486.0;11104;7075181.0;2025-01-06
MA;2025;4;161;0;501647.0;11104;7075181.0;2025-01-13
MA;2025;5;100;0;501747.0;11104;7075181.0;2025-01-20
MA;2025;6;290;0;502037.0;11104;7075181.0;2025-01-27
MA;2025;7;142;0;502179.0;11104;7075181.0;2025-02-03
MA;2025;8;101;0;502280.0;11104;7075181.0;2025-02-10
MA;2025;9;0;0;502280.0;11104;7075181.0;2025-02-17
MA;2025;10;238;0;502518.0;11104;7075181.0;2025-02-24
MA;2025;11;0;0;502518.0;11104;7075181.0;2025-03-03
MA;2025;12;129;1;502647.0;11105;7075181.0;2025-03-10
MA;2025;13;130;0;502777.0;11105;7075181.0;2025-03-17
MA;2025;14;22;0;502799.0;11105;7075181.0;2025-03-24
MA;2025;15;0;0;502799.0;11105;7075181.0;2025-03-31
MA;2025;16;29;0;502828.0;11105;7075181.0;2025-04-07
MA;2025;17;0;0;502828.0;11105;7075181.0;2025-04-14
MA;2025;18;69;2;502897.0;11107;7075181.0;2025-04-21
MA;2025;19;0;0;502897.0;11107;7075181.0;2025-04-28
MA;2025;20;6;0;502903.0;11107;7075181.0;2025-05-05
MA;2025;21;5;0;502908.0;11107;7075181.0;2025-05-12
MA;2025;22;4;0;502912.0;11107;7075181.0;2025-05-19
MA;2025;23;0;0;502912.0;11107;7075181.0;2025-05-26
MA;2025;24;7;0;502919.0;11107;7075181.0;2025-06-02
MA;2025;25;0;0;502919.0;11107;7075181.0;2025-06-09
MA;2025;26;0;0;502919.0;11107;7075181.0;2025-06-16
MA;2025;27;7;0;502926.0;11107;7075181.0;2025-06-23
MA;2025;28;0;0;502926.0;11107;7075181.0;2025-06-30
MA;2025;29;0;0;502926.0;11107;7075181.0;2025-07-07
MA;2025;30;21;0;502947.0;11107;7075181.0;2025-07-14
MA;2025;31;34;2;502981.0;11109;7075181.0;2025-07-21
MA;2025;32;20;0;503001.0;11109;7075181.0;2025-07-28
MA;2025;33;59;0;503060.0;11109;7075181.0;2025-08-04
MA;2025;34;43;0;503103.0;11109;7075181.0;2025-08-11
MA;2025;35;32;0;503135.0;11109;7075181.0;2025-08-18
MA;2025;36;0;0;503135.0;11109;7075181.0;2025-08-25
MG;2020;9;0;0;0.0;0;21168791.0;2020-02-24
MG;2020;10;0;0;0.0;0;21168791.0;2020-02-24
MG;2020;11;2;0;2.0;0;21168791.0;2020-03-02
MG;2020;12;36;0;38.0;0;21168791.0;2020-03-09
MG;2020;13;170;0;205.0;0;21168791.0;2020-03-16
MG;2020;14;228;6;430.0;6;21168791.0;2020-03-23
MG;2020;15;330;11;750.0;17;21168791.0;2020-03-30
MG;2020;16;323;22;1077.0;39;21168791.0;2020-04-06
MG;2020;17;408;19;1481.0;58;21168791.0;2020-04-13
MG;2020;18;552;30;2023.0;88;21168791.0;2020-04-20
MG;2020;19;1127;30;3123.0;118;21168791.0;2020-04-27
MG;2020;20;1396;32;4474.0;150;21168791.0;2020-05-04
MG;2020;21;1899;67;6338.0;217;21168791.0;2020-05-11
MG;2020;22;3322;51;9630.0;263;21168791.0;2020-05-18
MG;2020;23;5378;109;14939.0;368;21168791.0;2020-05-25
MG;2020;24;5810;89;20614.0;454;21168791.0;2020-06-01
MG;2020;25;6753;186;27305.0;636;21168791.0;2020-06-08
MG;2020;26;13511;251;40966.0;882;21168791.0;2020-06-15
MG;2020;27;15232;301;55958.0;1183;21168791.0;2020-06-22
MG;2020;28;17820;367;73813.0;1550;21168791.0;2020-06-29
MG;2020;29;17039;417;90875.0;1964;21168791.0;2020-07-06
MG;2020;30;19251;445;110093.0;2404;21168791.0;2020-07-13
MG;2020;31;19894;459;129985.0;2861;21168791.0;2020-07-20
MG;2020;32;20752;596;150723.0;3449;21168791.0;2020-07-27
MG;2020;33;20793;597;171514.0;4044;21168791.0;2020-08-03
MG;2020;34;20077;695;191507.0;4737;21168791.0;2020-08-10
MG;2020;35;21121;541;212565.0;5270;21168791.0;2020-08-17
MG;2020;36;19315;440;231878.0;5708;21168791.0;2020-08-24
MG;2020;37;19321;493;250190.0;6200;21168791.0;2020-08-31
MG;2020;38;17822;459;268009.0;6656;21168791.0;2020-09-07
MG;2020;39;18636;526;286350.0;7181;21168791.0;2020-09-14
MG;2020;40;19242;392;305527.0;7569;21168791.0;2020-09-21
MG;2020;41;15674;495;321140.0;8061;21168791.0;2020-09-28
MG;2020;42;12991;349;333998.0;8405;21168791.0;2020-10-05
MG;2020;43;13144;332;347006.0;8732;21168791.0;2020-10-12
MG;2020;44;12017;286;358971.0;9015;21168791.0;2020-10-19
MG;2020;45;9639;191;368609.0;9204;21168791.0;2020-10-26
MG;2020;46;13117;302;381310.0;9504;21168791.0;2020-11-02
MG;2020;47;14228;229;395534.0;9732;21168791.0;2020-11-09
MG;2020;48;17465;261;412996.0;9990;21168791.0;2020-11-16
MG;2020;49;25309;294;438304.0;10283;21168791.0;2020-11-23
MG;2020;50;26781;364;464545.0;10645;21168791.0;2020-11-30
MG;2020;51;29291;451;494187.0;11093;21168791.0;2020-12-07
MG;2020;52;28150;498;522331.0;11585;21168791.0;2020-12-14
MG;2020;53;20669;317;542909.0;11902;21168791.0;2020-12-21
MG;2021;1;38679;578;587868.0;12594;21168791.0;2020-12-28
MG;2021;2;49021;767;636797.0;13355;21168791.0;2021-01-04
MG;2021;3;50318;799;686682.0;14148;21168791.0;2021-01-11
MG;2021;4;43292;797;729968.0;14939;21168791.0;2021-01-18
MG;2021;5;37297;876;767061.0;15807;21168791.0;2021-01-25
MG;2021;6;37394;971;804063.0;16760;21168791.0;2021-02-01
MG;2021;7;33000;841;837041.0;17594;21168791.0;2021-02-08
MG;2021;8;38128;843;874884.0;18431;21168791.0;2021-02-15
MG;2021;9;40914;931;916205.0;19359;21168791.0;2021-02-22
MG;2021;10;47684;1155;963889.0;20506;21168791.0;2021-03-01
MG;2021;11;60080;1263;1023969.0;21764;21168791.0;2021-03-08
MG;2021;12;69570;1616;1093539.0;23366;21168791.0;2021-03-15
MG;2021;13;59987;2173;1153526.0;25534;21168791.0;2021-03-22
MG;2021;14;67112;2103;1220638.0;27618;21168791.0;2021-03-29
MG;2021;15;54596;2334;1275234.0;29940;21168791.0;2021-04-05
MG;2021;16;44063;2065;1319297.0;31987;21168791.0;2021-04-12
MG;2021;17;47305;2055;1366602.0;34036;21168791.0;2021-04-19
MG;2021;18;44512;1723;1411114.0;35750;21168791.0;2021-04-26
MG;2021;19;48288;1542;1459402.0;37283;21168791.0;2021-05-03
MG;2021;20;52354;1602;1511756.0;38878;21168791.0;2021-05-10
MG;2021;21;52444;1393;1564200.0;40262;21168791.0;2021-05-17
MG;2021;22;52676;1222;1616876.0;41479;21168791.0;2021-05-24
MG;2021;23;61682;1399;1678558.0;42872;21168791.0;2021-05-31
MG;2021;24;54623;1481;1733181.0;44347;21168791.0;2021-06-07
MG;2021;25;49469;1380;1782650.0;45718;21168791.0;2021-06-14
MG;2021;26;41169;1178;1823819.0;46883;21168791.0;2021-06-21
MG;2021;27;38606;1062;1862425.0;47942;21168791.0;2021-06-28
MG;2021;28;37995;934;1900420.0;48872;21168791.0;2021-07-05
MG;2021;29;32882;809;1933302.0;49675;21168791.0;2021-07-12
MG;2021;30;33222;788;1966524.0;50461;21168791.0;2021-07-19
MG;2021;31;29162;760;1995686.0;51216;21168791.0;2021-07-26
MG;2021;32;23749;636;2019435.0;51849;21168791.0;2021-08-02
MG;2021;33;22160;562;2041595.0;52411;21168791.0;2021-08-09
MG;2021;34;19645;480;2061240.0;52885;21168791.0;2021-08-16
MG;2021;35;16030;443;2077270.0;53323;21168791.0;2021-08-23
MG;2021;36;17630;289;2094900.0;53611;21168791.0;2021-08-30
MG;2021;37;15868;418;2110768.0;54023;21168791.0;2021-09-06
MG;2021;38;20549;317;2131317.0;54337;21168791.0;2021-09-13
MG;2021;39;14456;327;2145773.0;54664;21168791.0;2021-09-20
MG;2021;40;12132;324;2157905.0;54984;21168791.0;2021-09-27
MG;2021;41;8203;202;2166108.0;55180;21168791.0;2021-10-04
MG;2021;42;11032;201;2177140.0;55383;21168791.0;2021-10-11
MG;2021;43;7728;170;2184868.0;55552;21168791.0;2021-10-18
MG;2021;44;6143;197;2191011.0;55746;21168791.0;2021-10-25
MG;2021;45;6317;174;2197328.0;55917;21168791.0;2021-11-01
MG;2021;46;4720;107;2202048.0;56023;21168791.0;2021-11-08
MG;2021;47;4816;122;2206864.0;56143;21168791.0;2021-11-15
MG;2021;48;4574;167;2211438.0;56309;21168791.0;2021-11-22
MG;2021;49;3489;138;2214927.0;56446;21168791.0;2021-11-29
MG;2021;50;1865;106;2216792.0;56552;21168791.0;2021-12-06
MG;2021;51;1903;60;2218695.0;56613;21168791.0;2021-12-13
MG;2021;52;5290;46;2223985.0;56659;21168791.0;2021-12-20
MG;2021;53;6393;122;549302.0;12023;21168791.0;2020-12-28
MG;2022;1;33170;69;2257723.0;56728;21168791.0;2021-12-27
MG;2022;2;91658;83;2349381.0;56810;21168791.0;2022-01-03
MG;2022;3;140395;132;2489776.0;56941;21168791.0;2022-01-10
MG;2022;4;190358;276;2680134.0;57214;21168791.0;2022-01-17
MG;2022;5;182039;540;2862173.0;57754;21168791.0;2022-01-24
MG;2022;6;142765;663;3004938.0;58411;21168791.0;2022-01-31
MG;2022;7;96073;591;3101011.0;58995;21168791.0;2022-02-07
MG;2022;8;92964;593;3193975.0;59589;21168791.0;2022-02-14
MG;2022;9;35925;285;3229900.0;59875;21168791.0;2022-02-21
MG;2022;10;34820;446;3264720.0;60319;21168791.0;2022-02-28
MG;2022;11;30999;218;3295719.0;60538;21168791.0;2022-03-07
MG;2022;12;21340;205;3317059.0;60741;21168791.0;2022-03-14
MG;2022;13;12392;138;3329451.0;60879;21168791.0;2022-03-21
MG;2022;14;15489;157;3344940.0;61034;21168791.0;2022-03-28
MG;2022;15;4600;81;3349540.0;61113;21168791.0;2022-04-04
MG;2022;16;3142;104;3352682.0;61216;21168791.0;2022-04-11
MG;2022;17;4643;81;3357325.0;61296;21168791.0;2022-04-18
MG;2022;18;4081;81;3361406.0;61377;21168791.0;2022-04-25
MG;2022;19;9512;32;3370918.0;61410;21168791.0;2022-05-02
MG;2022;20;12956;49;3383874.0;61458;21168791.0;2022-05-09
MG;2022;21;19276;86;3403150.0;61544;21168791.0;2022-05-16
MG;2022;22;32351;36;3435501.0;61579;21168791.0;2022-05-23
MG;2022;23;43074;141;3478575.0;61719;21168791.0;2022-05-30
MG;2022;24;29113;123;3507688.0;61843;21168791.0;2022-06-06
MG;2022;25;64631;172;3572319.0;62015;21168791.0;2022-06-13
MG;2022;26;61145;156;3633464.0;62170;21168791.0;2022-06-20
MG;2022;27;57950;179;3691414.0;62347;21168791.0;2022-06-27
MG;2022;28;51779;195;3743193.0;62541;21168791.0;2022-07-04
MG;2022;29;42756;181;3785949.0;62721;21168791.0;2022-07-11
MG;2022;30;28178;181;3814127.0;62902;21168791.0;2022-07-18
MG;2022;31;19761;205;3833888.0;63104;21168791.0;2022-07-25
MG;2022;32;20761;153;3854649.0;63257;21168791.0;2022-08-01
MG;2022;33;7231;133;3861880.0;63389;21168791.0;2022-08-08
MG;2022;34;6376;104;3868256.0;63492;21168791.0;2022-08-15
MG;2022;35;4372;109;3872628.0;63600;21168791.0;2022-08-22
MG;2022;36;2001;59;3874629.0;63659;21168791.0;2022-08-29
MG;2022;37;2355;55;3876984.0;63716;21168791.0;2022-09-05
MG;2022;38;2307;53;3879291.0;63768;21168791.0;2022-09-12
MG;2022;39;1242;13;3880533.0;63780;21168791.0;2022-09-19
MG;2022;40;1049;35;3881582.0;63814;21168791.0;2022-09-26
MG;2022;41;461;21;3882043.0;63835;21168791.0;2022-10-03
MG;2022;42;760;29;3882803.0;63864;21168791.0;2022-10-10
MG;2022;43;692;15;3883495.0;63879;21168791.0;2022-10-17
MG;2022;44;753;8;3884248.0;63887;21168791.0;2022-10-24
MG;2022;45;971;10;3885635.0;63897;21168791.0;2022-10-31
MG;2022;46;3235;11;3888454.0;63908;21168791.0;2022-11-07
MG;2022;47;15088;35;3903542.0;63943;21168791.0;2022-11-14
MG;2022;48;29080;53;3932622.0;63995;21168791.0;2022-11-21
MG;2022;49;20320;43;3952942.0;64038;21168791.0;2022-11-28
MG;2022;50;50322;168;4003264.0;64203;21168791.0;2022-12-05
MG;2022;51;23622;55;4030715.0;64293;21168791.0;2022-12-12
MG;2022;52;53104;190;4079422.0;64447;21168791.0;2021-12-27
MG;2023;1;21600;132;4236687.0;66096;21168791.0;2022-12-26
MG;2023;2;13160;111;4114182.0;64687;21168791.0;2023-01-02
MG;2023;3;7847;112;4122029.0;64799;21168791.0;2023-01-09
MG;2023;4;7906;96;4129935.0;64895;21168791.0;2023-01-16
MG;2023;5;24015;88;4153950.0;64982;21168791.0;2023-01-23
MG;2023;6;21655;-20;4175605.0;65005;21168791.0;2023-01-30
MG;2023;7;9123;115;4189328.0;65075;21168791.0;2023-02-06
MG;2023;8;-1696;-42;4187298.0;65471;21168791.0;2023-02-13
MG;2023;9;2462;36;4194916.0;65507;21168791.0;2023-02-20
MG;2023;10;4856;48;4194616.0;65555;21168791.0;2023-02-27
MG;2023;11;0;20;4194616.0;65575;21168791.0;2023-03-06
MG;2023;12;3593;17;4198209.0;65592;21168791.0;2023-03-13
MG;2023;13;2570;0;4200779.0;65592;21168791.0;2023-03-20
MG;2023;14;0;0;4200779.0;65592;21168791.0;2023-03-27
MG;2023;15;2451;49;4203230.0;65641;21168791.0;2023-04-03
MG;2023;16;1686;16;4204916.0;65657;21168791.0;2023-04-10
MG;2023;17;0;0;4204916.0;65657;21168791.0;2023-04-17
MG;2023;18;2636;40;4207552.0;65697;21168791.0;2023-04-24
MG;2023;19;1134;12;4208686.0;65709;21168791.0;2023-05-01
MG;2023;20;1033;20;4209719.0;65729;21168791.0;2023-05-08
MG;2023;21;0;0;4209719.0;65729;21168791.0;2023-05-15
MG;2023;22;0;11;4209719.0;65740;21168791.0;2023-05-22
MG;2023;23;0;0;4209719.0;65740;21168791.0;2023-05-29
MG;2023;24;0;0;4209719.0;65740;21168791.0;2023-06-05
MG;2023;25;0;0;4209719.0;65740;21168791.0;2023-06-12
MG;2023;26;0;0;4209719.0;65740;21168791.0;2023-06-19
MG;2023;27;0;0;4209719.0;65740;21168791.0;2023-06-26
MG;2023;28;0;0;4209719.0;65740;21168791.0;2023-07-03
MG;2023;29;0;0;4209719.0;65740;21168791.0;2023-07-10
MG;2023;30;0;0;4209719.0;65740;21168791.0;2023-07-17
MG;2023;31;0;0;4209719.0;65740;21168791.0;2023-07-24
MG;2023;32;0;0;4209719.0;65740;21168791.0;2023-07-31
MG;2023;33;0;0;4209719.0;65740;21168791.0;2023-08-07
MG;2023;34;0;0;4209719.0;65740;21168791.0;2023-08-14
MG;2023;35;0;0;4209719.0;65740;21168791.0;2023-08-21
MG;2023;36;0;0;4209719.0;65740;21168791.0;2023-08-28
MG;2023;37;-34512;21;4209719.0;65761;21168791.0;2023-09-04
MG;2023;38;0;0;4175207.0;65761;21168791.0;2023-09-11
MG;2023;39;5100;23;4180307.0;65784;21168791.0;2023-09-18
MG;2023;40;4662;31;4184969.0;65815;21168791.0;2023-09-25
MG;2023;41;3203;12;4188172.0;65827;21168791.0;2023-10-02
MG;2023;42;6873;25;4195045.0;65852;21168791.0;2023-10-09
MG;2023;43;7288;29;4202333.0;65881;21168791.0;2023-10-16
MG;2023;44;4861;19;4207194.0;65900;21168791.0;2023-10-23
MG;2023;45;7789;37;4214983.0;65937;21168791.0;2023-10-30
MG;2023;46;5913;4;4220896.0;65941;21168791.0;2023-11-06
MG;2023;47;5509;62;4226405.0;66003;21168791.0;2023-11-13
MG;2023;48;3922;37;4230327.0;66040;21168791.0;2023-11-20
MG;2023;49;2775;19;4233102.0;66059;21168791.0;2023-11-27
MG;2023;50;2198;0;4235300.0;66059;21168791.0;2023-12-04
MG;2023;51;1387;37;4236687.0;66096;21168791.0;2023-12-11
MG;2023;52;0;0;4236687.0;66096;21168791.0;2023-12-18
MG;2024;1;992;11;4349128.0;66956;21168791.0;2024-01-01
MG;2024;2;3411;51;4241090.0;66158;21168791.0;2024-01-01
MG;2024;3;1991;9;4243081.0;66167;21168791.0;2024-01-08
MG;2024;4;2123;11;4245204.0;66178;21168791.0;2024-01-15
MG;2024;5;3028;23;4248232.0;66201;21168791.0;2024-01-22
MG;2024;6;0;0;4248232.0;66201;21168791.0;2024-01-29
MG;2024;7;9566;24;4257798.0;66225;21168791.0;2024-02-05
MG;2024;8;10517;22;4268315.0;66247;21168791.0;2024-02-12
MG;2024;9;10595;41;4278910.0;66288;21168791.0;2024-02-19
MG;2024;10;8735;49;4287645.0;66337;21168791.0;2024-02-26
MG;2024;11;6971;36;4294616.0;66373;21168791.0;2024-03-04
MG;2024;12;4916;40;4299532.0;66413;21168791.0;2024-03-11
MG;2024;13;1991;24;4301523.0;66437;21168791.0;2024-03-18
MG;2024;14;1701;17;4303224.0;66454;21168791.0;2024-03-25
MG;2024;15;1695;4;4304919.0;66458;21168791.0;2024-04-01
MG;2024;16;0;0;4304919.0;66458;21168791.0;2024-04-08
MG;2024;17;2098;38;4307017.0;66496;21168791.0;2024-04-15
MG;2024;18;738;12;4307755.0;66508;21168791.0;2024-04-22
MG;2024;19;1061;12;4308816.0;66520;21168791.0;2024-04-29
MG;2024;20;0;0;4308816.0;66520;21168791.0;2024-05-06
MG;2024;21;1713;17;4310529.0;66537;21168791.0;2024-05-13
MG;2024;22;1666;9;4312195.0;66546;21168791.0;2024-05-20
MG;2024;23;0;0;4312195.0;66546;21168791.0;2024-05-27
MG;2024;24;0;0;4312195.0;66546;21168791.0;2024-06-03
MG;2024;25;0;0;4312195.0;66546;21168791.0;2024-06-10
MG;2024;26;0;0;4312195.0;66546;21168791.0;2024-06-17
MG;2024;27;0;0;4312195.0;66546;21168791.0;2024-06-24
MG;2024;28;0;0;4312195.0;66546;21168791.0;2024-07-01
MG;2024;29;1728;118;4313923.0;66664;21168791.0;2024-07-08
MG;2024;30;0;0;4313923.0;66664;21168791.0;2024-07-15
MG;2024;31;-83;0;4313923.0;66664;21168791.0;2024-07-22
MG;2024;32;1049;13;4314889.0;66677;21168791.0;2024-07-29
MG;2024;33;718;8;4315607.0;66685;21168791.0;2024-08-05
MG;2024;34;1190;0;4316797.0;66685;21168791.0;2024-08-12
MG;2024;35;0;0;4316797.0;66685;21168791.0;2024-08-19
MG;2024;36;3104;13;4319901.0;66698;21168791.0;2024-08-26
MG;2024;37;2133;0;4322034.0;66698;21168791.0;2024-09-02
MG;2024;38;2515;21;4324549.0;66719;21168791.0;2024-09-09
MG;2024;39;2468;15;4327017.0;66734;21168791.0;2024-09-16
MG;2024;40;2056;2;4329073.0;66736;21168791.0;2024-09-23
MG;2024;41;1927;39;4331000.0;66775;21168791.0;2024-09-30
MG;2024;42;0;0;4331000.0;66775;21168791.0;2024-10-07
MG;2024;43;3188;56;4334188.0;66831;21168791.0;2024-10-14
MG;2024;44;1526;19;4335714.0;66850;21168791.0;2024-10-21
MG;2024;45;1467;16;4337181.0;66866;21168791.0;2024-10-28
MG;2024;46;1681;0;4338862.0;66866;21168791.0;2024-11-04
MG;2024;47;2177;19;4341039.0;66885;21168791.0;2024-11-11
MG;2024;48;2658;30;4343697.0;66915;21168791.0;2024-11-18
MG;2024;49;-908;15;4343697.0;66930;21168791.0;2024-11-25
MG;2024;50;6339;26;4349128.0;66956;21168791.0;2024-12-02
MG;2024;51;0;0;4349128.0;66956;21168791.0;2024-12-09
MG;2024;52;0;0;4349128.0;66956;21168791.0;2024-12-16
MG;2025;1;0;0;4349128.0;66956;21168791.0;2024-12-30
MG;2025;2;0;0;4349128.0;66956;21168791.0;2024-12-30
MG;2025;3;6687;65;4355815.0;67021;21168791.0;2025-01-06
MG;2025;4;1703;18;4357518.0;67039;21168791.0;2025-01-13
MG;2025;5;1360;0;4358878.0;67039;21168791.0;2025-01-20
MG;2025;6;0;0;4358878.0;67039;21168791.0;2025-01-27
MG;2025;7;2939;36;4361817.0;67075;21168791.0;2025-02-03
MG;2025;8;0;0;4361817.0;67075;21168791.0;2025-02-10
MG;2025;9;0;0;4361817.0;67075;21168791.0;2025-02-17
MG;2025;10;3865;26;4365682.0;67101;21168791.0;2025-02-24
MG;2025;11;1101;6;4366783.0;67107;21168791.0;2025-03-03
MG;2025;12;775;10;4367558.0;67117;21168791.0;2025-03-10
MG;2025;13;614;3;4368172.0;67120;21168791.0;2025-03-17
MG;2025;14;581;4;4368753.0;67124;21168791.0;2025-03-24
MG;2025;15;428;1;4369181.0;67125;21168791.0;2025-03-31
MG;2025;16;171;7;4369352.0;67132;21168791.0;2025-04-07
MG;2025;17;243;4;4369595.0;67136;21168791.0;2025-04-14
MG;2025;18;192;7;4369787.0;67143;21168791.0;2025-04-21
MG;2025;19;242;6;4370029.0;67149;21168791.0;2025-04-28
MG;2025;20;332;9;4370361.0;67158;21168791.0;2025-05-05
MG;2025;21;400;2;4370761.0;67160;21168791.0;2025-05-12
MG;2025;22;32;4;4370793.0;67164;21168791.0;2025-05-19
MG;2025;23;686;0;4371479.0;67164;21168791.0;2025-05-26
MG;2025;24;359;2;4371838.0;67166;21168791.0;2025-06-02
MG;2025;25;187;3;4372025.0;67169;21168791.0;2025-06-09
MG;2025;26;210;2;4372235.0;67171;21168791.0;2025-06-16
MG;2025;27;0;0;4372235.0;67171;21168791.0;2025-06-23
MG;2025;28;467;3;4372702.0;67174;21168791.0;2025-06-30
MG;2025;29;220;6;4372922.0;67180;21168791.0;2025-07-07
MG;2025;30;161;0;4373083.0;67180;21168791.0;2025-07-14
MG;2025;31;167;3;4373250.0;67183;21168791.0;2025-07-21
MG;2025;32;265;4;4373515.0;67187;21168791.0;2025-07-28
MG;2025;33;283;4;4373798.0;67191;21168791.0;2025-08-04
MG;2025;34;448;6;4374246.0;67197;21168791.0;2025-08-11
MG;2025;35;636;8;4374882.0;67205;21168791.0;2025-08-18
MG;2025;36;0;0;4374882.0;67205;21168791.0;2025-08-25
MS;2020;9;0;0;0.0;0;2778986.0;2020-02-24
MS;2020;10;0;0;0.0;0;2778986.0;2020-02-24
MS;2020;11;0;0;0.0;0;2778986.0;2020-03-02
MS;2020;12;16;0;16.0;0;2778986.0;2020-03-09
MS;2020;13;15;0;31.0;0;2778986.0;2020-03-16
MS;2020;14;31;1;62.0;1;2778986.0;2020-03-23
MS;2020;15;38;1;100.0;2;2778986.0;2020-03-30
MS;2020;16;61;3;161.0;5;2778986.0;2020-04-06
MS;2020;17;56;2;217.0;7;2778986.0;2020-04-13
MS;2020;18;49;2;266.0;9;2778986.0;2020-04-20
MS;2020;19;80;2;346.0;11;2778986.0;2020-04-27
MS;2020;20;162;4;508.0;15;2778986.0;2020-05-04
MS;2020;21;350;2;858.0;17;2778986.0;2020-05-11
MS;2020;22;560;2;1418.0;19;2778986.0;2020-05-18
MS;2020;23;714;2;2132.0;21;2778986.0;2020-05-25
MS;2020;24;1103;7;3235.0;28;2778986.0;2020-06-01
MS;2020;25;1755;15;4990.0;43;2778986.0;2020-06-08
MS;2020;26;2317;25;7307.0;68;2778986.0;2020-06-15
MS;2020;27;2603;46;9910.0;114;2778986.0;2020-06-22
MS;2020;28;3059;39;12969.0;153;2778986.0;2020-06-29
MS;2020;29;3037;63;16006.0;216;2778986.0;2020-07-06
MS;2020;30;5009;76;21015.0;292;2778986.0;2020-07-13
MS;2020;31;4724;97;25739.0;389;2778986.0;2020-07-20
MS;2020;32;4968;103;30707.0;492;2778986.0;2020-07-27
MS;2020;33;5835;106;36542.0;598;2778986.0;2020-08-03
MS;2020;34;5346;124;41888.0;722;2778986.0;2020-08-10
MS;2020;35;6135;118;48023.0;840;2778986.0;2020-08-17
MS;2020;36;5305;113;53328.0;953;2778986.0;2020-08-24
MS;2020;37;5343;102;58671.0;1055;2778986.0;2020-08-31
MS;2020;38;4795;107;63466.0;1162;2778986.0;2020-09-07
MS;2020;39;4368;87;67834.0;1249;2778986.0;2020-09-14
MS;2020;40;3642;86;71476.0;1335;2778986.0;2020-09-21
MS;2020;41;3091;90;74567.0;1425;2778986.0;2020-09-28
MS;2020;42;2444;61;77011.0;1486;2778986.0;2020-10-05
MS;2020;43;2588;62;79599.0;1548;2778986.0;2020-10-12
MS;2020;44;2745;44;82344.0;1592;2778986.0;2020-10-19
MS;2020;45;2376;42;84720.0;1634;2778986.0;2020-10-26
MS;2020;46;2882;54;87602.0;1688;2778986.0;2020-11-02
MS;2020;47;4080;30;91682.0;1718;2778986.0;2020-11-09
MS;2020;48;5923;39;97605.0;1757;2778986.0;2020-11-16
MS;2020;49;7122;70;104727.0;1827;2778986.0;2020-11-23
MS;2020;50;8149;86;112876.0;1913;2778986.0;2020-11-30
MS;2020;51;7519;119;120395.0;2032;2778986.0;2020-12-07
MS;2020;52;7769;175;128164.0;2207;2778986.0;2020-12-14
MS;2020;53;5597;122;133761.0;2329;2778986.0;2020-12-21
MS;2021;1;7404;165;142765.0;2525;2778986.0;2020-12-28
MS;2021;2;6966;136;149731.0;2661;2778986.0;2021-01-04
MS;2021;3;6241;133;155972.0;2794;2778986.0;2021-01-11
MS;2021;4;4651;104;160623.0;2898;2778986.0;2021-01-18
MS;2021;5;4518;101;165141.0;2999;2778986.0;2021-01-25
MS;2021;6;4985;116;170126.0;3115;2778986.0;2021-02-01
MS;2021;7;4987;83;175113.0;3198;2778986.0;2021-02-08
MS;2021;8;5873;108;180986.0;3306;2778986.0;2021-02-15
MS;2021;9;6087;125;187073.0;3431;2778986.0;2021-02-22
MS;2021;10;6556;153;193629.0;3584;2778986.0;2021-03-01
MS;2021;11;7496;215;201125.0;3799;2778986.0;2021-03-08
MS;2021;12;8877;279;210002.0;4078;2778986.0;2021-03-15
MS;2021;13;9855;346;219857.0;4424;2778986.0;2021-03-22
MS;2021;14;8570;397;228427.0;4821;2778986.0;2021-03-29
MS;2021;15;7660;335;236087.0;5156;2778986.0;2021-04-05
MS;2021;16;6571;305;242658.0;5461;2778986.0;2021-04-12
MS;2021;17;6375;298;249033.0;5759;2778986.0;2021-04-19
MS;2021;18;6684;231;255717.0;5990;2778986.0;2021-04-26
MS;2021;19;8228;204;263945.0;6194;2778986.0;2021-05-03
MS;2021;20;11270;236;275215.0;6430;2778986.0;2021-05-10
MS;2021;21;11942;311;287157.0;6741;2778986.0;2021-05-17
MS;2021;22;13086;331;300243.0;7072;2778986.0;2021-05-24
MS;2021;23;12149;367;312392.0;7439;2778986.0;2021-05-31
MS;2021;24;10053;328;322445.0;7767;2778986.0;2021-06-07
MS;2021;25;9673;277;332118.0;8044;2778986.0;2021-06-14
MS;2021;26;5548;258;337666.0;8302;2778986.0;2021-06-21
MS;2021;27;5218;205;342884.0;8507;2778986.0;2021-06-28
MS;2021;28;4845;146;347729.0;8653;2778986.0;2021-07-05
MS;2021;29;4085;163;351814.0;8816;2778986.0;2021-07-12
MS;2021;30;4148;122;355962.0;8938;2778986.0;2021-07-19
MS;2021;31;3434;124;359396.0;9062;2778986.0;2021-07-26
MS;2021;32;3336;98;362732.0;9160;2778986.0;2021-08-02
MS;2021;33;2846;87;365578.0;9247;2778986.0;2021-08-09
MS;2021;34;2388;89;367966.0;9336;2778986.0;2021-08-16
MS;2021;35;1767;75;369733.0;9411;2778986.0;2021-08-23
MS;2021;36;721;48;370454.0;9459;2778986.0;2021-08-30
MS;2021;37;1064;38;371518.0;9497;2778986.0;2021-09-06
MS;2021;38;806;35;372324.0;9532;2778986.0;2021-09-13
MS;2021;39;947;39;373271.0;9571;2778986.0;2021-09-20
MS;2021;40;861;21;374132.0;9592;2778986.0;2021-09-27
MS;2021;41;978;31;375110.0;9623;2778986.0;2021-10-04
MS;2021;42;709;6;375819.0;9629;2778986.0;2021-10-11
MS;2021;43;644;17;376463.0;9646;2778986.0;2021-10-18
MS;2021;44;408;7;376871.0;9653;2778986.0;2021-10-25
MS;2021;45;395;10;377266.0;9663;2778986.0;2021-11-01
MS;2021;46;606;9;377872.0;9672;2778986.0;2021-11-08
MS;2021;47;638;9;378510.0;9681;2778986.0;2021-11-15
MS;2021;48;687;7;379197.0;9688;2778986.0;2021-11-22
MS;2021;49;305;16;379502.0;9704;2778986.0;2021-11-29
MS;2021;50;0;0;379502.0;9704;2778986.0;2021-12-06
MS;2021;51;306;16;379808.0;9720;2778986.0;2021-12-13
MS;2021;52;597;8;380405.0;9728;2778986.0;2021-12-20
MS;2021;53;1600;31;135361.0;2360;2778986.0;2020-12-28
MS;2022;1;3179;14;383694.0;9742;2778986.0;2021-12-27
MS;2022;2;7723;12;391417.0;9754;2778986.0;2022-01-03
MS;2022;3;8418;26;399835.0;9780;2778986.0;2022-01-10
MS;2022;4;19439;76;419274.0;9856;2778986.0;2022-01-17
MS;2022;5;21021;113;440295.0;9969;2778986.0;2022-01-24
MS;2022;6;18842;112;459137.0;10081;2778986.0;2022-01-31
MS;2022;7;22218;124;481355.0;10205;2778986.0;2022-02-07
MS;2022;8;17083;98;498438.0;10303;2778986.0;2022-02-14
MS;2022;9;8550;92;506988.0;10395;2778986.0;2022-02-21
MS;2022;10;7455;45;514443.0;10440;2778986.0;2022-02-28
MS;2022;11;5198;26;519641.0;10466;2778986.0;2022-03-07
MS;2022;12;3747;15;523388.0;10481;2778986.0;2022-03-14
MS;2022;13;1367;26;524755.0;10507;2778986.0;2022-03-21
MS;2022;14;1283;6;526038.0;10513;2778986.0;2022-03-28
MS;2022;15;1051;6;527089.0;10519;2778986.0;2022-04-04
MS;2022;16;1245;2;528334.0;10521;2778986.0;2022-04-11
MS;2022;17;907;7;529241.0;10528;2778986.0;2022-04-18
MS;2022;18;755;5;529996.0;10533;2778986.0;2022-04-25
MS;2022;19;1173;10;531169.0;10543;2778986.0;2022-05-02
MS;2022;20;782;7;531951.0;10550;2778986.0;2022-05-09
MS;2022;21;1977;15;533928.0;10565;2778986.0;2022-05-16
MS;2022;22;2137;4;536065.0;10569;2778986.0;2022-05-23
MS;2022;23;5205;6;541270.0;10575;2778986.0;2022-05-30
MS;2022;24;3077;28;544347.0;10603;2778986.0;2022-06-06
MS;2022;25;3762;7;548109.0;10610;2778986.0;2022-06-13
MS;2022;26;3201;16;551310.0;10626;2778986.0;2022-06-20
MS;2022;27;3547;19;554857.0;10645;2778986.0;2022-06-27
MS;2022;28;3292;18;558149.0;10663;2778986.0;2022-07-04
MS;2022;29;3859;18;562008.0;10681;2778986.0;2022-07-11
MS;2022;30;2554;26;564562.0;10707;2778986.0;2022-07-18
MS;2022;31;4004;17;568566.0;10724;2778986.0;2022-07-25
MS;2022;32;2941;23;571507.0;10747;2778986.0;2022-08-01
MS;2022;33;2809;24;574316.0;10771;2778986.0;2022-08-08
MS;2022;34;2460;15;576776.0;10786;2778986.0;2022-08-15
MS;2022;35;1586;17;578362.0;10803;2778986.0;2022-08-22
MS;2022;36;855;15;579217.0;10818;2778986.0;2022-08-29
MS;2022;37;611;5;579828.0;10823;2778986.0;2022-09-05
MS;2022;38;363;9;580191.0;10832;2778986.0;2022-09-12
MS;2022;39;799;3;580990.0;10835;2778986.0;2022-09-19
MS;2022;40;474;2;581464.0;10837;2778986.0;2022-09-26
MS;2022;41;79;1;581543.0;10838;2778986.0;2022-10-03
MS;2022;42;48;3;581591.0;10841;2778986.0;2022-10-10
MS;2022;43;702;2;582293.0;10843;2778986.0;2022-10-17
MS;2022;44;85;2;582378.0;10845;2778986.0;2022-10-24
MS;2022;45;76;1;582454.0;10846;2778986.0;2022-10-31
MS;2022;46;285;2;582739.0;10848;2778986.0;2022-11-07
MS;2022;47;946;0;583685.0;10848;2778986.0;2022-11-14
MS;2022;48;1135;7;584820.0;10855;2778986.0;2022-11-21
MS;2022;49;1347;7;586167.0;10862;2778986.0;2022-11-28
MS;2022;50;1646;8;587813.0;10870;2778986.0;2022-12-05
MS;2022;51;2847;16;590660.0;10886;2778986.0;2022-12-12
MS;2022;52;2659;17;593209.0;10903;2778986.0;2021-12-27
MS;2023;1;3189;21;622624.0;11172;2778986.0;2022-12-26
MS;2023;2;2887;20;599285.0;10944;2778986.0;2023-01-02
MS;2023;3;1873;25;601158.0;10969;2778986.0;2023-01-09
MS;2023;4;986;6;602144.0;10975;2778986.0;2023-01-16
MS;2023;5;966;7;603110.0;10982;2778986.0;2023-01-23
MS;2023;6;1337;10;604447.0;10992;2778986.0;2023-01-30
MS;2023;7;1496;4;605943.0;10996;2778986.0;2023-02-06
MS;2023;8;963;8;606906.0;11004;2778986.0;2023-02-13
MS;2023;9;870;12;607776.0;11016;2778986.0;2023-02-20
MS;2023;10;531;4;608307.0;11020;2778986.0;2023-02-27
MS;2023;11;588;3;608895.0;11023;2778986.0;2023-03-06
MS;2023;12;354;2;609249.0;11025;2778986.0;2023-03-13
MS;2023;13;536;3;609785.0;11028;2778986.0;2023-03-20
MS;2023;14;908;1;610693.0;11029;2778986.0;2023-03-27
MS;2023;15;420;4;611113.0;11033;2778986.0;2023-04-03
MS;2023;16;270;2;611383.0;11035;2778986.0;2023-04-10
MS;2023;17;304;1;611687.0;11036;2778986.0;2023-04-17
MS;2023;18;330;5;612017.0;11041;2778986.0;2023-04-24
MS;2023;19;174;3;612191.0;11044;2778986.0;2023-05-01
MS;2023;20;395;2;612586.0;11046;2778986.0;2023-05-08
MS;2023;21;256;6;612842.0;11052;2778986.0;2023-05-15
MS;2023;22;601;7;613443.0;11059;2778986.0;2023-05-22
MS;2023;23;145;8;613588.0;11067;2778986.0;2023-05-29
MS;2023;24;349;5;613937.0;11072;2778986.0;2023-06-05
MS;2023;25;139;3;614076.0;11075;2778986.0;2023-06-12
MS;2023;26;0;2;614076.0;11077;2778986.0;2023-06-19
MS;2023;27;1028;3;615104.0;11080;2778986.0;2023-06-26
MS;2023;28;78;1;615182.0;11081;2778986.0;2023-07-03
MS;2023;29;72;3;615254.0;11084;2778986.0;2023-07-10
MS;2023;30;65;1;615319.0;11085;2778986.0;2023-07-17
MS;2023;31;140;0;615459.0;11085;2778986.0;2023-07-24
MS;2023;32;273;3;615732.0;11088;2778986.0;2023-07-31
MS;2023;33;150;0;615882.0;11088;2778986.0;2023-08-07
MS;2023;34;137;2;616019.0;11090;2778986.0;2023-08-14
MS;2023;35;34;2;616053.0;11092;2778986.0;2023-08-21
MS;2023;36;132;-1;616185.0;11092;2778986.0;2023-08-28
MS;2023;37;236;4;616421.0;11095;2778986.0;2023-09-04
MS;2023;38;108;5;616529.0;11100;2778986.0;2023-09-11
MS;2023;39;162;6;616691.0;11106;2778986.0;2023-09-18
MS;2023;40;198;12;616889.0;11118;2778986.0;2023-09-25
MS;2023;41;78;9;616967.0;11127;2778986.0;2023-10-02
MS;2023;42;372;4;617339.0;11131;2778986.0;2023-10-09
MS;2023;43;324;2;617663.0;11133;2778986.0;2023-10-16
MS;2023;44;442;3;618105.0;11136;2778986.0;2023-10-23
MS;2023;45;822;5;618927.0;11141;2778986.0;2023-10-30
MS;2023;46;516;2;619443.0;11143;2778986.0;2023-11-06
MS;2023;47;995;7;620438.0;11150;2778986.0;2023-11-13
MS;2023;48;675;7;621113.0;11157;2778986.0;2023-11-20
MS;2023;49;439;4;621552.0;11161;2778986.0;2023-11-27
MS;2023;50;457;4;622009.0;11165;2778986.0;2023-12-04
MS;2023;51;477;4;622486.0;11169;2778986.0;2023-12-11
MS;2023;52;138;3;622624.0;11172;2778986.0;2023-12-18
MS;2024;1;0;6;636565.0;11314;2778986.0;2024-01-01
MS;2024;2;833;5;623457.0;11183;2778986.0;2024-01-01
MS;2024;3;769;6;624226.0;11189;2778986.0;2024-01-08
MS;2024;4;539;4;624765.0;11193;2778986.0;2024-01-15
MS;2024;5;734;3;625499.0;11196;2778986.0;2024-01-22
MS;2024;6;564;1;626063.0;11197;2778986.0;2024-01-29
MS;2024;7;728;6;626791.0;11203;2778986.0;2024-02-05
MS;2024;8;991;2;627782.0;11205;2778986.0;2024-02-12
MS;2024;9;1156;11;628938.0;11216;2778986.0;2024-02-19
MS;2024;10;1365;7;630303.0;11223;2778986.0;2024-02-26
MS;2024;11;1001;7;631304.0;11230;2778986.0;2024-03-04
MS;2024;12;657;6;631961.0;11236;2778986.0;2024-03-11
MS;2024;13;199;1;632160.0;11237;2778986.0;2024-03-18
MS;2024;14;765;1;632925.0;11238;2778986.0;2024-03-25
MS;2024;15;317;0;633242.0;11238;2778986.0;2024-04-01
MS;2024;16;197;4;633439.0;11242;2778986.0;2024-04-08
MS;2024;17;167;0;633606.0;11242;2778986.0;2024-04-15
MS;2024;18;45;1;633651.0;11243;2778986.0;2024-04-22
MS;2024;19;134;3;633785.0;11246;2778986.0;2024-04-29
MS;2024;20;24;0;633809.0;11246;2778986.0;2024-05-06
MS;2024;21;40;1;633849.0;11247;2778986.0;2024-05-13
MS;2024;22;9;0;633858.0;11247;2778986.0;2024-05-20
MS;2024;23;0;0;633858.0;11247;2778986.0;2024-05-27
MS;2024;24;0;0;633858.0;11247;2778986.0;2024-06-03
MS;2024;25;171;2;634029.0;11249;2778986.0;2024-06-10
MS;2024;26;36;0;634065.0;11249;2778986.0;2024-06-17
MS;2024;27;65;0;634130.0;11249;2778986.0;2024-06-24
MS;2024;28;17;0;634147.0;11249;2778986.0;2024-07-01
MS;2024;29;72;2;634219.0;11251;2778986.0;2024-07-08
MS;2024;30;0;0;634219.0;11251;2778986.0;2024-07-15
MS;2024;31;62;1;634281.0;11252;2778986.0;2024-07-22
MS;2024;32;13;0;634294.0;11252;2778986.0;2024-07-29
MS;2024;33;240;10;634534.0;11262;2778986.0;2024-08-05
MS;2024;34;113;2;634647.0;11264;2778986.0;2024-08-12
MS;2024;35;20;3;634667.0;11267;2778986.0;2024-08-19
MS;2024;36;368;7;635035.0;11274;2778986.0;2024-08-26
MS;2024;37;0;0;635035.0;11274;2778986.0;2024-09-02
MS;2024;38;537;14;635572.0;11288;2778986.0;2024-09-09
MS;2024;39;572;6;636144.0;11294;2778986.0;2024-09-16
MS;2024;40;152;3;636296.0;11297;2778986.0;2024-09-23
MS;2024;41;263;3;636559.0;11300;2778986.0;2024-09-30
MS;2024;42;514;2;637073.0;11302;2778986.0;2024-10-07
MS;2024;43;46;2;637119.0;11304;2778986.0;2024-10-14
MS;2024;44;50;1;637169.0;11305;2778986.0;2024-10-21
MS;2024;45;96;0;637265.0;11305;2778986.0;2024-10-28
MS;2024;46;0;0;637265.0;11305;2778986.0;2024-11-04
MS;2024;47;0;0;637265.0;11305;2778986.0;2024-11-11
MS;2024;48;82;5;637347.0;11310;2778986.0;2024-11-18
MS;2024;49;21;1;637368.0;11311;2778986.0;2024-11-25
MS;2024;50;-921;1;637368.0;11312;2778986.0;2024-12-02
MS;2024;51;0;0;636447.0;11312;2778986.0;2024-12-09
MS;2024;52;118;2;636565.0;11314;2778986.0;2024-12-16
MS;2025;1;24;3;636589.0;11317;2778986.0;2024-12-30
MS;2025;2;85;1;636674.0;11318;2778986.0;2024-12-30
MS;2025;3;265;6;636939.0;11324;2778986.0;2025-01-06
MS;2025;4;146;2;637085.0;11326;2778986.0;2025-01-13
MS;2025;5;0;0;637085.0;11326;2778986.0;2025-01-20
MS;2025;6;523;6;637608.0;11332;2778986.0;2025-01-27
MS;2025;7;328;3;637936.0;11335;2778986.0;2025-02-03
MS;2025;8;252;1;638188.0;11336;2778986.0;2025-02-10
MS;2025;9;153;1;638341.0;11337;2778986.0;2025-02-17
MS;2025;10;278;4;638619.0;11341;2778986.0;2025-02-24
MS;2025;11;287;0;638906.0;11341;2778986.0;2025-03-03
MS;2025;12;0;0;638906.0;11341;2778986.0;2025-03-10
MS;2025;13;853;4;639759.0;11345;2778986.0;2025-03-17
MS;2025;14;0;0;639759.0;11345;2778986.0;2025-03-24
MS;2025;15;-586;3;639759.0;11348;2778986.0;2025-03-31
MS;2025;16;107;1;639280.0;11349;2778986.0;2025-04-07
MS;2025;17;29;1;639309.0;11350;2778986.0;2025-04-14
MS;2025;18;0;0;639309.0;11350;2778986.0;2025-04-21
MS;2025;19;1425;0;640734.0;11350;2778986.0;2025-04-28
MS;2025;20;324;1;641058.0;11351;2778986.0;2025-05-05
MS;2025;21;-2;0;641058.0;11351;2778986.0;2025-05-12
MS;2025;22;0;0;641056.0;11351;2778986.0;2025-05-19
MS;2025;23;8;0;641064.0;11351;2778986.0;2025-05-26
MS;2025;24;6;0;641070.0;11351;2778986.0;2025-06-02
MS;2025;25;0;0;641070.0;11351;2778986.0;2025-06-09
MS;2025;26;0;0;641070.0;11351;2778986.0;2025-06-16
MS;2025;27;231;1;641301.0;11352;2778986.0;2025-06-23
MS;2025;28;42;0;641343.0;11352;2778986.0;2025-06-30
MS;2025;29;0;0;641343.0;11352;2778986.0;2025-07-07
MS;2025;30;0;1;641343.0;11353;2778986.0;2025-07-14
MS;2025;31;83;0;641426.0;11353;2778986.0;2025-07-21
MS;2025;32;0;0;641426.0;11353;2778986.0;2025-07-28
MS;2025;33;130;0;641556.0;11353;2778986.0;2025-08-04
MS;2025;34;0;0;641556.0;11353;2778986.0;2025-08-11
MS;2025;35;216;2;641772.0;11355;2778986.0;2025-08-18
MS;2025;36;0;0;641772.0;11355;2778986.0;2025-08-25
MT;2020;9;0;0;0.0;0;3484466.0;2020-02-24
MT;2020;10;0;0;0.0;0;3484466.0;2020-02-24
MT;2020;11;0;0;0.0;0;3484466.0;2020-03-02
MT;2020;12;2;0;2.0;0;3484466.0;2020-03-09
MT;2020;13;11;0;13.0;0;3484466.0;2020-03-16
MT;2020;14;43;1;56.0;1;3484466.0;2020-03-23
MT;2020;15;65;2;121.0;3;3484466.0;2020-03-30
MT;2020;16;50;2;171.0;5;3484466.0;2020-04-06
MT;2020;17;81;4;247.0;9;3484466.0;2020-04-13
MT;2020;18;87;4;331.0;12;3484466.0;2020-04-20
MT;2020;19;176;4;502.0;16;3484466.0;2020-04-27
MT;2020;20;356;12;851.0;27;3484466.0;2020-05-04
MT;2020;21;509;10;1352.0;37;3484466.0;2020-05-11
MT;2020;22;1018;20;2361.0;57;3484466.0;2020-05-18
MT;2020;23;1318;39;3662.0;96;3484466.0;2020-05-25
MT;2020;24;1876;98;5524.0;192;3484466.0;2020-06-01
MT;2020;25;3457;145;8962.0;335;3484466.0;2020-06-08
MT;2020;26;4862;196;13805.0;527;3484466.0;2020-06-15
MT;2020;27;6302;230;20098.0;755;3484466.0;2020-06-22
MT;2020;28;7423;262;27636.0;1029;3484466.0;2020-06-29
MT;2020;29;5071;276;32971.0;1305;3484466.0;2020-07-06
MT;2020;30;10228;261;42935.0;1566;3484466.0;2020-07-13
MT;2020;31;9855;283;52790.0;1849;3484466.0;2020-07-20
MT;2020;32;10036;212;62826.0;2061;3484466.0;2020-07-27
MT;2020;33;9935;258;72761.0;2319;3484466.0;2020-08-03
MT;2020;34;8177;191;80938.0;2510;3484466.0;2020-08-10
MT;2020;35;9024;196;89962.0;2706;3484466.0;2020-08-17
MT;2020;36;8330;188;97636.0;2893;3484466.0;2020-08-24
MT;2020;37;6379;169;104671.0;3063;3484466.0;2020-08-31
MT;2020;38;7571;151;112242.0;3214;3484466.0;2020-09-07
MT;2020;39;7523;130;119765.0;3344;3484466.0;2020-09-14
MT;2020;40;5967;106;125732.0;3450;3484466.0;2020-09-21
MT;2020;41;5443;110;131175.0;3560;3484466.0;2020-09-28
MT;2020;42;3907;98;135082.0;3658;3484466.0;2020-10-05
MT;2020;43;4443;69;139525.0;3727;3484466.0;2020-10-12
MT;2020;44;3377;71;142902.0;3798;3484466.0;2020-10-19
MT;2020;45;3051;60;145953.0;3858;3484466.0;2020-10-26
MT;2020;46;5401;127;151354.0;3985;3484466.0;2020-11-02
MT;2020;47;2688;41;154042.0;4026;3484466.0;2020-11-09
MT;2020;48;3458;45;157500.0;4071;3484466.0;2020-11-16
MT;2020;49;3851;59;161351.0;4130;3484466.0;2020-11-23
MT;2020;50;4520;64;165871.0;4194;3484466.0;2020-11-30
MT;2020;51;5189;67;171060.0;4261;3484466.0;2020-12-07
MT;2020;52;4253;129;175313.0;4390;3484466.0;2020-12-14
MT;2020;53;4114;65;179427.0;4455;3484466.0;2020-12-21
MT;2021;1;8160;120;188098.0;4595;3484466.0;2020-12-28
MT;2021;2;9258;115;197356.0;4710;3484466.0;2021-01-04
MT;2021;3;9242;172;206598.0;4882;3484466.0;2021-01-11
MT;2021;4;8794;154;215392.0;5036;3484466.0;2021-01-18
MT;2021;5;8378;165;223770.0;5201;3484466.0;2021-01-25
MT;2021;6;7705;156;231459.0;5357;3484466.0;2021-02-01
MT;2021;7;8584;167;240059.0;5524;3484466.0;2021-02-08
MT;2021;8;8884;163;248943.0;5687;3484466.0;2021-02-15
MT;2021;9;9986;199;258929.0;5886;3484466.0;2021-02-22
MT;2021;10;11240;333;270169.0;6219;3484466.0;2021-03-01
MT;2021;11;14223;430;284392.0;6649;3484466.0;2021-03-08
MT;2021;12;15310;528;299702.0;7177;3484466.0;2021-03-15
MT;2021;13;12923;608;312625.0;7785;3484466.0;2021-03-22
MT;2021;14;14235;600;326860.0;8385;3484466.0;2021-03-29
MT;2021;15;13360;495;340220.0;8880;3484466.0;2021-04-05
MT;2021;16;10489;428;350709.0;9308;3484466.0;2021-04-12
MT;2021;17;10500;335;361209.0;9643;3484466.0;2021-04-19
MT;2021;18;9456;307;370665.0;9950;3484466.0;2021-04-26
MT;2021;19;8983;263;379648.0;10213;3484466.0;2021-05-03
MT;2021;20;11263;259;390911.0;10472;3484466.0;2021-05-10
MT;2021;21;12025;223;402936.0;10695;3484466.0;2021-05-17
MT;2021;22;10303;262;413239.0;10957;3484466.0;2021-05-24
MT;2021;23;11842;240;425081.0;11197;3484466.0;2021-05-31
MT;2021;24;11064;238;436145.0;11435;3484466.0;2021-06-07
MT;2021;25;9163;258;445308.0;11693;3484466.0;2021-06-14
MT;2021;26;7739;219;453047.0;11912;3484466.0;2021-06-21
MT;2021;27;8240;169;461287.0;12081;3484466.0;2021-06-28
MT;2021;28;9126;150;470413.0;12231;3484466.0;2021-07-05
MT;2021;29;8655;166;479068.0;12397;3484466.0;2021-07-12
MT;2021;30;8281;152;487349.0;12549;3484466.0;2021-07-19
MT;2021;31;7462;195;494811.0;12744;3484466.0;2021-07-26
MT;2021;32;7150;183;501961.0;12927;3484466.0;2021-08-02
MT;2021;33;6688;147;508649.0;13074;3484466.0;2021-08-09
MT;2021;34;5379;116;514028.0;13190;3484466.0;2021-08-16
MT;2021;35;6488;102;520516.0;13292;3484466.0;2021-08-23
MT;2021;36;3425;99;523941.0;13391;3484466.0;2021-08-30
MT;2021;37;3898;74;527839.0;13465;3484466.0;2021-09-06
MT;2021;38;3320;57;531159.0;13522;3484466.0;2021-09-13
MT;2021;39;3356;50;534515.0;13572;3484466.0;2021-09-20
MT;2021;40;2725;32;537240.0;13604;3484466.0;2021-09-27
MT;2021;41;2221;26;539461.0;13630;3484466.0;2021-10-04
MT;2021;42;2156;29;541617.0;13659;3484466.0;2021-10-11
MT;2021;43;1933;22;543550.0;13681;3484466.0;2021-10-18
MT;2021;44;1264;19;544814.0;13700;3484466.0;2021-10-25
MT;2021;45;1774;13;546588.0;13713;3484466.0;2021-11-01
MT;2021;46;1104;16;547692.0;13729;3484466.0;2021-11-08
MT;2021;47;1247;15;548939.0;13744;3484466.0;2021-11-15
MT;2021;48;1074;6;550013.0;13750;3484466.0;2021-11-22
MT;2021;49;1043;11;551056.0;13761;3484466.0;2021-11-29
MT;2021;50;915;15;551971.0;13776;3484466.0;2021-12-06
MT;2021;51;813;8;552784.0;13784;3484466.0;2021-12-13
MT;2021;52;1068;13;553852.0;13797;3484466.0;2021-12-20
MT;2021;53;511;20;179938.0;4475;3484466.0;2020-12-28
MT;2022;1;5132;27;558984.0;13824;3484466.0;2021-12-27
MT;2022;2;12314;42;571298.0;13866;3484466.0;2022-01-03
MT;2022;3;18111;54;589409.0;13920;3484466.0;2022-01-10
MT;2022;4;27286;79;616695.0;13999;3484466.0;2022-01-17
MT;2022;5;27484;129;644179.0;14128;3484466.0;2022-01-24
MT;2022;6;23192;115;667371.0;14243;3484466.0;2022-01-31
MT;2022;7;18273;107;685644.0;14350;3484466.0;2022-02-07
MT;2022;8;13916;85;699560.0;14435;3484466.0;2022-02-14
MT;2022;9;6344;52;705904.0;14487;3484466.0;2022-02-21
MT;2022;10;5401;37;711305.0;14524;3484466.0;2022-02-28
MT;2022;11;3571;37;714876.0;14561;3484466.0;2022-03-07
MT;2022;12;3292;14;718168.0;14575;3484466.0;2022-03-14
MT;2022;13;3137;16;721305.0;14591;3484466.0;2022-03-21
MT;2022;14;1771;8;723076.0;14599;3484466.0;2022-03-28
MT;2022;15;1732;8;724808.0;14607;3484466.0;2022-04-04
MT;2022;16;1041;2;725849.0;14609;3484466.0;2022-04-11
MT;2022;17;1829;6;727678.0;14615;3484466.0;2022-04-18
MT;2022;18;1208;4;728886.0;14619;3484466.0;2022-04-25
MT;2022;19;1239;3;730125.0;14622;3484466.0;2022-05-02
MT;2022;20;1108;3;731233.0;14625;3484466.0;2022-05-09
MT;2022;21;845;5;732078.0;14630;3484466.0;2022-05-16
MT;2022;22;1849;9;733927.0;14639;3484466.0;2022-05-23
MT;2022;23;3109;11;737036.0;14650;3484466.0;2022-05-30
MT;2022;24;3064;12;740100.0;14662;3484466.0;2022-06-06
MT;2022;25;9824;28;749924.0;14690;3484466.0;2022-06-13
MT;2022;26;12071;25;761995.0;14715;3484466.0;2022-06-20
MT;2022;27;14203;39;776198.0;14754;3484466.0;2022-06-27
MT;2022;28;14443;41;790641.0;14795;3484466.0;2022-07-04
MT;2022;29;12162;39;802803.0;14834;3484466.0;2022-07-11
MT;2022;30;8768;29;811571.0;14863;3484466.0;2022-07-18
MT;2022;31;5051;24;816622.0;14887;3484466.0;2022-07-25
MT;2022;32;3666;13;820288.0;14900;3484466.0;2022-08-01
MT;2022;33;2813;15;823101.0;14915;3484466.0;2022-08-08
MT;2022;34;1917;4;825018.0;14919;3484466.0;2022-08-15
MT;2022;35;1841;11;826859.0;14930;3484466.0;2022-08-22
MT;2022;36;1044;5;827903.0;14935;3484466.0;2022-08-29
MT;2022;37;842;5;828745.0;14940;3484466.0;2022-09-05
MT;2022;38;1117;4;829862.0;14944;3484466.0;2022-09-12
MT;2022;39;735;3;830597.0;14947;3484466.0;2022-09-19
MT;2022;40;497;0;831094.0;14947;3484466.0;2022-09-26
MT;2022;41;350;3;831444.0;14950;3484466.0;2022-10-03
MT;2022;42;417;4;831861.0;14954;3484466.0;2022-10-10
MT;2022;43;411;2;832272.0;14956;3484466.0;2022-10-17
MT;2022;44;354;1;832626.0;14957;3484466.0;2022-10-24
MT;2022;45;385;1;833011.0;14958;3484466.0;2022-10-31
MT;2022;46;536;6;833547.0;14964;3484466.0;2022-11-07
MT;2022;47;956;1;834503.0;14965;3484466.0;2022-11-14
MT;2022;48;1173;2;835676.0;14967;3484466.0;2022-11-21
MT;2022;49;0;0;835676.0;14967;3484466.0;2022-11-28
MT;2022;50;10393;23;846069.0;14990;3484466.0;2022-12-05
MT;2022;51;7959;12;854028.0;15002;3484466.0;2022-12-12
MT;2022;52;5213;13;859241.0;15015;3484466.0;2021-12-27
MT;2023;1;6926;18;887528.0;15149;3484466.0;2022-12-26
MT;2023;2;3882;17;870049.0;15050;3484466.0;2023-01-02
MT;2023;3;2553;17;872602.0;15067;3484466.0;2023-01-09
MT;2023;4;2177;9;874779.0;15076;3484466.0;2023-01-16
MT;2023;5;1333;4;876112.0;15080;3484466.0;2023-01-23
MT;2023;6;943;3;877055.0;15083;3484466.0;2023-01-30
MT;2023;7;455;1;877510.0;15084;3484466.0;2023-02-06
MT;2023;8;850;3;878360.0;15087;3484466.0;2023-02-13
MT;2023;9;1055;3;879415.0;15090;3484466.0;2023-02-20
MT;2023;10;0;0;879415.0;15090;3484466.0;2023-02-27
MT;2023;11;0;0;879415.0;15090;3484466.0;2023-03-06
MT;2023;12;1693;4;881108.0;15094;3484466.0;2023-03-13
MT;2023;13;543;1;881651.0;15095;3484466.0;2023-03-20
MT;2023;14;337;3;881988.0;15098;3484466.0;2023-03-27
MT;2023;15;523;2;882511.0;15100;3484466.0;2023-04-03
MT;2023;16;278;3;882789.0;15103;3484466.0;2023-04-10
MT;2023;17;173;4;882962.0;15107;3484466.0;2023-04-17
MT;2023;18;206;1;883168.0;15108;3484466.0;2023-04-24
MT;2023;19;266;2;883434.0;15110;3484466.0;2023-05-01
MT;2023;20;523;1;883957.0;15111;3484466.0;2023-05-08
MT;2023;21;560;2;884517.0;15113;3484466.0;2023-05-15
MT;2023;22;537;3;885054.0;15116;3484466.0;2023-05-22
MT;2023;23;310;3;885364.0;15119;3484466.0;2023-05-29
MT;2023;24;244;0;885608.0;15119;3484466.0;2023-06-05
MT;2023;25;192;4;885800.0;15123;3484466.0;2023-06-12
MT;2023;26;215;3;886015.0;15126;3484466.0;2023-06-19
MT;2023;27;118;2;886133.0;15128;3484466.0;2023-06-26
MT;2023;28;0;0;886133.0;15128;3484466.0;2023-07-03
MT;2023;29;0;0;886133.0;15128;3484466.0;2023-07-10
MT;2023;30;563;10;886696.0;15138;3484466.0;2023-07-17
MT;2023;31;67;1;886763.0;15139;3484466.0;2023-07-24
MT;2023;32;-67;-1;886763.0;15139;3484466.0;2023-07-31
MT;2023;33;0;0;886696.0;15138;3484466.0;2023-08-07
MT;2023;34;476;9;887172.0;15147;3484466.0;2023-08-14
MT;2023;35;0;0;887172.0;15147;3484466.0;2023-08-21
MT;2023;36;122;1;887294.0;15148;3484466.0;2023-08-28
MT;2023;37;80;1;887374.0;15149;3484466.0;2023-09-04
MT;2023;38;47;0;887421.0;15149;3484466.0;2023-09-11
MT;2023;39;62;0;887483.0;15149;3484466.0;2023-09-18
MT;2023;40;45;0;887528.0;15149;3484466.0;2023-09-25
MT;2023;41;0;0;887528.0;15149;3484466.0;2023-10-02
MT;2023;42;0;0;887528.0;15149;3484466.0;2023-10-09
MT;2023;43;0;0;887528.0;15149;3484466.0;2023-10-16
MT;2023;44;0;0;887528.0;15149;3484466.0;2023-10-23
MT;2023;45;0;0;887528.0;15149;3484466.0;2023-10-30
MT;2023;46;0;0;887528.0;15149;3484466.0;2023-11-06
MT;2023;47;0;0;887528.0;15149;3484466.0;2023-11-13
MT;2023;48;0;0;887528.0;15149;3484466.0;2023-11-20
MT;2023;49;0;0;887528.0;15149;3484466.0;2023-11-27
MT;2023;50;0;0;887528.0;15149;3484466.0;2023-12-04
MT;2023;51;0;0;887528.0;15149;3484466.0;2023-12-11
MT;2023;52;0;0;887528.0;15149;3484466.0;2023-12-18
MT;2024;1;0;0;921951.0;15256;3484466.0;2024-01-01
MT;2024;2;0;0;887528.0;15149;3484466.0;2024-01-01
MT;2024;3;4805;17;892333.0;15166;3484466.0;2024-01-08
MT;2024;4;2088;4;894421.0;15170;3484466.0;2024-01-15
MT;2024;5;2799;10;897220.0;15180;3484466.0;2024-01-22
MT;2024;6;5817;12;903037.0;15192;3484466.0;2024-01-29
MT;2024;7;3020;10;906057.0;15202;3484466.0;2024-02-05
MT;2024;8;0;0;906057.0;15202;3484466.0;2024-02-12
MT;2024;9;6259;10;912316.0;15212;3484466.0;2024-02-19
MT;2024;10;2212;4;914528.0;15216;3484466.0;2024-02-26
MT;2024;11;1082;2;915610.0;15218;3484466.0;2024-03-04
MT;2024;12;1365;2;916975.0;15220;3484466.0;2024-03-11
MT;2024;13;488;1;917463.0;15221;3484466.0;2024-03-18
MT;2024;14;0;0;917463.0;15221;3484466.0;2024-03-25
MT;2024;15;708;4;918171.0;15225;3484466.0;2024-04-01
MT;2024;16;403;1;918574.0;15226;3484466.0;2024-04-08
MT;2024;17;106;1;918680.0;15227;3484466.0;2024-04-15
MT;2024;18;0;0;918680.0;15227;3484466.0;2024-04-22
MT;2024;19;0;0;918680.0;15227;3484466.0;2024-04-29
MT;2024;20;166;2;918846.0;15229;3484466.0;2024-05-06
MT;2024;21;20;0;918866.0;15229;3484466.0;2024-05-13
MT;2024;22;0;0;918866.0;15229;3484466.0;2024-05-20
MT;2024;23;34;1;918900.0;15230;3484466.0;2024-05-27
MT;2024;24;36;1;918936.0;15231;3484466.0;2024-06-03
MT;2024;25;4;0;918940.0;15231;3484466.0;2024-06-10
MT;2024;26;0;0;918940.0;15231;3484466.0;2024-06-17
MT;2024;27;0;0;918940.0;15231;3484466.0;2024-06-24
MT;2024;28;0;0;918940.0;15231;3484466.0;2024-07-01
MT;2024;29;0;0;918940.0;15231;3484466.0;2024-07-08
MT;2024;30;106;1;919046.0;15232;3484466.0;2024-07-15
MT;2024;31;0;0;919046.0;15232;3484466.0;2024-07-22
MT;2024;32;0;0;919046.0;15232;3484466.0;2024-07-29
MT;2024;33;0;0;919046.0;15232;3484466.0;2024-08-05
MT;2024;34;490;3;919536.0;15235;3484466.0;2024-08-12
MT;2024;35;570;6;920106.0;15241;3484466.0;2024-08-19
MT;2024;36;0;0;920106.0;15241;3484466.0;2024-08-26
MT;2024;37;0;0;920106.0;15241;3484466.0;2024-09-02
MT;2024;38;0;0;920106.0;15241;3484466.0;2024-09-09
MT;2024;39;0;0;920106.0;15241;3484466.0;2024-09-16
MT;2024;40;0;0;920106.0;15241;3484466.0;2024-09-23
MT;2024;41;0;0;920106.0;15241;3484466.0;2024-09-30
MT;2024;42;0;0;920106.0;15241;3484466.0;2024-10-07
MT;2024;43;1254;12;921360.0;15253;3484466.0;2024-10-14
MT;2024;44;87;0;921447.0;15253;3484466.0;2024-10-21
MT;2024;45;106;1;921553.0;15254;3484466.0;2024-10-28
MT;2024;46;39;0;921592.0;15254;3484466.0;2024-11-04
MT;2024;47;76;0;921668.0;15254;3484466.0;2024-11-11
MT;2024;48;29;0;921697.0;15254;3484466.0;2024-11-18
MT;2024;49;53;1;921750.0;15255;3484466.0;2024-11-25
MT;2024;50;68;0;921818.0;15255;3484466.0;2024-12-02
MT;2024;51;133;1;921951.0;15256;3484466.0;2024-12-09
MT;2024;52;0;0;921951.0;15256;3484466.0;2024-12-16
MT;2025;1;276;1;922227.0;15257;3484466.0;2024-12-30
MT;2025;2;518;2;922745.0;15259;3484466.0;2024-12-30
MT;2025;3;889;0;923634.0;15259;3484466.0;2025-01-06
MT;2025;4;1191;2;924825.0;15261;3484466.0;2025-01-13
MT;2025;5;1390;2;926215.0;15263;3484466.0;2025-01-20
MT;2025;6;1625;5;927840.0;15268;3484466.0;2025-01-27
MT;2025;7;1452;1;929292.0;15269;3484466.0;2025-02-03
MT;2025;8;1762;3;931054.0;15272;3484466.0;2025-02-10
MT;2025;9;869;-1;931923.0;15272;3484466.0;2025-02-17
MT;2025;10;513;3;932436.0;15274;3484466.0;2025-02-24
MT;2025;11;401;0;932837.0;15274;3484466.0;2025-03-03
MT;2025;12;138;1;932975.0;15275;3484466.0;2025-03-10
MT;2025;13;123;1;933098.0;15276;3484466.0;2025-03-17
MT;2025;14;92;1;933190.0;15277;3484466.0;2025-03-24
MT;2025;15;64;0;933254.0;15277;3484466.0;2025-03-31
MT;2025;16;88;1;933342.0;15278;3484466.0;2025-04-07
MT;2025;17;39;0;933381.0;15278;3484466.0;2025-04-14
MT;2025;18;56;0;933437.0;15278;3484466.0;2025-04-21
MT;2025;19;23;0;933460.0;15278;3484466.0;2025-04-28
MT;2025;20;36;0;933496.0;15278;3484466.0;2025-05-05
MT;2025;21;-43;0;933496.0;15278;3484466.0;2025-05-12
MT;2025;22;27;0;933480.0;15278;3484466.0;2025-05-19
MT;2025;23;53;1;933533.0;15279;3484466.0;2025-05-26
MT;2025;24;40;0;933573.0;15279;3484466.0;2025-06-02
MT;2025;25;39;0;933612.0;15279;3484466.0;2025-06-09
MT;2025;26;2;0;933614.0;15279;3484466.0;2025-06-16
MT;2025;27;9;0;933623.0;15279;3484466.0;2025-06-23
MT;2025;28;11;0;933634.0;15279;3484466.0;2025-06-30
MT;2025;29;5;0;933639.0;15279;3484466.0;2025-07-07
MT;2025;30;17;1;933656.0;15280;3484466.0;2025-07-14
MT;2025;31;19;0;933675.0;15280;3484466.0;2025-07-21
MT;2025;32;22;0;933697.0;15280;3484466.0;2025-07-28
MT;2025;33;22;0;933719.0;15280;3484466.0;2025-08-04
MT;2025;34;55;1;933774.0;15281;3484466.0;2025-08-11
MT;2025;35;58;0;933832.0;15281;3484466.0;2025-08-18
MT;2025;36;0;0;933832.0;15281;3484466.0;2025-08-25
PA;2020;9;0;0;0.0;0;8602865.0;2020-02-24
PA;2020;10;0;0;0.0;0;8602865.0;2020-02-24
PA;2020;11;0;0;0.0;0;8602865.0;2020-03-02
PA;2020;12;2;0;2.0;0;8602865.0;2020-03-09
PA;2020;13;15;0;17.0;0;8602865.0;2020-03-16
PA;2020;14;63;1;80.0;1;8602865.0;2020-03-23
PA;2020;15;137;9;217.0;10;8602865.0;2020-03-30
PA;2020;16;423;23;640.0;33;8602865.0;2020-04-06
PA;2020;17;939;53;1579.0;86;8602865.0;2020-04-13
PA;2020;18;1881;187;3460.0;273;8602865.0;2020-04-20
PA;2020;19;3315;305;6775.0;578;8602865.0;2020-04-27
PA;2020;20;6409;621;13184.0;1199;8602865.0;2020-05-04
PA;2020;21;9513;802;22697.0;2001;8602865.0;2020-05-11
PA;2020;22;14599;899;37296.0;2900;8602865.0;2020-05-18
PA;2020;23;15880;712;53176.0;3612;8602865.0;2020-05-25
PA;2020;24;15334;565;68510.0;4177;8602865.0;2020-06-01
PA;2020;25;14371;342;82881.0;4519;8602865.0;2020-06-08
PA;2020;26;16432;315;99313.0;4834;8602865.0;2020-06-15
PA;2020;27;13218;235;112531.0;5069;8602865.0;2020-06-22
PA;2020;28;12403;205;124934.0;5274;8602865.0;2020-06-29
PA;2020;29;12013;204;136947.0;5478;8602865.0;2020-07-06
PA;2020;30;10976;211;147923.0;5689;8602865.0;2020-07-13
PA;2020;31;8130;61;156053.0;5750;8602865.0;2020-07-20
PA;2020;32;11046;121;167099.0;5871;8602865.0;2020-07-27
PA;2020;33;9911;61;177010.0;5932;8602865.0;2020-08-03
PA;2020;34;11634;115;188644.0;6047;8602865.0;2020-08-10
PA;2020;35;9602;62;198246.0;6109;8602865.0;2020-08-17
PA;2020;36;8618;131;206864.0;6240;8602865.0;2020-08-24
PA;2020;37;6791;67;213655.0;6307;8602865.0;2020-08-31
PA;2020;38;6550;144;220205.0;6451;8602865.0;2020-09-07
PA;2020;39;6621;83;226826.0;6534;8602865.0;2020-09-14
PA;2020;40;6976;59;233802.0;6593;8602865.0;2020-09-21
PA;2020;41;4123;52;237925.0;6645;8602865.0;2020-09-28
PA;2020;42;3041;31;240966.0;6676;8602865.0;2020-10-05
PA;2020;43;5639;41;246605.0;6717;8602865.0;2020-10-12
PA;2020;44;6314;26;252919.0;6743;8602865.0;2020-10-19
PA;2020;45;3979;41;256898.0;6784;8602865.0;2020-10-26
PA;2020;46;4636;33;261534.0;6817;8602865.0;2020-11-02
PA;2020;47;4028;44;265562.0;6861;8602865.0;2020-11-09
PA;2020;48;4308;40;269870.0;6901;8602865.0;2020-11-16
PA;2020;49;4675;43;274545.0;6944;8602865.0;2020-11-23
PA;2020;50;5055;45;279600.0;6989;8602865.0;2020-11-30
PA;2020;51;6032;62;285632.0;7051;8602865.0;2020-12-07
PA;2020;52;4163;73;289795.0;7124;8602865.0;2020-12-14
PA;2020;53;3745;64;293540.0;7188;8602865.0;2020-12-21
PA;2021;1;6647;83;300454.0;7292;8602865.0;2020-12-28
PA;2021;2;8482;96;308936.0;7388;8602865.0;2021-01-04
PA;2021;3;8940;99;317876.0;7487;8602865.0;2021-01-11
PA;2021;4;10924;131;328800.0;7618;8602865.0;2021-01-18
PA;2021;5;9247;144;338047.0;7762;8602865.0;2021-01-25
PA;2021;6;9453;222;347500.0;7984;8602865.0;2021-02-01
PA;2021;7;7087;282;354587.0;8266;8602865.0;2021-02-08
PA;2021;8;9329;311;363916.0;8577;8602865.0;2021-02-15
PA;2021;9;8572;298;372488.0;8875;8602865.0;2021-02-22
PA;2021;10;9724;415;382212.0;9290;8602865.0;2021-03-01
PA;2021;11;14090;452;396302.0;9742;8602865.0;2021-03-08
PA;2021;12;15061;450;411363.0;10192;8602865.0;2021-03-15
PA;2021;13;11079;501;422442.0;10693;8602865.0;2021-03-22
PA;2021;14;14650;450;437092.0;11143;8602865.0;2021-03-29
PA;2021;15;13185;608;450277.0;11751;8602865.0;2021-04-05
PA;2021;16;12017;691;462294.0;12442;8602865.0;2021-04-12
PA;2021;17;10692;641;472986.0;13083;8602865.0;2021-04-19
PA;2021;18;10637;428;483623.0;13511;8602865.0;2021-04-26
PA;2021;19;13301;375;496924.0;13886;8602865.0;2021-05-03
PA;2021;20;11350;326;508274.0;14212;8602865.0;2021-05-10
PA;2021;21;8003;266;516277.0;14478;8602865.0;2021-05-17
PA;2021;22;6786;201;523063.0;14679;8602865.0;2021-05-24
PA;2021;23;10433;267;533496.0;14946;8602865.0;2021-05-31
PA;2021;24;8337;237;541833.0;15183;8602865.0;2021-06-07
PA;2021;25;7518;206;549351.0;15389;8602865.0;2021-06-14
PA;2021;26;7286;187;556637.0;15576;8602865.0;2021-06-21
PA;2021;27;5161;125;561798.0;15701;8602865.0;2021-06-28
PA;2021;28;4208;114;566006.0;15815;8602865.0;2021-07-05
PA;2021;29;3240;143;569246.0;15958;8602865.0;2021-07-12
PA;2021;30;3210;90;572456.0;16048;8602865.0;2021-07-19
PA;2021;31;3100;108;575556.0;16156;8602865.0;2021-07-26
PA;2021;32;2300;89;577856.0;16245;8602865.0;2021-08-02
PA;2021;33;2730;106;580586.0;16351;8602865.0;2021-08-09
PA;2021;34;2616;92;583202.0;16443;8602865.0;2021-08-16
PA;2021;35;2104;60;585306.0;16503;8602865.0;2021-08-23
PA;2021;36;1071;23;586377.0;16526;8602865.0;2021-08-30
PA;2021;37;1545;52;587922.0;16578;8602865.0;2021-09-06
PA;2021;38;2040;57;589962.0;16635;8602865.0;2021-09-13
PA;2021;39;1862;29;591824.0;16664;8602865.0;2021-09-20
PA;2021;40;1736;24;593560.0;16688;8602865.0;2021-09-27
PA;2021;41;1570;18;595130.0;16706;8602865.0;2021-10-04
PA;2021;42;1847;24;596977.0;16730;8602865.0;2021-10-11
PA;2021;43;1424;13;598401.0;16743;8602865.0;2021-10-18
PA;2021;44;1601;14;600002.0;16757;8602865.0;2021-10-25
PA;2021;45;1993;41;601995.0;16798;8602865.0;2021-11-01
PA;2021;46;2222;50;604217.0;16848;8602865.0;2021-11-08
PA;2021;47;3613;36;607830.0;16884;8602865.0;2021-11-15
PA;2021;48;3697;55;611527.0;16939;8602865.0;2021-11-22
PA;2021;49;4046;34;615573.0;16973;8602865.0;2021-11-29
PA;2021;50;4550;61;620123.0;17034;8602865.0;2021-12-06
PA;2021;51;3299;26;623422.0;17060;8602865.0;2021-12-13
PA;2021;52;2041;29;625463.0;17089;8602865.0;2021-12-20
PA;2021;53;267;21;293807.0;7209;8602865.0;2020-12-28
PA;2022;1;3295;70;628813.0;17161;8602865.0;2021-12-27
PA;2022;2;4176;72;632989.0;17233;8602865.0;2022-01-03
PA;2022;3;4769;47;637758.0;17280;8602865.0;2022-01-10
PA;2022;4;9321;55;647079.0;17335;8602865.0;2022-01-17
PA;2022;5;14521;79;661600.0;17414;8602865.0;2022-01-24
PA;2022;6;19943;120;681543.0;17534;8602865.0;2022-01-31
PA;2022;7;18689;124;700232.0;17658;8602865.0;2022-02-07
PA;2022;8;16269;124;716501.0;17782;8602865.0;2022-02-14
PA;2022;9;7720;109;724221.0;17891;8602865.0;2022-02-21
PA;2022;10;10220;78;734441.0;17969;8602865.0;2022-02-28
PA;2022;11;8713;58;743154.0;18027;8602865.0;2022-03-07
PA;2022;12;7464;48;750618.0;18075;8602865.0;2022-03-14
PA;2022;13;5204;37;755822.0;18112;8602865.0;2022-03-21
PA;2022;14;2915;41;758737.0;18153;8602865.0;2022-03-28
PA;2022;15;1954;35;760691.0;18188;8602865.0;2022-04-04
PA;2022;16;2192;39;762883.0;18227;8602865.0;2022-04-11
PA;2022;17;2723;40;765606.0;18267;8602865.0;2022-04-18
PA;2022;18;3174;32;768780.0;18299;8602865.0;2022-04-25
PA;2022;19;2056;15;770836.0;18314;8602865.0;2022-05-02
PA;2022;20;2141;27;772977.0;18341;8602865.0;2022-05-09
PA;2022;21;1500;28;774477.0;18369;8602865.0;2022-05-16
PA;2022;22;1070;17;775547.0;18386;8602865.0;2022-05-23
PA;2022;23;1578;27;777125.0;18413;8602865.0;2022-05-30
PA;2022;24;1453;20;778578.0;18433;8602865.0;2022-06-06
PA;2022;25;1836;18;780414.0;18451;8602865.0;2022-06-13
PA;2022;26;3300;17;783714.0;18468;8602865.0;2022-06-20
PA;2022;27;3837;10;787551.0;18478;8602865.0;2022-06-27
PA;2022;28;6850;13;794401.0;18491;8602865.0;2022-07-04
PA;2022;29;8491;20;802892.0;18511;8602865.0;2022-07-11
PA;2022;30;7977;31;810869.0;18542;8602865.0;2022-07-18
PA;2022;31;6503;23;817372.0;18565;8602865.0;2022-07-25
PA;2022;32;5757;22;823129.0;18587;8602865.0;2022-08-01
PA;2022;33;3754;25;826883.0;18612;8602865.0;2022-08-08
PA;2022;34;3326;102;830209.0;18714;8602865.0;2022-08-15
PA;2022;35;2862;58;833071.0;18772;8602865.0;2022-08-22
PA;2022;36;2155;41;835226.0;18813;8602865.0;2022-08-29
PA;2022;37;1952;12;837178.0;18825;8602865.0;2022-09-05
PA;2022;38;1857;14;839035.0;18839;8602865.0;2022-09-12
PA;2022;39;1224;15;840259.0;18854;8602865.0;2022-09-19
PA;2022;40;1036;14;841295.0;18868;8602865.0;2022-09-26
PA;2022;41;1034;6;842329.0;18874;8602865.0;2022-10-03
PA;2022;42;1430;7;843759.0;18881;8602865.0;2022-10-10
PA;2022;43;1169;4;844928.0;18885;8602865.0;2022-10-17
PA;2022;44;765;3;845693.0;18888;8602865.0;2022-10-24
PA;2022;45;1548;8;847241.0;18896;8602865.0;2022-10-31
PA;2022;46;1162;7;848403.0;18903;8602865.0;2022-11-07
PA;2022;47;2645;10;851048.0;18913;8602865.0;2022-11-14
PA;2022;48;2100;14;853148.0;18927;8602865.0;2022-11-21
PA;2022;49;2595;9;855743.0;18936;8602865.0;2022-11-28
PA;2022;50;3005;5;858748.0;18941;8602865.0;2022-12-05
PA;2022;51;1470;4;860218.0;18945;8602865.0;2022-12-12
PA;2022;52;878;10;861041.0;18953;8602865.0;2021-12-27
PA;2023;1;1105;33;886310.0;19166;8602865.0;2022-12-26
PA;2023;2;973;2;863119.0;18991;8602865.0;2023-01-02
PA;2023;3;1433;11;864552.0;18999;8602865.0;2023-01-09
PA;2023;4;1109;3;865661.0;19002;8602865.0;2023-01-16
PA;2023;5;1333;2;866994.0;19004;8602865.0;2023-01-23
PA;2023;6;1126;3;868120.0;19007;8602865.0;2023-01-30
PA;2023;7;1192;2;869312.0;19009;8602865.0;2023-02-06
PA;2023;8;771;4;870083.0;19013;8602865.0;2023-02-13
PA;2023;9;1985;12;872068.0;19025;8602865.0;2023-02-20
PA;2023;10;1406;6;873474.0;19031;8602865.0;2023-02-27
PA;2023;11;991;12;874465.0;19043;8602865.0;2023-03-06
PA;2023;12;1009;9;875474.0;19052;8602865.0;2023-03-13
PA;2023;13;1052;4;876526.0;19056;8602865.0;2023-03-20
PA;2023;14;507;7;877033.0;19063;8602865.0;2023-03-27
PA;2023;15;656;8;877689.0;19071;8602865.0;2023-04-03
PA;2023;16;464;8;878153.0;19079;8602865.0;2023-04-10
PA;2023;17;388;6;878541.0;19085;8602865.0;2023-04-17
PA;2023;18;387;19;878928.0;19104;8602865.0;2023-04-24
PA;2023;19;496;2;879424.0;19106;8602865.0;2023-05-01
PA;2023;20;681;7;880105.0;19113;8602865.0;2023-05-08
PA;2023;21;509;1;880614.0;19114;8602865.0;2023-05-15
PA;2023;22;711;5;881325.0;19119;8602865.0;2023-05-22
PA;2023;23;455;5;881780.0;19124;8602865.0;2023-05-29
PA;2023;24;473;5;882253.0;19129;8602865.0;2023-06-05
PA;2023;25;459;1;882712.0;19130;8602865.0;2023-06-12
PA;2023;26;419;3;883131.0;19133;8602865.0;2023-06-19
PA;2023;27;437;3;883568.0;19136;8602865.0;2023-06-26
PA;2023;28;141;4;883709.0;19140;8602865.0;2023-07-03
PA;2023;29;157;1;883866.0;19141;8602865.0;2023-07-10
PA;2023;30;137;4;884003.0;19145;8602865.0;2023-07-17
PA;2023;31;178;1;884181.0;19146;8602865.0;2023-07-24
PA;2023;32;135;0;884316.0;19146;8602865.0;2023-07-31
PA;2023;33;60;1;884376.0;19147;8602865.0;2023-08-07
PA;2023;34;141;5;884517.0;19152;8602865.0;2023-08-14
PA;2023;35;164;3;884681.0;19155;8602865.0;2023-08-21
PA;2023;36;88;0;884769.0;19155;8602865.0;2023-08-28
PA;2023;37;125;0;884894.0;19155;8602865.0;2023-09-04
PA;2023;38;103;0;884997.0;19155;8602865.0;2023-09-11
PA;2023;39;107;3;885104.0;19158;8602865.0;2023-09-18
PA;2023;40;140;2;885244.0;19160;8602865.0;2023-09-25
PA;2023;41;9;0;885253.0;19160;8602865.0;2023-10-02
PA;2023;42;84;0;885337.0;19160;8602865.0;2023-10-09
PA;2023;43;111;1;885448.0;19161;8602865.0;2023-10-16
PA;2023;44;38;0;885486.0;19161;8602865.0;2023-10-23
PA;2023;45;112;0;885598.0;19161;8602865.0;2023-10-30
PA;2023;46;69;0;885667.0;19161;8602865.0;2023-11-06
PA;2023;47;82;0;885749.0;19161;8602865.0;2023-11-13
PA;2023;48;56;0;885805.0;19161;8602865.0;2023-11-20
PA;2023;49;66;2;885871.0;19163;8602865.0;2023-11-27
PA;2023;50;127;2;885998.0;19165;8602865.0;2023-12-04
PA;2023;51;0;0;885998.0;19165;8602865.0;2023-12-11
PA;2023;52;312;1;886310.0;19166;8602865.0;2023-12-18
PA;2024;1;511;23;901444.0;19296;8602865.0;2024-01-01
PA;2024;2;1177;3;887998.0;19192;8602865.0;2024-01-01
PA;2024;3;2200;9;890198.0;19201;8602865.0;2024-01-08
PA;2024;4;3390;13;893588.0;19214;8602865.0;2024-01-15
PA;2024;5;1302;8;894890.0;19222;8602865.0;2024-01-22
PA;2024;6;1210;7;896100.0;19229;8602865.0;2024-01-29
PA;2024;7;588;0;896688.0;19229;8602865.0;2024-02-05
PA;2024;8;733;3;897421.0;19232;8602865.0;2024-02-12
PA;2024;9;447;8;897868.0;19240;8602865.0;2024-02-19
PA;2024;10;459;4;898327.0;19244;8602865.0;2024-02-26
PA;2024;11;184;0;898511.0;19244;8602865.0;2024-03-04
PA;2024;12;124;9;898635.0;19253;8602865.0;2024-03-11
PA;2024;13;140;2;898775.0;19255;8602865.0;2024-03-18
PA;2024;14;121;1;898896.0;19256;8602865.0;2024-03-25
PA;2024;15;70;0;898966.0;19256;8602865.0;2024-04-01
PA;2024;16;57;1;899023.0;19257;8602865.0;2024-04-08
PA;2024;17;80;2;899103.0;19259;8602865.0;2024-04-15
PA;2024;18;26;0;899129.0;19259;8602865.0;2024-04-22
PA;2024;19;29;0;899158.0;19259;8602865.0;2024-04-29
PA;2024;20;152;2;899310.0;19261;8602865.0;2024-05-06
PA;2024;21;0;0;899310.0;19261;8602865.0;2024-05-13
PA;2024;22;199;5;899509.0;19266;8602865.0;2024-05-20
PA;2024;23;97;0;899606.0;19266;8602865.0;2024-05-27
PA;2024;24;168;3;899774.0;19269;8602865.0;2024-06-03
PA;2024;25;237;0;900011.0;19269;8602865.0;2024-06-10
PA;2024;26;104;0;900115.0;19269;8602865.0;2024-06-17
PA;2024;27;74;0;900189.0;19269;8602865.0;2024-06-24
PA;2024;28;65;2;900254.0;19271;8602865.0;2024-07-01
PA;2024;29;57;0;900311.0;19271;8602865.0;2024-07-08
PA;2024;30;68;0;900379.0;19271;8602865.0;2024-07-15
PA;2024;31;87;3;900466.0;19274;8602865.0;2024-07-22
PA;2024;32;0;0;900466.0;19274;8602865.0;2024-07-29
PA;2024;33;162;13;900628.0;19287;8602865.0;2024-08-05
PA;2024;34;37;2;900665.0;19289;8602865.0;2024-08-12
PA;2024;35;0;0;900665.0;19289;8602865.0;2024-08-19
PA;2024;36;76;0;900741.0;19289;8602865.0;2024-08-26
PA;2024;37;0;0;900741.0;19289;8602865.0;2024-09-02
PA;2024;38;209;0;900950.0;19289;8602865.0;2024-09-09
PA;2024;39;95;2;901045.0;19291;8602865.0;2024-09-16
PA;2024;40;13;0;901058.0;19291;8602865.0;2024-09-23
PA;2024;41;-13;0;901058.0;19291;8602865.0;2024-09-30
PA;2024;42;0;0;901045.0;19291;8602865.0;2024-10-07
PA;2024;43;0;0;901045.0;19291;8602865.0;2024-10-14
PA;2024;44;0;0;901045.0;19291;8602865.0;2024-10-21
PA;2024;45;0;0;901045.0;19291;8602865.0;2024-10-28
PA;2024;46;257;1;901302.0;19292;8602865.0;2024-11-04
PA;2024;47;13;4;901315.0;19296;8602865.0;2024-11-11
PA;2024;48;34;0;901349.0;19296;8602865.0;2024-11-18
PA;2024;49;20;0;901369.0;19296;8602865.0;2024-11-25
PA;2024;50;0;0;901369.0;19296;8602865.0;2024-12-02
PA;2024;51;75;0;901444.0;19296;8602865.0;2024-12-09
PA;2024;52;0;0;901444.0;19296;8602865.0;2024-12-16
PA;2025;1;112;1;901556.0;19297;8602865.0;2024-12-30
PA;2025;2;137;1;901693.0;19298;8602865.0;2024-12-30
PA;2025;3;505;12;902198.0;19310;8602865.0;2025-01-06
PA;2025;4;0;0;902198.0;19310;8602865.0;2025-01-13
PA;2025;5;1557;16;903755.0;19326;8602865.0;2025-01-20
PA;2025;6;679;2;904434.0;19328;8602865.0;2025-01-27
PA;2025;7;882;1;905316.0;19329;8602865.0;2025-02-03
PA;2025;8;497;1;905813.0;19330;8602865.0;2025-02-10
PA;2025;9;295;1;906108.0;19331;8602865.0;2025-02-17
PA;2025;10;155;2;906263.0;19333;8602865.0;2025-02-24
PA;2025;11;347;1;906610.0;19334;8602865.0;2025-03-03
PA;2025;12;206;5;906816.0;19339;8602865.0;2025-03-10
PA;2025;13;83;1;906899.0;19340;8602865.0;2025-03-17
PA;2025;14;47;0;906946.0;19340;8602865.0;2025-03-24
PA;2025;15;0;0;906946.0;19340;8602865.0;2025-03-31
PA;2025;16;0;0;906946.0;19340;8602865.0;2025-04-07
PA;2025;17;114;0;907060.0;19340;8602865.0;2025-04-14
PA;2025;18;8;0;907068.0;19340;8602865.0;2025-04-21
PA;2025;19;7;1;907075.0;19341;8602865.0;2025-04-28
PA;2025;20;0;0;907075.0;19341;8602865.0;2025-05-05
PA;2025;21;0;0;907075.0;19341;8602865.0;2025-05-12
PA;2025;22;0;0;907075.0;19341;8602865.0;2025-05-19
PA;2025;23;87;2;907162.0;19343;8602865.0;2025-05-26
PA;2025;24;0;0;907162.0;19343;8602865.0;2025-06-02
PA;2025;25;71;0;907233.0;19343;8602865.0;2025-06-09
PA;2025;26;0;0;907233.0;19343;8602865.0;2025-06-16
PA;2025;27;0;0;907233.0;19343;8602865.0;2025-06-23
PA;2025;28;199;0;907432.0;19343;8602865.0;2025-06-30
PA;2025;29;0;0;907432.0;19343;8602865.0;2025-07-07
PA;2025;30;43;0;907475.0;19343;8602865.0;2025-07-14
PA;2025;31;41;0;907516.0;19343;8602865.0;2025-07-21
PA;2025;32;0;0;907516.0;19343;8602865.0;2025-07-28
PA;2025;33;0;0;907516.0;19343;8602865.0;2025-08-04
PA;2025;34;0;0;907516.0;19343;8602865.0;2025-08-11
PA;2025;35;0;0;907516.0;19343;8602865.0;2025-08-18
PA;2025;36;0;0;907516.0;19343;8602865.0;2025-08-25
PB;2020;9;0;0;0.0;0;4018127.0;2020-02-24
PB;2020;10;0;0;0.0;0;4018127.0;2020-02-24
PB;2020;11;0;0;0.0;0;4018127.0;2020-03-02
PB;2020;12;1;0;1.0;0;4018127.0;2020-03-09
PB;2020;13;13;0;14.0;0;4018127.0;2020-03-16
PB;2020;14;18;2;32.0;2;4018127.0;2020-03-23
PB;2020;15;53;9;85.0;11;4018127.0;2020-03-30
PB;2020;16;120;15;205.0;26;4018127.0;2020-04-06
PB;2020;17;242;20;447.0;46;4018127.0;2020-04-13
PB;2020;18;587;28;1034.0;74;4018127.0;2020-04-20
PB;2020;19;1123;50;2156.0;124;4018127.0;2020-04-27
PB;2020;20;1906;59;4063.0;183;4018127.0;2020-05-04
PB;2020;21;3445;75;7508.0;258;4018127.0;2020-05-11
PB;2020;22;5354;89;12862.0;347;4018127.0;2020-05-18
PB;2020;23;6925;120;19787.0;467;4018127.0;2020-05-25
PB;2020;24;7667;156;27454.0;623;4018127.0;2020-06-01
PB;2020;25;9067;120;36521.0;743;4018127.0;2020-06-08
PB;2020;26;7721;153;44242.0;896;4018127.0;2020-06-15
PB;2020;27;8064;186;52306.0;1082;4018127.0;2020-06-22
PB;2020;28;8115;168;60421.0;1250;4018127.0;2020-06-29
PB;2020;29;6550;227;66971.0;1477;4018127.0;2020-07-06
PB;2020;30;8752;198;75723.0;1675;4018127.0;2020-07-13
PB;2020;31;7738;158;83461.0;1833;4018127.0;2020-07-20
PB;2020;32;6432;150;89893.0;1983;4018127.0;2020-07-27
PB;2020;33;5695;155;95588.0;2138;4018127.0;2020-08-03
PB;2020;34;5382;150;100970.0;2288;4018127.0;2020-08-10
PB;2020;35;4561;132;105531.0;2420;4018127.0;2020-08-17
PB;2020;36;3999;109;109530.0;2529;4018127.0;2020-08-24
PB;2020;37;3176;87;112706.0;2616;4018127.0;2020-08-31
PB;2020;38;3882;79;116588.0;2695;4018127.0;2020-09-07
PB;2020;39;3143;93;119731.0;2788;4018127.0;2020-09-14
PB;2020;40;2950;58;122681.0;2846;4018127.0;2020-09-21
PB;2020;41;3032;68;125713.0;2914;4018127.0;2020-09-28
PB;2020;42;2703;71;128416.0;2985;4018127.0;2020-10-05
PB;2020;43;2242;62;130658.0;3047;4018127.0;2020-10-12
PB;2020;44;2491;54;133149.0;3101;4018127.0;2020-10-19
PB;2020;45;2176;49;135325.0;3150;4018127.0;2020-10-26
PB;2020;46;3139;49;138464.0;3199;4018127.0;2020-11-02
PB;2020;47;3801;45;142265.0;3244;4018127.0;2020-11-09
PB;2020;48;2845;44;145110.0;3288;4018127.0;2020-11-16
PB;2020;49;3602;57;148712.0;3345;4018127.0;2020-11-23
PB;2020;50;4844;85;153556.0;3430;4018127.0;2020-11-30
PB;2020;51;5553;99;159109.0;3529;4018127.0;2020-12-07
PB;2020;52;3998;75;163107.0;3604;4018127.0;2020-12-14
PB;2020;53;3377;68;166484.0;3672;4018127.0;2020-12-21
PB;2021;1;4646;108;172261.0;3800;4018127.0;2020-12-28
PB;2021;2;4574;80;176835.0;3880;4018127.0;2021-01-04
PB;2021;3;6072;88;182907.0;3968;4018127.0;2021-01-11
PB;2021;4;7573;80;190480.0;4048;4018127.0;2021-01-18
PB;2021;5;6980;87;197460.0;4135;4018127.0;2021-01-25
PB;2021;6;6483;95;203943.0;4230;4018127.0;2021-02-01
PB;2021;7;7339;114;211282.0;4344;4018127.0;2021-02-08
PB;2021;8;8441;127;219723.0;4471;4018127.0;2021-02-15
PB;2021;9;8253;185;227976.0;4656;4018127.0;2021-02-22
PB;2021;10;9337;240;237313.0;4896;4018127.0;2021-03-01
PB;2021;11;8251;316;245564.0;5212;4018127.0;2021-03-08
PB;2021;12;8735;297;254299.0;5509;4018127.0;2021-03-15
PB;2021;13;8201;357;262500.0;5866;4018127.0;2021-03-22
PB;2021;14;8431;291;270931.0;6157;4018127.0;2021-03-29
PB;2021;15;8239;257;279170.0;6414;4018127.0;2021-04-05
PB;2021;16;7168;215;286338.0;6629;4018127.0;2021-04-12
PB;2021;17;7379;190;293717.0;6819;4018127.0;2021-04-19
PB;2021;18;7268;199;300985.0;7018;4018127.0;2021-04-26
PB;2021;19;7648;183;308633.0;7201;4018127.0;2021-05-03
PB;2021;20;7015;201;315648.0;7402;4018127.0;2021-05-10
PB;2021;21;13123;215;328771.0;7617;4018127.0;2021-05-17
PB;2021;22;13421;203;342192.0;7820;4018127.0;2021-05-24
PB;2021;23;14634;275;356826.0;8095;4018127.0;2021-05-31
PB;2021;24;16946;253;373772.0;8348;4018127.0;2021-06-07
PB;2021;25;15941;174;389713.0;8522;4018127.0;2021-06-14
PB;2021;26;10298;148;400011.0;8670;4018127.0;2021-06-21
PB;2021;27;7288;115;407299.0;8785;4018127.0;2021-06-28
PB;2021;28;5673;81;412972.0;8866;4018127.0;2021-07-05
PB;2021;29;4794;64;417766.0;8930;4018127.0;2021-07-12
PB;2021;30;4282;57;422048.0;8987;4018127.0;2021-07-19
PB;2021;31;2935;62;424983.0;9049;4018127.0;2021-07-26
PB;2021;32;2528;40;427511.0;9089;4018127.0;2021-08-02
PB;2021;33;2800;46;430311.0;9135;4018127.0;2021-08-09
PB;2021;34;2423;36;432734.0;9171;4018127.0;2021-08-16
PB;2021;35;2639;37;435373.0;9208;4018127.0;2021-08-23
PB;2021;36;1187;25;436560.0;9233;4018127.0;2021-08-30
PB;2021;37;3339;35;439899.0;9268;4018127.0;2021-09-06
PB;2021;38;1122;24;441021.0;9292;4018127.0;2021-09-13
PB;2021;39;990;22;442011.0;9314;4018127.0;2021-09-20
PB;2021;40;989;27;443000.0;9341;4018127.0;2021-09-27
PB;2021;41;739;26;443739.0;9367;4018127.0;2021-10-04
PB;2021;42;1013;24;444752.0;9391;4018127.0;2021-10-11
PB;2021;43;1114;27;445866.0;9418;4018127.0;2021-10-18
PB;2021;44;9711;25;455577.0;9443;4018127.0;2021-10-25
PB;2021;45;1840;20;457417.0;9463;4018127.0;2021-11-01
PB;2021;46;1373;28;458790.0;9491;4018127.0;2021-11-08
PB;2021;47;1479;29;460269.0;9520;4018127.0;2021-11-15
PB;2021;48;1370;21;461639.0;9541;4018127.0;2021-11-22
PB;2021;49;946;18;462585.0;9559;4018127.0;2021-11-29
PB;2021;50;69;13;462654.0;9572;4018127.0;2021-12-06
PB;2021;51;906;12;463560.0;9584;4018127.0;2021-12-13
PB;2021;52;775;12;464335.0;9596;4018127.0;2021-12-20
PB;2021;53;1131;20;167615.0;3692;4018127.0;2020-12-28
PB;2022;1;862;9;465373.0;9606;4018127.0;2021-12-27
PB;2022;2;2805;8;468178.0;9614;4018127.0;2022-01-03
PB;2022;3;8911;18;477089.0;9632;4018127.0;2022-01-10
PB;2022;4;17009;63;494098.0;9695;4018127.0;2022-01-17
PB;2022;5;22872;96;516970.0;9791;4018127.0;2022-01-24
PB;2022;6;22587;142;539557.0;9933;4018127.0;2022-01-31
PB;2022;7;19814;93;559371.0;10026;4018127.0;2022-02-07
PB;2022;8;14339;54;573710.0;10080;4018127.0;2022-02-14
PB;2022;9;5185;45;578895.0;10125;4018127.0;2022-02-21
PB;2022;10;7537;28;586432.0;10153;4018127.0;2022-02-28
PB;2022;11;5420;19;591852.0;10172;4018127.0;2022-03-07
PB;2022;12;2506;15;594358.0;10187;4018127.0;2022-03-14
PB;2022;13;3087;7;597445.0;10194;4018127.0;2022-03-21
PB;2022;14;1925;3;599370.0;10197;4018127.0;2022-03-28
PB;2022;15;952;0;600322.0;10197;4018127.0;2022-04-04
PB;2022;16;1018;5;601340.0;10202;4018127.0;2022-04-11
PB;2022;17;777;7;602117.0;10209;4018127.0;2022-04-18
PB;2022;18;642;5;602759.0;10214;4018127.0;2022-04-25
PB;2022;19;676;1;603435.0;10215;4018127.0;2022-05-02
PB;2022;20;448;2;603883.0;10217;4018127.0;2022-05-09
PB;2022;21;1161;3;605044.0;10220;4018127.0;2022-05-16
PB;2022;22;672;0;605716.0;10220;4018127.0;2022-05-23
PB;2022;23;2123;5;607839.0;10225;4018127.0;2022-05-30
PB;2022;24;2448;1;610287.0;10226;4018127.0;2022-06-06
PB;2022;25;4902;18;615189.0;10244;4018127.0;2022-06-13
PB;2022;26;6152;18;621341.0;10262;4018127.0;2022-06-20
PB;2022;27;7962;21;629303.0;10283;4018127.0;2022-06-27
PB;2022;28;6896;25;636199.0;10308;4018127.0;2022-07-04
PB;2022;29;5241;27;641440.0;10335;4018127.0;2022-07-11
PB;2022;30;4243;17;645683.0;10352;4018127.0;2022-07-18
PB;2022;31;1975;18;647658.0;10370;4018127.0;2022-07-25
PB;2022;32;866;9;648524.0;10379;4018127.0;2022-08-01
PB;2022;33;1164;9;649688.0;10388;4018127.0;2022-08-08
PB;2022;34;990;8;650678.0;10396;4018127.0;2022-08-15
PB;2022;35;769;3;651447.0;10399;4018127.0;2022-08-22
PB;2022;36;459;1;651906.0;10400;4018127.0;2022-08-29
PB;2022;37;466;2;652372.0;10402;4018127.0;2022-09-05
PB;2022;38;411;1;652783.0;10403;4018127.0;2022-09-12
PB;2022;39;300;0;653083.0;10403;4018127.0;2022-09-19
PB;2022;40;186;0;653269.0;10403;4018127.0;2022-09-26
PB;2022;41;537;1;653806.0;10404;4018127.0;2022-10-03
PB;2022;42;301;2;654107.0;10406;4018127.0;2022-10-10
PB;2022;43;246;0;654353.0;10406;4018127.0;2022-10-17
PB;2022;44;204;0;654557.0;10406;4018127.0;2022-10-24
PB;2022;45;1323;0;655880.0;10407;4018127.0;2022-10-31
PB;2022;46;4688;12;660568.0;10418;4018127.0;2022-11-07
PB;2022;47;7247;15;667815.0;10433;4018127.0;2022-11-14
PB;2022;48;8274;27;676089.0;10460;4018127.0;2022-11-21
PB;2022;49;8781;16;684870.0;10476;4018127.0;2022-11-28
PB;2022;50;8094;16;692964.0;10492;4018127.0;2022-12-05
PB;2022;51;4032;18;696996.0;10510;4018127.0;2022-12-12
PB;2022;52;3307;16;700127.0;10525;4018127.0;2021-12-27
PB;2023;1;2077;11;717346.0;10593;4018127.0;2022-12-26
PB;2023;2;938;1;703142.0;10537;4018127.0;2023-01-02
PB;2023;3;670;3;703812.0;10540;4018127.0;2023-01-09
PB;2023;4;2619;0;706431.0;10540;4018127.0;2023-01-16
PB;2023;5;273;0;706704.0;10540;4018127.0;2023-01-23
PB;2023;6;445;1;707149.0;10541;4018127.0;2023-01-30
PB;2023;7;275;0;707424.0;10541;4018127.0;2023-02-06
PB;2023;8;105;0;707529.0;10541;4018127.0;2023-02-13
PB;2023;9;325;1;707854.0;10542;4018127.0;2023-02-20
PB;2023;10;348;-1;708202.0;10542;4018127.0;2023-02-27
PB;2023;11;269;1;708471.0;10542;4018127.0;2023-03-06
PB;2023;12;286;0;708757.0;10542;4018127.0;2023-03-13
PB;2023;13;-479;0;708757.0;10542;4018127.0;2023-03-20
PB;2023;14;171;0;708449.0;10542;4018127.0;2023-03-27
PB;2023;15;123;1;708572.0;10543;4018127.0;2023-04-03
PB;2023;16;159;1;708731.0;10544;4018127.0;2023-04-10
PB;2023;17;199;1;708930.0;10545;4018127.0;2023-04-17
PB;2023;18;177;0;709107.0;10545;4018127.0;2023-04-24
PB;2023;19;297;1;709404.0;10546;4018127.0;2023-05-01
PB;2023;20;429;3;709833.0;10549;4018127.0;2023-05-08
PB;2023;21;438;4;710271.0;10553;4018127.0;2023-05-15
PB;2023;22;493;5;710764.0;10558;4018127.0;2023-05-22
PB;2023;23;641;2;711405.0;10560;4018127.0;2023-05-29
PB;2023;24;332;2;711737.0;10562;4018127.0;2023-06-05
PB;2023;25;325;1;712062.0;10563;4018127.0;2023-06-12
PB;2023;26;188;4;712250.0;10567;4018127.0;2023-06-19
PB;2023;27;155;4;712405.0;10571;4018127.0;2023-06-26
PB;2023;28;145;1;712550.0;10572;4018127.0;2023-07-03
PB;2023;29;62;2;712612.0;10574;4018127.0;2023-07-10
PB;2023;30;101;1;712713.0;10575;4018127.0;2023-07-17
PB;2023;31;76;0;712789.0;10575;4018127.0;2023-07-24
PB;2023;32;32;0;712821.0;10575;4018127.0;2023-07-31
PB;2023;33;46;1;712867.0;10576;4018127.0;2023-08-07
PB;2023;34;30;0;712897.0;10576;4018127.0;2023-08-14
PB;2023;35;23;0;712920.0;10576;4018127.0;2023-08-21
PB;2023;36;11;0;712931.0;10576;4018127.0;2023-08-28
PB;2023;37;21;0;712952.0;10576;4018127.0;2023-09-04
PB;2023;38;28;0;712980.0;10576;4018127.0;2023-09-11
PB;2023;39;23;0;713003.0;10576;4018127.0;2023-09-18
PB;2023;40;23;0;713026.0;10576;4018127.0;2023-09-25
PB;2023;41;6;0;713032.0;10576;4018127.0;2023-10-02
PB;2023;42;62;0;713094.0;10576;4018127.0;2023-10-09
PB;2023;43;28;0;713122.0;10576;4018127.0;2023-10-16
PB;2023;44;13;0;713135.0;10576;4018127.0;2023-10-23
PB;2023;45;66;0;713201.0;10576;4018127.0;2023-10-30
PB;2023;46;86;2;713287.0;10578;4018127.0;2023-11-06
PB;2023;47;74;0;713361.0;10578;4018127.0;2023-11-13
PB;2023;48;209;0;713570.0;10578;4018127.0;2023-11-20
PB;2023;49;290;0;713860.0;10578;4018127.0;2023-11-27
PB;2023;50;937;1;714797.0;10579;4018127.0;2023-12-04
PB;2023;51;1474;8;716271.0;10587;4018127.0;2023-12-11
PB;2023;52;1075;6;717346.0;10593;4018127.0;2023-12-18
PB;2024;1;1813;4;726576.0;10683;4018127.0;2024-01-01
PB;2024;2;1950;13;721109.0;10610;4018127.0;2024-01-01
PB;2024;3;1436;5;722545.0;10615;4018127.0;2024-01-08
PB;2024;4;792;8;723337.0;10623;4018127.0;2024-01-15
PB;2024;5;724;13;724061.0;10636;4018127.0;2024-01-22
PB;2024;6;497;2;724558.0;10638;4018127.0;2024-01-29
PB;2024;7;56;4;724614.0;10642;4018127.0;2024-02-05
PB;2024;8;144;2;724758.0;10644;4018127.0;2024-02-12
PB;2024;9;150;1;724908.0;10645;4018127.0;2024-02-19
PB;2024;10;124;1;725032.0;10646;4018127.0;2024-02-26
PB;2024;11;92;1;725124.0;10647;4018127.0;2024-03-04
PB;2024;12;75;2;725199.0;10649;4018127.0;2024-03-11
PB;2024;13;14;1;725213.0;10650;4018127.0;2024-03-18
PB;2024;14;21;0;725234.0;10650;4018127.0;2024-03-25
PB;2024;15;8;0;725242.0;10650;4018127.0;2024-04-01
PB;2024;16;15;0;725257.0;10650;4018127.0;2024-04-08
PB;2024;17;9;1;725266.0;10651;4018127.0;2024-04-15
PB;2024;18;3;0;725269.0;10651;4018127.0;2024-04-22
PB;2024;19;8;0;725277.0;10651;4018127.0;2024-04-29
PB;2024;20;21;1;725298.0;10652;4018127.0;2024-05-06
PB;2024;21;5;0;725303.0;10652;4018127.0;2024-05-13
PB;2024;22;6;0;725309.0;10652;4018127.0;2024-05-20
PB;2024;23;11;0;725320.0;10652;4018127.0;2024-05-27
PB;2024;24;0;0;725320.0;10652;4018127.0;2024-06-03
PB;2024;25;39;1;725359.0;10653;4018127.0;2024-06-10
PB;2024;26;11;0;725370.0;10653;4018127.0;2024-06-17
PB;2024;27;16;1;725386.0;10654;4018127.0;2024-06-24
PB;2024;28;9;2;725395.0;10656;4018127.0;2024-07-01
PB;2024;29;2;0;725397.0;10656;4018127.0;2024-07-08
PB;2024;30;0;0;725397.0;10656;4018127.0;2024-07-15
PB;2024;31;0;1;725397.0;10657;4018127.0;2024-07-22
PB;2024;32;171;0;725568.0;10657;4018127.0;2024-07-29
PB;2024;33;44;3;725612.0;10660;4018127.0;2024-08-05
PB;2024;34;6;0;725618.0;10660;4018127.0;2024-08-12
PB;2024;35;3;2;725621.0;10662;4018127.0;2024-08-19
PB;2024;36;0;3;725621.0;10665;4018127.0;2024-08-26
PB;2024;37;0;0;725621.0;10665;4018127.0;2024-09-02
PB;2024;38;5;0;725626.0;10665;4018127.0;2024-09-09
PB;2024;39;0;2;725626.0;10667;4018127.0;2024-09-16
PB;2024;40;3;0;725629.0;10667;4018127.0;2024-09-23
PB;2024;41;-3;0;725629.0;10667;4018127.0;2024-09-30
PB;2024;42;285;1;725911.0;10668;4018127.0;2024-10-07
PB;2024;43;2;1;725913.0;10669;4018127.0;2024-10-14
PB;2024;44;4;0;725917.0;10669;4018127.0;2024-10-21
PB;2024;45;3;4;725920.0;10673;4018127.0;2024-10-28
PB;2024;46;0;1;725920.0;10674;4018127.0;2024-11-04
PB;2024;47;53;0;725973.0;10674;4018127.0;2024-11-11
PB;2024;48;10;3;725983.0;10677;4018127.0;2024-11-18
PB;2024;49;0;0;725983.0;10677;4018127.0;2024-11-25
PB;2024;50;485;4;726468.0;10681;4018127.0;2024-12-02
PB;2024;51;93;1;726561.0;10682;4018127.0;2024-12-09
PB;2024;52;15;1;726576.0;10683;4018127.0;2024-12-16
PB;2025;1;9;9;726585.0;10692;4018127.0;2024-12-30
PB;2025;2;783;2;727368.0;10694;4018127.0;2024-12-30
PB;2025;3;86;3;727454.0;10697;4018127.0;2025-01-06
PB;2025;4;1398;7;728852.0;10704;4018127.0;2025-01-13
PB;2025;5;612;10;729464.0;10714;4018127.0;2025-01-20
PB;2025;6;523;6;729987.0;10720;4018127.0;2025-01-27
PB;2025;7;0;0;729987.0;10720;4018127.0;2025-02-03
PB;2025;8;750;5;730737.0;10725;4018127.0;2025-02-10
PB;2025;9;0;0;730737.0;10725;4018127.0;2025-02-17
PB;2025;10;376;3;731113.0;10728;4018127.0;2025-02-24
PB;2025;11;182;1;731295.0;10729;4018127.0;2025-03-03
PB;2025;12;59;2;731354.0;10731;4018127.0;2025-03-10
PB;2025;13;41;2;731395.0;10733;4018127.0;2025-03-17
PB;2025;14;1;0;731396.0;10733;4018127.0;2025-03-24
PB;2025;15;107;1;731503.0;10734;4018127.0;2025-03-31
PB;2025;16;33;0;731536.0;10734;4018127.0;2025-04-07
PB;2025;17;20;0;731556.0;10734;4018127.0;2025-04-14
PB;2025;18;34;1;731590.0;10735;4018127.0;2025-04-21
PB;2025;19;8;0;731598.0;10735;4018127.0;2025-04-28
PB;2025;20;6;0;731604.0;10735;4018127.0;2025-05-05
PB;2025;21;14;0;731618.0;10735;4018127.0;2025-05-12
PB;2025;22;19;0;731637.0;10735;4018127.0;2025-05-19
PB;2025;23;0;0;731637.0;10735;4018127.0;2025-05-26
PB;2025;24;21;9;731658.0;10744;4018127.0;2025-06-02
PB;2025;25;9;0;731667.0;10744;4018127.0;2025-06-09
PB;2025;26;0;0;731667.0;10744;4018127.0;2025-06-16
PB;2025;27;2;0;731669.0;10744;4018127.0;2025-06-23
PB;2025;28;6;2;731675.0;10746;4018127.0;2025-06-30
PB;2025;29;0;0;731675.0;10746;4018127.0;2025-07-07
PB;2025;30;0;0;731675.0;10746;4018127.0;2025-07-14
PB;2025;31;656;1;732331.0;10747;4018127.0;2025-07-21
PB;2025;32;5;1;732336.0;10748;4018127.0;2025-07-28
PB;2025;33;13;0;732349.0;10748;4018127.0;2025-08-04
PB;2025;34;19;0;732368.0;10748;4018127.0;2025-08-11
PB;2025;35;0;0;732368.0;10748;4018127.0;2025-08-18
PB;2025;36;0;0;732368.0;10748;4018127.0;2025-08-25
PE;2020;9;0;0;0.0;0;9557071.0;2020-02-24
PE;2020;10;0;0;0.0;0;9557071.0;2020-02-24
PE;2020;11;2;0;2.0;0;9557071.0;2020-03-02
PE;2020;12;28;0;30.0;0;9557071.0;2020-03-09
PE;2020;13;43;6;68.0;5;9557071.0;2020-03-16
PE;2020;14;109;9;176.0;14;9557071.0;2020-03-23
PE;2020;15;642;58;816.0;72;9557071.0;2020-03-30
PE;2020;16;1380;133;2193.0;205;9557071.0;2020-04-06
PE;2020;17;2318;176;4507.0;381;9557071.0;2020-04-13
PE;2020;18;3640;248;8145.0;628;9557071.0;2020-04-20
PE;2020;19;4330;345;12470.0;972;9557071.0;2020-04-27
PE;2020;20;6023;489;18488.0;1461;9557071.0;2020-05-04
PE;2020;21;8316;687;26786.0;2144;9557071.0;2020-05-11
PE;2020;22;6646;598;33427.0;2740;9557071.0;2020-05-18
PE;2020;23;5960;535;39361.0;3270;9557071.0;2020-05-25
PE;2020;24;5322;520;44671.0;3784;9557071.0;2020-06-01
PE;2020;25;6475;368;51118.0;4148;9557071.0;2020-06-08
PE;2020;26;5988;565;57089.0;4708;9557071.0;2020-06-15
PE;2020;27;6387;417;63457.0;5116;9557071.0;2020-06-22
PE;2020;28;7930;442;71370.0;5556;9557071.0;2020-06-29
PE;2020;29;7161;374;78509.0;5928;9557071.0;2020-07-06
PE;2020;30;8261;380;86752.0;6299;9557071.0;2020-07-13
PE;2020;31;10007;300;96746.0;6597;9557071.0;2020-07-20
PE;2020;32;7378;326;104113.0;6920;9557071.0;2020-07-27
PE;2020;33;7675;239;111773.0;7156;9557071.0;2020-08-03
PE;2020;34;6261;211;118027.0;7364;9557071.0;2020-08-10
PE;2020;35;6133;186;124151.0;7547;9557071.0;2020-08-17
PE;2020;36;7546;58;131961.0;7670;9557071.0;2020-08-24
PE;2020;37;4452;182;136413.0;7852;9557071.0;2020-08-31
PE;2020;38;4629;152;141042.0;8004;9557071.0;2020-09-07
PE;2020;39;3898;152;144940.0;8156;9557071.0;2020-09-14
PE;2020;40;4409;162;149349.0;8318;9557071.0;2020-09-21
PE;2020;41;3649;90;152998.0;8408;9557071.0;2020-09-28
PE;2020;42;2925;72;155923.0;8480;9557071.0;2020-10-05
PE;2020;43;3297;62;159220.0;8542;9557071.0;2020-10-12
PE;2020;44;3673;85;162893.0;8627;9557071.0;2020-10-19
PE;2020;45;3029;97;165922.0;8724;9557071.0;2020-10-26
PE;2020;46;4631;91;170553.0;8815;9557071.0;2020-11-02
PE;2020;47;4705;105;175258.0;8920;9557071.0;2020-11-09
PE;2020;48;6134;99;181392.0;9019;9557071.0;2020-11-16
PE;2020;49;8258;121;189650.0;9140;9557071.0;2020-11-23
PE;2020;50;8776;131;198426.0;9271;9557071.0;2020-11-30
PE;2020;51;8582;147;207008.0;9418;9557071.0;2020-12-07
PE;2020;52;7941;142;214949.0;9560;9557071.0;2020-12-14
PE;2020;53;7217;94;222166.0;9654;9557071.0;2020-12-21
PE;2021;1;7566;152;230891.0;9826;9557071.0;2020-12-28
PE;2021;2;9714;167;240605.0;9993;9557071.0;2021-01-04
PE;2021;3;9560;184;250165.0;10177;9557071.0;2021-01-11
PE;2021;4;10514;155;260679.0;10332;9557071.0;2021-01-18
PE;2021;5;9258;149;269937.0;10481;9557071.0;2021-01-25
PE;2021;6;9700;163;279637.0;10644;9557071.0;2021-02-01
PE;2021;7;9919;195;289556.0;10839;9557071.0;2021-02-08
PE;2021;8;9303;135;298859.0;10974;9557071.0;2021-02-15
PE;2021;9;9125;179;307984.0;11153;9557071.0;2021-02-22
PE;2021;10;8440;204;316424.0;11357;9557071.0;2021-03-01
PE;2021;11;13209;281;329633.0;11638;9557071.0;2021-03-08
PE;2021;12;13773;337;343406.0;11975;9557071.0;2021-03-15
PE;2021;13;11576;374;354982.0;12349;9557071.0;2021-03-22
PE;2021;14;13718;395;368700.0;12744;9557071.0;2021-03-29
PE;2021;15;12118;435;380818.0;13179;9557071.0;2021-04-05
PE;2021;16;13011;391;393829.0;13570;9557071.0;2021-04-12
PE;2021;17;14934;558;408763.0;14128;9557071.0;2021-04-19
PE;2021;18;14926;363;423689.0;14491;9557071.0;2021-04-26
PE;2021;19;16988;415;440677.0;14906;9557071.0;2021-05-03
PE;2021;20;19602;419;460279.0;15325;9557071.0;2021-05-10
PE;2021;21;18623;417;478902.0;15742;9557071.0;2021-05-17
PE;2021;22;19004;501;497906.0;16243;9557071.0;2021-05-24
PE;2021;23;20515;537;518421.0;16780;9557071.0;2021-05-31
PE;2021;24;17286;436;535707.0;17216;9557071.0;2021-06-07
PE;2021;25;9983;310;545690.0;17526;9557071.0;2021-06-14
PE;2021;26;11603;315;557293.0;17841;9557071.0;2021-06-21
PE;2021;27;11647;259;568940.0;18100;9557071.0;2021-06-28
PE;2021;28;9508;204;578448.0;18304;9557071.0;2021-07-05
PE;2021;29;6221;295;584669.0;18599;9557071.0;2021-07-12
PE;2021;30;6116;185;590785.0;18784;9557071.0;2021-07-19
PE;2021;31;4734;221;595519.0;19005;9557071.0;2021-07-26
PE;2021;32;4483;147;600002.0;19152;9557071.0;2021-08-02
PE;2021;33;3532;135;603534.0;19287;9557071.0;2021-08-09
PE;2021;34;2905;72;606439.0;19359;9557071.0;2021-08-16
PE;2021;35;3620;92;610059.0;19451;9557071.0;2021-08-23
PE;2021;36;2798;78;612857.0;19529;9557071.0;2021-08-30
PE;2021;37;2693;76;615550.0;19605;9557071.0;2021-09-06
PE;2021;38;3293;78;618843.0;19683;9557071.0;2021-09-13
PE;2021;39;2790;71;621633.0;19754;9557071.0;2021-09-20
PE;2021;40;2385;85;624018.0;19839;9557071.0;2021-09-27
PE;2021;41;1951;46;625969.0;19885;9557071.0;2021-10-04
PE;2021;42;2619;55;628588.0;19940;9557071.0;2021-10-11
PE;2021;43;3044;67;631632.0;20007;9557071.0;2021-10-18
PE;2021;44;2175;60;633807.0;20067;9557071.0;2021-10-25
PE;2021;45;2103;48;635910.0;20115;9557071.0;2021-11-01
PE;2021;46;1486;51;637396.0;20166;9557071.0;2021-11-08
PE;2021;47;1977;60;639373.0;20226;9557071.0;2021-11-15
PE;2021;48;1938;43;641311.0;20269;9557071.0;2021-11-22
PE;2021;49;2008;51;643319.0;20320;9557071.0;2021-11-29
PE;2021;50;84;45;643403.0;20365;9557071.0;2021-12-06
PE;2021;51;668;41;644071.0;20406;9557071.0;2021-12-13
PE;2021;52;1610;41;645681.0;20447;9557071.0;2021-12-20
PE;2021;53;1159;20;223325.0;9674;9557071.0;2020-12-28
PE;2022;1;2969;47;648856.0;20501;9557071.0;2021-12-27
PE;2022;2;5910;43;654766.0;20544;9557071.0;2022-01-03
PE;2022;3;12446;37;667212.0;20581;9557071.0;2022-01-10
PE;2022;4;27882;46;695094.0;20627;9557071.0;2022-01-17
PE;2022;5;33424;95;728518.0;20722;9557071.0;2022-01-24
PE;2022;6;31030;98;759548.0;20820;9557071.0;2022-01-31
PE;2022;7;34548;115;794096.0;20935;9557071.0;2022-02-07
PE;2022;8;34234;123;828330.0;21058;9557071.0;2022-02-14
PE;2022;9;19810;86;848140.0;21144;9557071.0;2022-02-21
PE;2022;10;16674;64;864814.0;21208;9557071.0;2022-02-28
PE;2022;11;14808;65;879622.0;21273;9557071.0;2022-03-07
PE;2022;12;11662;82;891284.0;21355;9557071.0;2022-03-14
PE;2022;13;9148;75;900432.0;21430;9557071.0;2022-03-21
PE;2022;14;7449;49;907881.0;21479;9557071.0;2022-03-28
PE;2022;15;5905;52;913786.0;21531;9557071.0;2022-04-04
PE;2022;16;4259;35;918045.0;21566;9557071.0;2022-04-11
PE;2022;17;5427;34;923472.0;21600;9557071.0;2022-04-18
PE;2022;18;3742;36;927214.0;21636;9557071.0;2022-04-25
PE;2022;19;3589;24;930803.0;21660;9557071.0;2022-05-02
PE;2022;20;1555;26;932358.0;21686;9557071.0;2022-05-09
PE;2022;21;4024;27;936382.0;21713;9557071.0;2022-05-16
PE;2022;22;4178;29;940560.0;21742;9557071.0;2022-05-23
PE;2022;23;5969;29;946529.0;21771;9557071.0;2022-05-30
PE;2022;24;8679;34;955208.0;21805;9557071.0;2022-06-06
PE;2022;25;10949;36;966157.0;21841;9557071.0;2022-06-13
PE;2022;26;16165;35;982322.0;21876;9557071.0;2022-06-20
PE;2022;27;16739;39;999061.0;21915;9557071.0;2022-06-27
PE;2022;28;13066;45;1012127.0;21960;9557071.0;2022-07-04
PE;2022;29;9963;44;1022090.0;22004;9557071.0;2022-07-11
PE;2022;30;6898;38;1028988.0;22042;9557071.0;2022-07-18
PE;2022;31;5711;33;1034699.0;22075;9557071.0;2022-07-25
PE;2022;32;5302;36;1040001.0;22111;9557071.0;2022-08-01
PE;2022;33;3101;35;1043102.0;22146;9557071.0;2022-08-08
PE;2022;34;3695;41;1046797.0;22187;9557071.0;2022-08-15
PE;2022;35;2907;31;1049704.0;22218;9557071.0;2022-08-22
PE;2022;36;3200;22;1052904.0;22240;9557071.0;2022-08-29
PE;2022;37;1770;18;1054674.0;22258;9557071.0;2022-09-05
PE;2022;38;1863;17;1056537.0;22275;9557071.0;2022-09-12
PE;2022;39;2241;24;1058778.0;22299;9557071.0;2022-09-19
PE;2022;40;1384;22;1060162.0;22321;9557071.0;2022-09-26
PE;2022;41;1085;27;1061247.0;22348;9557071.0;2022-10-03
PE;2022;42;1210;32;1062457.0;22380;9557071.0;2022-10-10
PE;2022;43;1660;24;1064117.0;22404;9557071.0;2022-10-17
PE;2022;44;1909;9;1066026.0;22413;9557071.0;2022-10-24
PE;2022;45;2860;14;1068886.0;22427;9557071.0;2022-10-31
PE;2022;46;4882;10;1073768.0;22437;9557071.0;2022-11-07
PE;2022;47;6989;25;1080757.0;22462;9557071.0;2022-11-14
PE;2022;48;8366;20;1089123.0;22482;9557071.0;2022-11-21
PE;2022;49;5961;14;1095084.0;22496;9557071.0;2022-11-28
PE;2022;50;11807;31;1106891.0;22527;9557071.0;2022-12-05
PE;2022;51;10118;30;1117009.0;22557;9557071.0;2022-12-12
PE;2022;52;6132;29;1122935.0;22579;9557071.0;2021-12-27
PE;2023;1;4696;16;1211807.0;23192;9557071.0;2022-12-26
PE;2023;2;5538;11;1133169.0;22606;9557071.0;2023-01-02
PE;2023;3;5690;14;1138859.0;22620;9557071.0;2023-01-09
PE;2023;4;6027;16;1144886.0;22636;9557071.0;2023-01-16
PE;2023;5;3147;14;1148033.0;22650;9557071.0;2023-01-23
PE;2023;6;1920;16;1149953.0;22666;9557071.0;2023-01-30
PE;2023;7;2471;10;1152424.0;22676;9557071.0;2023-02-06
PE;2023;8;1353;4;1153777.0;22680;9557071.0;2023-02-13
PE;2023;9;3383;7;1157160.0;22687;9557071.0;2023-02-20
PE;2023;10;1944;4;1159104.0;22691;9557071.0;2023-02-27
PE;2023;11;1891;14;1160995.0;22705;9557071.0;2023-03-06
PE;2023;12;1686;17;1162681.0;22722;9557071.0;2023-03-13
PE;2023;13;1948;11;1164629.0;22733;9557071.0;2023-03-20
PE;2023;14;1255;7;1165884.0;22740;9557071.0;2023-03-27
PE;2023;15;1802;14;1167686.0;22754;9557071.0;2023-04-03
PE;2023;16;1718;9;1169404.0;22763;9557071.0;2023-04-10
PE;2023;17;1921;24;1171325.0;22787;9557071.0;2023-04-17
PE;2023;18;0;0;1171325.0;22787;9557071.0;2023-04-24
PE;2023;19;3677;39;1175002.0;22826;9557071.0;2023-05-01
PE;2023;20;2423;32;1177425.0;22858;9557071.0;2023-05-08
PE;2023;21;2246;14;1179671.0;22872;9557071.0;2023-05-15
PE;2023;22;2497;27;1182168.0;22899;9557071.0;2023-05-22
PE;2023;23;1203;20;1183371.0;22919;9557071.0;2023-05-29
PE;2023;24;1405;6;1184776.0;22925;9557071.0;2023-06-05
PE;2023;25;1116;5;1185892.0;22930;9557071.0;2023-06-12
PE;2023;26;1067;9;1186959.0;22939;9557071.0;2023-06-19
PE;2023;27;1456;26;1188415.0;22965;9557071.0;2023-06-26
PE;2023;28;1293;26;1189708.0;22991;9557071.0;2023-07-03
PE;2023;29;1179;13;1190887.0;23004;9557071.0;2023-07-10
PE;2023;30;616;8;1191503.0;23012;9557071.0;2023-07-17
PE;2023;31;0;0;1191503.0;23012;9557071.0;2023-07-24
PE;2023;32;709;18;1192212.0;23030;9557071.0;2023-07-31
PE;2023;33;465;20;1192677.0;23050;9557071.0;2023-08-07
PE;2023;34;726;16;1193403.0;23066;9557071.0;2023-08-14
PE;2023;35;456;11;1193859.0;23077;9557071.0;2023-08-21
PE;2023;36;101;9;1193960.0;23086;9557071.0;2023-08-28
PE;2023;37;679;5;1194639.0;23091;9557071.0;2023-09-04
PE;2023;38;520;7;1195159.0;23098;9557071.0;2023-09-11
PE;2023;39;453;8;1195612.0;23106;9557071.0;2023-09-18
PE;2023;40;190;3;1195802.0;23109;9557071.0;2023-09-25
PE;2023;41;194;7;1195996.0;23116;9557071.0;2023-10-02
PE;2023;42;377;2;1196373.0;23118;9557071.0;2023-10-09
PE;2023;43;361;3;1196734.0;23121;9557071.0;2023-10-16
PE;2023;44;168;3;1196902.0;23124;9557071.0;2023-10-23
PE;2023;45;174;2;1197076.0;23126;9557071.0;2023-10-30
PE;2023;46;349;3;1197425.0;23129;9557071.0;2023-11-06
PE;2023;47;651;4;1198076.0;23133;9557071.0;2023-11-13
PE;2023;48;979;9;1199055.0;23142;9557071.0;2023-11-20
PE;2023;49;2018;10;1201073.0;23152;9557071.0;2023-11-27
PE;2023;50;3579;12;1204652.0;23164;9557071.0;2023-12-04
PE;2023;51;4182;15;1208834.0;23179;9557071.0;2023-12-11
PE;2023;52;2973;13;1211807.0;23192;9557071.0;2023-12-18
PE;2024;1;0;0;1235660.0;23241;9557071.0;2024-01-01
PE;2024;2;7010;1;1218817.0;23193;9557071.0;2024-01-01
PE;2024;3;3373;8;1222190.0;23201;9557071.0;2024-01-08
PE;2024;4;2910;4;1225100.0;23205;9557071.0;2024-01-15
PE;2024;5;1952;3;1227052.0;23208;9557071.0;2024-01-22
PE;2024;6;880;2;1227932.0;23210;9557071.0;2024-01-29
PE;2024;7;521;1;1228453.0;23211;9557071.0;2024-02-05
PE;2024;8;1092;-19;1229545.0;23211;9557071.0;2024-02-12
PE;2024;9;862;20;1230407.0;23212;9557071.0;2024-02-19
PE;2024;10;539;0;1230946.0;23212;9557071.0;2024-02-26
PE;2024;11;538;0;1231484.0;23212;9557071.0;2024-03-04
PE;2024;12;377;0;1231861.0;23212;9557071.0;2024-03-11
PE;2024;13;202;1;1232063.0;23213;9557071.0;2024-03-18
PE;2024;14;205;1;1232268.0;23214;9557071.0;2024-03-25
PE;2024;15;183;1;1232451.0;23215;9557071.0;2024-04-01
PE;2024;16;206;6;1232657.0;23221;9557071.0;2024-04-08
PE;2024;17;159;0;1232816.0;23221;9557071.0;2024-04-15
PE;2024;18;95;0;1232911.0;23221;9557071.0;2024-04-22
PE;2024;19;158;9;1233069.0;23230;9557071.0;2024-04-29
PE;2024;20;100;0;1233169.0;23230;9557071.0;2024-05-06
PE;2024;21;58;0;1233227.0;23230;9557071.0;2024-05-13
PE;2024;22;52;1;1233279.0;23231;9557071.0;2024-05-20
PE;2024;23;31;0;1233310.0;23231;9557071.0;2024-05-27
PE;2024;24;6;0;1233316.0;23231;9557071.0;2024-06-03
PE;2024;25;158;0;1233474.0;23231;9557071.0;2024-06-10
PE;2024;26;277;1;1233751.0;23232;9557071.0;2024-06-17
PE;2024;27;156;1;1233907.0;23233;9557071.0;2024-06-24
PE;2024;28;139;1;1234046.0;23234;9557071.0;2024-07-01
PE;2024;29;218;0;1234264.0;23234;9557071.0;2024-07-08
PE;2024;30;62;1;1234326.0;23235;9557071.0;2024-07-15
PE;2024;31;120;0;1234446.0;23235;9557071.0;2024-07-22
PE;2024;32;152;2;1234598.0;23237;9557071.0;2024-07-29
PE;2024;33;117;2;1234715.0;23239;9557071.0;2024-08-05
PE;2024;34;68;0;1234783.0;23239;9557071.0;2024-08-12
PE;2024;35;19;0;1234802.0;23239;9557071.0;2024-08-19
PE;2024;36;238;1;1235040.0;23240;9557071.0;2024-08-26
PE;2024;37;55;0;1235095.0;23240;9557071.0;2024-09-02
PE;2024;38;-370;0;1235095.0;23240;9557071.0;2024-09-09
PE;2024;39;459;0;1235184.0;23240;9557071.0;2024-09-16
PE;2024;40;40;0;1235224.0;23240;9557071.0;2024-09-23
PE;2024;41;28;0;1235252.0;23240;9557071.0;2024-09-30
PE;2024;42;36;0;1235288.0;23240;9557071.0;2024-10-07
PE;2024;43;35;0;1235323.0;23240;9557071.0;2024-10-14
PE;2024;44;37;0;1235360.0;23240;9557071.0;2024-10-21
PE;2024;45;63;0;1235423.0;23240;9557071.0;2024-10-28
PE;2024;46;72;1;1235495.0;23241;9557071.0;2024-11-04
PE;2024;47;112;0;1235607.0;23241;9557071.0;2024-11-11
PE;2024;48;40;0;1235647.0;23241;9557071.0;2024-11-18
PE;2024;49;3;0;1235650.0;23241;9557071.0;2024-11-25
PE;2024;50;0;0;1235650.0;23241;9557071.0;2024-12-02
PE;2024;51;0;0;1235650.0;23241;9557071.0;2024-12-09
PE;2024;52;10;0;1235660.0;23241;9557071.0;2024-12-16
PE;2025;1;3;0;1235663.0;23241;9557071.0;2024-12-30
PE;2025;2;1571;3;1237234.0;23244;9557071.0;2024-12-30
PE;2025;3;952;3;1238186.0;23247;9557071.0;2025-01-06
PE;2025;4;1013;2;1239199.0;23249;9557071.0;2025-01-13
PE;2025;5;900;9;1240099.0;23258;9557071.0;2025-01-20
PE;2025;6;615;3;1240714.0;23261;9557071.0;2025-01-27
PE;2025;7;483;3;1241197.0;23264;9557071.0;2025-02-03
PE;2025;8;446;3;1241643.0;23267;9557071.0;2025-02-10
PE;2025;9;332;2;1241975.0;23269;9557071.0;2025-02-17
PE;2025;10;26;0;1242001.0;23269;9557071.0;2025-02-24
PE;2025;11;182;2;1242183.0;23271;9557071.0;2025-03-03
PE;2025;12;185;8;1242368.0;23279;9557071.0;2025-03-10
PE;2025;13;115;1;1242483.0;23280;9557071.0;2025-03-17
PE;2025;14;111;1;1242594.0;23281;9557071.0;2025-03-24
PE;2025;15;91;1;1242685.0;23282;9557071.0;2025-03-31
PE;2025;16;73;0;1242758.0;23282;9557071.0;2025-04-07
PE;2025;17;96;1;1242854.0;23283;9557071.0;2025-04-14
PE;2025;18;37;0;1242891.0;23283;9557071.0;2025-04-21
PE;2025;19;121;4;1243012.0;23287;9557071.0;2025-04-28
PE;2025;20;35;0;1243047.0;23287;9557071.0;2025-05-05
PE;2025;21;71;4;1243118.0;23291;9557071.0;2025-05-12
PE;2025;22;29;-1;1243147.0;23291;9557071.0;2025-05-19
PE;2025;23;67;1;1243214.0;23291;9557071.0;2025-05-26
PE;2025;24;32;0;1243246.0;23291;9557071.0;2025-06-02
PE;2025;25;29;0;1243275.0;23291;9557071.0;2025-06-09
PE;2025;26;27;0;1243302.0;23291;9557071.0;2025-06-16
PE;2025;27;82;0;1243384.0;23291;9557071.0;2025-06-23
PE;2025;28;110;0;1243494.0;23291;9557071.0;2025-06-30
PE;2025;29;67;5;1243561.0;23296;9557071.0;2025-07-07
PE;2025;30;89;0;1243650.0;23296;9557071.0;2025-07-14
PE;2025;31;98;0;1243748.0;23296;9557071.0;2025-07-21
PE;2025;32;308;4;1244056.0;23300;9557071.0;2025-07-28
PE;2025;33;191;1;1244247.0;23301;9557071.0;2025-08-04
PE;2025;34;235;0;1244482.0;23301;9557071.0;2025-08-11
PE;2025;35;304;1;1244786.0;23302;9557071.0;2025-08-18
PE;2025;36;0;0;1244786.0;23302;9557071.0;2025-08-25
PI;2020;9;0;0;0.0;0;3273227.0;2020-02-24
PI;2020;10;0;0;0.0;0;3273227.0;2020-02-24
PI;2020;11;0;0;0.0;0;3273227.0;2020-03-02
PI;2020;12;4;0;4.0;0;3273227.0;2020-03-09
PI;2020;13;7;1;11.0;1;3273227.0;2020-03-16
PI;2020;14;11;3;22.0;4;3273227.0;2020-03-23
PI;2020;15;19;3;41.0;7;3273227.0;2020-03-30
PI;2020;16;82;2;123.0;9;3273227.0;2020-04-06
PI;2020;17;174;8;297.0;17;3273227.0;2020-04-13
PI;2020;18;368;9;665.0;26;3273227.0;2020-04-20
PI;2020;19;568;12;1233.0;38;3273227.0;2020-04-27
PI;2020;20;852;27;2085.0;65;3273227.0;2020-05-04
PI;2020;21;1173;34;3258.0;99;3273227.0;2020-05-11
PI;2020;22;1487;58;4745.0;157;3273227.0;2020-05-18
PI;2020;23;2360;67;7105.0;224;3273227.0;2020-05-25
PI;2020;24;2720;111;9825.0;335;3273227.0;2020-06-01
PI;2020;25;3988;124;13813.0;459;3273227.0;2020-06-08
PI;2020;26;4852;133;18665.0;592;3273227.0;2020-06-15
PI;2020;27;6896;170;25561.0;762;3273227.0;2020-06-22
PI;2020;28;6904;152;32465.0;914;3273227.0;2020-06-29
PI;2020;29;6103;169;38568.0;1083;3273227.0;2020-07-06
PI;2020;30;6821;145;45389.0;1228;3273227.0;2020-07-13
PI;2020;31;7069;126;52458.0;1354;3273227.0;2020-07-20
PI;2020;32;7113;115;59571.0;1469;3273227.0;2020-07-27
PI;2020;33;6067;125;65638.0;1594;3273227.0;2020-08-03
PI;2020;34;5872;107;71510.0;1701;3273227.0;2020-08-10
PI;2020;35;5406;103;76916.0;1804;3273227.0;2020-08-17
PI;2020;36;4710;80;81626.0;1884;3273227.0;2020-08-24
PI;2020;37;4459;74;86085.0;1958;3273227.0;2020-08-31
PI;2020;38;3976;67;90061.0;2025;3273227.0;2020-09-07
PI;2020;39;4118;66;94179.0;2091;3273227.0;2020-09-14
PI;2020;40;3929;53;98108.0;2144;3273227.0;2020-09-21
PI;2020;41;3843;62;101951.0;2206;3273227.0;2020-09-28
PI;2020;42;3887;72;105838.0;2278;3273227.0;2020-10-05
PI;2020;43;3991;62;109829.0;2340;3273227.0;2020-10-12
PI;2020;44;3462;60;113291.0;2400;3273227.0;2020-10-19
PI;2020;45;3235;64;116526.0;2464;3273227.0;2020-10-26
PI;2020;46;3414;59;119940.0;2523;3273227.0;2020-11-02
PI;2020;47;2578;51;122518.0;2574;3273227.0;2020-11-09
PI;2020;48;3157;43;125675.0;2617;3273227.0;2020-11-16
PI;2020;49;4864;49;130539.0;2666;3273227.0;2020-11-23
PI;2020;50;3890;54;134429.0;2720;3273227.0;2020-11-30
PI;2020;51;3178;44;137607.0;2764;3273227.0;2020-12-07
PI;2020;52;2638;38;140245.0;2802;3273227.0;2020-12-14
PI;2020;53;2427;35;142672.0;2837;3273227.0;2020-12-21
PI;2021;1;3569;47;146779.0;2895;3273227.0;2020-12-28
PI;2021;2;4267;50;151046.0;2945;3273227.0;2021-01-04
PI;2021;3;4059;54;155105.0;2999;3273227.0;2021-01-11
PI;2021;4;3479;52;158584.0;3051;3273227.0;2021-01-18
PI;2021;5;3564;69;162148.0;3120;3273227.0;2021-01-25
PI;2021;6;3171;55;165319.0;3175;3273227.0;2021-02-01
PI;2021;7;3867;63;169186.0;3238;3273227.0;2021-02-08
PI;2021;8;4104;88;173290.0;3326;3273227.0;2021-02-15
PI;2021;9;5249;121;178539.0;3447;3273227.0;2021-02-22
PI;2021;10;6653;159;185192.0;3606;3273227.0;2021-03-01
PI;2021;11;6653;172;191845.0;3778;3273227.0;2021-03-08
PI;2021;12;8440;189;200285.0;3967;3273227.0;2021-03-15
PI;2021;13;8689;245;208974.0;4212;3273227.0;2021-03-22
PI;2021;14;8359;250;217333.0;4462;3273227.0;2021-03-29
PI;2021;15;8463;269;225796.0;4731;3273227.0;2021-04-05
PI;2021;16;8605;188;234401.0;4919;3273227.0;2021-04-12
PI;2021;17;6467;205;240868.0;5124;3273227.0;2021-04-19
PI;2021;18;8472;200;249340.0;5324;3273227.0;2021-04-26
PI;2021;19;7094;172;256434.0;5496;3273227.0;2021-05-03
PI;2021;20;7944;241;264378.0;5737;3273227.0;2021-05-10
PI;2021;21;6850;151;271228.0;5888;3273227.0;2021-05-17
PI;2021;22;6924;154;278152.0;6042;3273227.0;2021-05-24
PI;2021;23;6020;156;284172.0;6198;3273227.0;2021-05-31
PI;2021;24;5254;152;289426.0;6350;3273227.0;2021-06-07
PI;2021;25;4862;161;294288.0;6511;3273227.0;2021-06-14
PI;2021;26;3841;128;298129.0;6639;3273227.0;2021-06-21
PI;2021;27;3646;50;301775.0;6689;3273227.0;2021-06-28
PI;2021;28;3232;48;305007.0;6737;3273227.0;2021-07-05
PI;2021;29;2391;51;307398.0;6788;3273227.0;2021-07-12
PI;2021;30;2301;47;309699.0;6835;3273227.0;2021-07-19
PI;2021;31;1898;35;311597.0;6870;3273227.0;2021-07-26
PI;2021;32;1588;32;313185.0;6902;3273227.0;2021-08-02
PI;2021;33;1494;18;314679.0;6920;3273227.0;2021-08-09
PI;2021;34;1374;21;316053.0;6941;3273227.0;2021-08-16
PI;2021;35;1208;12;317261.0;6953;3273227.0;2021-08-23
PI;2021;36;657;16;317918.0;6969;3273227.0;2021-08-30
PI;2021;37;453;16;318371.0;6985;3273227.0;2021-09-06
PI;2021;38;548;12;318919.0;6997;3273227.0;2021-09-13
PI;2021;39;653;19;319572.0;7016;3273227.0;2021-09-20
PI;2021;40;1701;17;321273.0;7033;3273227.0;2021-09-27
PI;2021;41;1469;31;322742.0;7064;3273227.0;2021-10-04
PI;2021;42;1386;16;324128.0;7080;3273227.0;2021-10-11
PI;2021;43;1364;18;325492.0;7098;3273227.0;2021-10-18
PI;2021;44;1438;13;326930.0;7111;3273227.0;2021-10-25
PI;2021;45;1396;20;328326.0;7131;3273227.0;2021-11-01
PI;2021;46;1044;30;329370.0;7161;3273227.0;2021-11-08
PI;2021;47;1722;20;331092.0;7181;3273227.0;2021-11-15
PI;2021;48;1437;21;332529.0;7202;3273227.0;2021-11-22
PI;2021;49;1086;28;333615.0;7230;3273227.0;2021-11-29
PI;2021;50;276;15;333891.0;7245;3273227.0;2021-12-06
PI;2021;51;329;21;334220.0;7266;3273227.0;2021-12-13
PI;2021;52;220;9;334440.0;7275;3273227.0;2021-12-20
PI;2021;53;538;11;143210.0;2848;3273227.0;2020-12-28
PI;2022;1;9907;20;344379.0;7295;3273227.0;2021-12-27
PI;2022;2;442;17;344821.0;7312;3273227.0;2022-01-03
PI;2022;3;-6744;31;345078.0;7343;3273227.0;2022-01-10
PI;2022;4;3891;21;341968.0;7364;3273227.0;2022-01-17
PI;2022;5;8068;72;350036.0;7436;3273227.0;2022-01-24
PI;2022;6;6780;90;356816.0;7526;3273227.0;2022-01-31
PI;2022;7;5215;73;362031.0;7599;3273227.0;2022-02-07
PI;2022;8;3001;41;365032.0;7640;3273227.0;2022-02-14
PI;2022;9;864;39;365896.0;7679;3273227.0;2022-02-21
PI;2022;10;636;19;366532.0;7698;3273227.0;2022-02-28
PI;2022;11;661;16;367193.0;7714;3273227.0;2022-03-07
PI;2022;12;318;6;367511.0;7720;3273227.0;2022-03-14
PI;2022;13;191;9;367702.0;7729;3273227.0;2022-03-21
PI;2022;14;185;3;367887.0;7732;3273227.0;2022-03-28
PI;2022;15;96;3;367983.0;7735;3273227.0;2022-04-04
PI;2022;16;39;0;368022.0;7735;3273227.0;2022-04-11
PI;2022;17;8;1;368030.0;7736;3273227.0;2022-04-18
PI;2022;18;11;0;368041.0;7736;3273227.0;2022-04-25
PI;2022;19;18;3;368059.0;7739;3273227.0;2022-05-02
PI;2022;20;10;4;368069.0;7743;3273227.0;2022-05-09
PI;2022;21;16;3;368085.0;7746;3273227.0;2022-05-16
PI;2022;22;16;0;368101.0;7746;3273227.0;2022-05-23
PI;2022;23;145;2;368246.0;7748;3273227.0;2022-05-30
PI;2022;24;132;1;368378.0;7749;3273227.0;2022-06-06
PI;2022;25;2766;11;371144.0;7760;3273227.0;2022-06-13
PI;2022;26;2351;7;373495.0;7767;3273227.0;2022-06-20
PI;2022;27;3291;22;376786.0;7789;3273227.0;2022-06-27
PI;2022;28;3608;37;380394.0;7826;3273227.0;2022-07-04
PI;2022;29;3223;25;383617.0;7851;3273227.0;2022-07-11
PI;2022;30;3037;28;386654.0;7879;3273227.0;2022-07-18
PI;2022;31;3423;23;390077.0;7902;3273227.0;2022-07-25
PI;2022;32;3026;12;393103.0;7914;3273227.0;2022-08-01
PI;2022;33;1838;11;394941.0;7925;3273227.0;2022-08-08
PI;2022;34;1974;8;396915.0;7933;3273227.0;2022-08-15
PI;2022;35;1824;7;398739.0;7940;3273227.0;2022-08-22
PI;2022;36;1421;5;400160.0;7945;3273227.0;2022-08-29
PI;2022;37;1144;3;401304.0;7948;3273227.0;2022-09-05
PI;2022;38;495;4;401799.0;7952;3273227.0;2022-09-12
PI;2022;39;22;2;401821.0;7954;3273227.0;2022-09-19
PI;2022;40;1337;2;403158.0;7956;3273227.0;2022-09-26
PI;2022;41;539;0;403697.0;7956;3273227.0;2022-10-03
PI;2022;42;337;2;404034.0;7958;3273227.0;2022-10-10
PI;2022;43;446;1;404480.0;7959;3273227.0;2022-10-17
PI;2022;44;413;0;404893.0;7959;3273227.0;2022-10-24
PI;2022;45;150;1;405043.0;7960;3273227.0;2022-10-31
PI;2022;46;109;0;405152.0;7960;3273227.0;2022-11-07
PI;2022;47;159;4;405311.0;7964;3273227.0;2022-11-14
PI;2022;48;412;5;405723.0;7969;3273227.0;2022-11-21
PI;2022;49;1055;10;406778.0;7979;3273227.0;2022-11-28
PI;2022;50;1909;9;408687.0;7988;3273227.0;2022-12-05
PI;2022;51;2721;18;411408.0;8006;3273227.0;2022-12-12
PI;2022;52;2159;21;413535.0;8027;3273227.0;2021-12-27
PI;2023;1;1514;9;433695.0;8398;3273227.0;2022-12-26
PI;2023;2;2334;9;417383.0;8045;3273227.0;2023-01-02
PI;2023;3;1568;7;418951.0;8052;3273227.0;2023-01-09
PI;2023;4;1849;6;420800.0;8058;3273227.0;2023-01-16
PI;2023;5;1572;4;422372.0;8062;3273227.0;2023-01-23
PI;2023;6;1413;3;423785.0;8065;3273227.0;2023-01-30
PI;2023;7;991;2;424776.0;8067;3273227.0;2023-02-06
PI;2023;8;90;287;424866.0;8354;3273227.0;2023-02-13
PI;2023;9;0;0;424866.0;8354;3273227.0;2023-02-20
PI;2023;10;1991;4;426857.0;8358;3273227.0;2023-02-27
PI;2023;11;1165;1;428022.0;8359;3273227.0;2023-03-06
PI;2023;12;228;8;428250.0;8367;3273227.0;2023-03-13
PI;2023;13;0;0;428250.0;8367;3273227.0;2023-03-20
PI;2023;14;285;0;428535.0;8367;3273227.0;2023-03-27
PI;2023;15;0;0;428535.0;8367;3273227.0;2023-04-03
PI;2023;16;606;2;429141.0;8369;3273227.0;2023-04-10
PI;2023;17;293;2;429434.0;8371;3273227.0;2023-04-17
PI;2023;18;262;4;429696.0;8375;3273227.0;2023-04-24
PI;2023;19;389;0;430085.0;8375;3273227.0;2023-05-01
PI;2023;20;421;0;430506.0;8375;3273227.0;2023-05-08
PI;2023;21;491;4;430997.0;8379;3273227.0;2023-05-15
PI;2023;22;877;3;431874.0;8382;3273227.0;2023-05-22
PI;2023;23;0;0;431874.0;8382;3273227.0;2023-05-29
PI;2023;24;0;5;431874.0;8387;3273227.0;2023-06-05
PI;2023;25;1254;2;433128.0;8389;3273227.0;2023-06-12
PI;2023;26;0;0;433128.0;8389;3273227.0;2023-06-19
PI;2023;27;0;0;433128.0;8389;3273227.0;2023-06-26
PI;2023;28;310;4;433438.0;8393;3273227.0;2023-07-03
PI;2023;29;0;0;433438.0;8393;3273227.0;2023-07-10
PI;2023;30;0;0;433438.0;8393;3273227.0;2023-07-17
PI;2023;31;0;0;433438.0;8393;3273227.0;2023-07-24
PI;2023;32;248;5;433686.0;8398;3273227.0;2023-07-31
PI;2023;33;0;0;433686.0;8398;3273227.0;2023-08-07
PI;2023;34;0;0;433686.0;8398;3273227.0;2023-08-14
PI;2023;35;0;0;433686.0;8398;3273227.0;2023-08-21
PI;2023;36;0;0;433686.0;8398;3273227.0;2023-08-28
PI;2023;37;9;0;433695.0;8398;3273227.0;2023-09-04
PI;2023;38;0;0;433695.0;8398;3273227.0;2023-09-11
PI;2023;39;0;0;433695.0;8398;3273227.0;2023-09-18
PI;2023;40;0;0;433695.0;8398;3273227.0;2023-09-25
PI;2023;41;0;0;433695.0;8398;3273227.0;2023-10-02
PI;2023;42;0;0;433695.0;8398;3273227.0;2023-10-09
PI;2023;43;0;0;433695.0;8398;3273227.0;2023-10-16
PI;2023;44;0;0;433695.0;8398;3273227.0;2023-10-23
PI;2023;45;0;0;433695.0;8398;3273227.0;2023-10-30
PI;2023;46;0;0;433695.0;8398;3273227.0;2023-11-06
PI;2023;47;0;0;433695.0;8398;3273227.0;2023-11-13
PI;2023;48;0;0;433695.0;8398;3273227.0;2023-11-20
PI;2023;49;0;0;433695.0;8398;3273227.0;2023-11-27
PI;2023;50;0;0;433695.0;8398;3273227.0;2023-12-04
PI;2023;51;0;0;433695.0;8398;3273227.0;2023-12-11
PI;2023;52;0;0;433695.0;8398;3273227.0;2023-12-18
PI;2024;1;0;0;438696.0;8445;3273227.0;2024-01-01
PI;2024;2;0;0;433695.0;8398;3273227.0;2024-01-01
PI;2024;3;1720;25;435415.0;8423;3273227.0;2024-01-08
PI;2024;4;803;8;436218.0;8431;3273227.0;2024-01-15
PI;2024;5;1318;5;437536.0;8436;3273227.0;2024-01-22
PI;2024;6;0;0;437536.0;8436;3273227.0;2024-01-29
PI;2024;7;162;4;437698.0;8440;3273227.0;2024-02-05
PI;2024;8;491;0;438189.0;8440;3273227.0;2024-02-12
PI;2024;9;0;0;438189.0;8440;3273227.0;2024-02-19
PI;2024;10;180;1;438369.0;8441;3273227.0;2024-02-26
PI;2024;11;35;0;438404.0;8441;3273227.0;2024-03-04
PI;2024;12;32;0;438436.0;8441;3273227.0;2024-03-11
PI;2024;13;0;0;438436.0;8441;3273227.0;2024-03-18
PI;2024;14;0;0;438436.0;8441;3273227.0;2024-03-25
PI;2024;15;12;0;438448.0;8441;3273227.0;2024-04-01
PI;2024;16;104;1;438552.0;8442;3273227.0;2024-04-08
PI;2024;17;0;0;438552.0;8442;3273227.0;2024-04-15
PI;2024;18;0;0;438552.0;8442;3273227.0;2024-04-22
PI;2024;19;0;0;438552.0;8442;3273227.0;2024-04-29
PI;2024;20;18;0;438570.0;8442;3273227.0;2024-05-06
PI;2024;21;0;0;438570.0;8442;3273227.0;2024-05-13
PI;2024;22;0;0;438570.0;8442;3273227.0;2024-05-20
PI;2024;23;0;0;438570.0;8442;3273227.0;2024-05-27
PI;2024;24;0;0;438570.0;8442;3273227.0;2024-06-03
PI;2024;25;13;1;438583.0;8443;3273227.0;2024-06-10
PI;2024;26;0;0;438583.0;8443;3273227.0;2024-06-17
PI;2024;27;0;0;438583.0;8443;3273227.0;2024-06-24
PI;2024;28;0;0;438583.0;8443;3273227.0;2024-07-01
PI;2024;29;0;0;438583.0;8443;3273227.0;2024-07-08
PI;2024;30;13;0;438596.0;8443;3273227.0;2024-07-15
PI;2024;31;0;0;438596.0;8443;3273227.0;2024-07-22
PI;2024;32;0;0;438596.0;8443;3273227.0;2024-07-29
PI;2024;33;0;0;438596.0;8443;3273227.0;2024-08-05
PI;2024;34;0;0;438596.0;8443;3273227.0;2024-08-12
PI;2024;35;0;0;438596.0;8443;3273227.0;2024-08-19
PI;2024;36;39;2;438635.0;8445;3273227.0;2024-08-26
PI;2024;37;0;0;438635.0;8445;3273227.0;2024-09-02
PI;2024;38;0;0;438635.0;8445;3273227.0;2024-09-09
PI;2024;39;0;0;438635.0;8445;3273227.0;2024-09-16
PI;2024;40;0;0;438635.0;8445;3273227.0;2024-09-23
PI;2024;41;0;0;438635.0;8445;3273227.0;2024-09-30
PI;2024;42;0;0;438635.0;8445;3273227.0;2024-10-07
PI;2024;43;0;0;438635.0;8445;3273227.0;2024-10-14
PI;2024;44;41;0;438676.0;8445;3273227.0;2024-10-21
PI;2024;45;0;0;438676.0;8445;3273227.0;2024-10-28
PI;2024;46;0;0;438676.0;8445;3273227.0;2024-11-04
PI;2024;47;10;0;438686.0;8445;3273227.0;2024-11-11
PI;2024;48;0;0;438686.0;8445;3273227.0;2024-11-18
PI;2024;49;0;0;438686.0;8445;3273227.0;2024-11-25
PI;2024;50;10;0;438696.0;8445;3273227.0;2024-12-02
PI;2024;51;0;0;438696.0;8445;3273227.0;2024-12-09
PI;2024;52;0;0;438696.0;8445;3273227.0;2024-12-16
PI;2025;1;46;1;438742.0;8446;3273227.0;2024-12-30
PI;2025;2;0;0;438742.0;8446;3273227.0;2024-12-30
PI;2025;3;146;0;438888.0;8446;3273227.0;2025-01-06
PI;2025;4;0;0;438888.0;8446;3273227.0;2025-01-13
PI;2025;5;0;0;438888.0;8446;3273227.0;2025-01-20
PI;2025;6;0;0;438888.0;8446;3273227.0;2025-01-27
PI;2025;7;372;3;439260.0;8449;3273227.0;2025-02-03
PI;2025;8;0;0;439260.0;8449;3273227.0;2025-02-10
PI;2025;9;0;0;439260.0;8449;3273227.0;2025-02-17
PI;2025;10;0;0;439260.0;8449;3273227.0;2025-02-24
PI;2025;11;0;0;439260.0;8449;3273227.0;2025-03-03
PI;2025;12;0;0;439260.0;8449;3273227.0;2025-03-10
PI;2025;13;0;0;439260.0;8449;3273227.0;2025-03-17
PI;2025;14;0;0;439260.0;8449;3273227.0;2025-03-24
PI;2025;15;0;0;439260.0;8449;3273227.0;2025-03-31
PI;2025;16;0;0;439260.0;8449;3273227.0;2025-04-07
PI;2025;17;0;0;439260.0;8449;3273227.0;2025-04-14
PI;2025;18;0;0;439260.0;8449;3273227.0;2025-04-21
PI;2025;19;0;0;439260.0;8449;3273227.0;2025-04-28
PI;2025;20;0;0;439260.0;8449;3273227.0;2025-05-05
PI;2025;21;0;0;439260.0;8449;3273227.0;2025-05-12
PI;2025;22;0;0;439260.0;8449;3273227.0;2025-05-19
PI;2025;23;0;0;439260.0;8449;3273227.0;2025-05-26
PI;2025;24;0;0;439260.0;8449;3273227.0;2025-06-02
PI;2025;25;0;0;439260.0;8449;3273227.0;2025-06-09
PI;2025;26;0;0;439260.0;8449;3273227.0;2025-06-16
PI;2025;27;0;0;439260.0;8449;3273227.0;2025-06-23
PI;2025;28;0;0;439260.0;8449;3273227.0;2025-06-30
PI;2025;29;0;0;439260.0;8449;3273227.0;2025-07-07
PI;2025;30;0;0;439260.0;8449;3273227.0;2025-07-14
PI;2025;31;0;0;439260.0;8449;3273227.0;2025-07-21
PI;2025;32;0;0;439260.0;8449;3273227.0;2025-07-28
PI;2025;33;0;0;439260.0;8449;3273227.0;2025-08-04
PI;2025;34;0;0;439260.0;8449;3273227.0;2025-08-11
PI;2025;35;0;0;439260.0;8449;3273227.0;2025-08-18
PI;2025;36;0;0;439260.0;8449;3273227.0;2025-08-25
PR;2020;9;0;0;0.0;0;11433957.0;2020-02-24
PR;2020;10;0;0;0.0;0;11433957.0;2020-02-24
PR;2020;11;6;0;6.0;0;11433957.0;2020-03-02
PR;2020;12;37;0;43.0;0;11433957.0;2020-03-09
PR;2020;13;90;2;133.0;2;11433957.0;2020-03-16
PR;2020;14;262;4;395.0;6;11433957.0;2020-03-23
PR;2020;15;281;20;676.0;26;11433957.0;2020-03-30
PR;2020;16;269;20;945.0;46;11433957.0;2020-04-06
PR;2020;17;195;23;1140.0;69;11433957.0;2020-04-13
PR;2020;18;352;21;1492.0;90;11433957.0;2020-04-20
PR;2020;19;293;17;1785.0;107;11433957.0;2020-04-27
PR;2020;20;457;16;2242.0;123;11433957.0;2020-05-04
PR;2020;21;857;27;3099.0;150;11433957.0;2020-05-11
PR;2020;22;1374;31;4473.0;181;11433957.0;2020-05-18
PR;2020;23;2132;51;12482.0;249;11433957.0;2020-05-25
PR;2020;24;2628;80;9233.0;312;11433957.0;2020-06-01
PR;2020;25;4429;116;13662.0;428;11433957.0;2020-06-08
PR;2020;26;6378;160;19819.0;575;11433957.0;2020-06-15
PR;2020;27;10859;189;30570.0;763;11433957.0;2020-06-22
PR;2020;28;10366;256;40797.0;1016;11433957.0;2020-06-29
PR;2020;29;12877;294;53553.0;1308;11433957.0;2020-07-06
PR;2020;30;12148;347;65593.0;1653;11433957.0;2020-07-13
PR;2020;31;12472;323;77930.0;1975;11433957.0;2020-07-20
PR;2020;32;11121;299;88899.0;2270;11433957.0;2020-07-27
PR;2020;33;15044;398;103771.0;2665;11433957.0;2020-08-03
PR;2020;34;13185;302;116848.0;2961;11433957.0;2020-08-10
PR;2020;35;12231;277;128967.0;3234;11433957.0;2020-08-17
PR;2020;36;12805;302;141648.0;3537;11433957.0;2020-08-24
PR;2020;37;11385;266;152913.0;3801;11433957.0;2020-08-31
PR;2020;38;10661;295;163479.0;4093;11433957.0;2020-09-07
PR;2020;39;10658;251;174011.0;4344;11433957.0;2020-09-14
PR;2020;40;9806;231;183715.0;4574;11433957.0;2020-09-21
PR;2020;41;7482;184;191135.0;4755;11433957.0;2020-09-28
PR;2020;42;7675;167;198744.0;4921;11433957.0;2020-10-05
PR;2020;43;8178;172;206822.0;5092;11433957.0;2020-10-12
PR;2020;44;6726;126;213482.0;5216;11433957.0;2020-10-19
PR;2020;45;6962;146;220408.0;5362;11433957.0;2020-10-26
PR;2020;46;18116;329;238314.0;5691;11433957.0;2020-11-02
PR;2020;47;16242;156;254487.0;5846;11433957.0;2020-11-09
PR;2020;48;21801;264;276185.0;6107;11433957.0;2020-11-16
PR;2020;49;24183;316;300271.0;6421;11433957.0;2020-11-23
PR;2020;50;27126;341;327299.0;6760;11433957.0;2020-11-30
PR;2020;51;47142;512;374349.0;7271;11433957.0;2020-12-07
PR;2020;52;26041;386;400288.0;7656;11433957.0;2020-12-14
PR;2020;53;16388;319;416566.0;7974;11433957.0;2020-12-21
PR;2021;1;52569;751;471639.0;8742;11433957.0;2020-12-28
PR;2021;2;29600;335;501036.0;9073;11433957.0;2021-01-04
PR;2021;3;21234;275;522169.0;9355;11433957.0;2021-01-11
PR;2021;4;25376;665;547430.0;10013;11433957.0;2021-01-18
PR;2021;5;21028;366;568350.0;10377;11433957.0;2021-01-25
PR;2021;6;18693;354;586944.0;10728;11433957.0;2021-02-01
PR;2021;7;25240;396;612084.0;11120;11433957.0;2021-02-08
PR;2021;8;31402;517;643344.0;11635;11433957.0;2021-02-15
PR;2021;9;37612;719;680777.0;12344;11433957.0;2021-02-22
PR;2021;10;77231;1157;757791.0;13492;11433957.0;2021-03-01
PR;2021;11;36854;1355;794443.0;14840;11433957.0;2021-03-08
PR;2021;12;39531;1287;833786.0;16124;11433957.0;2021-03-15
PR;2021;13;24162;1133;857951.0;17257;11433957.0;2021-03-22
PR;2021;14;23594;1737;881493.0;18993;11433957.0;2021-03-29
PR;2021;15;24415;1316;905751.0;20297;11433957.0;2021-04-05
PR;2021;16;21882;1197;927563.0;21481;11433957.0;2021-04-12
PR;2021;17;24372;1078;951882.0;22557;11433957.0;2021-04-19
PR;2021;18;30692;1221;982534.0;23777;11433957.0;2021-04-26
PR;2021;19;35662;817;1018196.0;24597;11433957.0;2021-05-03
PR;2021;20;41343;885;1059503.0;25481;11433957.0;2021-05-10
PR;2021;21;30377;893;1089777.0;26370;11433957.0;2021-05-17
PR;2021;22;25948;654;1115638.0;27018;11433957.0;2021-05-24
PR;2021;23;31776;1073;1147348.0;28086;11433957.0;2021-05-31
PR;2021;24;45896;1898;1192936.0;29975;11433957.0;2021-06-07
PR;2021;25;71589;464;1264321.0;30438;11433957.0;2021-06-14
PR;2021;26;36508;891;1300485.0;31325;11433957.0;2021-06-21
PR;2021;27;23830;1076;1324251.0;32398;11433957.0;2021-06-28
PR;2021;28;19658;1294;1343827.0;33680;11433957.0;2021-07-05
PR;2021;29;16248;584;1360016.0;34264;11433957.0;2021-07-12
PR;2021;30;18497;970;1379001.0;35233;11433957.0;2021-07-19
PR;2021;31;21801;549;1401131.0;35774;11433957.0;2021-07-26
PR;2021;32;13521;664;1414605.0;36432;11433957.0;2021-08-02
PR;2021;33;26374;492;1440654.0;36911;11433957.0;2021-08-09
PR;2021;34;13794;457;1454459.0;37365;11433957.0;2021-08-16
PR;2021;35;12158;356;1466759.0;37721;11433957.0;2021-08-23
PR;2021;36;9436;307;1476317.0;38027;11433957.0;2021-08-30
PR;2021;37;12093;378;1488604.0;38407;11433957.0;2021-09-06
PR;2021;38;13667;429;1502370.0;38837;11433957.0;2021-09-13
PR;2021;39;12667;324;1515046.0;39161;11433957.0;2021-09-20
PR;2021;40;11259;348;1526276.0;39510;11433957.0;2021-09-27
PR;2021;41;8676;283;1534935.0;39793;11433957.0;2021-10-04
PR;2021;42;9382;393;1544288.0;40186;11433957.0;2021-10-11
PR;2021;43;9731;319;1553985.0;40503;11433957.0;2021-10-18
PR;2021;44;7901;112;1561863.0;40611;11433957.0;2021-10-25
PR;2021;45;7091;97;1568932.0;40706;11433957.0;2021-11-01
PR;2021;46;3370;42;1572303.0;40749;11433957.0;2021-11-08
PR;2021;47;5336;21;1577632.0;40771;11433957.0;2021-11-15
PR;2021;48;4243;35;1581863.0;40807;11433957.0;2021-11-22
PR;2021;49;5876;22;1587725.0;40829;11433957.0;2021-11-29
PR;2021;50;4740;28;1592434.0;40855;11433957.0;2021-12-06
PR;2021;51;2585;23;1594979.0;40877;11433957.0;2021-12-13
PR;2021;52;3441;12;1598302.0;40889;11433957.0;2021-12-20
PR;2021;53;3076;28;419615.0;8001;11433957.0;2020-12-28
PR;2022;1;28035;23;1626381.0;40912;11433957.0;2021-12-27
PR;2022;2;68391;19;1693867.0;40931;11433957.0;2022-01-03
PR;2022;3;110918;52;1804018.0;40982;11433957.0;2022-01-10
PR;2022;4;138588;203;1941986.0;41185;11433957.0;2022-01-17
PR;2022;5;138623;238;2080186.0;41423;11433957.0;2022-01-24
PR;2022;6;106853;320;2186697.0;41743;11433957.0;2022-01-31
PR;2022;7;81942;301;2268412.0;42040;11433957.0;2022-02-07
PR;2022;8;56759;241;2325021.0;42281;11433957.0;2022-02-14
PR;2022;9;29940;194;2354860.0;42474;11433957.0;2022-02-21
PR;2022;10;25094;182;2379905.0;42655;11433957.0;2022-02-28
PR;2022;11;16075;146;2395931.0;42800;11433957.0;2022-03-07
PR;2022;12;11228;95;2407125.0;42894;11433957.0;2022-03-14
PR;2022;13;10417;39;2417504.0;42933;11433957.0;2022-03-21
PR;2022;14;9019;45;2426507.0;42978;11433957.0;2022-03-28
PR;2022;15;7749;57;2434237.0;43035;11433957.0;2022-04-04
PR;2022;16;8382;40;2442595.0;43075;11433957.0;2022-04-11
PR;2022;17;12868;26;2455420.0;43101;11433957.0;2022-04-18
PR;2022;18;15117;39;2470510.0;43140;11433957.0;2022-04-25
PR;2022;19;18673;52;2489143.0;43191;11433957.0;2022-05-02
PR;2022;20;21243;58;2510336.0;43247;11433957.0;2022-05-09
PR;2022;21;10824;71;2521915.0;43317;11433957.0;2022-05-16
PR;2022;22;27193;83;2548210.0;43399;11433957.0;2022-05-23
PR;2022;23;21624;75;2569772.0;43473;11433957.0;2022-05-30
PR;2022;24;16661;53;2586384.0;43525;11433957.0;2022-06-06
PR;2022;25;22424;126;2608725.0;43651;11433957.0;2022-06-13
PR;2022;26;22611;167;2631251.0;43818;11433957.0;2022-06-20
PR;2022;27;18257;213;2649452.0;44030;11433957.0;2022-06-27
PR;2022;28;16510;186;2665907.0;44216;11433957.0;2022-07-04
PR;2022;29;14355;154;2680215.0;44370;11433957.0;2022-07-11
PR;2022;30;12339;136;2692520.0;44505;11433957.0;2022-07-18
PR;2022;31;11704;139;2704187.0;44644;11433957.0;2022-07-25
PR;2022;32;11733;225;2715889.0;44869;11433957.0;2022-08-01
PR;2022;33;8816;63;2724678.0;44932;11433957.0;2022-08-08
PR;2022;34;7212;160;2731877.0;45092;11433957.0;2022-08-15
PR;2022;35;5442;55;2737312.0;45145;11433957.0;2022-08-22
PR;2022;36;3865;41;2741166.0;45186;11433957.0;2022-08-29
PR;2022;37;3098;70;2744258.0;45255;11433957.0;2022-09-05
PR;2022;38;2439;56;2746689.0;45311;11433957.0;2022-09-12
PR;2022;39;1834;37;2748520.0;45348;11433957.0;2022-09-19
PR;2022;40;1502;20;2750019.0;45368;11433957.0;2022-09-26
PR;2022;41;970;10;2750989.0;45378;11433957.0;2022-10-03
PR;2022;42;1204;34;2752192.0;45412;11433957.0;2022-10-10
PR;2022;43;1178;27;2753364.0;45439;11433957.0;2022-10-17
PR;2022;44;949;15;2754310.0;45454;11433957.0;2022-10-24
PR;2022;45;1866;1;2756167.0;45458;11433957.0;2022-10-31
PR;2022;46;4484;10;2760620.0;45465;11433957.0;2022-11-07
PR;2022;47;10718;25;2771289.0;45490;11433957.0;2022-11-14
PR;2022;48;15370;33;2786601.0;45523;11433957.0;2022-11-21
PR;2022;49;18069;46;2804624.0;45569;11433957.0;2022-11-28
PR;2022;50;22864;52;2827420.0;45621;11433957.0;2022-12-05
PR;2022;51;19082;50;2846440.0;45671;11433957.0;2022-12-12
PR;2022;52;15585;48;2861213.0;45718;11433957.0;2021-12-27
PR;2023;1;12240;86;2979254.0;46758;11433957.0;2022-12-26
PR;2023;2;23493;69;2896800.0;45873;11433957.0;2023-01-02
PR;2023;3;8032;57;2904800.0;45929;11433957.0;2023-01-09
PR;2023;4;3341;29;2908123.0;45957;11433957.0;2023-01-16
PR;2023;5;2551;0;2910663.0;45962;11433957.0;2023-01-23
PR;2023;6;2597;16;2913256.0;45973;11433957.0;2023-01-30
PR;2023;7;1803;-7;2915047.0;45973;11433957.0;2023-02-06
PR;2023;8;1716;39;2916751.0;46004;11433957.0;2023-02-13
PR;2023;9;3433;18;2920177.0;46022;11433957.0;2023-02-20
PR;2023;10;1764;11;2921941.0;46033;11433957.0;2023-02-27
PR;2023;11;2101;18;2924042.0;46051;11433957.0;2023-03-06
PR;2023;12;2191;34;2926233.0;46085;11433957.0;2023-03-13
PR;2023;13;1941;9;2928174.0;46094;11433957.0;2023-03-20
PR;2023;14;2014;53;2930188.0;46147;11433957.0;2023-03-27
PR;2023;15;1867;53;2932055.0;46200;11433957.0;2023-04-03
PR;2023;16;1994;53;2934049.0;46253;11433957.0;2023-04-10
PR;2023;17;1435;69;2935484.0;46322;11433957.0;2023-04-17
PR;2023;18;1010;16;2936494.0;46338;11433957.0;2023-04-24
PR;2023;19;2247;6;2938741.0;46344;11433957.0;2023-05-01
PR;2023;20;1530;-10;2940271.0;46344;11433957.0;2023-05-08
PR;2023;21;1290;19;2941561.0;46353;11433957.0;2023-05-15
PR;2023;22;1579;28;2943140.0;46381;11433957.0;2023-05-22
PR;2023;23;949;15;2944089.0;46396;11433957.0;2023-05-29
PR;2023;24;1185;2;2945274.0;46398;11433957.0;2023-06-05
PR;2023;25;1012;19;2946286.0;46417;11433957.0;2023-06-12
PR;2023;26;651;2;2946937.0;46419;11433957.0;2023-06-19
PR;2023;27;393;9;2947330.0;46428;11433957.0;2023-06-26
PR;2023;28;420;7;2947750.0;46435;11433957.0;2023-07-03
PR;2023;29;441;6;2948191.0;46441;11433957.0;2023-07-10
PR;2023;30;278;4;2948469.0;46445;11433957.0;2023-07-17
PR;2023;31;1400;5;2949869.0;46450;11433957.0;2023-07-24
PR;2023;32;577;9;2950446.0;46459;11433957.0;2023-07-31
PR;2023;33;546;5;2950992.0;46464;11433957.0;2023-08-07
PR;2023;34;722;29;2951714.0;46493;11433957.0;2023-08-14
PR;2023;35;581;-1;2952295.0;46493;11433957.0;2023-08-21
PR;2023;36;471;0;2952766.0;46492;11433957.0;2023-08-28
PR;2023;37;1235;7;2954001.0;46499;11433957.0;2023-09-04
PR;2023;38;1231;18;2955232.0;46517;11433957.0;2023-09-11
PR;2023;39;1556;14;2956788.0;46531;11433957.0;2023-09-18
PR;2023;40;1987;6;2958775.0;46537;11433957.0;2023-09-25
PR;2023;41;1642;29;2960417.0;46566;11433957.0;2023-10-02
PR;2023;42;3244;45;2963661.0;46611;11433957.0;2023-10-09
PR;2023;43;6075;58;2969736.0;46669;11433957.0;2023-10-16
PR;2023;44;2126;27;2971862.0;46696;11433957.0;2023-10-23
PR;2023;45;4536;35;2976398.0;46731;11433957.0;2023-10-30
PR;2023;46;2856;27;2979254.0;46758;11433957.0;2023-11-06
PR;2023;47;0;0;2979254.0;46758;11433957.0;2023-11-13
PR;2023;48;0;0;2979254.0;46758;11433957.0;2023-11-20
PR;2023;49;0;0;2979254.0;46758;11433957.0;2023-11-27
PR;2023;50;0;0;2979254.0;46758;11433957.0;2023-12-04
PR;2023;51;0;0;2979254.0;46758;11433957.0;2023-12-11
PR;2023;52;0;0;2979254.0;46758;11433957.0;2023-12-18
PR;2024;1;0;0;3037555.0;47106;11433957.0;2024-01-01
PR;2024;2;4015;35;2983269.0;46793;11433957.0;2024-01-01
PR;2024;3;1075;15;2984344.0;46808;11433957.0;2024-01-08
PR;2024;4;1584;18;2985928.0;46826;11433957.0;2024-01-15
PR;2024;5;1837;18;2987765.0;46844;11433957.0;2024-01-22
PR;2024;6;2040;16;2989805.0;46860;11433957.0;2024-01-29
PR;2024;7;1426;8;2991231.0;46868;11433957.0;2024-02-05
PR;2024;8;4242;4;2995473.0;46872;11433957.0;2024-02-12
PR;2024;9;3721;10;2999194.0;46882;11433957.0;2024-02-19
PR;2024;10;3963;0;3003157.0;46882;11433957.0;2024-02-26
PR;2024;11;3737;24;3006894.0;46906;11433957.0;2024-03-04
PR;2024;12;2789;10;3009683.0;46916;11433957.0;2024-03-11
PR;2024;13;2696;5;3012379.0;46921;11433957.0;2024-03-18
PR;2024;14;2332;9;3014711.0;46930;11433957.0;2024-03-25
PR;2024;15;1760;-1;3016471.0;46930;11433957.0;2024-04-01
PR;2024;16;628;8;3017099.0;46937;11433957.0;2024-04-08
PR;2024;17;469;2;3017568.0;46939;11433957.0;2024-04-15
PR;2024;18;456;5;3018024.0;46944;11433957.0;2024-04-22
PR;2024;19;409;2;3018433.0;46946;11433957.0;2024-04-29
PR;2024;20;446;3;3018879.0;46949;11433957.0;2024-05-06
PR;2024;21;389;-18;3019268.0;46949;11433957.0;2024-05-13
PR;2024;22;374;2;3019642.0;46933;11433957.0;2024-05-20
PR;2024;23;542;0;3020184.0;46933;11433957.0;2024-05-27
PR;2024;24;463;2;3020647.0;46935;11433957.0;2024-06-03
PR;2024;25;371;6;3021018.0;46941;11433957.0;2024-06-10
PR;2024;26;253;4;3021271.0;46945;11433957.0;2024-06-17
PR;2024;27;232;2;3021503.0;46947;11433957.0;2024-06-24
PR;2024;28;344;0;3021847.0;46947;11433957.0;2024-07-01
PR;2024;29;435;0;3022282.0;46947;11433957.0;2024-07-08
PR;2024;30;309;-1;3022591.0;46947;11433957.0;2024-07-15
PR;2024;31;0;0;3022591.0;46946;11433957.0;2024-07-22
PR;2024;32;656;5;3023247.0;46951;11433957.0;2024-07-29
PR;2024;33;0;0;3023247.0;46951;11433957.0;2024-08-05
PR;2024;34;1691;-6;3024938.0;46951;11433957.0;2024-08-12
PR;2024;35;582;-5;3025520.0;46945;11433957.0;2024-08-19
PR;2024;36;657;15;3026177.0;46955;11433957.0;2024-08-26
PR;2024;37;460;4;3026637.0;46959;11433957.0;2024-09-02
PR;2024;38;1599;60;3028236.0;47019;11433957.0;2024-09-09
PR;2024;39;792;-4;3029028.0;47019;11433957.0;2024-09-16
PR;2024;40;-531;-1;3029028.0;47015;11433957.0;2024-09-23
PR;2024;41;531;1;3029028.0;47015;11433957.0;2024-09-30
PR;2024;42;0;0;3029028.0;47015;11433957.0;2024-10-07
PR;2024;43;2177;6;3031205.0;47021;11433957.0;2024-10-14
PR;2024;44;635;8;3031840.0;47029;11433957.0;2024-10-21
PR;2024;45;831;1;3032671.0;47030;11433957.0;2024-10-28
PR;2024;46;512;1;3033183.0;47031;11433957.0;2024-11-04
PR;2024;47;452;13;3033635.0;47044;11433957.0;2024-11-11
PR;2024;48;3138;8;3036773.0;47052;11433957.0;2024-11-18
PR;2024;49;782;54;3037555.0;47106;11433957.0;2024-11-25
PR;2024;50;0;0;3037555.0;47106;11433957.0;2024-12-02
PR;2024;51;0;0;3037555.0;47106;11433957.0;2024-12-09
PR;2024;52;0;0;3037555.0;47106;11433957.0;2024-12-16
PR;2025;1;0;0;3037555.0;47106;11433957.0;2024-12-30
PR;2025;2;641;-28;3038196.0;47106;11433957.0;2024-12-30
PR;2025;3;386;-8;3038582.0;47078;11433957.0;2025-01-06
PR;2025;4;0;0;3038582.0;47070;11433957.0;2025-01-13
PR;2025;5;0;0;3038582.0;47070;11433957.0;2025-01-20
PR;2025;6;0;0;3038582.0;47070;11433957.0;2025-01-27
PR;2025;7;743;9;3039325.0;47079;11433957.0;2025-02-03
PR;2025;8;757;1;3040082.0;47080;11433957.0;2025-02-10
PR;2025;9;1202;2;3041284.0;47082;11433957.0;2025-02-17
PR;2025;10;0;0;3041284.0;47082;11433957.0;2025-02-24
PR;2025;11;0;0;3041284.0;47082;11433957.0;2025-03-03
PR;2025;12;0;0;3041284.0;47082;11433957.0;2025-03-10
PR;2025;13;0;0;3041284.0;47082;11433957.0;2025-03-17
PR;2025;14;0;0;3041284.0;47082;11433957.0;2025-03-24
PR;2025;15;0;0;3041284.0;47082;11433957.0;2025-03-31
PR;2025;16;0;0;3041284.0;47082;11433957.0;2025-04-07
PR;2025;17;0;0;3041284.0;47082;11433957.0;2025-04-14
PR;2025;18;0;0;3041284.0;47082;11433957.0;2025-04-21
PR;2025;19;0;0;3041284.0;47082;11433957.0;2025-04-28
PR;2025;20;0;0;3041284.0;47082;11433957.0;2025-05-05
PR;2025;21;0;0;3041284.0;47082;11433957.0;2025-05-12
PR;2025;22;0;0;3041284.0;47082;11433957.0;2025-05-19
PR;2025;23;0;0;3041284.0;47082;11433957.0;2025-05-26
PR;2025;24;0;0;3041284.0;47082;11433957.0;2025-06-02
PR;2025;25;0;0;3041284.0;47082;11433957.0;2025-06-09
PR;2025;26;0;0;3041284.0;47082;11433957.0;2025-06-16
PR;2025;27;0;0;3041284.0;47082;11433957.0;2025-06-23
PR;2025;28;0;0;3041284.0;47082;11433957.0;2025-06-30
PR;2025;29;0;0;3041284.0;47082;11433957.0;2025-07-07
PR;2025;30;0;0;3041284.0;47082;11433957.0;2025-07-14
PR;2025;31;0;0;3041284.0;47082;11433957.0;2025-07-21
PR;2025;32;0;0;3041284.0;47082;11433957.0;2025-07-28
PR;2025;33;0;0;3041284.0;47082;11433957.0;2025-08-04
PR;2025;34;0;0;3041284.0;47082;11433957.0;2025-08-11
PR;2025;35;0;0;3041284.0;47082;11433957.0;2025-08-18
PR;2025;36;0;0;3041284.0;47082;11433957.0;2025-08-25
RJ;2020;9;0;0;0.0;0;17264943.0;2020-02-24
RJ;2020;10;2;0;2.0;0;17264943.0;2020-02-24
RJ;2020;11;20;0;22.0;0;17264943.0;2020-03-02
RJ;2020;12;97;3;119.0;3;17264943.0;2020-03-09
RJ;2020;13;439;10;558.0;13;17264943.0;2020-03-16
RJ;2020;14;689;45;1246.0;58;17264943.0;2020-03-23
RJ;2020;15;1361;97;2607.0;155;17264943.0;2020-03-30
RJ;2020;16;1936;232;4543.0;387;17264943.0;2020-04-06
RJ;2020;17;2284;228;6828.0;615;17264943.0;2020-04-13
RJ;2020;18;3718;357;10546.0;971;17264943.0;2020-04-20
RJ;2020;19;6395;681;16929.0;1653;17264943.0;2020-04-27
RJ;2020;20;4668;961;21601.0;2614;17264943.0;2020-05-04
RJ;2020;21;12931;1291;34533.0;3905;17264943.0;2020-05-11
RJ;2020;22;17880;1372;52420.0;5277;17264943.0;2020-05-18
RJ;2020;23;12113;1362;64533.0;6639;17264943.0;2020-05-25
RJ;2020;24;14303;953;78836.0;7592;17264943.0;2020-06-01
RJ;2020;25;16701;1232;95537.0;8824;17264943.0;2020-06-08
RJ;2020;26;13266;965;108803.0;9789;17264943.0;2020-06-15
RJ;2020;27;11637;835;120440.0;10624;17264943.0;2020-06-22
RJ;2020;28;9235;782;129675.0;11406;17264943.0;2020-06-29
RJ;2020;29;5555;513;135230.0;11919;17264943.0;2020-07-06
RJ;2020;30;21063;889;156293.0;12808;17264943.0;2020-07-13
RJ;2020;31;10920;748;167213.0;13556;17264943.0;2020-07-20
RJ;2020;32;11311;514;178524.0;14070;17264943.0;2020-07-27
RJ;2020;33;12090;456;190614.0;14526;17264943.0;2020-08-03
RJ;2020;34;19850;741;210464.0;15267;17264943.0;2020-08-10
RJ;2020;35;12493;749;222957.0;16016;17264943.0;2020-08-17
RJ;2020;36;9790;510;232747.0;16526;17264943.0;2020-08-24
RJ;2020;37;8029;459;240776.0;16985;17264943.0;2020-08-31
RJ;2020;38;10485;649;251261.0;17634;17264943.0;2020-09-07
RJ;2020;39;8409;613;259670.0;18247;17264943.0;2020-09-14
RJ;2020;40;11905;502;271575.0;18749;17264943.0;2020-09-21
RJ;2020;41;11832;535;283407.0;19284;17264943.0;2020-09-28
RJ;2020;42;6162;431;289569.0;19715;17264943.0;2020-10-05
RJ;2020;43;9254;456;298823.0;20171;17264943.0;2020-10-12
RJ;2020;44;11154;429;309977.0;20600;17264943.0;2020-10-19
RJ;2020;45;5371;305;315348.0;20905;17264943.0;2020-10-26
RJ;2020;46;11297;379;326645.0;21284;17264943.0;2020-11-02
RJ;2020;47;10632;687;337277.0;21971;17264943.0;2020-11-09
RJ;2020;48;15483;568;352760.0;22539;17264943.0;2020-11-16
RJ;2020;49;17507;560;370267.0;23099;17264943.0;2020-11-23
RJ;2020;50;18164;619;388431.0;23718;17264943.0;2020-11-30
RJ;2020;51;15229;736;403660.0;24454;17264943.0;2020-12-07
RJ;2020;52;16415;451;420075.0;24905;17264943.0;2020-12-14
RJ;2020;53;14573;625;434648.0;25530;17264943.0;2020-12-21
RJ;2021;1;24262;1096;459866.0;26704;17264943.0;2020-12-28
RJ;2021;2;21245;1051;481111.0;27755;17264943.0;2021-01-04
RJ;2021;3;19074;1057;500185.0;28812;17264943.0;2021-01-11
RJ;2021;4;20545;977;520730.0;29789;17264943.0;2021-01-18
RJ;2021;5;17094;807;537824.0;30596;17264943.0;2021-01-25
RJ;2021;6;16216;787;554040.0;31383;17264943.0;2021-02-01
RJ;2021;7;17394;784;571434.0;32167;17264943.0;2021-02-08
RJ;2021;8;10730;868;582164.0;33035;17264943.0;2021-02-15
RJ;2021;9;10341;677;592505.0;33712;17264943.0;2021-02-22
RJ;2021;10;13947;592;606452.0;34304;17264943.0;2021-03-01
RJ;2021;11;12776;713;619228.0;35017;17264943.0;2021-03-08
RJ;2021;12;19253;1009;638481.0;36026;17264943.0;2021-03-15
RJ;2021;13;18658;1603;657139.0;37629;17264943.0;2021-03-22
RJ;2021;14;21462;1669;678601.0;39298;17264943.0;2021-03-29
RJ;2021;15;20821;1864;699422.0;41162;17264943.0;2021-04-05
RJ;2021;16;24158;1695;723580.0;42857;17264943.0;2021-04-12
RJ;2021;17;21876;1762;745456.0;44619;17264943.0;2021-04-19
RJ;2021;18;39050;1755;784506.0;46374;17264943.0;2021-04-26
RJ;2021;19;30681;1577;815187.0;47951;17264943.0;2021-05-03
RJ;2021;20;24436;1487;839623.0;49438;17264943.0;2021-05-10
RJ;2021;21;19326;1112;858949.0;50550;17264943.0;2021-05-17
RJ;2021;22;24411;958;883360.0;51508;17264943.0;2021-05-24
RJ;2021;23;21869;1419;905229.0;52927;17264943.0;2021-05-31
RJ;2021;24;26656;1215;931885.0;54142;17264943.0;2021-06-07
RJ;2021;25;18992;1011;950877.0;55153;17264943.0;2021-06-14
RJ;2021;26;14822;858;965699.0;56011;17264943.0;2021-06-21
RJ;2021;27;15389;744;981088.0;56755;17264943.0;2021-06-28
RJ;2021;28;17831;767;998919.0;57522;17264943.0;2021-07-05
RJ;2021;29;14825;839;1013744.0;58361;17264943.0;2021-07-12
RJ;2021;30;18095;908;1031839.0;59269;17264943.0;2021-07-19
RJ;2021;31;27072;690;1058911.0;59959;17264943.0;2021-07-26
RJ;2021;32;21835;673;1080746.0;60632;17264943.0;2021-08-02
RJ;2021;33;23469;736;1104215.0;61368;17264943.0;2021-08-09
RJ;2021;34;20397;853;1124612.0;62221;17264943.0;2021-08-16
RJ;2021;35;12040;921;1136652.0;63142;17264943.0;2021-08-23
RJ;2021;36;22436;704;1159088.0;63846;17264943.0;2021-08-30
RJ;2021;37;107794;997;1266882.0;64843;17264943.0;2021-09-06
RJ;2021;38;12024;770;1278906.0;65613;17264943.0;2021-09-13
RJ;2021;39;10733;809;1289639.0;66422;17264943.0;2021-09-20
RJ;2021;40;9854;748;1299493.0;67170;17264943.0;2021-09-27
RJ;2021;41;7182;405;1306675.0;67575;17264943.0;2021-10-04
RJ;2021;42;7930;422;1314605.0;67997;17264943.0;2021-10-11
RJ;2021;43;6569;350;1321174.0;68347;17264943.0;2021-10-18
RJ;2021;44;5302;147;1326476.0;68494;17264943.0;2021-10-25
RJ;2021;45;6198;225;1332674.0;68719;17264943.0;2021-11-01
RJ;2021;46;4417;113;1337091.0;68832;17264943.0;2021-11-08
RJ;2021;47;5580;179;1342671.0;69011;17264943.0;2021-11-15
RJ;2021;48;4327;121;1346998.0;69132;17264943.0;2021-11-22
RJ;2021;49;2522;127;1349520.0;69259;17264943.0;2021-11-29
RJ;2021;50;79;79;1349599.0;69338;17264943.0;2021-12-06
RJ;2021;51;1193;66;1350792.0;69404;17264943.0;2021-12-13
RJ;2021;52;2032;63;1352824.0;69467;17264943.0;2021-12-20
RJ;2021;53;956;78;435604.0;25608;17264943.0;2020-12-28
RJ;2022;1;29632;58;1382484.0;69530;17264943.0;2021-12-27
RJ;2022;2;56227;49;1438711.0;69579;17264943.0;2022-01-03
RJ;2022;3;163355;95;1602066.0;69674;17264943.0;2022-01-10
RJ;2022;4;145821;175;1747887.0;69849;17264943.0;2022-01-17
RJ;2022;5;105107;357;1852994.0;70206;17264943.0;2022-01-24
RJ;2022;6;61951;567;1914945.0;70773;17264943.0;2022-01-31
RJ;2022;7;45092;505;1960037.0;71278;17264943.0;2022-02-07
RJ;2022;8;33773;445;1993810.0;71723;17264943.0;2022-02-14
RJ;2022;9;17405;224;2011215.0;71947;17264943.0;2022-02-21
RJ;2022;10;25068;233;2036283.0;72180;17264943.0;2022-02-28
RJ;2022;11;22288;284;2058571.0;72464;17264943.0;2022-03-07
RJ;2022;12;20077;186;2078648.0;72650;17264943.0;2022-03-14
RJ;2022;13;13964;208;2092612.0;72858;17264943.0;2022-03-21
RJ;2022;14;15805;181;2108417.0;73039;17264943.0;2022-03-28
RJ;2022;15;8853;89;2117270.0;73128;17264943.0;2022-04-04
RJ;2022;16;14593;79;2131863.0;73207;17264943.0;2022-04-11
RJ;2022;17;8629;230;2140492.0;73437;17264943.0;2022-04-18
RJ;2022;18;9795;106;2150287.0;73543;17264943.0;2022-04-25
RJ;2022;19;12067;89;2162354.0;73632;17264943.0;2022-05-02
RJ;2022;20;6245;94;2168599.0;73726;17264943.0;2022-05-09
RJ;2022;21;15639;71;2184238.0;73797;17264943.0;2022-05-16
RJ;2022;22;23974;33;2208212.0;73830;17264943.0;2022-05-23
RJ;2022;23;34925;40;2243137.0;73870;17264943.0;2022-05-30
RJ;2022;24;31372;87;2274509.0;73957;17264943.0;2022-06-06
RJ;2022;25;41674;96;2316183.0;74053;17264943.0;2022-06-13
RJ;2022;26;39188;104;2355371.0;74157;17264943.0;2022-06-20
RJ;2022;27;31104;131;2386475.0;74288;17264943.0;2022-06-27
RJ;2022;28;25365;173;2411840.0;74461;17264943.0;2022-07-04
RJ;2022;29;18453;135;2430293.0;74596;17264943.0;2022-07-11
RJ;2022;30;14801;170;2445094.0;74766;17264943.0;2022-07-18
RJ;2022;31;12549;179;2457643.0;74945;17264943.0;2022-07-25
RJ;2022;32;11335;217;2468978.0;75162;17264943.0;2022-08-01
RJ;2022;33;7227;93;2476205.0;75255;17264943.0;2022-08-08
RJ;2022;34;6035;100;2482240.0;75355;17264943.0;2022-08-15
RJ;2022;35;12473;124;2494713.0;75479;17264943.0;2022-08-22
RJ;2022;36;5813;79;2500526.0;75558;17264943.0;2022-08-29
RJ;2022;37;6007;59;2506533.0;75617;17264943.0;2022-09-05
RJ;2022;38;2538;48;2509071.0;75665;17264943.0;2022-09-12
RJ;2022;39;6995;30;2516066.0;75695;17264943.0;2022-09-19
RJ;2022;40;6061;55;2522127.0;75750;17264943.0;2022-09-26
RJ;2022;41;4025;8;2526152.0;75765;17264943.0;2022-10-03
RJ;2022;42;3729;45;2529881.0;75803;17264943.0;2022-10-10
RJ;2022;43;4931;50;2534812.0;75853;17264943.0;2022-10-17
RJ;2022;44;4368;28;2539180.0;75881;17264943.0;2022-10-24
RJ;2022;45;18799;27;2557979.0;75908;17264943.0;2022-10-31
RJ;2022;46;32521;36;2590500.0;75944;17264943.0;2022-11-07
RJ;2022;47;30074;110;2620574.0;76054;17264943.0;2022-11-14
RJ;2022;48;25068;89;2645642.0;76143;17264943.0;2022-11-21
RJ;2022;49;15294;63;2660936.0;76206;17264943.0;2022-11-28
RJ;2022;50;16901;82;2677837.0;76288;17264943.0;2022-12-05
RJ;2022;51;13420;53;2691257.0;76341;17264943.0;2022-12-12
RJ;2022;52;10149;172;2701378.0;76508;17264943.0;2021-12-27
RJ;2023;1;7695;37;2892619.0;77765;17264943.0;2022-12-26
RJ;2023;2;6576;60;2715649.0;76605;17264943.0;2023-01-02
RJ;2023;3;3410;31;2719059.0;76636;17264943.0;2023-01-09
RJ;2023;4;7974;28;2727033.0;76664;17264943.0;2023-01-16
RJ;2023;5;4211;28;2731244.0;76692;17264943.0;2023-01-23
RJ;2023;6;4040;33;2735284.0;76725;17264943.0;2023-01-30
RJ;2023;7;5446;56;2740730.0;76781;17264943.0;2023-02-06
RJ;2023;8;3660;30;2744390.0;76811;17264943.0;2023-02-13
RJ;2023;9;9969;41;2754359.0;76852;17264943.0;2023-02-20
RJ;2023;10;7982;52;2762341.0;76904;17264943.0;2023-02-27
RJ;2023;11;7969;68;2770310.0;76972;17264943.0;2023-03-06
RJ;2023;12;7170;48;2777480.0;77020;17264943.0;2023-03-13
RJ;2023;13;6270;24;2783750.0;77044;17264943.0;2023-03-20
RJ;2023;14;3415;25;2787165.0;77069;17264943.0;2023-03-27
RJ;2023;15;4661;42;2791826.0;77111;17264943.0;2023-04-03
RJ;2023;16;3809;-2;2795635.0;77111;17264943.0;2023-04-10
RJ;2023;17;2978;11;2798613.0;77120;17264943.0;2023-04-17
RJ;2023;18;2673;24;2801286.0;77144;17264943.0;2023-04-24
RJ;2023;19;2526;22;2803812.0;77166;17264943.0;2023-05-01
RJ;2023;20;2056;11;2805868.0;77177;17264943.0;2023-05-08
RJ;2023;21;2018;45;2807886.0;77222;17264943.0;2023-05-15
RJ;2023;22;565;7;2808451.0;77229;17264943.0;2023-05-22
RJ;2023;23;1811;17;2810262.0;77246;17264943.0;2023-05-29
RJ;2023;24;3167;27;2813429.0;77273;17264943.0;2023-06-05
RJ;2023;25;474;18;2813903.0;77291;17264943.0;2023-06-12
RJ;2023;26;2299;9;2816202.0;77300;17264943.0;2023-06-19
RJ;2023;27;1505;12;2817707.0;77312;17264943.0;2023-06-26
RJ;2023;28;1502;13;2819209.0;77325;17264943.0;2023-07-03
RJ;2023;29;1349;19;2820558.0;77344;17264943.0;2023-07-10
RJ;2023;30;855;9;2821413.0;77353;17264943.0;2023-07-17
RJ;2023;31;1156;14;2822569.0;77367;17264943.0;2023-07-24
RJ;2023;32;1576;3;2824145.0;77370;17264943.0;2023-07-31
RJ;2023;33;1584;2;2825729.0;77372;17264943.0;2023-08-07
RJ;2023;34;1875;4;2827604.0;77376;17264943.0;2023-08-14
RJ;2023;35;2871;2;2830475.0;77378;17264943.0;2023-08-21
RJ;2023;36;2268;47;2832743.0;77425;17264943.0;2023-08-28
RJ;2023;37;4750;14;2837493.0;77439;17264943.0;2023-09-04
RJ;2023;38;6519;31;2844012.0;77470;17264943.0;2023-09-11
RJ;2023;39;7141;7;2851153.0;77477;17264943.0;2023-09-18
RJ;2023;40;4633;40;2855786.0;77517;17264943.0;2023-09-25
RJ;2023;41;3442;0;2859228.0;77517;17264943.0;2023-10-02
RJ;2023;42;2341;15;2861569.0;77532;17264943.0;2023-10-09
RJ;2023;43;8360;53;2869929.0;77585;17264943.0;2023-10-16
RJ;2023;44;3259;8;2873188.0;77593;17264943.0;2023-10-23
RJ;2023;45;4407;42;2877595.0;77635;17264943.0;2023-10-30
RJ;2023;46;1574;21;2879169.0;77656;17264943.0;2023-11-06
RJ;2023;47;1014;37;2880183.0;77693;17264943.0;2023-11-13
RJ;2023;48;4643;13;2884826.0;77706;17264943.0;2023-11-20
RJ;2023;49;1929;36;2886755.0;77742;17264943.0;2023-11-27
RJ;2023;50;2433;18;2889188.0;77760;17264943.0;2023-12-04
RJ;2023;51;1530;-1;2890718.0;77760;17264943.0;2023-12-11
RJ;2023;52;1901;6;2892619.0;77765;17264943.0;2023-12-18
RJ;2024;1;2141;5;2980323.0;78303;17264943.0;2024-01-01
RJ;2024;2;1512;29;2896272.0;77799;17264943.0;2024-01-01
RJ;2024;3;862;15;2897134.0;77814;17264943.0;2024-01-08
RJ;2024;4;3468;8;2900602.0;77822;17264943.0;2024-01-15
RJ;2024;5;1351;23;2901953.0;77845;17264943.0;2024-01-22
RJ;2024;6;3014;6;2904967.0;77851;17264943.0;2024-01-29
RJ;2024;7;7367;15;2912334.0;77866;17264943.0;2024-02-05
RJ;2024;8;9021;23;2921355.0;77889;17264943.0;2024-02-12
RJ;2024;9;5870;33;2927225.0;77922;17264943.0;2024-02-19
RJ;2024;10;2528;36;2929753.0;77958;17264943.0;2024-02-26
RJ;2024;11;2081;13;2931834.0;77971;17264943.0;2024-03-04
RJ;2024;12;6658;28;2938492.0;77999;17264943.0;2024-03-11
RJ;2024;13;1546;25;2940038.0;78024;17264943.0;2024-03-18
RJ;2024;14;1409;21;2941447.0;78045;17264943.0;2024-03-25
RJ;2024;15;1691;12;2943138.0;78057;17264943.0;2024-04-01
RJ;2024;16;275;20;2943413.0;78077;17264943.0;2024-04-08
RJ;2024;17;239;13;2943652.0;78090;17264943.0;2024-04-15
RJ;2024;18;257;15;2943909.0;78105;17264943.0;2024-04-22
RJ;2024;19;2649;13;2946558.0;78118;17264943.0;2024-04-29
RJ;2024;20;303;9;2946861.0;78127;17264943.0;2024-05-06
RJ;2024;21;2471;5;2949332.0;78132;17264943.0;2024-05-13
RJ;2024;22;357;11;2949689.0;78143;17264943.0;2024-05-20
RJ;2024;23;1243;0;2950932.0;78143;17264943.0;2024-05-27
RJ;2024;24;0;0;2950932.0;78143;17264943.0;2024-06-03
RJ;2024;25;-1600;-11;2950932.0;78143;17264943.0;2024-06-10
RJ;2024;26;2803;15;2952135.0;78147;17264943.0;2024-06-17
RJ;2024;27;755;6;2952890.0;78153;17264943.0;2024-06-24
RJ;2024;28;183;8;2953073.0;78161;17264943.0;2024-07-01
RJ;2024;29;255;2;2953328.0;78163;17264943.0;2024-07-08
RJ;2024;30;93;1;2953421.0;78164;17264943.0;2024-07-15
RJ;2024;31;349;0;2953770.0;78164;17264943.0;2024-07-22
RJ;2024;32;232;5;2954002.0;78169;17264943.0;2024-07-29
RJ;2024;33;275;16;2954277.0;78185;17264943.0;2024-08-05
RJ;2024;34;347;1;2954624.0;78186;17264943.0;2024-08-12
RJ;2024;35;3195;-4;2957819.0;78186;17264943.0;2024-08-19
RJ;2024;36;1415;-1;2959234.0;78182;17264943.0;2024-08-26
RJ;2024;37;898;17;2960132.0;78198;17264943.0;2024-09-02
RJ;2024;38;709;-2;2960841.0;78198;17264943.0;2024-09-09
RJ;2024;39;1102;8;2961943.0;78204;17264943.0;2024-09-16
RJ;2024;40;648;3;2962591.0;78207;17264943.0;2024-09-23
RJ;2024;41;819;8;2963410.0;78215;17264943.0;2024-09-30
RJ;2024;42;889;12;2964299.0;78227;17264943.0;2024-10-07
RJ;2024;43;281;-1;2964580.0;78227;17264943.0;2024-10-14
RJ;2024;44;1639;12;2966219.0;78238;17264943.0;2024-10-21
RJ;2024;45;1389;-3;2967608.0;78238;17264943.0;2024-10-28
RJ;2024;46;1102;4;2968710.0;78239;17264943.0;2024-11-04
RJ;2024;47;2238;5;2970948.0;78244;17264943.0;2024-11-11
RJ;2024;48;2510;8;2973458.0;78252;17264943.0;2024-11-18
RJ;2024;49;2090;17;2975548.0;78269;17264943.0;2024-11-25
RJ;2024;50;2053;3;2977601.0;78272;17264943.0;2024-12-02
RJ;2024;51;1869;24;2979470.0;78296;17264943.0;2024-12-09
RJ;2024;52;853;7;2980323.0;78303;17264943.0;2024-12-16
RJ;2025;1;216;10;2980539.0;78313;17264943.0;2024-12-30
RJ;2025;2;1250;7;2981789.0;78320;17264943.0;2024-12-30
RJ;2025;3;622;3;2982411.0;78323;17264943.0;2025-01-06
RJ;2025;4;1449;26;2983860.0;78349;17264943.0;2025-01-13
RJ;2025;5;611;9;2984471.0;78358;17264943.0;2025-01-20
RJ;2025;6;657;6;2985128.0;78364;17264943.0;2025-01-27
RJ;2025;7;325;9;2985453.0;78373;17264943.0;2025-02-03
RJ;2025;8;764;14;2986217.0;78387;17264943.0;2025-02-10
RJ;2025;9;299;4;2986516.0;78391;17264943.0;2025-02-17
RJ;2025;10;328;1;2986844.0;78392;17264943.0;2025-02-24
RJ;2025;11;564;2;2987408.0;78394;17264943.0;2025-03-03
RJ;2025;12;373;0;2987781.0;78394;17264943.0;2025-03-10
RJ;2025;13;247;-1;2988028.0;78394;17264943.0;2025-03-17
RJ;2025;14;201;6;2988229.0;78399;17264943.0;2025-03-24
RJ;2025;15;508;2;2988737.0;78401;17264943.0;2025-03-31
RJ;2025;16;117;-1;2988854.0;78401;17264943.0;2025-04-07
RJ;2025;17;249;0;2989103.0;78400;17264943.0;2025-04-14
RJ;2025;18;152;2;2989255.0;78402;17264943.0;2025-04-21
RJ;2025;19;55;0;2989310.0;78402;17264943.0;2025-04-28
RJ;2025;20;615;1;2989925.0;78403;17264943.0;2025-05-05
RJ;2025;21;315;10;2990240.0;78413;17264943.0;2025-05-12
RJ;2025;22;287;1;2990527.0;78414;17264943.0;2025-05-19
RJ;2025;23;304;1;2990831.0;78415;17264943.0;2025-05-26
RJ;2025;24;412;0;2991243.0;78415;17264943.0;2025-06-02
RJ;2025;25;214;0;2991457.0;78415;17264943.0;2025-06-09
RJ;2025;26;394;7;2991851.0;78422;17264943.0;2025-06-16
RJ;2025;27;333;1;2992184.0;78423;17264943.0;2025-06-23
RJ;2025;28;627;10;2992811.0;78433;17264943.0;2025-06-30
RJ;2025;29;578;6;2993389.0;78439;17264943.0;2025-07-07
RJ;2025;30;870;6;2994259.0;78445;17264943.0;2025-07-14
RJ;2025;31;975;12;2995234.0;78457;17264943.0;2025-07-21
RJ;2025;32;832;-3;2996066.0;78457;17264943.0;2025-07-28
RJ;2025;33;1348;10;2997414.0;78464;17264943.0;2025-08-04
RJ;2025;34;1592;5;2999006.0;78469;17264943.0;2025-08-11
RJ;2025;35;1238;4;3000244.0;78473;17264943.0;2025-08-18
RJ;2025;36;0;0;3000244.0;78473;17264943.0;2025-08-25
RN;2020;9;0;0;0.0;0;3506853.0;2020-02-24
RN;2020;10;0;0;0.0;0;3506853.0;2020-02-24
RN;2020;11;1;0;1.0;0;3506853.0;2020-03-02
RN;2020;12;5;0;6.0;0;3506853.0;2020-03-09
RN;2020;13;39;0;45.0;0;3506853.0;2020-03-16
RN;2020;14;172;5;212.0;5;3506853.0;2020-03-23
RN;2020;15;78;8;289.0;13;3506853.0;2020-03-30
RN;2020;16;226;11;516.0;24;3506853.0;2020-04-06
RN;2020;17;268;17;781.0;40;3506853.0;2020-04-13
RN;2020;18;584;20;1366.0;59;3506853.0;2020-04-20
RN;2020;19;555;28;1919.0;87;3506853.0;2020-04-27
RN;2020;20;1090;50;3004.0;136;3506853.0;2020-05-04
RN;2020;21;1595;48;4599.0;184;3506853.0;2020-05-11
RN;2020;22;2814;121;7402.0;305;3506853.0;2020-05-18
RN;2020;23;2055;107;9449.0;410;3506853.0;2020-05-25
RN;2020;24;4346;123;13789.0;533;3506853.0;2020-06-01
RN;2020;25;5433;165;19206.0;697;3506853.0;2020-06-08
RN;2020;26;4992;206;24253.0;909;3506853.0;2020-06-15
RN;2020;27;10004;291;34257.0;1200;3506853.0;2020-06-22
RN;2020;28;4359;180;38616.0;1380;3506853.0;2020-06-29
RN;2020;29;4835;192;43451.0;1572;3506853.0;2020-07-06
RN;2020;30;3475;100;46926.0;1672;3506853.0;2020-07-13
RN;2020;31;4631;207;51557.0;1879;3506853.0;2020-07-20
RN;2020;32;3593;91;55150.0;1970;3506853.0;2020-07-27
RN;2020;33;2510;92;57921.0;2062;3506853.0;2020-08-03
RN;2020;34;1733;103;59393.0;2165;3506853.0;2020-08-10
RN;2020;35;2114;77;61507.0;2242;3506853.0;2020-08-17
RN;2020;36;2186;43;63693.0;2285;3506853.0;2020-08-24
RN;2020;37;1352;28;65045.0;2313;3506853.0;2020-08-31
RN;2020;38;1918;35;66963.0;2348;3506853.0;2020-09-07
RN;2020;39;1537;24;68500.0;2372;3506853.0;2020-09-14
RN;2020;40;2053;30;70553.0;2402;3506853.0;2020-09-21
RN;2020;41;2072;14;72625.0;2416;3506853.0;2020-09-28
RN;2020;42;4224;135;76849.0;2551;3506853.0;2020-10-05
RN;2020;43;2854;11;79703.0;2562;3506853.0;2020-10-12
RN;2020;44;1473;15;81176.0;2577;3506853.0;2020-10-19
RN;2020;45;1186;21;82362.0;2598;3506853.0;2020-10-26
RN;2020;46;1039;42;83401.0;2640;3506853.0;2020-11-02
RN;2020;47;2377;18;85778.0;2658;3506853.0;2020-11-09
RN;2020;48;7594;26;93372.0;2684;3506853.0;2020-11-16
RN;2020;49;4209;41;97581.0;2725;3506853.0;2020-11-23
RN;2020;50;5265;65;102846.0;2790;3506853.0;2020-11-30
RN;2020;51;4808;73;107654.0;2863;3506853.0;2020-12-07
RN;2020;52;6550;60;114204.0;2923;3506853.0;2020-12-14
RN;2020;53;3879;70;118083.0;2993;3506853.0;2020-12-21
RN;2021;1;5092;91;123783.0;3086;3506853.0;2020-12-28
RN;2021;2;5766;87;129549.0;3173;3506853.0;2021-01-04
RN;2021;3;5332;57;134881.0;3230;3506853.0;2021-01-11
RN;2021;4;5151;52;140032.0;3282;3506853.0;2021-01-18
RN;2021;5;3487;46;143519.0;3328;3506853.0;2021-01-25
RN;2021;6;4680;64;148199.0;3392;3506853.0;2021-02-01
RN;2021;7;11622;80;159821.0;3472;3506853.0;2021-02-08
RN;2021;8;5523;106;165344.0;3578;3506853.0;2021-02-15
RN;2021;9;6834;140;172178.0;3718;3506853.0;2021-02-22
RN;2021;10;7947;162;180125.0;3880;3506853.0;2021-03-01
RN;2021;11;3165;221;183290.0;4101;3506853.0;2021-03-08
RN;2021;12;8481;293;191771.0;4394;3506853.0;2021-03-15
RN;2021;13;7299;222;199070.0;4616;3506853.0;2021-03-22
RN;2021;14;7290;252;206360.0;4868;3506853.0;2021-03-29
RN;2021;15;5530;225;211890.0;5093;3506853.0;2021-04-05
RN;2021;16;5012;216;216902.0;5309;3506853.0;2021-04-12
RN;2021;17;7343;174;224245.0;5483;3506853.0;2021-04-19
RN;2021;18;6418;151;230663.0;5634;3506853.0;2021-04-26
RN;2021;19;18654;171;249317.0;5805;3506853.0;2021-05-03
RN;2021;20;7822;162;257139.0;5967;3506853.0;2021-05-10
RN;2021;21;9942;122;267081.0;6089;3506853.0;2021-05-17
RN;2021;22;7174;171;274255.0;6260;3506853.0;2021-05-24
RN;2021;23;7275;180;281530.0;6440;3506853.0;2021-05-31
RN;2021;24;8987;131;290517.0;6571;3506853.0;2021-06-07
RN;2021;25;44412;146;334929.0;6717;3506853.0;2021-06-14
RN;2021;26;9791;101;344720.0;6818;3506853.0;2021-06-21
RN;2021;27;5592;80;350312.0;6898;3506853.0;2021-06-28
RN;2021;28;2876;97;353188.0;6995;3506853.0;2021-07-05
RN;2021;29;4453;53;357641.0;7048;3506853.0;2021-07-12
RN;2021;30;2024;45;359665.0;7093;3506853.0;2021-07-19
RN;2021;31;1266;87;360931.0;7180;3506853.0;2021-07-26
RN;2021;32;1315;29;362246.0;7209;3506853.0;2021-08-02
RN;2021;33;1713;33;363959.0;7242;3506853.0;2021-08-09
RN;2021;34;893;17;364852.0;7259;3506853.0;2021-08-16
RN;2021;35;595;21;365447.0;7280;3506853.0;2021-08-23
RN;2021;36;818;16;366265.0;7296;3506853.0;2021-08-30
RN;2021;37;790;24;367055.0;7320;3506853.0;2021-09-06
RN;2021;38;1137;13;368192.0;7333;3506853.0;2021-09-13
RN;2021;39;743;7;368935.0;7340;3506853.0;2021-09-20
RN;2021;40;818;10;369753.0;7350;3506853.0;2021-09-27
RN;2021;41;1038;13;370791.0;7363;3506853.0;2021-10-04
RN;2021;42;1090;12;371881.0;7375;3506853.0;2021-10-11
RN;2021;43;1409;21;373290.0;7396;3506853.0;2021-10-18
RN;2021;44;1322;16;374612.0;7412;3506853.0;2021-10-25
RN;2021;45;2803;24;377415.0;7436;3506853.0;2021-11-01
RN;2021;46;1821;30;379236.0;7466;3506853.0;2021-11-08
RN;2021;47;1947;20;381183.0;7486;3506853.0;2021-11-15
RN;2021;48;1628;17;382811.0;7503;3506853.0;2021-11-22
RN;2021;49;1617;20;384428.0;7523;3506853.0;2021-11-29
RN;2021;50;592;19;385020.0;7542;3506853.0;2021-12-06
RN;2021;51;1018;24;386038.0;7566;3506853.0;2021-12-13
RN;2021;52;1164;6;387202.0;7572;3506853.0;2021-12-20
RN;2021;53;608;2;118691.0;2995;3506853.0;2020-12-28
RN;2022;1;2732;12;390084.0;7584;3506853.0;2021-12-27
RN;2022;2;3927;15;394011.0;7599;3506853.0;2022-01-03
RN;2022;3;9310;36;403321.0;7635;3506853.0;2022-01-10
RN;2022;4;20184;61;423505.0;7696;3506853.0;2022-01-17
RN;2022;5;16885;94;440390.0;7790;3506853.0;2022-01-24
RN;2022;6;15959;99;456349.0;7889;3506853.0;2022-01-31
RN;2022;7;12349;99;468698.0;7988;3506853.0;2022-02-07
RN;2022;8;8472;59;477170.0;8047;3506853.0;2022-02-14
RN;2022;9;3081;16;480251.0;8063;3506853.0;2022-02-21
RN;2022;10;4510;31;484761.0;8094;3506853.0;2022-02-28
RN;2022;11;7723;18;492484.0;8112;3506853.0;2022-03-07
RN;2022;12;3129;6;495613.0;8118;3506853.0;2022-03-14
RN;2022;13;2056;4;497669.0;8122;3506853.0;2022-03-21
RN;2022;14;2709;31;500378.0;8153;3506853.0;2022-03-28
RN;2022;15;1478;6;501856.0;8159;3506853.0;2022-04-04
RN;2022;16;762;10;502618.0;8169;3506853.0;2022-04-11
RN;2022;17;794;6;503412.0;8175;3506853.0;2022-04-18
RN;2022;18;350;21;503762.0;8196;3506853.0;2022-04-25
RN;2022;19;508;0;504270.0;8196;3506853.0;2022-05-02
RN;2022;20;282;1;504552.0;8197;3506853.0;2022-05-09
RN;2022;21;872;5;505424.0;8202;3506853.0;2022-05-16
RN;2022;22;2072;9;507496.0;8211;3506853.0;2022-05-23
RN;2022;23;3226;6;510722.0;8217;3506853.0;2022-05-30
RN;2022;24;4376;6;515098.0;8223;3506853.0;2022-06-06
RN;2022;25;6600;18;521698.0;8241;3506853.0;2022-06-13
RN;2022;26;6769;31;528467.0;8272;3506853.0;2022-06-20
RN;2022;27;6784;12;535251.0;8284;3506853.0;2022-06-27
RN;2022;28;5489;22;540740.0;8306;3506853.0;2022-07-04
RN;2022;29;3274;26;544014.0;8332;3506853.0;2022-07-11
RN;2022;30;2659;63;546673.0;8395;3506853.0;2022-07-18
RN;2022;31;1373;16;548046.0;8411;3506853.0;2022-07-25
RN;2022;32;1352;7;549398.0;8418;3506853.0;2022-08-01
RN;2022;33;1197;12;550595.0;8430;3506853.0;2022-08-08
RN;2022;34;712;10;551307.0;8440;3506853.0;2022-08-15
RN;2022;35;676;4;551983.0;8444;3506853.0;2022-08-22
RN;2022;36;902;5;552885.0;8449;3506853.0;2022-08-29
RN;2022;37;3226;4;556111.0;8453;3506853.0;2022-09-05
RN;2022;38;456;2;556567.0;8455;3506853.0;2022-09-12
RN;2022;39;258;14;556825.0;8469;3506853.0;2022-09-19
RN;2022;40;370;1;557195.0;8470;3506853.0;2022-09-26
RN;2022;41;110;0;557305.0;8470;3506853.0;2022-10-03
RN;2022;42;95;3;557400.0;8473;3506853.0;2022-10-10
RN;2022;43;63;9;557463.0;8482;3506853.0;2022-10-17
RN;2022;44;110;1;557573.0;8483;3506853.0;2022-10-24
RN;2022;45;320;1;557893.0;8484;3506853.0;2022-10-31
RN;2022;46;697;1;558590.0;8485;3506853.0;2022-11-07
RN;2022;47;2975;5;561565.0;8490;3506853.0;2022-11-14
RN;2022;48;5309;10;566874.0;8500;3506853.0;2022-11-21
RN;2022;49;5597;11;572471.0;8511;3506853.0;2022-11-28
RN;2022;50;5383;85;577854.0;8596;3506853.0;2022-12-05
RN;2022;51;3369;22;581223.0;8618;3506853.0;2022-12-12
RN;2022;52;1545;71;582618.0;8689;3506853.0;2021-12-27
RN;2023;1;576;4;596172.0;9235;3506853.0;2022-12-26
RN;2023;2;571;2;583765.0;8695;3506853.0;2023-01-02
RN;2023;3;398;5;584163.0;8700;3506853.0;2023-01-09
RN;2023;4;328;5;584491.0;8705;3506853.0;2023-01-16
RN;2023;5;379;2;584870.0;8707;3506853.0;2023-01-23
RN;2023;6;371;4;585241.0;8711;3506853.0;2023-01-30
RN;2023;7;206;1;585447.0;8712;3506853.0;2023-02-06
RN;2023;8;280;3;585727.0;8715;3506853.0;2023-02-13
RN;2023;9;208;0;585935.0;8715;3506853.0;2023-02-20
RN;2023;10;363;1;586298.0;8716;3506853.0;2023-02-27
RN;2023;11;138;0;586436.0;8716;3506853.0;2023-03-06
RN;2023;12;157;4;586593.0;8720;3506853.0;2023-03-13
RN;2023;13;315;1;586908.0;8721;3506853.0;2023-03-20
RN;2023;14;263;3;587171.0;8724;3506853.0;2023-03-27
RN;2023;15;453;3;587624.0;8727;3506853.0;2023-04-03
RN;2023;16;512;7;588136.0;8734;3506853.0;2023-04-10
RN;2023;17;583;48;588719.0;8782;3506853.0;2023-04-17
RN;2023;18;278;4;588997.0;8786;3506853.0;2023-04-24
RN;2023;19;240;5;589237.0;8791;3506853.0;2023-05-01
RN;2023;20;330;9;589567.0;8800;3506853.0;2023-05-08
RN;2023;21;304;14;589871.0;8814;3506853.0;2023-05-15
RN;2023;22;221;137;590092.0;8951;3506853.0;2023-05-22
RN;2023;23;119;0;590211.0;8951;3506853.0;2023-05-29
RN;2023;24;163;6;590374.0;8957;3506853.0;2023-06-05
RN;2023;25;102;3;590476.0;8960;3506853.0;2023-06-12
RN;2023;26;80;5;590556.0;8965;3506853.0;2023-06-19
RN;2023;27;127;1;590683.0;8966;3506853.0;2023-06-26
RN;2023;28;86;3;590769.0;8969;3506853.0;2023-07-03
RN;2023;29;437;1;591206.0;8970;3506853.0;2023-07-10
RN;2023;30;32;17;591238.0;8987;3506853.0;2023-07-17
RN;2023;31;838;6;592076.0;8993;3506853.0;2023-07-24
RN;2023;32;137;2;592213.0;8995;3506853.0;2023-07-31
RN;2023;33;117;25;592330.0;9020;3506853.0;2023-08-07
RN;2023;34;48;38;592378.0;9058;3506853.0;2023-08-14
RN;2023;35;33;1;592411.0;9059;3506853.0;2023-08-21
RN;2023;36;24;0;592435.0;9059;3506853.0;2023-08-28
RN;2023;37;22;5;592457.0;9064;3506853.0;2023-09-04
RN;2023;38;53;13;592510.0;9077;3506853.0;2023-09-11
RN;2023;39;23;30;592533.0;9107;3506853.0;2023-09-18
RN;2023;40;30;6;592563.0;9113;3506853.0;2023-09-25
RN;2023;41;27;1;592590.0;9114;3506853.0;2023-10-02
RN;2023;42;24;29;592614.0;9143;3506853.0;2023-10-09
RN;2023;43;17;10;592631.0;9153;3506853.0;2023-10-16
RN;2023;44;50;12;592681.0;9165;3506853.0;2023-10-23
RN;2023;45;80;4;592761.0;9169;3506853.0;2023-10-30
RN;2023;46;176;7;592937.0;9176;3506853.0;2023-11-06
RN;2023;47;167;5;593104.0;9181;3506853.0;2023-11-13
RN;2023;48;235;15;593339.0;9196;3506853.0;2023-11-20
RN;2023;49;489;5;593828.0;9201;3506853.0;2023-11-27
RN;2023;50;690;12;594518.0;9213;3506853.0;2023-12-04
RN;2023;51;791;15;595309.0;9228;3506853.0;2023-12-11
RN;2023;52;863;7;596172.0;9235;3506853.0;2023-12-18
RN;2024;1;907;5;601973.0;9323;3506853.0;2024-01-01
RN;2024;2;1020;7;598099.0;9247;3506853.0;2024-01-01
RN;2024;3;747;6;598846.0;9253;3506853.0;2024-01-08
RN;2024;4;515;3;599361.0;9256;3506853.0;2024-01-15
RN;2024;5;358;8;599719.0;9264;3506853.0;2024-01-22
RN;2024;6;214;22;599933.0;9286;3506853.0;2024-01-29
RN;2024;7;75;12;600008.0;9298;3506853.0;2024-02-05
RN;2024;8;110;6;600118.0;9304;3506853.0;2024-02-12
RN;2024;9;212;-19;600330.0;9304;3506853.0;2024-02-19
RN;2024;10;63;2;600393.0;9287;3506853.0;2024-02-26
RN;2024;11;45;4;600438.0;9291;3506853.0;2024-03-04
RN;2024;12;54;7;600492.0;9298;3506853.0;2024-03-11
RN;2024;13;13;1;600505.0;9299;3506853.0;2024-03-18
RN;2024;14;51;1;600556.0;9300;3506853.0;2024-03-25
RN;2024;15;49;0;600605.0;9300;3506853.0;2024-04-01
RN;2024;16;126;2;600731.0;9302;3506853.0;2024-04-08
RN;2024;17;30;-1;600761.0;9302;3506853.0;2024-04-15
RN;2024;18;46;1;600807.0;9302;3506853.0;2024-04-22
RN;2024;19;33;4;600840.0;9306;3506853.0;2024-04-29
RN;2024;20;9;0;600849.0;9306;3506853.0;2024-05-06
RN;2024;21;0;0;600849.0;9306;3506853.0;2024-05-13
RN;2024;22;63;1;600912.0;9307;3506853.0;2024-05-20
RN;2024;23;8;0;600920.0;9307;3506853.0;2024-05-27
RN;2024;24;6;1;600926.0;9308;3506853.0;2024-06-03
RN;2024;25;7;5;600933.0;9313;3506853.0;2024-06-10
RN;2024;26;25;0;600958.0;9313;3506853.0;2024-06-17
RN;2024;27;26;0;600984.0;9313;3506853.0;2024-06-24
RN;2024;28;43;0;601027.0;9313;3506853.0;2024-07-01
RN;2024;29;117;0;601144.0;9313;3506853.0;2024-07-08
RN;2024;30;27;0;601171.0;9313;3506853.0;2024-07-15
RN;2024;31;31;0;601202.0;9313;3506853.0;2024-07-22
RN;2024;32;25;1;601227.0;9314;3506853.0;2024-07-29
RN;2024;33;0;0;601227.0;9314;3506853.0;2024-08-05
RN;2024;34;57;0;601284.0;9314;3506853.0;2024-08-12
RN;2024;35;34;1;601318.0;9315;3506853.0;2024-08-19
RN;2024;36;23;0;601341.0;9315;3506853.0;2024-08-26
RN;2024;37;14;0;601355.0;9315;3506853.0;2024-09-02
RN;2024;38;11;3;601366.0;9318;3506853.0;2024-09-09
RN;2024;39;2;0;601368.0;9318;3506853.0;2024-09-16
RN;2024;40;15;2;601383.0;9320;3506853.0;2024-09-23
RN;2024;41;8;0;601391.0;9320;3506853.0;2024-09-30
RN;2024;42;5;0;601396.0;9320;3506853.0;2024-10-07
RN;2024;43;68;1;601464.0;9321;3506853.0;2024-10-14
RN;2024;44;29;0;601493.0;9321;3506853.0;2024-10-21
RN;2024;45;22;0;601515.0;9321;3506853.0;2024-10-28
RN;2024;46;28;0;601543.0;9321;3506853.0;2024-11-04
RN;2024;47;22;0;601565.0;9321;3506853.0;2024-11-11
RN;2024;48;26;0;601591.0;9321;3506853.0;2024-11-18
RN;2024;49;50;0;601641.0;9321;3506853.0;2024-11-25
RN;2024;50;94;1;601735.0;9322;3506853.0;2024-12-02
RN;2024;51;238;1;601973.0;9323;3506853.0;2024-12-09
RN;2024;52;0;0;601973.0;9323;3506853.0;2024-12-16
RN;2025;1;395;4;602368.0;9327;3506853.0;2024-12-30
RN;2025;2;487;4;602855.0;9331;3506853.0;2024-12-30
RN;2025;3;316;2;603171.0;9333;3506853.0;2025-01-06
RN;2025;4;355;2;603526.0;9335;3506853.0;2025-01-13
RN;2025;5;230;4;603756.0;9339;3506853.0;2025-01-20
RN;2025;6;184;3;603940.0;9342;3506853.0;2025-01-27
RN;2025;7;139;0;604079.0;9342;3506853.0;2025-02-03
RN;2025;8;110;1;604189.0;9343;3506853.0;2025-02-10
RN;2025;9;59;0;604248.0;9343;3506853.0;2025-02-17
RN;2025;10;23;1;604271.0;9344;3506853.0;2025-02-24
RN;2025;11;35;0;604306.0;9344;3506853.0;2025-03-03
RN;2025;12;25;0;604331.0;9344;3506853.0;2025-03-10
RN;2025;13;15;1;604346.0;9345;3506853.0;2025-03-17
RN;2025;14;44;0;604390.0;9345;3506853.0;2025-03-24
RN;2025;15;23;0;604413.0;9345;3506853.0;2025-03-31
RN;2025;16;31;0;604444.0;9345;3506853.0;2025-04-07
RN;2025;17;63;0;604507.0;9345;3506853.0;2025-04-14
RN;2025;18;29;0;604536.0;9345;3506853.0;2025-04-21
RN;2025;19;52;1;604588.0;9346;3506853.0;2025-04-28
RN;2025;20;42;0;604630.0;9346;3506853.0;2025-05-05
RN;2025;21;31;1;604661.0;9347;3506853.0;2025-05-12
RN;2025;22;40;0;604701.0;9347;3506853.0;2025-05-19
RN;2025;23;12;0;604713.0;9347;3506853.0;2025-05-26
RN;2025;24;26;0;604739.0;9347;3506853.0;2025-06-02
RN;2025;25;53;1;604792.0;9348;3506853.0;2025-06-09
RN;2025;26;28;0;604820.0;9348;3506853.0;2025-06-16
RN;2025;27;77;0;604897.0;9348;3506853.0;2025-06-23
RN;2025;28;64;0;604961.0;9348;3506853.0;2025-06-30
RN;2025;29;60;1;605021.0;9349;3506853.0;2025-07-07
RN;2025;30;86;0;605107.0;9349;3506853.0;2025-07-14
RN;2025;31;106;2;605213.0;9351;3506853.0;2025-07-21
RN;2025;32;56;0;605269.0;9351;3506853.0;2025-07-28
RN;2025;33;99;2;605368.0;9353;3506853.0;2025-08-04
RN;2025;34;42;1;605410.0;9354;3506853.0;2025-08-11
RN;2025;35;35;0;605445.0;9354;3506853.0;2025-08-18
RN;2025;36;0;0;605445.0;9354;3506853.0;2025-08-25
RO;2020;9;0;0;0.0;0;1777225.0;2020-02-24
RO;2020;10;0;0;0.0;0;1777225.0;2020-02-24
RO;2020;11;0;0;0.0;0;1777225.0;2020-03-02
RO;2020;12;1;0;1.0;0;1777225.0;2020-03-09
RO;2020;13;5;0;6.0;0;1777225.0;2020-03-16
RO;2020;14;5;1;11.0;1;1777225.0;2020-03-23
RO;2020;15;22;1;33.0;2;1777225.0;2020-03-30
RO;2020;16;77;1;110.0;3;1777225.0;2020-04-06
RO;2020;17;218;4;328.0;7;1777225.0;2020-04-13
RO;2020;18;325;16;653.0;23;1777225.0;2020-04-20
RO;2020;19;610;18;1263.0;41;1777225.0;2020-04-27
RO;2020;20;658;28;1919.0;69;1777225.0;2020-05-04
RO;2020;21;1188;46;3109.0;115;1777225.0;2020-05-11
RO;2020;22;1634;36;4743.0;151;1777225.0;2020-05-18
RO;2020;23;2957;77;7700.0;228;1777225.0;2020-05-25
RO;2020;24;4010;81;11710.0;309;1777225.0;2020-06-01
RO;2020;25;3242;100;14952.0;409;1777225.0;2020-06-08
RO;2020;26;4319;67;19271.0;476;1777225.0;2020-06-15
RO;2020;27;3686;72;22957.0;548;1777225.0;2020-06-22
RO;2020;28;3539;69;26496.0;617;1777225.0;2020-06-29
RO;2020;29;2621;69;29117.0;686;1777225.0;2020-07-06
RO;2020;30;6456;124;35573.0;810;1777225.0;2020-07-13
RO;2020;31;3931;71;39504.0;881;1777225.0;2020-07-20
RO;2020;32;4362;59;43866.0;940;1777225.0;2020-07-27
RO;2020;33;3786;72;47652.0;1012;1777225.0;2020-08-03
RO;2020;34;3343;49;50995.0;1061;1777225.0;2020-08-10
RO;2020;35;3501;64;54496.0;1125;1777225.0;2020-08-17
RO;2020;36;3369;55;57865.0;1180;1777225.0;2020-08-24
RO;2020;37;2497;60;60362.0;1240;1777225.0;2020-08-31
RO;2020;38;2335;57;62697.0;1297;1777225.0;2020-09-07
RO;2020;39;2226;36;64923.0;1333;1777225.0;2020-09-14
RO;2020;40;1653;38;66576.0;1371;1777225.0;2020-09-21
RO;2020;41;1236;25;67812.0;1396;1777225.0;2020-09-28
RO;2020;42;1095;25;68907.0;1421;1777225.0;2020-10-05
RO;2020;43;1443;13;70350.0;1434;1777225.0;2020-10-12
RO;2020;44;1316;23;71666.0;1457;1777225.0;2020-10-19
RO;2020;45;1374;17;73040.0;1474;1777225.0;2020-10-26
RO;2020;46;1941;27;74981.0;1501;1777225.0;2020-11-02
RO;2020;47;2083;15;77064.0;1516;1777225.0;2020-11-09
RO;2020;48;2701;37;79765.0;1553;1777225.0;2020-11-16
RO;2020;49;2643;40;82408.0;1593;1777225.0;2020-11-23
RO;2020;50;3002;45;85410.0;1638;1777225.0;2020-11-30
RO;2020;51;3412;59;88822.0;1697;1777225.0;2020-12-07
RO;2020;52;3765;46;92587.0;1743;1777225.0;2020-12-14
RO;2020;53;3142;74;95729.0;1817;1777225.0;2020-12-21
RO;2021;1;4591;83;101024.0;1908;1777225.0;2020-12-28
RO;2021;2;7149;91;108173.0;1999;1777225.0;2021-01-04
RO;2021;3;7960;98;116133.0;2097;1777225.0;2021-01-11
RO;2021;4;7824;132;123957.0;2229;1777225.0;2021-01-18
RO;2021;5;6796;112;130753.0;2341;1777225.0;2021-01-25
RO;2021;6;5031;143;135784.0;2484;1777225.0;2021-02-01
RO;2021;7;5925;201;141709.0;2685;1777225.0;2021-02-08
RO;2021;8;6290;147;147999.0;2832;1777225.0;2021-02-15
RO;2021;9;8299;235;156298.0;3067;1777225.0;2021-02-22
RO;2021;10;8448;279;164746.0;3346;1777225.0;2021-03-01
RO;2021;11;9301;296;174047.0;3642;1777225.0;2021-03-08
RO;2021;12;8797;324;182844.0;3966;1777225.0;2021-03-15
RO;2021;13;7153;293;189997.0;4259;1777225.0;2021-03-22
RO;2021;14;7011;266;197008.0;4525;1777225.0;2021-03-29
RO;2021;15;6720;263;203728.0;4788;1777225.0;2021-04-05
RO;2021;16;5159;252;208887.0;5040;1777225.0;2021-04-12
RO;2021;17;4230;141;213117.0;5181;1777225.0;2021-04-19
RO;2021;18;4407;140;217524.0;5321;1777225.0;2021-04-26
RO;2021;19;3645;154;221169.0;5475;1777225.0;2021-05-03
RO;2021;20;3907;129;225076.0;5604;1777225.0;2021-05-10
RO;2021;21;3909;116;228985.0;5720;1777225.0;2021-05-17
RO;2021;22;4272;102;233257.0;5822;1777225.0;2021-05-24
RO;2021;23;4531;88;237788.0;5910;1777225.0;2021-05-31
RO;2021;24;5028;117;242816.0;6027;1777225.0;2021-06-07
RO;2021;25;3796;85;246612.0;6112;1777225.0;2021-06-14
RO;2021;26;2884;60;249496.0;6172;1777225.0;2021-06-21
RO;2021;27;2544;95;252040.0;6267;1777225.0;2021-06-28
RO;2021;28;2347;38;254387.0;6305;1777225.0;2021-07-05
RO;2021;29;1527;32;255914.0;6337;1777225.0;2021-07-12
RO;2021;30;1931;31;257845.0;6368;1777225.0;2021-07-19
RO;2021;31;1692;31;259537.0;6399;1777225.0;2021-07-26
RO;2021;32;1186;32;260723.0;6431;1777225.0;2021-08-02
RO;2021;33;1157;23;261880.0;6454;1777225.0;2021-08-09
RO;2021;34;956;19;262836.0;6473;1777225.0;2021-08-16
RO;2021;35;936;10;263772.0;6483;1777225.0;2021-08-23
RO;2021;36;416;19;264188.0;6502;1777225.0;2021-08-30
RO;2021;37;622;9;264810.0;6513;1777225.0;2021-09-06
RO;2021;38;659;9;265469.0;6520;1777225.0;2021-09-13
RO;2021;39;410;9;265879.0;6529;1777225.0;2021-09-20
RO;2021;40;820;14;266699.0;6544;1777225.0;2021-09-27
RO;2021;41;801;8;267500.0;6551;1777225.0;2021-10-04
RO;2021;42;1283;10;268783.0;6561;1777225.0;2021-10-11
RO;2021;43;1368;9;270151.0;6570;1777225.0;2021-10-18
RO;2021;44;1450;7;271601.0;6577;1777225.0;2021-10-25
RO;2021;45;1641;9;273242.0;6586;1777225.0;2021-11-01
RO;2021;46;1721;18;274963.0;6604;1777225.0;2021-11-08
RO;2021;47;1828;29;276791.0;6633;1777225.0;2021-11-15
RO;2021;48;2277;19;279068.0;6652;1777225.0;2021-11-22
RO;2021;49;1427;19;280495.0;6671;1777225.0;2021-11-29
RO;2021;50;1800;25;282295.0;6696;1777225.0;2021-12-06
RO;2021;51;1360;17;283655.0;6713;1777225.0;2021-12-13
RO;2021;52;2366;52;284626.0;6734;1777225.0;2021-12-20
RO;2021;53;704;8;96433.0;1825;1777225.0;2020-12-28
RO;2022;1;225;-4;286280.0;6764;1777225.0;2021-12-27
RO;2022;2;3770;25;290050.0;6789;1777225.0;2022-01-03
RO;2022;3;10070;17;300120.0;6806;1777225.0;2022-01-10
RO;2022;4;13907;21;314027.0;6827;1777225.0;2022-01-17
RO;2022;5;17521;36;331548.0;6863;1777225.0;2022-01-24
RO;2022;6;15726;36;347274.0;6899;1777225.0;2022-01-31
RO;2022;7;12120;101;360405.0;7008;1777225.0;2022-02-07
RO;2022;8;12872;57;372266.0;7057;1777225.0;2022-02-14
RO;2022;9;6611;34;378877.0;7091;1777225.0;2022-02-21
RO;2022;10;4648;26;383525.0;7117;1777225.0;2022-02-28
RO;2022;11;3642;23;387167.0;7140;1777225.0;2022-03-07
RO;2022;12;4620;32;391787.0;7172;1777225.0;2022-03-14
RO;2022;13;3179;9;394966.0;7181;1777225.0;2022-03-21
RO;2022;14;1597;10;396563.0;7191;1777225.0;2022-03-28
RO;2022;15;1546;2;398109.0;7193;1777225.0;2022-04-04
RO;2022;16;2537;6;400646.0;7199;1777225.0;2022-04-11
RO;2022;17;978;4;401624.0;7204;1777225.0;2022-04-18
RO;2022;18;704;3;402328.0;7206;1777225.0;2022-04-25
RO;2022;19;857;7;403185.0;7213;1777225.0;2022-05-02
RO;2022;20;227;-1;403412.0;7213;1777225.0;2022-05-09
RO;2022;21;470;2;403882.0;7214;1777225.0;2022-05-16
RO;2022;22;867;4;404749.0;7219;1777225.0;2022-05-23
RO;2022;23;1690;5;406439.0;7223;1777225.0;2022-05-30
RO;2022;24;1813;2;408252.0;7226;1777225.0;2022-06-06
RO;2022;25;4151;10;412403.0;7235;1777225.0;2022-06-13
RO;2022;26;6207;14;418610.0;7249;1777225.0;2022-06-20
RO;2022;27;8618;9;427228.0;7258;1777225.0;2022-06-27
RO;2022;28;6248;15;433476.0;7273;1777225.0;2022-07-04
RO;2022;29;6748;13;440224.0;7286;1777225.0;2022-07-11
RO;2022;30;3585;15;443809.0;7301;1777225.0;2022-07-18
RO;2022;31;4334;23;448143.0;7324;1777225.0;2022-07-25
RO;2022;32;2449;13;450592.0;7337;1777225.0;2022-08-01
RO;2022;33;2441;5;453033.0;7342;1777225.0;2022-08-08
RO;2022;34;1326;4;454359.0;7347;1777225.0;2022-08-15
RO;2022;35;527;7;454886.0;7353;1777225.0;2022-08-22
RO;2022;36;383;0;455269.0;7354;1777225.0;2022-08-29
RO;2022;37;611;3;455880.0;7356;1777225.0;2022-09-05
RO;2022;38;495;-1;456375.0;7359;1777225.0;2022-09-12
RO;2022;39;389;3;456764.0;7358;1777225.0;2022-09-19
RO;2022;40;261;2;457025.0;7360;1777225.0;2022-09-26
RO;2022;41;220;1;457245.0;7361;1777225.0;2022-10-03
RO;2022;42;287;0;457532.0;7361;1777225.0;2022-10-10
RO;2022;43;111;0;457643.0;7361;1777225.0;2022-10-17
RO;2022;44;52;0;457695.0;7361;1777225.0;2022-10-24
RO;2022;45;349;1;458044.0;7362;1777225.0;2022-10-31
RO;2022;46;318;2;458362.0;7364;1777225.0;2022-11-07
RO;2022;47;799;0;459161.0;7364;1777225.0;2022-11-14
RO;2022;48;838;4;459999.0;7368;1777225.0;2022-11-21
RO;2022;49;1773;8;461772.0;7376;1777225.0;2022-11-28
RO;2022;50;3146;4;464918.0;7380;1777225.0;2022-12-05
RO;2022;51;2747;12;467665.0;7392;1777225.0;2022-12-12
RO;2022;52;4042;10;471673.0;7399;1777225.0;2021-12-27
RO;2023;1;2782;8;490290.0;7485;1777225.0;2022-12-26
RO;2023;2;2663;8;477118.0;7415;1777225.0;2023-01-02
RO;2023;3;1444;3;478562.0;7418;1777225.0;2023-01-09
RO;2023;4;1325;6;479887.0;7425;1777225.0;2023-01-16
RO;2023;5;1624;2;481511.0;7426;1777225.0;2023-01-23
RO;2023;6;360;1;481871.0;7428;1777225.0;2023-01-30
RO;2023;7;459;1;482330.0;7428;1777225.0;2023-02-06
RO;2023;8;269;1;482599.0;7429;1777225.0;2023-02-13
RO;2023;9;311;3;482910.0;7432;1777225.0;2023-02-20
RO;2023;10;301;-2;483211.0;7432;1777225.0;2023-02-27
RO;2023;11;245;0;483456.0;7430;1777225.0;2023-03-06
RO;2023;12;236;3;483692.0;7433;1777225.0;2023-03-13
RO;2023;13;90;0;483782.0;7433;1777225.0;2023-03-20
RO;2023;14;142;0;483924.0;7433;1777225.0;2023-03-27
RO;2023;15;0;0;483924.0;7433;1777225.0;2023-04-03
RO;2023;16;534;2;484458.0;7435;1777225.0;2023-04-10
RO;2023;17;168;5;484626.0;7440;1777225.0;2023-04-17
RO;2023;18;184;3;484810.0;7443;1777225.0;2023-04-24
RO;2023;19;233;1;485043.0;7444;1777225.0;2023-05-01
RO;2023;20;308;3;485351.0;7447;1777225.0;2023-05-08
RO;2023;21;303;1;485654.0;7448;1777225.0;2023-05-15
RO;2023;22;346;5;486000.0;7453;1777225.0;2023-05-22
RO;2023;23;178;-4;486178.0;7453;1777225.0;2023-05-29
RO;2023;24;213;7;486391.0;7456;1777225.0;2023-06-05
RO;2023;25;425;5;486816.0;7461;1777225.0;2023-06-12
RO;2023;26;275;1;487091.0;7462;1777225.0;2023-06-19
RO;2023;27;0;0;487091.0;7462;1777225.0;2023-06-26
RO;2023;28;512;1;487603.0;7463;1777225.0;2023-07-03
RO;2023;29;143;1;487746.0;7464;1777225.0;2023-07-10
RO;2023;30;103;1;487849.0;7465;1777225.0;2023-07-17
RO;2023;31;92;1;487941.0;7466;1777225.0;2023-07-24
RO;2023;32;27;4;487968.0;7470;1777225.0;2023-07-31
RO;2023;33;63;1;488031.0;7471;1777225.0;2023-08-07
RO;2023;34;82;0;488113.0;7471;1777225.0;2023-08-14
RO;2023;35;66;1;488179.0;7472;1777225.0;2023-08-21
RO;2023;36;24;1;488203.0;7473;1777225.0;2023-08-28
RO;2023;37;42;0;488245.0;7473;1777225.0;2023-09-04
RO;2023;38;74;1;488319.0;7474;1777225.0;2023-09-11
RO;2023;39;43;1;488362.0;7475;1777225.0;2023-09-18
RO;2023;40;24;0;488386.0;7475;1777225.0;2023-09-25
RO;2023;41;0;0;488386.0;7475;1777225.0;2023-10-02
RO;2023;42;72;1;488458.0;7476;1777225.0;2023-10-09
RO;2023;43;60;0;488518.0;7476;1777225.0;2023-10-16
RO;2023;44;25;2;488543.0;7478;1777225.0;2023-10-23
RO;2023;45;82;0;488625.0;7478;1777225.0;2023-10-30
RO;2023;46;117;0;488742.0;7478;1777225.0;2023-11-06
RO;2023;47;156;0;488898.0;7478;1777225.0;2023-11-13
RO;2023;48;153;1;489051.0;7479;1777225.0;2023-11-20
RO;2023;49;338;1;489389.0;7480;1777225.0;2023-11-27
RO;2023;50;356;2;489745.0;7482;1777225.0;2023-12-04
RO;2023;51;336;1;490081.0;7483;1777225.0;2023-12-11
RO;2023;52;209;2;490290.0;7485;1777225.0;2023-12-18
RO;2024;1;378;0;505111.0;7527;1777225.0;2024-01-01
RO;2024;2;680;4;491348.0;7489;1777225.0;2024-01-01
RO;2024;3;1661;3;493009.0;7492;1777225.0;2024-01-08
RO;2024;4;1817;2;494826.0;7494;1777225.0;2024-01-15
RO;2024;5;1828;6;496654.0;7500;1777225.0;2024-01-22
RO;2024;6;1081;4;497735.0;7504;1777225.0;2024-01-29
RO;2024;7;1107;4;498842.0;7508;1777225.0;2024-02-05
RO;2024;8;1510;3;500352.0;7511;1777225.0;2024-02-12
RO;2024;9;1148;2;501500.0;7513;1777225.0;2024-02-19
RO;2024;10;769;4;502269.0;7517;1777225.0;2024-02-26
RO;2024;11;417;5;502686.0;7522;1777225.0;2024-03-04
RO;2024;12;353;-2;503039.0;7522;1777225.0;2024-03-11
RO;2024;13;0;0;503039.0;7520;1777225.0;2024-03-18
RO;2024;14;0;0;503039.0;7520;1777225.0;2024-03-25
RO;2024;15;627;1;503666.0;7521;1777225.0;2024-04-01
RO;2024;16;169;0;503835.0;7521;1777225.0;2024-04-08
RO;2024;17;90;0;503925.0;7521;1777225.0;2024-04-15
RO;2024;18;66;0;503991.0;7521;1777225.0;2024-04-22
RO;2024;19;62;0;504053.0;7521;1777225.0;2024-04-29
RO;2024;20;144;0;504197.0;7521;1777225.0;2024-05-06
RO;2024;21;46;0;504243.0;7521;1777225.0;2024-05-13
RO;2024;22;42;1;504285.0;7522;1777225.0;2024-05-20
RO;2024;23;0;0;504285.0;7522;1777225.0;2024-05-27
RO;2024;24;0;0;504285.0;7522;1777225.0;2024-06-03
RO;2024;25;80;0;504365.0;7522;1777225.0;2024-06-10
RO;2024;26;13;0;504378.0;7522;1777225.0;2024-06-17
RO;2024;27;3;0;504381.0;7522;1777225.0;2024-06-24
RO;2024;28;24;1;504405.0;7523;1777225.0;2024-07-01
RO;2024;29;25;0;504430.0;7523;1777225.0;2024-07-08
RO;2024;30;0;0;504430.0;7523;1777225.0;2024-07-15
RO;2024;31;0;0;504430.0;7523;1777225.0;2024-07-22
RO;2024;32;0;0;504430.0;7523;1777225.0;2024-07-29
RO;2024;33;0;0;504430.0;7523;1777225.0;2024-08-05
RO;2024;34;296;2;504726.0;7525;1777225.0;2024-08-12
RO;2024;35;0;0;504726.0;7525;1777225.0;2024-08-19
RO;2024;36;287;1;505013.0;7526;1777225.0;2024-08-26
RO;2024;37;54;1;505067.0;7527;1777225.0;2024-09-02
RO;2024;38;44;0;505111.0;7527;1777225.0;2024-09-09
RO;2024;39;0;0;505111.0;7527;1777225.0;2024-09-16
RO;2024;40;0;0;505111.0;7527;1777225.0;2024-09-23
RO;2024;41;0;0;505111.0;7527;1777225.0;2024-09-30
RO;2024;42;0;0;505111.0;7527;1777225.0;2024-10-07
RO;2024;43;0;0;505111.0;7527;1777225.0;2024-10-14
RO;2024;44;0;0;505111.0;7527;1777225.0;2024-10-21
RO;2024;45;0;0;505111.0;7527;1777225.0;2024-10-28
RO;2024;46;0;0;505111.0;7527;1777225.0;2024-11-04
RO;2024;47;0;0;505111.0;7527;1777225.0;2024-11-11
RO;2024;48;0;0;505111.0;7527;1777225.0;2024-11-18
RO;2024;49;0;0;505111.0;7527;1777225.0;2024-11-25
RO;2024;50;0;0;505111.0;7527;1777225.0;2024-12-02
RO;2024;51;0;0;505111.0;7527;1777225.0;2024-12-09
RO;2024;52;0;0;505111.0;7527;1777225.0;2024-12-16
RO;2025;1;0;0;505111.0;7527;1777225.0;2024-12-30
RO;2025;2;0;0;505111.0;7527;1777225.0;2024-12-30
RO;2025;3;0;0;505111.0;7527;1777225.0;2025-01-06
RO;2025;4;0;0;505111.0;7527;1777225.0;2025-01-13
RO;2025;5;0;0;505111.0;7527;1777225.0;2025-01-20
RO;2025;6;0;0;505111.0;7527;1777225.0;2025-01-27
RO;2025;7;0;0;505111.0;7527;1777225.0;2025-02-03
RO;2025;8;0;0;505111.0;7527;1777225.0;2025-02-10
RO;2025;9;0;0;505111.0;7527;1777225.0;2025-02-17
RO;2025;10;0;0;505111.0;7527;1777225.0;2025-02-24
RO;2025;11;0;0;505111.0;7527;1777225.0;2025-03-03
RO;2025;12;0;0;505111.0;7527;1777225.0;2025-03-10
RO;2025;13;0;0;505111.0;7527;1777225.0;2025-03-17
RO;2025;14;0;0;505111.0;7527;1777225.0;2025-03-24
RO;2025;15;0;0;505111.0;7527;1777225.0;2025-03-31
RO;2025;16;0;0;505111.0;7527;1777225.0;2025-04-07
RO;2025;17;0;0;505111.0;7527;1777225.0;2025-04-14
RO;2025;18;0;0;505111.0;7527;1777225.0;2025-04-21
RO;2025;19;0;0;505111.0;7527;1777225.0;2025-04-28
RO;2025;20;0;0;505111.0;7527;1777225.0;2025-05-05
RO;2025;21;0;0;505111.0;7527;1777225.0;2025-05-12
RO;2025;22;0;0;505111.0;7527;1777225.0;2025-05-19
RO;2025;23;0;0;505111.0;7527;1777225.0;2025-05-26
RO;2025;24;0;0;505111.0;7527;1777225.0;2025-06-02
RO;2025;25;0;0;505111.0;7527;1777225.0;2025-06-09
RO;2025;26;0;0;505111.0;7527;1777225.0;2025-06-16
RO;2025;27;0;0;505111.0;7527;1777225.0;2025-06-23
RO;2025;28;0;0;505111.0;7527;1777225.0;2025-06-30
RO;2025;29;0;0;505111.0;7527;1777225.0;2025-07-07
RO;2025;30;0;0;505111.0;7527;1777225.0;2025-07-14
RO;2025;31;0;0;505111.0;7527;1777225.0;2025-07-21
RO;2025;32;0;0;505111.0;7527;1777225.0;2025-07-28
RO;2025;33;0;0;505111.0;7527;1777225.0;2025-08-04
RO;2025;34;0;0;505111.0;7527;1777225.0;2025-08-11
RO;2025;35;0;0;505111.0;7527;1777225.0;2025-08-18
RO;2025;36;0;0;505111.0;7527;1777225.0;2025-08-25
RR;2020;9;0;0;0.0;0;605761.0;2020-02-24
RR;2020;10;0;0;0.0;0;605761.0;2020-02-24
RR;2020;11;0;0;0.0;0;605761.0;2020-03-02
RR;2020;12;0;0;0.0;0;605761.0;2020-03-09
RR;2020;13;12;0;12.0;0;605761.0;2020-03-16
RR;2020;14;25;1;37.0;1;605761.0;2020-03-23
RR;2020;15;38;2;75.0;3;605761.0;2020-03-30
RR;2020;16;126;0;201.0;3;605761.0;2020-04-06
RR;2020;17;144;0;345.0;3;605761.0;2020-04-13
RR;2020;18;323;6;668.0;9;605761.0;2020-04-20
RR;2020;19;550;9;1202.0;18;605761.0;2020-04-27
RR;2020;20;510;32;1706.0;49;605761.0;2020-05-04
RR;2020;21;673;32;2374.0;81;605761.0;2020-05-11
RR;2020;22;935;29;3299.0;110;605761.0;2020-05-18
RR;2020;23;1969;29;5238.0;139;605761.0;2020-05-25
RR;2020;24;1625;59;6842.0;197;605761.0;2020-06-01
RR;2020;25;1213;48;8037.0;245;605761.0;2020-06-08
RR;2020;26;5158;35;13078.0;281;605761.0;2020-06-15
RR;2020;27;5676;83;18769.0;364;605761.0;2020-06-22
RR;2020;28;3199;32;21849.0;396;605761.0;2020-06-29
RR;2020;29;3637;33;25373.0;429;605761.0;2020-07-06
RR;2020;30;4107;43;29394.0;473;605761.0;2020-07-13
RR;2020;31;3364;40;32723.0;513;605761.0;2020-07-20
RR;2020;32;3252;34;35933.0;547;605761.0;2020-07-27
RR;2020;33;3536;21;39397.0;568;605761.0;2020-08-03
RR;2020;34;2155;11;41527.0;579;605761.0;2020-08-10
RR;2020;35;1801;8;43299.0;587;605761.0;2020-08-17
RR;2020;36;1694;11;44975.0;598;605761.0;2020-08-24
RR;2020;37;1511;12;46348.0;610;605761.0;2020-08-31
RR;2020;38;1771;3;48088.0;613;605761.0;2020-09-07
RR;2020;39;1636;29;49681.0;637;605761.0;2020-09-14
RR;2020;40;1716;24;51298.0;661;605761.0;2020-09-21
RR;2020;41;1188;9;52440.0;670;605761.0;2020-09-28
RR;2020;42;1728;11;54019.0;681;605761.0;2020-10-05
RR;2020;43;1745;10;55613.0;691;605761.0;2020-10-12
RR;2020;44;1733;1;57284.0;692;605761.0;2020-10-19
RR;2020;45;1840;3;59065.0;695;605761.0;2020-10-26
RR;2020;46;1396;11;60416.0;706;605761.0;2020-11-02
RR;2020;47;1422;14;61744.0;720;605761.0;2020-11-09
RR;2020;48;1093;7;62816.0;727;605761.0;2020-11-16
RR;2020;49;1936;17;64685.0;744;605761.0;2020-11-23
RR;2020;50;1552;11;66221.0;755;605761.0;2020-11-30
RR;2020;51;1165;18;67359.0;772;605761.0;2020-12-07
RR;2020;52;892;1;68237.0;773;605761.0;2020-12-14
RR;2020;53;456;8;68689.0;781;605761.0;2020-12-21
RR;2021;1;797;6;69640.0;793;605761.0;2020-12-28
RR;2021;2;1164;18;70752.0;811;605761.0;2021-01-04
RR;2021;3;1410;11;72127.0;821;605761.0;2021-01-11
RR;2021;4;1826;36;73909.0;856;605761.0;2021-01-18
RR;2021;5;1637;41;75492.0;896;605761.0;2021-01-25
RR;2021;6;1803;80;77201.0;976;605761.0;2021-02-01
RR;2021;7;2399;62;79444.0;1037;605761.0;2021-02-08
RR;2021;8;2457;65;81776.0;1100;605761.0;2021-02-15
RR;2021;9;2000;67;83745.0;1167;605761.0;2021-02-22
RR;2021;10;1853;65;85572.0;1232;605761.0;2021-03-01
RR;2021;11;1803;49;87354.0;1281;605761.0;2021-03-08
RR;2021;12;1639;39;88980.0;1320;605761.0;2021-03-15
RR;2021;13;1305;33;90276.0;1352;605761.0;2021-03-22
RR;2021;14;1346;41;91616.0;1393;605761.0;2021-03-29
RR;2021;15;1971;53;93574.0;1445;605761.0;2021-04-05
RR;2021;16;1456;27;95027.0;1472;605761.0;2021-04-12
RR;2021;17;1567;41;96576.0;1513;605761.0;2021-04-19
RR;2021;18;1581;33;98152.0;1546;605761.0;2021-04-26
RR;2021;19;1621;25;99768.0;1571;605761.0;2021-05-03
RR;2021;20;2038;31;101797.0;1602;605761.0;2021-05-10
RR;2021;21;1434;33;103222.0;1635;605761.0;2021-05-17
RR;2021;22;1823;16;105032.0;1651;605761.0;2021-05-24
RR;2021;23;2333;29;107348.0;1679;605761.0;2021-05-31
RR;2021;24;2104;25;109444.0;1704;605761.0;2021-06-07
RR;2021;25;2001;27;111436.0;1731;605761.0;2021-06-14
RR;2021;26;1850;25;113277.0;1756;605761.0;2021-06-21
RR;2021;27;1837;22;115110.0;1778;605761.0;2021-06-28
RR;2021;28;1854;30;116950.0;1808;605761.0;2021-07-05
RR;2021;29;1558;20;118502.0;1828;605761.0;2021-07-12
RR;2021;30;1507;27;120005.0;1855;605761.0;2021-07-19
RR;2021;31;907;31;120905.0;1886;605761.0;2021-07-26
RR;2021;32;796;33;121697.0;1916;605761.0;2021-08-02
RR;2021;33;1136;10;122831.0;1926;605761.0;2021-08-09
RR;2021;34;835;13;123662.0;1939;605761.0;2021-08-16
RR;2021;35;636;17;124293.0;1956;605761.0;2021-08-23
RR;2021;36;193;11;124482.0;1967;605761.0;2021-08-30
RR;2021;37;2165;21;126855.0;1987;605761.0;2021-09-06
RR;2021;38;81;5;126167.0;1992;605761.0;2021-09-13
RR;2021;39;67;9;126234.0;2001;605761.0;2021-09-20
RR;2021;40;25;5;126259.0;2006;605761.0;2021-09-27
RR;2021;41;44;10;126305.0;2016;605761.0;2021-10-04
RR;2021;42;807;9;127154.0;2025;605761.0;2021-10-11
RR;2021;43;223;4;127372.0;2029;605761.0;2021-10-18
RR;2021;44;204;6;127573.0;2035;605761.0;2021-10-25
RR;2021;45;288;3;127851.0;2038;605761.0;2021-11-01
RR;2021;46;259;1;128108.0;2039;605761.0;2021-11-08
RR;2021;47;241;11;128348.0;2050;605761.0;2021-11-15
RR;2021;48;237;7;128584.0;2056;605761.0;2021-11-22
RR;2021;49;172;7;128751.0;2063;605761.0;2021-11-29
RR;2021;50;33;8;128782.0;2070;605761.0;2021-12-06
RR;2021;51;9;4;128791.0;2074;605761.0;2021-12-13
RR;2021;52;300;4;129086.0;2078;605761.0;2021-12-20
RR;2021;53;174;6;68858.0;787;605761.0;2020-12-28
RR;2022;1;804;0;129883.0;2078;605761.0;2021-12-27
RR;2022;2;2705;0;132526.0;2078;605761.0;2022-01-03
RR;2022;3;3972;8;136403.0;2086;605761.0;2022-01-10
RR;2022;4;5265;10;141628.0;2096;605761.0;2022-01-17
RR;2022;5;4006;9;145604.0;2105;605761.0;2022-01-24
RR;2022;6;2624;7;148200.0;2112;605761.0;2022-01-31
RR;2022;7;3293;14;151454.0;2124;605761.0;2022-02-07
RR;2022;8;1772;7;153208.0;2131;605761.0;2022-02-14
RR;2022;9;783;3;153986.0;2134;605761.0;2022-02-21
RR;2022;10;577;5;154562.0;2139;605761.0;2022-02-28
RR;2022;11;241;5;154801.0;2144;605761.0;2022-03-07
RR;2022;12;248;0;155049.0;2144;605761.0;2022-03-14
RR;2022;13;141;1;155190.0;2145;605761.0;2022-03-21
RR;2022;14;68;1;155256.0;2146;605761.0;2022-03-28
RR;2022;15;110;1;155366.0;2147;605761.0;2022-04-04
RR;2022;16;25;0;155391.0;2147;605761.0;2022-04-11
RR;2022;17;59;1;155451.0;2148;605761.0;2022-04-18
RR;2022;18;75;3;155525.0;2151;605761.0;2022-04-25
RR;2022;19;75;0;155600.0;2151;605761.0;2022-05-02
RR;2022;20;49;1;155650.0;2152;605761.0;2022-05-09
RR;2022;21;103;0;155745.0;2152;605761.0;2022-05-16
RR;2022;22;98;0;155841.0;2152;605761.0;2022-05-23
RR;2022;23;161;0;156001.0;2152;605761.0;2022-05-30
RR;2022;24;208;0;156204.0;2152;605761.0;2022-06-06
RR;2022;25;1273;0;157465.0;2152;605761.0;2022-06-13
RR;2022;26;3552;1;160977.0;2153;605761.0;2022-06-20
RR;2022;27;4856;0;165739.0;2153;605761.0;2022-06-27
RR;2022;28;3405;1;169038.0;2154;605761.0;2022-07-04
RR;2022;29;2184;4;171162.0;2158;605761.0;2022-07-11
RR;2022;30;1482;0;172615.0;2158;605761.0;2022-07-18
RR;2022;31;796;0;173401.0;2158;605761.0;2022-07-25
RR;2022;32;554;7;173945.0;2165;605761.0;2022-08-01
RR;2022;33;333;2;174278.0;2167;605761.0;2022-08-08
RR;2022;34;277;0;174551.0;2167;605761.0;2022-08-15
RR;2022;35;246;5;174795.0;2172;605761.0;2022-08-22
RR;2022;36;127;1;174921.0;2173;605761.0;2022-08-29
RR;2022;37;53;0;174973.0;2173;605761.0;2022-09-05
RR;2022;38;34;0;175007.0;2173;605761.0;2022-09-12
RR;2022;39;51;0;175057.0;2173;605761.0;2022-09-19
RR;2022;40;109;0;175164.0;2173;605761.0;2022-09-26
RR;2022;41;59;1;175219.0;2174;605761.0;2022-10-03
RR;2022;42;133;1;175344.0;2175;605761.0;2022-10-10
RR;2022;43;155;0;175480.0;2175;605761.0;2022-10-17
RR;2022;44;131;0;175594.0;2175;605761.0;2022-10-24
RR;2022;45;374;0;175957.0;2175;605761.0;2022-10-31
RR;2022;46;981;0;176919.0;2175;605761.0;2022-11-07
RR;2022;47;1664;1;178542.0;2176;605761.0;2022-11-14
RR;2022;48;1001;1;179519.0;2177;605761.0;2022-11-21
RR;2022;49;578;0;180084.0;2177;605761.0;2022-11-28
RR;2022;50;576;1;180646.0;2178;605761.0;2022-12-05
RR;2022;51;504;2;181065.0;2180;605761.0;2022-12-12
RR;2022;52;184;0;181245.0;2180;605761.0;2021-12-27
RR;2023;1;161;0;186340.0;2201;605761.0;2022-12-26
RR;2023;2;147;0;181541.0;2180;605761.0;2023-01-02
RR;2023;3;148;0;181684.0;2180;605761.0;2023-01-09
RR;2023;4;128;0;181809.0;2180;605761.0;2023-01-16
RR;2023;5;86;0;181892.0;2180;605761.0;2023-01-23
RR;2023;6;121;0;182010.0;2180;605761.0;2023-01-30
RR;2023;7;142;0;182147.0;2180;605761.0;2023-02-06
RR;2023;8;140;0;182282.0;2180;605761.0;2023-02-13
RR;2023;9;231;0;182505.0;2180;605761.0;2023-02-20
RR;2023;10;120;0;182625.0;2180;605761.0;2023-02-27
RR;2023;11;176;0;182801.0;2180;605761.0;2023-03-06
RR;2023;12;244;0;183045.0;2180;605761.0;2023-03-13
RR;2023;13;363;11;183408.0;2191;605761.0;2023-03-20
RR;2023;14;207;0;183615.0;2191;605761.0;2023-03-27
RR;2023;15;170;2;183785.0;2193;605761.0;2023-04-03
RR;2023;16;116;0;183901.0;2193;605761.0;2023-04-10
RR;2023;17;2171;6;186072.0;2199;605761.0;2023-04-17
RR;2023;18;-1705;-5;186072.0;2199;605761.0;2023-04-24
RR;2023;19;242;0;184609.0;2194;605761.0;2023-05-01
RR;2023;20;326;0;184935.0;2194;605761.0;2023-05-08
RR;2023;21;293;0;185228.0;2194;605761.0;2023-05-15
RR;2023;22;232;0;185460.0;2194;605761.0;2023-05-22
RR;2023;23;155;0;185615.0;2194;605761.0;2023-05-29
RR;2023;24;55;3;185670.0;2197;605761.0;2023-06-05
RR;2023;25;65;0;185735.0;2197;605761.0;2023-06-12
RR;2023;26;24;0;185759.0;2197;605761.0;2023-06-19
RR;2023;27;-1;0;185759.0;2197;605761.0;2023-06-26
RR;2023;28;18;0;185776.0;2197;605761.0;2023-07-03
RR;2023;29;11;0;185787.0;2197;605761.0;2023-07-10
RR;2023;30;17;2;185804.0;2199;605761.0;2023-07-17
RR;2023;31;21;0;185825.0;2199;605761.0;2023-07-24
RR;2023;32;17;0;185842.0;2199;605761.0;2023-07-31
RR;2023;33;0;0;185842.0;2199;605761.0;2023-08-07
RR;2023;34;40;0;185882.0;2199;605761.0;2023-08-14
RR;2023;35;37;0;185919.0;2199;605761.0;2023-08-21
RR;2023;36;19;2;185938.0;2201;605761.0;2023-08-28
RR;2023;37;18;0;185956.0;2201;605761.0;2023-09-04
RR;2023;38;44;0;186000.0;2201;605761.0;2023-09-11
RR;2023;39;27;0;186027.0;2201;605761.0;2023-09-18
RR;2023;40;15;0;186042.0;2201;605761.0;2023-09-25
RR;2023;41;29;0;186071.0;2201;605761.0;2023-10-02
RR;2023;42;28;0;186099.0;2201;605761.0;2023-10-09
RR;2023;43;25;0;186124.0;2201;605761.0;2023-10-16
RR;2023;44;17;0;186141.0;2201;605761.0;2023-10-23
RR;2023;45;0;0;186141.0;2201;605761.0;2023-10-30
RR;2023;46;42;0;186183.0;2201;605761.0;2023-11-06
RR;2023;47;15;0;186198.0;2201;605761.0;2023-11-13
RR;2023;48;56;0;186254.0;2201;605761.0;2023-11-20
RR;2023;49;15;0;186269.0;2201;605761.0;2023-11-27
RR;2023;50;0;0;186269.0;2201;605761.0;2023-12-04
RR;2023;51;71;0;186340.0;2201;605761.0;2023-12-11
RR;2023;52;0;0;186340.0;2201;605761.0;2023-12-18
RR;2024;1;29;0;190404.0;2202;605761.0;2024-01-01
RR;2024;2;59;0;186428.0;2201;605761.0;2024-01-01
RR;2024;3;117;0;186545.0;2201;605761.0;2024-01-08
RR;2024;4;236;0;186781.0;2201;605761.0;2024-01-15
RR;2024;5;263;0;187044.0;2201;605761.0;2024-01-22
RR;2024;6;0;0;187044.0;2201;605761.0;2024-01-29
RR;2024;7;0;0;187044.0;2201;605761.0;2024-02-05
RR;2024;8;1527;0;188571.0;2201;605761.0;2024-02-12
RR;2024;9;0;0;188571.0;2201;605761.0;2024-02-19
RR;2024;10;593;0;189164.0;2201;605761.0;2024-02-26
RR;2024;11;98;0;189262.0;2201;605761.0;2024-03-04
RR;2024;12;86;0;189348.0;2201;605761.0;2024-03-11
RR;2024;13;11;0;189359.0;2201;605761.0;2024-03-18
RR;2024;14;71;1;189430.0;2202;605761.0;2024-03-25
RR;2024;15;-2764;0;189430.0;2202;605761.0;2024-04-01
RR;2024;16;2856;0;189522.0;2202;605761.0;2024-04-08
RR;2024;17;20;0;189542.0;2202;605761.0;2024-04-15
RR;2024;18;13;0;189555.0;2202;605761.0;2024-04-22
RR;2024;19;28;0;189583.0;2202;605761.0;2024-04-29
RR;2024;20;73;0;189656.0;2202;605761.0;2024-05-06
RR;2024;21;76;0;189732.0;2202;605761.0;2024-05-13
RR;2024;22;34;0;189766.0;2202;605761.0;2024-05-20
RR;2024;23;0;0;189766.0;2202;605761.0;2024-05-27
RR;2024;24;0;0;189766.0;2202;605761.0;2024-06-03
RR;2024;25;194;0;189960.0;2202;605761.0;2024-06-10
RR;2024;26;0;0;189960.0;2202;605761.0;2024-06-17
RR;2024;27;0;0;189960.0;2202;605761.0;2024-06-24
RR;2024;28;115;0;190075.0;2202;605761.0;2024-07-01
RR;2024;29;0;0;190075.0;2202;605761.0;2024-07-08
RR;2024;30;66;0;190141.0;2202;605761.0;2024-07-15
RR;2024;31;28;0;190169.0;2202;605761.0;2024-07-22
RR;2024;32;15;0;190184.0;2202;605761.0;2024-07-29
RR;2024;33;0;0;190184.0;2202;605761.0;2024-08-05
RR;2024;34;12;0;190196.0;2202;605761.0;2024-08-12
RR;2024;35;4;0;190200.0;2202;605761.0;2024-08-19
RR;2024;36;0;0;190200.0;2202;605761.0;2024-08-26
RR;2024;37;47;0;190247.0;2202;605761.0;2024-09-02
RR;2024;38;0;0;190247.0;2202;605761.0;2024-09-09
RR;2024;39;17;0;190264.0;2202;605761.0;2024-09-16
RR;2024;40;9;0;190273.0;2202;605761.0;2024-09-23
RR;2024;41;-9;0;190273.0;2202;605761.0;2024-09-30
RR;2024;42;0;0;190264.0;2202;605761.0;2024-10-07
RR;2024;43;43;0;190307.0;2202;605761.0;2024-10-14
RR;2024;44;11;0;190318.0;2202;605761.0;2024-10-21
RR;2024;45;0;0;190318.0;2202;605761.0;2024-10-28
RR;2024;46;0;0;190318.0;2202;605761.0;2024-11-04
RR;2024;47;26;0;190344.0;2202;605761.0;2024-11-11
RR;2024;48;9;0;190353.0;2202;605761.0;2024-11-18
RR;2024;49;17;0;190370.0;2202;605761.0;2024-11-25
RR;2024;50;0;0;190370.0;2202;605761.0;2024-12-02
RR;2024;51;34;0;190404.0;2202;605761.0;2024-12-09
RR;2024;52;0;0;190404.0;2202;605761.0;2024-12-16
RR;2025;1;29;0;190433.0;2202;605761.0;2024-12-30
RR;2025;2;19;0;190452.0;2202;605761.0;2024-12-30
RR;2025;3;0;0;190452.0;2202;605761.0;2025-01-06
RR;2025;4;0;0;190452.0;2202;605761.0;2025-01-13
RR;2025;5;83;0;190535.0;2202;605761.0;2025-01-20
RR;2025;6;78;0;190613.0;2202;605761.0;2025-01-27
RR;2025;7;149;0;190762.0;2202;605761.0;2025-02-03
RR;2025;8;225;0;190987.0;2202;605761.0;2025-02-10
RR;2025;9;0;0;190987.0;2202;605761.0;2025-02-17
RR;2025;10;643;0;191630.0;2202;605761.0;2025-02-24
RR;2025;11;206;21;191836.0;2223;605761.0;2025-03-03
RR;2025;12;124;4;191960.0;2227;605761.0;2025-03-10
RR;2025;13;77;0;192037.0;2227;605761.0;2025-03-17
RR;2025;14;71;1;192108.0;2228;605761.0;2025-03-24
RR;2025;15;42;-27;192150.0;2228;605761.0;2025-03-31
RR;2025;16;11;-1;192161.0;2201;605761.0;2025-04-07
RR;2025;17;11;0;192172.0;2200;605761.0;2025-04-14
RR;2025;18;4;0;192176.0;2200;605761.0;2025-04-21
RR;2025;19;6;0;192182.0;2200;605761.0;2025-04-28
RR;2025;20;5;0;192187.0;2200;605761.0;2025-05-05
RR;2025;21;10;0;192197.0;2200;605761.0;2025-05-12
RR;2025;22;24;0;192221.0;2200;605761.0;2025-05-19
RR;2025;23;-2;0;192221.0;2200;605761.0;2025-05-26
RR;2025;24;27;0;192246.0;2200;605761.0;2025-06-02
RR;2025;25;0;0;192246.0;2200;605761.0;2025-06-09
RR;2025;26;22;0;192268.0;2200;605761.0;2025-06-16
RR;2025;27;16;0;192284.0;2200;605761.0;2025-06-23
RR;2025;28;16;0;192300.0;2200;605761.0;2025-06-30
RR;2025;29;11;0;192311.0;2200;605761.0;2025-07-07
RR;2025;30;20;0;192331.0;2200;605761.0;2025-07-14
RR;2025;31;55;0;192386.0;2200;605761.0;2025-07-21
RR;2025;32;108;0;192494.0;2200;605761.0;2025-07-28
RR;2025;33;285;0;192779.0;2200;605761.0;2025-08-04
RR;2025;34;174;0;192953.0;2200;605761.0;2025-08-11
RR;2025;35;163;0;193116.0;2200;605761.0;2025-08-18
RR;2025;36;0;0;193116.0;2200;605761.0;2025-08-25
RS;2020;9;0;0;0.0;0;11377239.0;2020-02-24
RS;2020;10;0;0;0.0;0;11377239.0;2020-02-24
RS;2020;11;6;0;6.0;0;11377239.0;2020-03-02
RS;2020;12;54;0;60.0;0;11377239.0;2020-03-09
RS;2020;13;141;2;197.0;2;11377239.0;2020-03-16
RS;2020;14;209;4;410.0;6;11377239.0;2020-03-23
RS;2020;15;230;9;640.0;15;11377239.0;2020-03-30
RS;2020;16;191;9;831.0;24;11377239.0;2020-04-06
RS;2020;17;265;10;1096.0;34;11377239.0;2020-04-13
RS;2020;18;523;28;1619.0;62;11377239.0;2020-04-20
RS;2020;19;874;33;2493.0;95;11377239.0;2020-04-27
RS;2020;20;1202;37;3695.0;132;11377239.0;2020-05-04
RS;2020;21;2641;44;6336.0;176;11377239.0;2020-05-11
RS;2020;22;2906;42;9242.0;218;11377239.0;2020-05-18
RS;2020;23;2795;65;12037.0;283;11377239.0;2020-05-25
RS;2020;24;2590;61;14627.0;344;11377239.0;2020-06-01
RS;2020;25;4512;87;19138.0;430;11377239.0;2020-06-08
RS;2020;26;5861;123;25000.0;554;11377239.0;2020-06-15
RS;2020;27;6619;161;31619.0;715;11377239.0;2020-06-22
RS;2020;28;7101;228;38720.0;943;11377239.0;2020-06-29
RS;2020;29;8127;286;46847.0;1229;11377239.0;2020-07-06
RS;2020;30;12271;325;59118.0;1554;11377239.0;2020-07-13
RS;2020;31;11339;393;70456.0;1947;11377239.0;2020-07-20
RS;2020;32;13138;399;83595.0;2346;11377239.0;2020-07-27
RS;2020;33;13850;301;97445.0;2647;11377239.0;2020-08-03
RS;2020;34;11394;399;108839.0;3046;11377239.0;2020-08-10
RS;2020;35;15577;339;124416.0;3385;11377239.0;2020-08-17
RS;2020;36;19069;329;143485.0;3714;11377239.0;2020-08-24
RS;2020;37;12779;325;156264.0;4039;11377239.0;2020-08-31
RS;2020;38;17876;332;174140.0;4371;11377239.0;2020-09-07
RS;2020;39;10979;244;185119.0;4615;11377239.0;2020-09-14
RS;2020;40;17468;283;202587.0;4898;11377239.0;2020-09-21
RS;2020;41;11195;237;213782.0;5135;11377239.0;2020-09-28
RS;2020;42;8910;207;222692.0;5342;11377239.0;2020-10-05
RS;2020;43;11384;239;234076.0;5581;11377239.0;2020-10-12
RS;2020;44;13500;216;247576.0;5797;11377239.0;2020-10-19
RS;2020;45;12612;193;260188.0;5990;11377239.0;2020-10-26
RS;2020;46;17331;225;277519.0;6215;11377239.0;2020-11-02
RS;2020;47;19385;272;296904.0;6487;11377239.0;2020-11-09
RS;2020;48;22032;281;318936.0;6768;11377239.0;2020-11-16
RS;2020;49;27865;398;346801.0;7166;11377239.0;2020-11-23
RS;2020;50;25898;412;372699.0;7578;11377239.0;2020-11-30
RS;2020;51;32899;494;405598.0;8072;11377239.0;2020-12-07
RS;2020;52;25182;380;430780.0;8452;11377239.0;2020-12-14
RS;2020;53;18894;420;449674.0;8872;11377239.0;2020-12-21
RS;2021;1;25581;479;478501.0;9413;11377239.0;2020-12-28
RS;2021;2;26520;463;505021.0;9876;11377239.0;2021-01-04
RS;2021;3;22161;423;527182.0;10299;11377239.0;2021-01-11
RS;2021;4;19526;364;546708.0;10663;11377239.0;2021-01-18
RS;2021;5;16998;321;563706.0;10984;11377239.0;2021-01-25
RS;2021;6;20318;371;584024.0;11355;11377239.0;2021-02-01
RS;2021;7;18644;398;602668.0;11753;11377239.0;2021-02-08
RS;2021;8;36328;590;638996.0;12343;11377239.0;2021-02-15
RS;2021;9;47179;1027;686175.0;13370;11377239.0;2021-02-22
RS;2021;10;53584;1515;739759.0;14885;11377239.0;2021-03-01
RS;2021;11;48945;1929;788704.0;16814;11377239.0;2021-03-08
RS;2021;12;39693;1866;828397.0;18680;11377239.0;2021-03-15
RS;2021;13;30856;1756;859253.0;20436;11377239.0;2021-03-22
RS;2021;14;31305;1428;890558.0;21864;11377239.0;2021-03-29
RS;2021;15;29868;1257;920426.0;23121;11377239.0;2021-04-05
RS;2021;16;27999;1031;948425.0;24152;11377239.0;2021-04-12
RS;2021;17;31382;934;979807.0;25086;11377239.0;2021-04-19
RS;2021;18;27401;815;1007208.0;25901;11377239.0;2021-04-26
RS;2021;19;24031;756;1031239.0;26657;11377239.0;2021-05-03
RS;2021;20;27829;742;1059068.0;27399;11377239.0;2021-05-10
RS;2021;21;23678;706;1082746.0;28105;11377239.0;2021-05-17
RS;2021;22;27230;660;1109976.0;28765;11377239.0;2021-05-24
RS;2021;23;38039;848;1148015.0;29613;11377239.0;2021-05-31
RS;2021;24;33857;759;1181872.0;30372;11377239.0;2021-06-07
RS;2021;25;27212;705;1209084.0;31077;11377239.0;2021-06-14
RS;2021;26;21031;609;1230115.0;31686;11377239.0;2021-06-21
RS;2021;27;21387;510;1251502.0;32196;11377239.0;2021-06-28
RS;2021;28;19360;427;1270862.0;32623;11377239.0;2021-07-05
RS;2021;29;80023;416;1350885.0;33039;11377239.0;2021-07-12
RS;2021;30;17023;295;1367908.0;33334;11377239.0;2021-07-19
RS;2021;31;13033;233;1380941.0;33567;11377239.0;2021-07-26
RS;2021;32;9232;185;1390173.0;33752;11377239.0;2021-08-02
RS;2021;33;9637;193;1399810.0;33945;11377239.0;2021-08-09
RS;2021;34;7165;197;1406975.0;34142;11377239.0;2021-08-16
RS;2021;35;4897;171;1411872.0;34313;11377239.0;2021-08-23
RS;2021;36;7206;125;1419078.0;34438;11377239.0;2021-08-30
RS;2021;37;9214;157;1428292.0;34595;11377239.0;2021-09-06
RS;2021;38;4552;146;1432844.0;34741;11377239.0;2021-09-13
RS;2021;39;7536;164;1440380.0;34905;11377239.0;2021-09-20
RS;2021;40;7696;131;1448076.0;35036;11377239.0;2021-09-27
RS;2021;41;4554;140;1452630.0;35176;11377239.0;2021-10-04
RS;2021;42;4778;150;1457408.0;35326;11377239.0;2021-10-11
RS;2021;43;8947;161;1466355.0;35487;11377239.0;2021-10-18
RS;2021;44;6436;141;1472791.0;35628;11377239.0;2021-10-25
RS;2021;45;6744;180;1479535.0;35808;11377239.0;2021-11-01
RS;2021;46;4980;132;1484515.0;35940;11377239.0;2021-11-08
RS;2021;47;5049;135;1489564.0;36075;11377239.0;2021-11-15
RS;2021;48;5506;123;1495070.0;36198;11377239.0;2021-11-22
RS;2021;49;3507;75;1498577.0;36273;11377239.0;2021-11-29
RS;2021;50;1036;81;1499613.0;36354;11377239.0;2021-12-06
RS;2021;51;570;55;1500183.0;36409;11377239.0;2021-12-13
RS;2021;52;6934;35;1507117.0;36444;11377239.0;2021-12-20
RS;2021;53;3246;62;452920.0;8934;11377239.0;2020-12-28
RS;2022;1;22912;37;1530029.0;36481;11377239.0;2021-12-27
RS;2022;2;51858;40;1581887.0;36521;11377239.0;2022-01-03
RS;2022;3;108711;114;1690598.0;36635;11377239.0;2022-01-10
RS;2022;4;123600;218;1814198.0;36853;11377239.0;2022-01-17
RS;2022;5;109347;308;1923545.0;37161;11377239.0;2022-01-24
RS;2022;6;89142;405;2012687.0;37566;11377239.0;2022-01-31
RS;2022;7;79609;316;2092296.0;37882;11377239.0;2022-02-07
RS;2022;8;59664;377;2151960.0;38259;11377239.0;2022-02-14
RS;2022;9;31608;229;2183568.0;38488;11377239.0;2022-02-21
RS;2022;10;31835;220;2215403.0;38708;11377239.0;2022-02-28
RS;2022;11;24189;167;2239592.0;38875;11377239.0;2022-03-07
RS;2022;12;23355;110;2262947.0;38985;11377239.0;2022-03-14
RS;2022;13;17694;101;2280641.0;39086;11377239.0;2022-03-21
RS;2022;14;15971;69;2296612.0;39155;11377239.0;2022-03-28
RS;2022;15;12248;50;2308860.0;39205;11377239.0;2022-04-04
RS;2022;16;13028;49;2321888.0;39254;11377239.0;2022-04-11
RS;2022;17;15011;40;2336899.0;39294;11377239.0;2022-04-18
RS;2022;18;16599;40;2353498.0;39334;11377239.0;2022-04-25
RS;2022;19;23231;49;2376729.0;39383;11377239.0;2022-05-02
RS;2022;20;16195;58;2392924.0;39441;11377239.0;2022-05-09
RS;2022;21;33198;49;2426122.0;39490;11377239.0;2022-05-16
RS;2022;22;30838;75;2456960.0;39565;11377239.0;2022-05-23
RS;2022;23;28629;161;2485589.0;39726;11377239.0;2022-05-30
RS;2022;24;21269;112;2506858.0;39838;11377239.0;2022-06-06
RS;2022;25;25055;128;2531913.0;39966;11377239.0;2022-06-13
RS;2022;26;23148;91;2555061.0;40057;11377239.0;2022-06-20
RS;2022;27;23439;127;2578500.0;40184;11377239.0;2022-06-27
RS;2022;28;22741;102;2601241.0;40286;11377239.0;2022-07-04
RS;2022;29;21202;82;2622443.0;40368;11377239.0;2022-07-11
RS;2022;30;21999;89;2644442.0;40457;11377239.0;2022-07-18
RS;2022;31;18652;85;2663094.0;40542;11377239.0;2022-07-25
RS;2022;32;16083;110;2679177.0;40652;11377239.0;2022-08-01
RS;2022;33;15276;81;2694453.0;40733;11377239.0;2022-08-08
RS;2022;34;12548;95;2707001.0;40828;11377239.0;2022-08-15
RS;2022;35;9483;69;2716484.0;40897;11377239.0;2022-08-22
RS;2022;36;6294;48;2722778.0;40945;11377239.0;2022-08-29
RS;2022;37;4313;54;2727091.0;40999;11377239.0;2022-09-05
RS;2022;38;4369;49;2731460.0;41048;11377239.0;2022-09-12
RS;2022;39;3844;41;2735304.0;41089;11377239.0;2022-09-19
RS;2022;40;2633;34;2737937.0;41123;11377239.0;2022-09-26
RS;2022;41;2186;34;2740123.0;41157;11377239.0;2022-10-03
RS;2022;42;3041;15;2743164.0;41172;11377239.0;2022-10-10
RS;2022;43;3168;20;2746332.0;41192;11377239.0;2022-10-17
RS;2022;44;1679;12;2748011.0;41204;11377239.0;2022-10-24
RS;2022;45;3039;17;2751050.0;41221;11377239.0;2022-10-31
RS;2022;46;4411;11;2755461.0;41232;11377239.0;2022-11-07
RS;2022;47;8153;24;2763614.0;41256;11377239.0;2022-11-14
RS;2022;48;15859;27;2779473.0;41283;11377239.0;2022-11-21
RS;2022;49;23080;45;2802553.0;41328;11377239.0;2022-11-28
RS;2022;50;31548;49;2834101.0;41377;11377239.0;2022-12-05
RS;2022;51;29035;59;2863136.0;41436;11377239.0;2022-12-12
RS;2022;52;32435;72;2895571.0;41508;11377239.0;2021-12-27
RS;2023;1;21734;89;3089762.0;42646;11377239.0;2022-12-26
RS;2023;2;14271;67;2931576.0;41664;11377239.0;2023-01-02
RS;2023;3;9215;52;2940791.0;41716;11377239.0;2023-01-09
RS;2023;4;6342;20;2947133.0;41736;11377239.0;2023-01-16
RS;2023;5;4185;94;2951318.0;41830;11377239.0;2023-01-23
RS;2023;6;2310;33;2953628.0;41863;11377239.0;2023-01-30
RS;2023;7;3030;37;2956658.0;41900;11377239.0;2023-02-06
RS;2023;8;1837;7;2958495.0;41907;11377239.0;2023-02-13
RS;2023;9;3919;14;2962414.0;41921;11377239.0;2023-02-20
RS;2023;10;3686;14;2966100.0;41935;11377239.0;2023-02-27
RS;2023;11;7990;10;2974090.0;41945;11377239.0;2023-03-06
RS;2023;12;8693;16;2982783.0;41961;11377239.0;2023-03-13
RS;2023;13;8475;14;2991258.0;41975;11377239.0;2023-03-20
RS;2023;14;10418;23;3001676.0;41998;11377239.0;2023-03-27
RS;2023;15;10791;35;3012467.0;42033;11377239.0;2023-04-03
RS;2023;16;8023;39;3020490.0;42072;11377239.0;2023-04-10
RS;2023;17;6868;41;3027358.0;42113;11377239.0;2023-04-17
RS;2023;18;4711;36;3032069.0;42149;11377239.0;2023-04-24
RS;2023;19;4047;40;3036116.0;42189;11377239.0;2023-05-01
RS;2023;20;3379;43;3039495.0;42232;11377239.0;2023-05-08
RS;2023;21;2480;24;3041975.0;42256;11377239.0;2023-05-15
RS;2023;22;1660;19;3043635.0;42275;11377239.0;2023-05-22
RS;2023;23;1100;23;3044735.0;42298;11377239.0;2023-05-29
RS;2023;24;1255;35;3045990.0;42333;11377239.0;2023-06-05
RS;2023;25;1215;11;3047205.0;42344;11377239.0;2023-06-12
RS;2023;26;1185;25;3048390.0;42369;11377239.0;2023-06-19
RS;2023;27;932;13;3049322.0;42382;11377239.0;2023-06-26
RS;2023;28;574;7;3049896.0;42389;11377239.0;2023-07-03
RS;2023;29;638;28;3050534.0;42417;11377239.0;2023-07-10
RS;2023;30;0;0;3050534.0;42417;11377239.0;2023-07-17
RS;2023;31;1221;11;3051755.0;42428;11377239.0;2023-07-24
RS;2023;32;438;10;3052193.0;42438;11377239.0;2023-07-31
RS;2023;33;496;10;3052689.0;42448;11377239.0;2023-08-07
RS;2023;34;557;4;3053246.0;42452;11377239.0;2023-08-14
RS;2023;35;489;6;3053735.0;42458;11377239.0;2023-08-21
RS;2023;36;515;5;3054250.0;42463;11377239.0;2023-08-28
RS;2023;37;738;4;3054988.0;42467;11377239.0;2023-09-04
RS;2023;38;800;9;3055788.0;42476;11377239.0;2023-09-11
RS;2023;39;944;9;3056732.0;42485;11377239.0;2023-09-18
RS;2023;40;1013;7;3057745.0;42492;11377239.0;2023-09-25
RS;2023;41;1336;2;3059081.0;42494;11377239.0;2023-10-02
RS;2023;42;2562;0;3061643.0;42494;11377239.0;2023-10-09
RS;2023;43;3667;24;3065310.0;42518;11377239.0;2023-10-16
RS;2023;44;3463;3;3068773.0;42521;11377239.0;2023-10-23
RS;2023;45;4005;13;3072778.0;42534;11377239.0;2023-10-30
RS;2023;46;3001;20;3075779.0;42554;11377239.0;2023-11-06
RS;2023;47;2985;22;3078764.0;42576;11377239.0;2023-11-13
RS;2023;48;2873;11;3081637.0;42587;11377239.0;2023-11-20
RS;2023;49;2166;18;3083803.0;42605;11377239.0;2023-11-27
RS;2023;50;2034;12;3085837.0;42617;11377239.0;2023-12-04
RS;2023;51;0;0;3085837.0;42617;11377239.0;2023-12-11
RS;2023;52;3925;29;3089762.0;42646;11377239.0;2023-12-18
RS;2024;1;1700;12;3157061.0;43126;11377239.0;2024-01-01
RS;2024;2;1459;7;3092921.0;42665;11377239.0;2024-01-01
RS;2024;3;1230;9;3094151.0;42674;11377239.0;2024-01-08
RS;2024;4;1397;6;3095548.0;42680;11377239.0;2024-01-15
RS;2024;5;1932;1;3097480.0;42681;11377239.0;2024-01-22
RS;2024;6;0;0;3097480.0;42681;11377239.0;2024-01-29
RS;2024;7;3890;51;3101370.0;42732;11377239.0;2024-02-05
RS;2024;8;3848;16;3105218.0;42748;11377239.0;2024-02-12
RS;2024;9;5768;16;3110986.0;42764;11377239.0;2024-02-19
RS;2024;10;7039;15;3118025.0;42779;11377239.0;2024-02-26
RS;2024;11;6908;13;3124933.0;42792;11377239.0;2024-03-04
RS;2024;12;4410;39;3129343.0;42831;11377239.0;2024-03-11
RS;2024;13;0;0;3129343.0;42831;11377239.0;2024-03-18
RS;2024;14;4842;47;3134185.0;42878;11377239.0;2024-03-25
RS;2024;15;1233;17;3135418.0;42895;11377239.0;2024-04-01
RS;2024;16;0;0;3135418.0;42895;11377239.0;2024-04-08
RS;2024;17;1607;33;3137025.0;42928;11377239.0;2024-04-15
RS;2024;18;564;8;3137589.0;42936;11377239.0;2024-04-22
RS;2024;19;0;0;3137589.0;42936;11377239.0;2024-04-29
RS;2024;20;0;0;3137589.0;42936;11377239.0;2024-05-06
RS;2024;21;0;0;3137589.0;42936;11377239.0;2024-05-13
RS;2024;22;251;13;3137840.0;42949;11377239.0;2024-05-20
RS;2024;23;93;7;3137933.0;42956;11377239.0;2024-05-27
RS;2024;24;25;21;3137958.0;42977;11377239.0;2024-06-03
RS;2024;25;188;6;3138146.0;42983;11377239.0;2024-06-10
RS;2024;26;194;3;3138340.0;42986;11377239.0;2024-06-17
RS;2024;27;200;4;3138540.0;42990;11377239.0;2024-06-24
RS;2024;28;117;3;3138657.0;42993;11377239.0;2024-07-01
RS;2024;29;150;1;3138807.0;42994;11377239.0;2024-07-08
RS;2024;30;239;0;3139046.0;42994;11377239.0;2024-07-15
RS;2024;31;125;2;3139171.0;42996;11377239.0;2024-07-22
RS;2024;32;0;0;3139171.0;42996;11377239.0;2024-07-29
RS;2024;33;242;3;3139413.0;42999;11377239.0;2024-08-05
RS;2024;34;155;2;3139568.0;43001;11377239.0;2024-08-12
RS;2024;35;66;1;3139634.0;43002;11377239.0;2024-08-19
RS;2024;36;239;3;3139873.0;43005;11377239.0;2024-08-26
RS;2024;37;344;2;3140217.0;43007;11377239.0;2024-09-02
RS;2024;38;439;1;3140656.0;43008;11377239.0;2024-09-09
RS;2024;39;762;5;3141418.0;43013;11377239.0;2024-09-16
RS;2024;40;549;6;3141967.0;43019;11377239.0;2024-09-23
RS;2024;41;732;8;3142699.0;43027;11377239.0;2024-09-30
RS;2024;42;859;0;3143558.0;43027;11377239.0;2024-10-07
RS;2024;43;1058;0;3144616.0;43027;11377239.0;2024-10-14
RS;2024;44;340;17;3144956.0;43044;11377239.0;2024-10-21
RS;2024;45;2441;0;3147397.0;43044;11377239.0;2024-10-28
RS;2024;46;1232;0;3148629.0;43044;11377239.0;2024-11-04
RS;2024;47;1377;34;3150006.0;43078;11377239.0;2024-11-11
RS;2024;48;1319;7;3151325.0;43085;11377239.0;2024-11-18
RS;2024;49;1450;5;3152775.0;43090;11377239.0;2024-11-25
RS;2024;50;1484;7;3154259.0;43097;11377239.0;2024-12-02
RS;2024;51;0;0;3154259.0;43097;11377239.0;2024-12-09
RS;2024;52;2802;29;3157061.0;43126;11377239.0;2024-12-16
RS;2025;1;113;12;3157174.0;43138;11377239.0;2024-12-30
RS;2025;2;1236;5;3158410.0;43143;11377239.0;2024-12-30
RS;2025;3;873;3;3159283.0;43146;11377239.0;2025-01-06
RS;2025;4;556;21;3159839.0;43167;11377239.0;2025-01-13
RS;2025;5;413;12;3160252.0;43179;11377239.0;2025-01-20
RS;2025;6;338;4;3160590.0;43183;11377239.0;2025-01-27
RS;2025;7;406;6;3160996.0;43189;11377239.0;2025-02-03
RS;2025;8;325;6;3161321.0;43195;11377239.0;2025-02-10
RS;2025;9;313;6;3161634.0;43201;11377239.0;2025-02-17
RS;2025;10;483;6;3162117.0;43207;11377239.0;2025-02-24
RS;2025;11;451;4;3162568.0;43211;11377239.0;2025-03-03
RS;2025;12;575;4;3163143.0;43215;11377239.0;2025-03-10
RS;2025;13;441;3;3163584.0;43218;11377239.0;2025-03-17
RS;2025;14;319;4;3163903.0;43222;11377239.0;2025-03-24
RS;2025;15;188;3;3164091.0;43225;11377239.0;2025-03-31
RS;2025;16;165;1;3164256.0;43226;11377239.0;2025-04-07
RS;2025;17;180;6;3164436.0;43232;11377239.0;2025-04-14
RS;2025;18;125;2;3164561.0;43234;11377239.0;2025-04-21
RS;2025;19;159;2;3164720.0;43236;11377239.0;2025-04-28
RS;2025;20;144;0;3164864.0;43236;11377239.0;2025-05-05
RS;2025;21;210;0;3165074.0;43236;11377239.0;2025-05-12
RS;2025;22;232;3;3165306.0;43239;11377239.0;2025-05-19
RS;2025;23;94;4;3165400.0;43243;11377239.0;2025-05-26
RS;2025;24;105;1;3165505.0;43244;11377239.0;2025-06-02
RS;2025;25;138;0;3165643.0;43244;11377239.0;2025-06-09
RS;2025;26;128;2;3165771.0;43246;11377239.0;2025-06-16
RS;2025;27;97;4;3165868.0;43250;11377239.0;2025-06-23
RS;2025;28;131;1;3165999.0;43251;11377239.0;2025-06-30
RS;2025;29;86;0;3166085.0;43251;11377239.0;2025-07-07
RS;2025;30;87;1;3166172.0;43252;11377239.0;2025-07-14
RS;2025;31;114;3;3166286.0;43255;11377239.0;2025-07-21
RS;2025;32;104;1;3166390.0;43256;11377239.0;2025-07-28
RS;2025;33;159;0;3166549.0;43256;11377239.0;2025-08-04
RS;2025;34;216;0;3166765.0;43256;11377239.0;2025-08-11
RS;2025;35;270;2;3167035.0;43258;11377239.0;2025-08-18
RS;2025;36;0;0;3167035.0;43258;11377239.0;2025-08-25
SC;2020;9;0;0;0.0;0;7164788.0;2020-02-24
SC;2020;10;0;0;0.0;0;7164788.0;2020-02-24
SC;2020;11;4;0;4.0;0;7164788.0;2020-03-02
SC;2020;12;47;0;51.0;0;7164788.0;2020-03-09
SC;2020;13;141;1;184.0;1;7164788.0;2020-03-16
SC;2020;14;151;4;334.0;5;7164788.0;2020-03-23
SC;2020;15;400;16;732.0;21;7164788.0;2020-03-30
SC;2020;16;233;10;962.0;31;7164788.0;2020-04-06
SC;2020;17;250;11;1209.0;42;7164788.0;2020-04-13
SC;2020;18;1160;10;2346.0;52;7164788.0;2020-04-20
SC;2020;19;1009;12;3372.0;64;7164788.0;2020-04-27
SC;2020;20;1317;17;4678.0;81;7164788.0;2020-05-04
SC;2020;21;2115;23;6607.0;103;7164788.0;2020-05-11
SC;2020;22;1998;32;8778.0;136;7164788.0;2020-05-18
SC;2020;23;2614;30;11285.0;166;7164788.0;2020-05-25
SC;2020;24;2056;27;13296.0;193;7164788.0;2020-06-01
SC;2020;25;3870;44;17108.0;237;7164788.0;2020-06-08
SC;2020;26;6871;67;23808.0;304;7164788.0;2020-06-15
SC;2020;27;8238;79;31931.0;383;7164788.0;2020-06-22
SC;2020;28;10210;102;42026.0;485;7164788.0;2020-06-29
SC;2020;29;10645;177;52531.0;662;7164788.0;2020-07-06
SC;2020;30;15134;218;67333.0;880;7164788.0;2020-07-13
SC;2020;31;20300;274;86922.0;1154;7164788.0;2020-07-20
SC;2020;32;18657;265;104749.0;1419;7164788.0;2020-07-27
SC;2020;33;16017;348;120001.0;1767;7164788.0;2020-08-03
SC;2020;34;12683;260;132008.0;2027;7164788.0;2020-08-10
SC;2020;35;15094;191;146404.0;2218;7164788.0;2020-08-17
SC;2020;36;43355;182;188361.0;2400;7164788.0;2020-08-24
SC;2020;37;9015;115;197064.0;2515;7164788.0;2020-08-31
SC;2020;38;8527;120;205250.0;2635;7164788.0;2020-09-07
SC;2020;39;6971;101;212091.0;2736;7164788.0;2020-09-14
SC;2020;40;6450;106;218633.0;2842;7164788.0;2020-09-21
SC;2020;41;7733;66;226614.0;2908;7164788.0;2020-09-28
SC;2020;42;8145;58;234765.0;2966;7164788.0;2020-10-05
SC;2020;43;10336;58;244978.0;3024;7164788.0;2020-10-12
SC;2020;44;14143;91;258940.0;3114;7164788.0;2020-10-19
SC;2020;45;14859;87;273652.0;3202;7164788.0;2020-10-26
SC;2020;46;20469;107;293802.0;3309;7164788.0;2020-11-02
SC;2020;47;30171;150;323390.0;3459;7164788.0;2020-11-09
SC;2020;48;32983;242;355950.0;3701;7164788.0;2020-11-16
SC;2020;49;38190;279;393602.0;3980;7164788.0;2020-11-23
SC;2020;50;32839;354;426095.0;4334;7164788.0;2020-11-30
SC;2020;51;31534;334;457335.0;4668;7164788.0;2020-12-07
SC;2020;52;21140;339;478242.0;5007;7164788.0;2020-12-14
SC;2020;53;14649;246;492583.0;5253;7164788.0;2020-12-21
SC;2021;1;23034;317;518805.0;5611;7164788.0;2020-12-28
SC;2021;2;22168;256;540342.0;5867;7164788.0;2021-01-04
SC;2021;3;17874;230;557774.0;6097;7164788.0;2021-01-11
SC;2021;4;18069;228;575616.0;6325;7164788.0;2021-01-18
SC;2021;5;17829;185;593172.0;6510;7164788.0;2021-01-25
SC;2021;6;18304;206;611299.0;6716;7164788.0;2021-02-01
SC;2021;7;25469;213;636445.0;6929;7164788.0;2021-02-08
SC;2021;8;32756;385;668811.0;7314;7164788.0;2021-02-15
SC;2021;9;37273;580;705760.0;7894;7164788.0;2021-02-22
SC;2021;10;9007;721;728567.0;8615;7164788.0;2021-03-01
SC;2021;11;32629;856;761196.0;9471;7164788.0;2021-03-08
SC;2021;12;32660;948;793856.0;10419;7164788.0;2021-03-15
SC;2021;13;21257;770;815113.0;11189;7164788.0;2021-03-22
SC;2021;14;19099;777;834212.0;11966;7164788.0;2021-03-29
SC;2021;15;20515;575;854727.0;12541;7164788.0;2021-04-05
SC;2021;16;17255;544;871982.0;13085;7164788.0;2021-04-12
SC;2021;17;18595;507;890577.0;13592;7164788.0;2021-04-19
SC;2021;18;18671;441;909248.0;14033;7164788.0;2021-04-26
SC;2021;19;17745;370;926993.0;14403;7164788.0;2021-05-03
SC;2021;20;19464;386;946457.0;14789;7164788.0;2021-05-10
SC;2021;21;18820;385;965277.0;15174;7164788.0;2021-05-17
SC;2021;22;18056;398;983333.0;15572;7164788.0;2021-05-24
SC;2021;23;21461;365;1004794.0;15937;7164788.0;2021-05-31
SC;2021;24;20550;348;1025344.0;16285;7164788.0;2021-06-07
SC;2021;25;19178;388;1044522.0;16673;7164788.0;2021-06-14
SC;2021;26;16470;314;1060992.0;16987;7164788.0;2021-06-21
SC;2021;27;16099;314;1077091.0;17301;7164788.0;2021-06-28
SC;2021;28;13714;245;1090805.0;17546;7164788.0;2021-07-05
SC;2021;29;11858;225;1102663.0;17771;7164788.0;2021-07-12
SC;2021;30;11094;207;1113757.0;17978;7164788.0;2021-07-19
SC;2021;31;9584;192;1123341.0;18170;7164788.0;2021-07-26
SC;2021;32;9805;158;1133146.0;18328;7164788.0;2021-08-02
SC;2021;33;10503;166;1143649.0;18494;7164788.0;2021-08-09
SC;2021;34;9961;146;1153610.0;18640;7164788.0;2021-08-16
SC;2021;35;7597;148;1161207.0;18788;7164788.0;2021-08-23
SC;2021;36;5447;137;1166654.0;18925;7164788.0;2021-08-30
SC;2021;37;2163;142;1168817.0;19067;7164788.0;2021-09-06
SC;2021;38;19391;119;1188208.0;19186;7164788.0;2021-09-13
SC;2021;39;6117;120;1194325.0;19306;7164788.0;2021-09-20
SC;2021;40;6107;91;1200432.0;19397;7164788.0;2021-09-27
SC;2021;41;4936;92;1205368.0;19489;7164788.0;2021-10-04
SC;2021;42;5857;81;1211225.0;19570;7164788.0;2021-10-11
SC;2021;43;5098;86;1216323.0;19656;7164788.0;2021-10-18
SC;2021;44;4297;78;1220620.0;19734;7164788.0;2021-10-25
SC;2021;45;4153;92;1224773.0;19826;7164788.0;2021-11-01
SC;2021;46;3510;79;1228283.0;19905;7164788.0;2021-11-08
SC;2021;47;3636;68;1231919.0;19973;7164788.0;2021-11-15
SC;2021;48;3162;60;1235081.0;20033;7164788.0;2021-11-22
SC;2021;49;2526;50;1237607.0;20083;7164788.0;2021-11-29
SC;2021;50;859;41;1238466.0;20124;7164788.0;2021-12-06
SC;2021;51;711;20;1239177.0;20144;7164788.0;2021-12-13
SC;2021;52;4358;42;1243535.0;20186;7164788.0;2021-12-20
SC;2021;53;4061;41;496524.0;5294;7164788.0;2020-12-28
SC;2022;1;17337;36;1261207.0;20224;7164788.0;2021-12-27
SC;2022;2;37650;44;1298857.0;20268;7164788.0;2022-01-03
SC;2022;3;62645;93;1361502.0;20361;7164788.0;2022-01-10
SC;2022;4;74244;181;1435746.0;20542;7164788.0;2022-01-17
SC;2022;5;61123;222;1496869.0;20764;7164788.0;2022-01-24
SC;2022;6;47718;207;1544587.0;20971;7164788.0;2022-01-31
SC;2022;7;38922;208;1583509.0;21179;7164788.0;2022-02-07
SC;2022;8;29806;168;1613315.0;21347;7164788.0;2022-02-14
SC;2022;9;18088;104;1631403.0;21451;7164788.0;2022-02-21
SC;2022;10;15702;103;1647105.0;21554;7164788.0;2022-02-28
SC;2022;11;13145;62;1660250.0;21616;7164788.0;2022-03-07
SC;2022;12;10720;32;1670970.0;21648;7164788.0;2022-03-14
SC;2022;13;7645;21;1678615.0;21669;7164788.0;2022-03-21
SC;2022;14;6229;33;1684844.0;21702;7164788.0;2022-03-28
SC;2022;15;6874;20;1691718.0;21722;7164788.0;2022-04-04
SC;2022;16;5525;19;1697243.0;21741;7164788.0;2022-04-11
SC;2022;17;6033;35;1703276.0;21776;7164788.0;2022-04-18
SC;2022;18;6436;7;1709712.0;21783;7164788.0;2022-04-25
SC;2022;19;8346;23;1718058.0;21806;7164788.0;2022-05-02
SC;2022;20;6307;9;1724365.0;21815;7164788.0;2022-05-09
SC;2022;21;13010;28;1737375.0;21843;7164788.0;2022-05-16
SC;2022;22;12875;25;1750250.0;21868;7164788.0;2022-05-23
SC;2022;23;12083;38;1762333.0;21906;7164788.0;2022-05-30
SC;2022;24;9587;26;1771920.0;21932;7164788.0;2022-06-06
SC;2022;25;12968;48;1784888.0;21980;7164788.0;2022-06-13
SC;2022;26;12599;66;1797487.0;22046;7164788.0;2022-06-20
SC;2022;27;11735;45;1809222.0;22091;7164788.0;2022-06-27
SC;2022;28;12212;53;1821434.0;22144;7164788.0;2022-07-04
SC;2022;29;9280;40;1830714.0;22184;7164788.0;2022-07-11
SC;2022;30;8239;36;1838953.0;22220;7164788.0;2022-07-18
SC;2022;31;7923;42;1846876.0;22262;7164788.0;2022-07-25
SC;2022;32;5165;40;1852041.0;22302;7164788.0;2022-08-01
SC;2022;33;4576;28;1856617.0;22330;7164788.0;2022-08-08
SC;2022;34;5091;17;1861708.0;22347;7164788.0;2022-08-15
SC;2022;35;4742;23;1866450.0;22370;7164788.0;2022-08-22
SC;2022;36;2756;14;1869206.0;22384;7164788.0;2022-08-29
SC;2022;37;3144;2;1872350.0;22386;7164788.0;2022-09-05
SC;2022;38;2551;6;1874901.0;22394;7164788.0;2022-09-12
SC;2022;39;1797;14;1876698.0;22406;7164788.0;2022-09-19
SC;2022;40;2201;6;1878899.0;22412;7164788.0;2022-09-26
SC;2022;41;1701;3;1880600.0;22415;7164788.0;2022-10-03
SC;2022;42;2004;0;1882604.0;22415;7164788.0;2022-10-10
SC;2022;43;1977;-6;1884581.0;22415;7164788.0;2022-10-17
SC;2022;44;1883;3;1886464.0;22412;7164788.0;2022-10-24
SC;2022;45;3072;6;1889536.0;22419;7164788.0;2022-10-31
SC;2022;46;4875;13;1894411.0;22431;7164788.0;2022-11-07
SC;2022;47;8764;18;1903175.0;22449;7164788.0;2022-11-14
SC;2022;48;11319;17;1914494.0;22466;7164788.0;2022-11-21
SC;2022;49;12322;26;1926816.0;22492;7164788.0;2022-11-28
SC;2022;50;11990;28;1938806.0;22520;7164788.0;2022-12-05
SC;2022;51;9543;38;1948349.0;22558;7164788.0;2022-12-12
SC;2022;52;8139;27;1956153.0;22583;7164788.0;2021-12-27
SC;2023;1;6710;31;2056884.0;22993;7164788.0;2022-12-26
SC;2023;2;5044;1;1967907.0;22615;7164788.0;2023-01-02
SC;2023;3;4148;46;1972055.0;22661;7164788.0;2023-01-09
SC;2023;4;2866;8;1974921.0;22669;7164788.0;2023-01-16
SC;2023;5;2130;14;1977051.0;22683;7164788.0;2023-01-23
SC;2023;6;2557;6;1979608.0;22689;7164788.0;2023-01-30
SC;2023;7;1930;6;1981538.0;22695;7164788.0;2023-02-06
SC;2023;8;1936;5;1983474.0;22700;7164788.0;2023-02-13
SC;2023;9;2973;3;1986447.0;22703;7164788.0;2023-02-20
SC;2023;10;4592;1;1991039.0;22704;7164788.0;2023-02-27
SC;2023;11;9554;4;2000593.0;22708;7164788.0;2023-03-06
SC;2023;12;3911;14;2004504.0;22722;7164788.0;2023-03-13
SC;2023;13;4445;9;2008949.0;22731;7164788.0;2023-03-20
SC;2023;14;2846;10;2011795.0;22741;7164788.0;2023-03-27
SC;2023;15;2656;13;2014451.0;22754;7164788.0;2023-04-03
SC;2023;16;1479;10;2015930.0;22764;7164788.0;2023-04-10
SC;2023;17;1489;9;2017419.0;22773;7164788.0;2023-04-17
SC;2023;18;1196;6;2018615.0;22779;7164788.0;2023-04-24
SC;2023;19;1469;6;2020084.0;22785;7164788.0;2023-05-01
SC;2023;20;1130;4;2021214.0;22789;7164788.0;2023-05-08
SC;2023;21;1433;6;2022647.0;22795;7164788.0;2023-05-15
SC;2023;22;1108;14;2023755.0;22809;7164788.0;2023-05-22
SC;2023;23;820;11;2024575.0;22820;7164788.0;2023-05-29
SC;2023;24;820;6;2025395.0;22826;7164788.0;2023-06-05
SC;2023;25;751;8;2026146.0;22834;7164788.0;2023-06-12
SC;2023;26;652;4;2026798.0;22838;7164788.0;2023-06-19
SC;2023;27;383;3;2027181.0;22841;7164788.0;2023-06-26
SC;2023;28;392;10;2027573.0;22851;7164788.0;2023-07-03
SC;2023;29;414;5;2027987.0;22856;7164788.0;2023-07-10
SC;2023;30;663;3;2028650.0;22859;7164788.0;2023-07-17
SC;2023;31;304;0;2028954.0;22859;7164788.0;2023-07-24
SC;2023;32;333;3;2029287.0;22862;7164788.0;2023-07-31
SC;2023;33;422;2;2029709.0;22864;7164788.0;2023-08-07
SC;2023;34;583;0;2030292.0;22864;7164788.0;2023-08-14
SC;2023;35;484;0;2030776.0;22864;7164788.0;2023-08-21
SC;2023;36;369;39;2031145.0;22903;7164788.0;2023-08-28
SC;2023;37;479;-2;2031624.0;22903;7164788.0;2023-09-04
SC;2023;38;783;1;2032407.0;22902;7164788.0;2023-09-11
SC;2023;39;792;2;2033199.0;22904;7164788.0;2023-09-18
SC;2023;40;849;3;2034048.0;22907;7164788.0;2023-09-25
SC;2023;41;960;1;2035008.0;22908;7164788.0;2023-10-02
SC;2023;42;1746;3;2036754.0;22911;7164788.0;2023-10-09
SC;2023;43;2663;5;2039417.0;22916;7164788.0;2023-10-16
SC;2023;44;2614;10;2042031.0;22926;7164788.0;2023-10-23
SC;2023;45;2917;17;2044948.0;22943;7164788.0;2023-10-30
SC;2023;46;2695;5;2047643.0;22948;7164788.0;2023-11-06
SC;2023;47;2364;13;2050007.0;22961;7164788.0;2023-11-13
SC;2023;48;1801;8;2051808.0;22969;7164788.0;2023-11-20
SC;2023;49;1503;10;2053311.0;22979;7164788.0;2023-11-27
SC;2023;50;1684;6;2054995.0;22985;7164788.0;2023-12-04
SC;2023;51;1156;6;2056151.0;22991;7164788.0;2023-12-11
SC;2023;52;733;2;2056884.0;22993;7164788.0;2023-12-18
SC;2024;1;739;2;2096223.0;23181;7164788.0;2024-01-01
SC;2024;2;832;7;2058455.0;23002;7164788.0;2024-01-01
SC;2024;3;891;4;2059346.0;23006;7164788.0;2024-01-08
SC;2024;4;951;10;2060297.0;23016;7164788.0;2024-01-15
SC;2024;5;1214;7;2061511.0;23023;7164788.0;2024-01-22
SC;2024;6;1726;6;2063237.0;23029;7164788.0;2024-01-29
SC;2024;7;1613;6;2064850.0;23035;7164788.0;2024-02-05
SC;2024;8;2958;8;2067808.0;23043;7164788.0;2024-02-12
SC;2024;9;3911;4;2071719.0;23047;7164788.0;2024-02-19
SC;2024;10;3409;6;2075128.0;23053;7164788.0;2024-02-26
SC;2024;11;2560;12;2077688.0;23065;7164788.0;2024-03-04
SC;2024;12;1547;12;2079235.0;23077;7164788.0;2024-03-11
SC;2024;13;720;11;2079955.0;23088;7164788.0;2024-03-18
SC;2024;14;664;7;2080619.0;23095;7164788.0;2024-03-25
SC;2024;15;477;2;2081096.0;23097;7164788.0;2024-04-01
SC;2024;16;304;0;2081400.0;23097;7164788.0;2024-04-08
SC;2024;17;322;2;2081722.0;23099;7164788.0;2024-04-15
SC;2024;18;214;1;2081936.0;23100;7164788.0;2024-04-22
SC;2024;19;216;0;2082152.0;23100;7164788.0;2024-04-29
SC;2024;20;557;9;2082709.0;23109;7164788.0;2024-05-06
SC;2024;21;354;1;2083063.0;23110;7164788.0;2024-05-13
SC;2024;22;209;0;2083272.0;23110;7164788.0;2024-05-20
SC;2024;23;99;1;2083371.0;23111;7164788.0;2024-05-27
SC;2024;24;0;0;2083371.0;23111;7164788.0;2024-06-03
SC;2024;25;300;0;2083671.0;23111;7164788.0;2024-06-10
SC;2024;26;163;5;2083834.0;23116;7164788.0;2024-06-17
SC;2024;27;217;0;2084051.0;23116;7164788.0;2024-06-24
SC;2024;28;120;0;2084171.0;23116;7164788.0;2024-07-01
SC;2024;29;132;-1;2084303.0;23116;7164788.0;2024-07-08
SC;2024;30;160;0;2084463.0;23115;7164788.0;2024-07-15
SC;2024;31;0;0;2084463.0;23115;7164788.0;2024-07-22
SC;2024;32;415;1;2084878.0;23116;7164788.0;2024-07-29
SC;2024;33;99;0;2084977.0;23116;7164788.0;2024-08-05
SC;2024;34;183;1;2085160.0;23117;7164788.0;2024-08-12
SC;2024;35;66;2;2085226.0;23119;7164788.0;2024-08-19
SC;2024;36;377;0;2085603.0;23119;7164788.0;2024-08-26
SC;2024;37;269;0;2085872.0;23119;7164788.0;2024-09-02
SC;2024;38;542;7;2086414.0;23126;7164788.0;2024-09-09
SC;2024;39;491;0;2086905.0;23126;7164788.0;2024-09-16
SC;2024;40;535;4;2087440.0;23130;7164788.0;2024-09-23
SC;2024;41;350;6;2087790.0;23136;7164788.0;2024-09-30
SC;2024;42;564;5;2088354.0;23141;7164788.0;2024-10-07
SC;2024;43;761;3;2089115.0;23144;7164788.0;2024-10-14
SC;2024;44;752;1;2089867.0;23145;7164788.0;2024-10-21
SC;2024;45;811;3;2090678.0;23148;7164788.0;2024-10-28
SC;2024;46;776;0;2091454.0;23148;7164788.0;2024-11-04
SC;2024;47;909;1;2092363.0;23149;7164788.0;2024-11-11
SC;2024;48;1009;9;2093372.0;23158;7164788.0;2024-11-18
SC;2024;49;860;4;2094232.0;23162;7164788.0;2024-11-25
SC;2024;50;996;8;2095228.0;23170;7164788.0;2024-12-02
SC;2024;51;697;2;2095925.0;23172;7164788.0;2024-12-09
SC;2024;52;298;9;2096223.0;23181;7164788.0;2024-12-16
SC;2025;1;41;0;2096264.0;23181;7164788.0;2024-12-30
SC;2025;2;493;0;2096757.0;23181;7164788.0;2024-12-30
SC;2025;3;359;11;2097116.0;23192;7164788.0;2025-01-06
SC;2025;4;307;2;2097423.0;23194;7164788.0;2025-01-13
SC;2025;5;275;0;2097698.0;23194;7164788.0;2025-01-20
SC;2025;6;294;0;2097992.0;23194;7164788.0;2025-01-27
SC;2025;7;328;3;2098320.0;23197;7164788.0;2025-02-03
SC;2025;8;453;4;2098773.0;23201;7164788.0;2025-02-10
SC;2025;9;646;5;2099419.0;23206;7164788.0;2025-02-17
SC;2025;10;517;1;2099936.0;23207;7164788.0;2025-02-24
SC;2025;11;361;6;2100297.0;23213;7164788.0;2025-03-03
SC;2025;12;273;3;2100570.0;23216;7164788.0;2025-03-10
SC;2025;13;203;4;2100773.0;23220;7164788.0;2025-03-17
SC;2025;14;102;0;2100875.0;23220;7164788.0;2025-03-24
SC;2025;15;78;18;2100953.0;23238;7164788.0;2025-03-31
SC;2025;16;126;0;2101079.0;23238;7164788.0;2025-04-07
SC;2025;17;63;2;2101142.0;23240;7164788.0;2025-04-14
SC;2025;18;41;2;2101183.0;23242;7164788.0;2025-04-21
SC;2025;19;57;0;2101240.0;23242;7164788.0;2025-04-28
SC;2025;20;76;0;2101316.0;23242;7164788.0;2025-05-05
SC;2025;21;137;-1;2101453.0;23242;7164788.0;2025-05-12
SC;2025;22;78;0;2101531.0;23241;7164788.0;2025-05-19
SC;2025;23;82;3;2101613.0;23244;7164788.0;2025-05-26
SC;2025;24;209;1;2101822.0;23245;7164788.0;2025-06-02
SC;2025;25;91;2;2101913.0;23247;7164788.0;2025-06-09
SC;2025;26;114;2;2102027.0;23249;7164788.0;2025-06-16
SC;2025;27;90;1;2102117.0;23250;7164788.0;2025-06-23
SC;2025;28;101;0;2102218.0;23250;7164788.0;2025-06-30
SC;2025;29;60;0;2102278.0;23250;7164788.0;2025-07-07
SC;2025;30;69;-1;2102347.0;23250;7164788.0;2025-07-14
SC;2025;31;88;0;2102435.0;23249;7164788.0;2025-07-21
SC;2025;32;185;1;2102620.0;23250;7164788.0;2025-07-28
SC;2025;33;267;0;2102887.0;23250;7164788.0;2025-08-04
SC;2025;34;308;0;2103195.0;23250;7164788.0;2025-08-11
SC;2025;35;348;0;2103543.0;23250;7164788.0;2025-08-18
SC;2025;36;0;0;2103543.0;23250;7164788.0;2025-08-25
SE;2020;9;0;0;0.0;0;2298696.0;2020-02-24
SE;2020;10;0;0;0.0;0;2298696.0;2020-02-24
SE;2020;11;0;0;0.0;0;2298696.0;2020-03-02
SE;2020;12;10;0;10.0;0;2298696.0;2020-03-09
SE;2020;13;6;0;16.0;0;2298696.0;2020-03-16
SE;2020;14;11;2;27.0;2;2298696.0;2020-03-23
SE;2020;15;15;2;42.0;4;2298696.0;2020-03-30
SE;2020;16;29;1;71.0;5;2298696.0;2020-04-06
SE;2020;17;82;4;153.0;9;2298696.0;2020-04-13
SE;2020;18;448;5;601.0;14;2298696.0;2020-04-20
SE;2020;19;987;19;1588.0;33;2298696.0;2020-04-27
SE;2020;20;1547;20;3135.0;53;2298696.0;2020-05-04
SE;2020;21;1996;33;5131.0;86;2298696.0;2020-05-11
SE;2020;22;1674;63;6805.0;149;2298696.0;2020-05-18
SE;2020;23;2167;59;8972.0;208;2298696.0;2020-05-25
SE;2020;24;3894;108;12866.0;316;2298696.0;2020-06-01
SE;2020;25;5583;132;18449.0;448;2298696.0;2020-06-08
SE;2020;26;4870;157;23319.0;605;2298696.0;2020-06-15
SE;2020;27;6442;178;29761.0;783;2298696.0;2020-06-22
SE;2020;28;6285;171;36046.0;954;2298696.0;2020-06-29
SE;2020;29;7026;157;43072.0;1111;2298696.0;2020-07-06
SE;2020;30;9192;192;52264.0;1303;2298696.0;2020-07-13
SE;2020;31;7460;145;59724.0;1448;2298696.0;2020-07-20
SE;2020;32;4547;129;64271.0;1577;2298696.0;2020-07-27
SE;2020;33;3430;119;67701.0;1696;2298696.0;2020-08-03
SE;2020;34;2551;75;70252.0;1771;2298696.0;2020-08-10
SE;2020;35;2028;68;72280.0;1839;2298696.0;2020-08-17
SE;2020;36;1351;46;73631.0;1885;2298696.0;2020-08-24
SE;2020;37;1134;60;74765.0;1945;2298696.0;2020-08-31
SE;2020;38;1007;31;75772.0;1976;2298696.0;2020-09-07
SE;2020;39;1145;39;76917.0;2015;2298696.0;2020-09-14
SE;2020;40;1085;36;78002.0;2051;2298696.0;2020-09-21
SE;2020;41;1499;38;79501.0;2089;2298696.0;2020-09-28
SE;2020;42;1618;40;81119.0;2129;2298696.0;2020-10-05
SE;2020;43;2527;39;83646.0;2168;2298696.0;2020-10-12
SE;2020;44;680;38;84326.0;2206;2298696.0;2020-10-19
SE;2020;45;900;33;85226.0;2239;2298696.0;2020-10-26
SE;2020;46;754;18;85980.0;2257;2298696.0;2020-11-02
SE;2020;47;1109;17;87089.0;2274;2298696.0;2020-11-09
SE;2020;48;2418;26;89507.0;2300;2298696.0;2020-11-16
SE;2020;49;2347;29;91854.0;2329;2298696.0;2020-11-23
SE;2020;50;6618;32;98472.0;2361;2298696.0;2020-11-30
SE;2020;51;4570;40;103042.0;2401;2298696.0;2020-12-07
SE;2020;52;5124;47;108166.0;2448;2298696.0;2020-12-14
SE;2020;53;4339;36;112505.0;2484;2298696.0;2020-12-21
SE;2021;1;7306;63;121222.0;2563;2298696.0;2020-12-28
SE;2021;2;6493;77;127715.0;2640;2298696.0;2021-01-04
SE;2021;3;4622;79;132337.0;2719;2298696.0;2021-01-11
SE;2021;4;4462;54;136799.0;2773;2298696.0;2021-01-18
SE;2021;5;3473;53;140272.0;2826;2298696.0;2021-01-25
SE;2021;6;4221;43;144493.0;2869;2298696.0;2021-02-01
SE;2021;7;3106;37;147599.0;2906;2298696.0;2021-02-08
SE;2021;8;2934;49;150533.0;2955;2298696.0;2021-02-15
SE;2021;9;3642;58;154175.0;3013;2298696.0;2021-02-22
SE;2021;10;4076;92;158251.0;3105;2298696.0;2021-03-01
SE;2021;11;6339;152;164590.0;3257;2298696.0;2021-03-08
SE;2021;12;6671;154;171261.0;3411;2298696.0;2021-03-15
SE;2021;13;6000;161;177261.0;3572;2298696.0;2021-03-22
SE;2021;14;5851;172;183112.0;3744;2298696.0;2021-03-29
SE;2021;15;6461;185;189573.0;3929;2298696.0;2021-04-05
SE;2021;16;6420;186;195993.0;4115;2298696.0;2021-04-12
SE;2021;17;7043;187;203036.0;4302;2298696.0;2021-04-19
SE;2021;18;7283;196;210319.0;4498;2298696.0;2021-04-26
SE;2021;19;6229;198;216548.0;4696;2298696.0;2021-05-03
SE;2021;20;7241;191;223789.0;4887;2298696.0;2021-05-10
SE;2021;21;10143;167;233932.0;5054;2298696.0;2021-05-17
SE;2021;22;8777;146;242709.0;5200;2298696.0;2021-05-24
SE;2021;23;7833;165;250542.0;5365;2298696.0;2021-05-31
SE;2021;24;6393;162;256935.0;5527;2298696.0;2021-06-07
SE;2021;25;5037;119;261972.0;5646;2298696.0;2021-06-14
SE;2021;26;3306;97;265278.0;5743;2298696.0;2021-06-21
SE;2021;27;3226;59;268504.0;5802;2298696.0;2021-06-28
SE;2021;28;2115;55;270619.0;5857;2298696.0;2021-07-05
SE;2021;29;2227;34;272846.0;5891;2298696.0;2021-07-12
SE;2021;30;1416;19;274262.0;5910;2298696.0;2021-07-19
SE;2021;31;1287;26;275549.0;5936;2298696.0;2021-07-26
SE;2021;32;1272;11;276821.0;5947;2298696.0;2021-08-02
SE;2021;33;256;17;277077.0;5964;2298696.0;2021-08-09
SE;2021;34;306;20;277383.0;5984;2298696.0;2021-08-16
SE;2021;35;161;17;277544.0;6001;2298696.0;2021-08-23
SE;2021;36;99;2;277643.0;6003;2298696.0;2021-08-30
SE;2021;37;192;1;277835.0;6004;2298696.0;2021-09-06
SE;2021;38;160;4;277995.0;6008;2298696.0;2021-09-13
SE;2021;39;147;3;278142.0;6011;2298696.0;2021-09-20
SE;2021;40;87;5;278229.0;6016;2298696.0;2021-09-27
SE;2021;41;89;4;278318.0;6020;2298696.0;2021-10-04
SE;2021;42;102;6;278420.0;6026;2298696.0;2021-10-11
SE;2021;43;72;3;278492.0;6029;2298696.0;2021-10-18
SE;2021;44;58;4;278550.0;6033;2298696.0;2021-10-25
SE;2021;45;67;2;278617.0;6035;2298696.0;2021-11-01
SE;2021;46;69;5;278686.0;6040;2298696.0;2021-11-08
SE;2021;47;-499;3;278691.0;6043;2298696.0;2021-11-15
SE;2021;48;120;4;278307.0;6047;2298696.0;2021-11-22
SE;2021;49;81;4;278388.0;6051;2298696.0;2021-11-29
SE;2021;50;41;4;278429.0;6055;2298696.0;2021-12-06
SE;2021;51;44;1;278473.0;6056;2298696.0;2021-12-13
SE;2021;52;57;1;278530.0;6057;2298696.0;2021-12-20
SE;2021;53;1411;16;113916.0;2500;2298696.0;2020-12-28
SE;2022;1;276;4;278814.0;6061;2298696.0;2021-12-27
SE;2022;2;1083;4;279897.0;6065;2298696.0;2022-01-03
SE;2022;3;3075;7;282972.0;6072;2298696.0;2022-01-10
SE;2022;4;7326;17;290298.0;6089;2298696.0;2022-01-17
SE;2022;5;12706;37;303004.0;6126;2298696.0;2022-01-24
SE;2022;6;10312;40;313316.0;6166;2298696.0;2022-01-31
SE;2022;7;4624;44;317940.0;6210;2298696.0;2022-02-07
SE;2022;8;2333;34;320273.0;6244;2298696.0;2022-02-14
SE;2022;9;888;22;321161.0;6266;2298696.0;2022-02-21
SE;2022;10;1222;18;322383.0;6284;2298696.0;2022-02-28
SE;2022;11;1372;13;323755.0;6297;2298696.0;2022-03-07
SE;2022;12;1329;10;325084.0;6307;2298696.0;2022-03-14
SE;2022;13;1108;14;326192.0;6321;2298696.0;2022-03-21
SE;2022;14;521;12;326713.0;6333;2298696.0;2022-03-28
SE;2022;15;181;6;326894.0;6339;2298696.0;2022-04-04
SE;2022;16;111;3;327005.0;6342;2298696.0;2022-04-11
SE;2022;17;71;1;327076.0;6343;2298696.0;2022-04-18
SE;2022;18;68;1;327144.0;6344;2298696.0;2022-04-25
SE;2022;19;110;1;327254.0;6345;2298696.0;2022-05-02
SE;2022;20;109;1;327363.0;6346;2298696.0;2022-05-09
SE;2022;21;76;2;327439.0;6348;2298696.0;2022-05-16
SE;2022;22;89;0;327528.0;6348;2298696.0;2022-05-23
SE;2022;23;185;2;327713.0;6350;2298696.0;2022-05-30
SE;2022;24;372;3;328085.0;6353;2298696.0;2022-06-06
SE;2022;25;1054;2;329139.0;6355;2298696.0;2022-06-13
SE;2022;26;1761;5;330900.0;6360;2298696.0;2022-06-20
SE;2022;27;3113;8;334013.0;6368;2298696.0;2022-06-27
SE;2022;28;3188;16;337201.0;6384;2298696.0;2022-07-04
SE;2022;29;2395;18;339596.0;6402;2298696.0;2022-07-11
SE;2022;30;1384;10;340980.0;6412;2298696.0;2022-07-18
SE;2022;31;539;6;341519.0;6418;2298696.0;2022-07-25
SE;2022;32;346;4;341865.0;6422;2298696.0;2022-08-01
SE;2022;33;649;4;342514.0;6426;2298696.0;2022-08-08
SE;2022;34;109;3;342623.0;6429;2298696.0;2022-08-15
SE;2022;35;199;2;342822.0;6431;2298696.0;2022-08-22
SE;2022;36;32;2;342854.0;6433;2298696.0;2022-08-29
SE;2022;37;19;1;342873.0;6434;2298696.0;2022-09-05
SE;2022;38;7;0;342880.0;6434;2298696.0;2022-09-12
SE;2022;39;10;2;342890.0;6436;2298696.0;2022-09-19
SE;2022;40;12;3;342902.0;6439;2298696.0;2022-09-26
SE;2022;41;2;1;342904.0;6440;2298696.0;2022-10-03
SE;2022;42;8;1;342912.0;6441;2298696.0;2022-10-10
SE;2022;43;2;0;342914.0;6441;2298696.0;2022-10-17
SE;2022;44;4;1;342918.0;6442;2298696.0;2022-10-24
SE;2022;45;36;1;342954.0;6443;2298696.0;2022-10-31
SE;2022;46;530;1;343484.0;6444;2298696.0;2022-11-07
SE;2022;47;2778;2;346262.0;6446;2298696.0;2022-11-14
SE;2022;48;4021;7;350283.0;6453;2298696.0;2022-11-21
SE;2022;49;2962;13;353245.0;6466;2298696.0;2022-11-28
SE;2022;50;2835;9;356080.0;6475;2298696.0;2022-12-05
SE;2022;51;1410;6;357490.0;6481;2298696.0;2022-12-12
SE;2022;52;799;1;358281.0;6482;2298696.0;2021-12-27
SE;2023;1;211;8;365455.0;6540;2298696.0;2022-12-26
SE;2023;2;448;5;358940.0;6495;2298696.0;2023-01-02
SE;2023;3;453;2;359393.0;6497;2298696.0;2023-01-09
SE;2023;4;92;3;359485.0;6500;2298696.0;2023-01-16
SE;2023;5;73;0;359558.0;6500;2298696.0;2023-01-23
SE;2023;6;26;2;359584.0;6502;2298696.0;2023-01-30
SE;2023;7;25;0;359609.0;6502;2298696.0;2023-02-06
SE;2023;8;24;0;359633.0;6502;2298696.0;2023-02-13
SE;2023;9;59;0;359692.0;6502;2298696.0;2023-02-20
SE;2023;10;67;0;359759.0;6502;2298696.0;2023-02-27
SE;2023;11;35;0;359794.0;6502;2298696.0;2023-03-06
SE;2023;12;36;0;359830.0;6502;2298696.0;2023-03-13
SE;2023;13;106;1;359936.0;6503;2298696.0;2023-03-20
SE;2023;14;68;0;360004.0;6503;2298696.0;2023-03-27
SE;2023;15;184;1;360188.0;6504;2298696.0;2023-04-03
SE;2023;16;181;0;360369.0;6504;2298696.0;2023-04-10
SE;2023;17;261;0;360630.0;6504;2298696.0;2023-04-17
SE;2023;18;277;0;360907.0;6504;2298696.0;2023-04-24
SE;2023;19;562;0;361469.0;6504;2298696.0;2023-05-01
SE;2023;20;457;3;361926.0;6507;2298696.0;2023-05-08
SE;2023;21;339;2;362265.0;6509;2298696.0;2023-05-15
SE;2023;22;235;2;362500.0;6511;2298696.0;2023-05-22
SE;2023;23;151;3;362651.0;6514;2298696.0;2023-05-29
SE;2023;24;138;4;362789.0;6518;2298696.0;2023-06-05
SE;2023;25;55;5;362844.0;6523;2298696.0;2023-06-12
SE;2023;26;58;5;362902.0;6528;2298696.0;2023-06-19
SE;2023;27;78;2;362980.0;6530;2298696.0;2023-06-26
SE;2023;28;81;1;363061.0;6531;2298696.0;2023-07-03
SE;2023;29;30;2;363091.0;6533;2298696.0;2023-07-10
SE;2023;30;13;0;363104.0;6533;2298696.0;2023-07-17
SE;2023;31;8;2;363112.0;6535;2298696.0;2023-07-24
SE;2023;32;14;1;363126.0;6536;2298696.0;2023-07-31
SE;2023;33;16;0;363142.0;6536;2298696.0;2023-08-07
SE;2023;34;13;0;363155.0;6536;2298696.0;2023-08-14
SE;2023;35;30;0;363185.0;6536;2298696.0;2023-08-21
SE;2023;36;15;0;363200.0;6536;2298696.0;2023-08-28
SE;2023;37;21;2;363221.0;6538;2298696.0;2023-09-04
SE;2023;38;17;0;363238.0;6538;2298696.0;2023-09-11
SE;2023;39;22;0;363260.0;6538;2298696.0;2023-09-18
SE;2023;40;28;0;363288.0;6538;2298696.0;2023-09-25
SE;2023;41;15;1;363303.0;6539;2298696.0;2023-10-02
SE;2023;42;26;0;363329.0;6539;2298696.0;2023-10-09
SE;2023;43;22;0;363351.0;6539;2298696.0;2023-10-16
SE;2023;44;19;0;363370.0;6539;2298696.0;2023-10-23
SE;2023;45;54;0;363424.0;6539;2298696.0;2023-10-30
SE;2023;46;60;0;363484.0;6539;2298696.0;2023-11-06
SE;2023;47;80;0;363564.0;6539;2298696.0;2023-11-13
SE;2023;48;116;0;363680.0;6539;2298696.0;2023-11-20
SE;2023;49;142;0;363822.0;6539;2298696.0;2023-11-27
SE;2023;50;341;0;364163.0;6539;2298696.0;2023-12-04
SE;2023;51;546;1;364709.0;6540;2298696.0;2023-12-11
SE;2023;52;746;0;365455.0;6540;2298696.0;2023-12-18
SE;2024;1;593;0;368215.0;6577;2298696.0;2024-01-01
SE;2024;2;628;1;366676.0;6541;2298696.0;2024-01-01
SE;2024;3;419;2;367095.0;6543;2298696.0;2024-01-08
SE;2024;4;260;2;367355.0;6545;2298696.0;2024-01-15
SE;2024;5;123;1;367478.0;6546;2298696.0;2024-01-22
SE;2024;6;67;3;367545.0;6549;2298696.0;2024-01-29
SE;2024;7;10;0;367555.0;6549;2298696.0;2024-02-05
SE;2024;8;71;2;367626.0;6551;2298696.0;2024-02-12
SE;2024;9;46;3;367672.0;6554;2298696.0;2024-02-19
SE;2024;10;29;3;367701.0;6557;2298696.0;2024-02-26
SE;2024;11;23;2;367724.0;6559;2298696.0;2024-03-04
SE;2024;12;20;2;367744.0;6561;2298696.0;2024-03-11
SE;2024;13;6;0;367750.0;6561;2298696.0;2024-03-18
SE;2024;14;6;0;367756.0;6561;2298696.0;2024-03-25
SE;2024;15;2;1;367758.0;6562;2298696.0;2024-04-01
SE;2024;16;6;0;367764.0;6562;2298696.0;2024-04-08
SE;2024;17;1;0;367765.0;6562;2298696.0;2024-04-15
SE;2024;18;4;0;367769.0;6562;2298696.0;2024-04-22
SE;2024;19;0;0;367769.0;6562;2298696.0;2024-04-29
SE;2024;20;2;0;367771.0;6562;2298696.0;2024-05-06
SE;2024;21;1;0;367772.0;6562;2298696.0;2024-05-13
SE;2024;22;2;0;367774.0;6562;2298696.0;2024-05-20
SE;2024;23;12;0;367786.0;6562;2298696.0;2024-05-27
SE;2024;24;16;1;367802.0;6563;2298696.0;2024-06-03
SE;2024;25;33;0;367835.0;6563;2298696.0;2024-06-10
SE;2024;26;22;0;367857.0;6563;2298696.0;2024-06-17
SE;2024;27;23;0;367880.0;6563;2298696.0;2024-06-24
SE;2024;28;46;0;367926.0;6563;2298696.0;2024-07-01
SE;2024;29;28;1;367954.0;6564;2298696.0;2024-07-08
SE;2024;30;27;2;367981.0;6566;2298696.0;2024-07-15
SE;2024;31;10;1;367991.0;6567;2298696.0;2024-07-22
SE;2024;32;12;1;368003.0;6568;2298696.0;2024-07-29
SE;2024;33;15;1;368018.0;6569;2298696.0;2024-08-05
SE;2024;34;12;0;368030.0;6569;2298696.0;2024-08-12
SE;2024;35;8;0;368038.0;6569;2298696.0;2024-08-19
SE;2024;36;8;1;368046.0;6570;2298696.0;2024-08-26
SE;2024;37;6;1;368052.0;6571;2298696.0;2024-09-02
SE;2024;38;2;0;368054.0;6571;2298696.0;2024-09-09
SE;2024;39;3;0;368057.0;6571;2298696.0;2024-09-16
SE;2024;40;3;0;368060.0;6571;2298696.0;2024-09-23
SE;2024;41;0;0;368060.0;6571;2298696.0;2024-09-30
SE;2024;42;3;2;368063.0;6573;2298696.0;2024-10-07
SE;2024;43;7;1;368070.0;6574;2298696.0;2024-10-14
SE;2024;44;3;1;368073.0;6575;2298696.0;2024-10-21
SE;2024;45;9;1;368082.0;6576;2298696.0;2024-10-28
SE;2024;46;5;1;368087.0;6577;2298696.0;2024-11-04
SE;2024;47;9;0;368096.0;6577;2298696.0;2024-11-11
SE;2024;48;4;0;368100.0;6577;2298696.0;2024-11-18
SE;2024;49;21;0;368121.0;6577;2298696.0;2024-11-25
SE;2024;50;34;0;368155.0;6577;2298696.0;2024-12-02
SE;2024;51;60;0;368215.0;6577;2298696.0;2024-12-09
SE;2024;52;0;0;368215.0;6577;2298696.0;2024-12-16
SE;2025;1;123;0;368338.0;6577;2298696.0;2024-12-30
SE;2025;2;43;1;368381.0;6578;2298696.0;2024-12-30
SE;2025;3;101;1;368482.0;6579;2298696.0;2025-01-06
SE;2025;4;53;0;368535.0;6579;2298696.0;2025-01-13
SE;2025;5;68;0;368603.0;6579;2298696.0;2025-01-20
SE;2025;6;51;0;368654.0;6579;2298696.0;2025-01-27
SE;2025;7;38;0;368692.0;6579;2298696.0;2025-02-03
SE;2025;8;28;0;368720.0;6579;2298696.0;2025-02-10
SE;2025;9;28;0;368748.0;6579;2298696.0;2025-02-17
SE;2025;10;8;0;368756.0;6579;2298696.0;2025-02-24
SE;2025;11;6;0;368762.0;6579;2298696.0;2025-03-03
SE;2025;12;28;0;368790.0;6579;2298696.0;2025-03-10
SE;2025;13;8;1;368798.0;6580;2298696.0;2025-03-17
SE;2025;14;2;0;368800.0;6580;2298696.0;2025-03-24
SE;2025;15;1;0;368801.0;6580;2298696.0;2025-03-31
SE;2025;16;0;1;368801.0;6581;2298696.0;2025-04-07
SE;2025;17;5;2;368806.0;6583;2298696.0;2025-04-14
SE;2025;18;1;2;368807.0;6585;2298696.0;2025-04-21
SE;2025;19;0;2;368807.0;6587;2298696.0;2025-04-28
SE;2025;20;0;1;368807.0;6588;2298696.0;2025-05-05
SE;2025;21;1;0;368808.0;6588;2298696.0;2025-05-12
SE;2025;22;0;0;368808.0;6588;2298696.0;2025-05-19
SE;2025;23;1;0;368809.0;6588;2298696.0;2025-05-26
SE;2025;24;0;0;368809.0;6588;2298696.0;2025-06-02
SE;2025;25;1;0;368810.0;6588;2298696.0;2025-06-09
SE;2025;26;0;0;368810.0;6588;2298696.0;2025-06-16
SE;2025;27;4;1;368814.0;6589;2298696.0;2025-06-23
SE;2025;28;0;0;368814.0;6589;2298696.0;2025-06-30
SE;2025;29;3;3;368817.0;6592;2298696.0;2025-07-07
SE;2025;30;0;0;368817.0;6592;2298696.0;2025-07-14
SE;2025;31;2;0;368819.0;6592;2298696.0;2025-07-21
SE;2025;32;2;0;368821.0;6592;2298696.0;2025-07-28
SE;2025;33;5;0;368826.0;6592;2298696.0;2025-08-04
SE;2025;34;10;0;368836.0;6592;2298696.0;2025-08-11
SE;2025;35;15;0;368851.0;6592;2298696.0;2025-08-18
SE;2025;36;0;0;368851.0;6592;2298696.0;2025-08-25
SP;2020;9;2;0;2.0;0;45919049.0;2020-02-24
SP;2020;10;11;0;13.0;0;45919049.0;2020-02-24
SP;2020;11;52;0;65.0;0;45919049.0;2020-03-02
SP;2020;12;394;15;459.0;15;45919049.0;2020-03-09
SP;2020;13;995;70;1406.0;84;45919049.0;2020-03-16
SP;2020;14;3088;175;4466.0;260;45919049.0;2020-03-23
SP;2020;15;3956;300;8419.0;560;45919049.0;2020-03-30
SP;2020;16;5459;431;13894.0;991;45919049.0;2020-04-06
SP;2020;17;6110;676;20004.0;1667;45919049.0;2020-04-13
SP;2020;18;11107;919;31174.0;2586;45919049.0;2020-04-20
SP;2020;19;13244;1022;44411.0;3608;45919049.0;2020-04-27
SP;2020;20;16817;1080;61183.0;4688;45919049.0;2020-05-04
SP;2020;21;19380;1357;80558.0;6045;45919049.0;2020-05-11
SP;2020;22;26603;1487;107142.0;7532;45919049.0;2020-05-18
SP;2020;23;33416;1526;140549.0;9058;45919049.0;2020-05-25
SP;2020;24;32344;1523;172875.0;10581;45919049.0;2020-06-01
SP;2020;25;42883;1913;215793.0;12494;45919049.0;2020-06-08
SP;2020;26;49769;1769;265581.0;14263;45919049.0;2020-06-15
SP;2020;27;46952;1733;312530.0;15996;45919049.0;2020-06-22
SP;2020;28;54369;1706;366890.0;17702;45919049.0;2020-06-29
SP;2020;29;45158;1945;412027.0;19647;45919049.0;2020-07-06
SP;2020;30;67465;1870;479481.0;21517;45919049.0;2020-07-13
SP;2020;31;72866;1719;552318.0;23236;45919049.0;2020-07-20
SP;2020;32;69427;1780;621731.0;25016;45919049.0;2020-07-27
SP;2020;33;75804;1764;697530.0;26780;45919049.0;2020-08-03
SP;2020;34;51725;1612;749244.0;28392;45919049.0;2020-08-10
SP;2020;35;52186;1552;801422.0;29944;45919049.0;2020-08-17
SP;2020;36;51666;1369;853085.0;31313;45919049.0;2020-08-24
SP;2020;37;37608;1254;890690.0;32567;45919049.0;2020-08-31
SP;2020;38;40987;1360;931673.0;33927;45919049.0;2020-09-07
SP;2020;39;39218;1136;970888.0;35063;45919049.0;2020-09-14
SP;2020;40;32547;1073;1003429.0;36136;45919049.0;2020-09-21
SP;2020;41;31400;1087;1034816.0;37223;45919049.0;2020-09-28
SP;2020;42;27819;769;1062634.0;37992;45919049.0;2020-10-05
SP;2020;43;26623;734;1089255.0;38726;45919049.0;2020-10-12
SP;2020;44;26871;585;1116127.0;39311;45919049.0;2020-10-19
SP;2020;45;9809;406;1125936.0;39717;45919049.0;2020-10-26
SP;2020;46;41489;832;1167422.0;40549;45919049.0;2020-11-02
SP;2020;47;38015;707;1205435.0;41256;45919049.0;2020-11-09
SP;2020;48;32662;792;1238094.0;42048;45919049.0;2020-11-16
SP;2020;49;46996;921;1285087.0;42969;45919049.0;2020-11-23
SP;2020;50;48679;1002;1333763.0;43971;45919049.0;2020-11-30
SP;2020;51;50338;1058;1384100.0;45029;45919049.0;2020-12-07
SP;2020;52;39241;779;1423340.0;45808;45919049.0;2020-12-14
SP;2020;53;38960;909;1462297.0;46717;45919049.0;2020-12-21
SP;2021;1;72567;1490;1540513.0;48298;45919049.0;2020-12-28
SP;2021;2;79132;1587;1619619.0;49885;45919049.0;2021-01-04
SP;2021;3;74750;1538;1694355.0;51423;45919049.0;2021-01-11
SP;2021;4;78706;1531;1773024.0;52954;45919049.0;2021-01-18
SP;2021;5;72078;1591;1845086.0;54545;45919049.0;2021-01-25
SP;2021;6;66335;1646;1911411.0;56191;45919049.0;2021-02-01
SP;2021;7;60028;1552;1971423.0;57743;45919049.0;2021-02-08
SP;2021;8;65851;1685;2037267.0;59428;45919049.0;2021-02-15
SP;2021;9;70431;1989;2107687.0;61417;45919049.0;2021-02-22
SP;2021;10;87465;2548;2195130.0;63965;45919049.0;2021-03-01
SP;2021;11;102951;3449;2298061.0;67414;45919049.0;2021-03-08
SP;2021;12;112444;4333;2410498.0;71747;45919049.0;2021-03-15
SP;2021;13;109724;5003;2520204.0;76750;45919049.0;2021-03-22
SP;2021;14;115198;5657;2635378.0;82407;45919049.0;2021-03-29
SP;2021;15;104491;5690;2739823.0;88097;45919049.0;2021-04-05
SP;2021;16;88063;4451;2827833.0;92548;45919049.0;2021-04-12
SP;2021;17;90297;4393;2918044.0;96941;45919049.0;2021-04-19
SP;2021;18;79295;3708;2997282.0;100649;45919049.0;2021-04-26
SP;2021;19;88047;3346;3085290.0;103995;45919049.0;2021-05-03
SP;2021;20;95332;3502;3180595.0;107497;45919049.0;2021-05-10
SP;2021;21;74335;3626;3254893.0;111123;45919049.0;2021-05-17
SP;2021;22;100358;3069;3355201.0;114192;45919049.0;2021-05-24
SP;2021;23;94410;3695;3449577.0;117887;45919049.0;2021-05-31
SP;2021;24;123657;4073;3573210.0;121960;45919049.0;2021-06-07
SP;2021;25;114941;3956;3688128.0;125916;45919049.0;2021-06-14
SP;2021;26;91290;3537;3779408.0;129453;45919049.0;2021-06-21
SP;2021;27;81565;2612;3860960.0;132065;45919049.0;2021-06-28
SP;2021;28;58808;2255;3919754.0;134320;45919049.0;2021-07-05
SP;2021;29;77341;2891;3997084.0;137211;45919049.0;2021-07-12
SP;2021;30;60790;1785;4057868.0;138996;45919049.0;2021-07-19
SP;2021;31;55875;1681;4113741.0;140677;45919049.0;2021-07-26
SP;2021;32;50852;1851;4164587.0;142528;45919049.0;2021-08-02
SP;2021;33;44835;1657;4209421.0;144185;45919049.0;2021-08-09
SP;2021;34;41053;1314;4250474.0;145499;45919049.0;2021-08-16
SP;2021;35;37970;1027;4288443.0;146526;45919049.0;2021-08-23
SP;2021;36;11186;672;4299629.0;147198;45919049.0;2021-08-30
SP;2021;37;49734;881;4350223.0;148079;45919049.0;2021-09-06
SP;2021;38;10325;999;4360548.0;149078;45919049.0;2021-09-13
SP;2021;39;8513;972;4369061.0;150050;45919049.0;2021-09-20
SP;2021;40;13802;678;4382863.0;150728;45919049.0;2021-09-27
SP;2021;41;6616;379;4389479.0;151107;45919049.0;2021-10-04
SP;2021;42;7425;364;4396904.0;151471;45919049.0;2021-10-11
SP;2021;43;8623;504;4405527.0;151975;45919049.0;2021-10-18
SP;2021;44;6655;541;4412182.0;152516;45919049.0;2021-10-25
SP;2021;45;9773;542;4421955.0;153058;45919049.0;2021-11-01
SP;2021;46;8235;402;4430190.0;153460;45919049.0;2021-11-08
SP;2021;47;7196;533;4437386.0;153993;45919049.0;2021-11-15
SP;2021;48;6203;355;4443589.0;154348;45919049.0;2021-11-22
SP;2021;49;5963;343;4449552.0;154691;45919049.0;2021-11-29
SP;2021;50;592;310;4450144.0;155001;45919049.0;2021-12-06
SP;2021;51;171;95;4450315.0;155096;45919049.0;2021-12-13
SP;2021;52;5793;109;4456108.0;155205;45919049.0;2021-12-20
SP;2021;53;5656;91;1467953.0;46808;45919049.0;2020-12-28
SP;2022;1;14644;157;4471113.0;155370;45919049.0;2021-12-27
SP;2022;2;27032;337;4498145.0;155707;45919049.0;2022-01-03
SP;2022;3;47080;603;4545225.0;156310;45919049.0;2022-01-10
SP;2022;4;93135;1507;4638360.0;157817;45919049.0;2022-01-17
SP;2022;5;101793;1719;4740153.0;159536;45919049.0;2022-01-24
SP;2022;6;97704;1905;4837857.0;161441;45919049.0;2022-01-31
SP;2022;7;91490;1693;4929347.0;163134;45919049.0;2022-02-07
SP;2022;8;81602;1382;5010949.0;164516;45919049.0;2022-02-14
SP;2022;9;46645;759;5057594.0;165275;45919049.0;2022-02-21
SP;2022;10;66101;811;5123695.0;166086;45919049.0;2022-02-28
SP;2022;11;53371;565;5177066.0;166651;45919049.0;2022-03-07
SP;2022;12;51347;456;5228413.0;167107;45919049.0;2022-03-14
SP;2022;13;42758;376;5271171.0;167483;45919049.0;2022-03-21
SP;2022;14;35798;223;5306969.0;167706;45919049.0;2022-03-28
SP;2022;15;30490;141;5337459.0;167847;45919049.0;2022-04-04
SP;2022;16;25397;153;5362856.0;168000;45919049.0;2022-04-11
SP;2022;17;26489;223;5389345.0;168223;45919049.0;2022-04-18
SP;2022;18;32987;116;5422332.0;168339;45919049.0;2022-04-25
SP;2022;19;25273;330;5447605.0;168669;45919049.0;2022-05-02
SP;2022;20;12024;195;5459629.0;168864;45919049.0;2022-05-09
SP;2022;21;40139;349;5499768.0;169213;45919049.0;2022-05-16
SP;2022;22;27958;202;5527726.0;169415;45919049.0;2022-05-23
SP;2022;23;63550;421;5591276.0;169836;45919049.0;2022-05-30
SP;2022;24;40188;316;5631464.0;170152;45919049.0;2022-06-06
SP;2022;25;50771;448;5682235.0;170600;45919049.0;2022-06-13
SP;2022;26;56010;455;5738245.0;171055;45919049.0;2022-06-20
SP;2022;27;55756;507;5794001.0;171562;45919049.0;2022-06-27
SP;2022;28;47002;485;5841003.0;172047;45919049.0;2022-07-04
SP;2022;29;39730;489;5880733.0;172536;45919049.0;2022-07-11
SP;2022;30;36535;399;5917268.0;172935;45919049.0;2022-07-18
SP;2022;31;31052;381;5948320.0;173316;45919049.0;2022-07-25
SP;2022;32;24770;322;5973090.0;173638;45919049.0;2022-08-01
SP;2022;33;24732;280;5997822.0;173918;45919049.0;2022-08-08
SP;2022;34;22663;150;6020485.0;174068;45919049.0;2022-08-15
SP;2022;35;19462;203;6039943.0;174271;45919049.0;2022-08-22
SP;2022;36;15218;73;6055094.0;174344;45919049.0;2022-08-29
SP;2022;37;13838;117;6068932.0;174461;45919049.0;2022-09-05
SP;2022;38;15394;132;6084326.0;174593;45919049.0;2022-09-12
SP;2022;39;14867;202;6099193.0;174795;45919049.0;2022-09-19
SP;2022;40;13513;319;6112706.0;175114;45919049.0;2022-09-26
SP;2022;41;7679;138;6120384.0;175252;45919049.0;2022-10-03
SP;2022;42;5999;119;6126367.0;175371;45919049.0;2022-10-10
SP;2022;43;16358;170;6142723.0;175541;45919049.0;2022-10-17
SP;2022;44;6323;99;6149046.0;175640;45919049.0;2022-10-24
SP;2022;45;11884;185;6160930.0;175825;45919049.0;2022-10-31
SP;2022;46;9675;116;6170605.0;175941;45919049.0;2022-11-07
SP;2022;47;15246;192;6185851.0;176133;45919049.0;2022-11-14
SP;2022;48;11926;223;6197738.0;176356;45919049.0;2022-11-21
SP;2022;49;23333;207;6221071.0;176563;45919049.0;2022-11-28
SP;2022;50;34091;313;6255162.0;176876;45919049.0;2022-12-05
SP;2022;51;33975;296;6289137.0;177172;45919049.0;2022-12-12
SP;2022;52;26557;247;6315333.0;177411;45919049.0;2021-12-27
SP;2023;1;23950;282;6763310.0;182254;45919049.0;2022-12-26
SP;2023;2;27865;47;6367148.0;177740;45919049.0;2023-01-02
SP;2023;3;22313;438;6389460.0;178178;45919049.0;2023-01-09
SP;2023;4;14394;170;6403854.0;178348;45919049.0;2023-01-16
SP;2023;5;15784;260;6419637.0;178608;45919049.0;2023-01-23
SP;2023;6;11409;130;6431045.0;178738;45919049.0;2023-01-30
SP;2023;7;13413;102;6444454.0;178840;45919049.0;2023-02-06
SP;2023;8;8021;75;6452475.0;178915;45919049.0;2023-02-13
SP;2023;9;16968;124;6469442.0;179039;45919049.0;2023-02-20
SP;2023;10;20052;137;6489494.0;179176;45919049.0;2023-02-27
SP;2023;11;17239;121;6506733.0;179297;45919049.0;2023-03-06
SP;2023;12;14813;91;6521546.0;179388;45919049.0;2023-03-13
SP;2023;13;21383;164;6542929.0;179552;45919049.0;2023-03-20
SP;2023;14;7129;80;6550058.0;179632;45919049.0;2023-03-27
SP;2023;15;12164;138;6562222.0;179770;45919049.0;2023-04-03
SP;2023;16;12198;83;6574420.0;179853;45919049.0;2023-04-10
SP;2023;17;7038;63;6581458.0;179916;45919049.0;2023-04-17
SP;2023;18;10567;94;6592025.0;180010;45919049.0;2023-04-24
SP;2023;19;11598;104;6603623.0;180114;45919049.0;2023-05-01
SP;2023;20;5762;85;6609385.0;180199;45919049.0;2023-05-08
SP;2023;21;4683;68;6614068.0;180267;45919049.0;2023-05-15
SP;2023;22;5864;76;6619932.0;180343;45919049.0;2023-05-22
SP;2023;23;3088;68;6623020.0;180411;45919049.0;2023-05-29
SP;2023;24;2969;73;6625989.0;180484;45919049.0;2023-06-05
SP;2023;25;3886;128;6629875.0;180612;45919049.0;2023-06-12
SP;2023;26;2915;99;6632790.0;180711;45919049.0;2023-06-19
SP;2023;27;2969;62;6635759.0;180773;45919049.0;2023-06-26
SP;2023;28;2974;46;6638733.0;180819;45919049.0;2023-07-03
SP;2023;29;3706;68;6642439.0;180887;45919049.0;2023-07-10
SP;2023;30;3531;52;6645970.0;180939;45919049.0;2023-07-17
SP;2023;31;4331;39;6650301.0;180978;45919049.0;2023-07-24
SP;2023;32;5836;68;6656137.0;181046;45919049.0;2023-07-31
SP;2023;33;2926;23;6659063.0;181069;45919049.0;2023-08-07
SP;2023;34;3762;25;6662825.0;181094;45919049.0;2023-08-14
SP;2023;35;3393;25;6666218.0;181119;45919049.0;2023-08-21
SP;2023;36;0;0;6666218.0;181119;45919049.0;2023-08-28
SP;2023;37;7933;73;6674151.0;181192;45919049.0;2023-09-04
SP;2023;38;5148;41;6679299.0;181233;45919049.0;2023-09-11
SP;2023;39;5595;61;6684894.0;181294;45919049.0;2023-09-18
SP;2023;40;4719;60;6689613.0;181354;45919049.0;2023-09-25
SP;2023;41;4004;48;6693617.0;181402;45919049.0;2023-10-02
SP;2023;42;9165;102;6702782.0;181504;45919049.0;2023-10-09
SP;2023;43;9671;80;6712453.0;181584;45919049.0;2023-10-16
SP;2023;44;6411;71;6718864.0;181655;45919049.0;2023-10-23
SP;2023;45;10524;121;6729388.0;181776;45919049.0;2023-10-30
SP;2023;46;4952;77;6734340.0;181853;45919049.0;2023-11-06
SP;2023;47;7025;123;6741365.0;181976;45919049.0;2023-11-13
SP;2023;48;6304;94;6747669.0;182070;45919049.0;2023-11-20
SP;2023;49;5282;74;6752951.0;182144;45919049.0;2023-11-27
SP;2023;50;3564;44;6756515.0;182188;45919049.0;2023-12-04
SP;2023;51;0;0;6756515.0;182188;45919049.0;2023-12-11
SP;2023;52;6795;66;6763310.0;182254;45919049.0;2023-12-18
SP;2024;1;0;0;6917079.0;184290;45919049.0;2024-01-01
SP;2024;2;4810;62;6768120.0;182316;45919049.0;2024-01-01
SP;2024;3;2831;36;6770951.0;182352;45919049.0;2024-01-08
SP;2024;4;3974;72;6774925.0;182424;45919049.0;2024-01-15
SP;2024;5;5426;41;6780351.0;182465;45919049.0;2024-01-22
SP;2024;6;5176;63;6785527.0;182528;45919049.0;2024-01-29
SP;2024;7;3094;24;6788621.0;182552;45919049.0;2024-02-05
SP;2024;8;11582;93;6800203.0;182645;45919049.0;2024-02-12
SP;2024;9;12925;88;6813128.0;182733;45919049.0;2024-02-19
SP;2024;10;10967;103;6824095.0;182836;45919049.0;2024-02-26
SP;2024;11;10274;102;6834369.0;182938;45919049.0;2024-03-04
SP;2024;12;6991;98;6841360.0;183036;45919049.0;2024-03-11
SP;2024;13;3852;35;6845212.0;183071;45919049.0;2024-03-18
SP;2024;14;172;12;6845212.0;183071;45919049.0;2024-03-25
SP;2024;15;7743;89;6853127.0;183172;45919049.0;2024-04-01
SP;2024;16;1768;80;6854895.0;183252;45919049.0;2024-04-08
SP;2024;17;1653;70;6856548.0;183322;45919049.0;2024-04-15
SP;2024;18;725;22;6857273.0;183344;45919049.0;2024-04-22
SP;2024;19;729;0;6858002.0;183344;45919049.0;2024-04-29
SP;2024;20;842;84;6858844.0;183428;45919049.0;2024-05-06
SP;2024;21;1507;45;6860351.0;183473;45919049.0;2024-05-13
SP;2024;22;276;17;6860627.0;183490;45919049.0;2024-05-20
SP;2024;23;282;13;6860909.0;183503;45919049.0;2024-05-27
SP;2024;24;0;0;6860909.0;183503;45919049.0;2024-06-03
SP;2024;25;1771;99;6862680.0;183602;45919049.0;2024-06-10
SP;2024;26;0;0;6862680.0;183602;45919049.0;2024-06-17
SP;2024;27;0;0;6862680.0;183602;45919049.0;2024-06-24
SP;2024;28;0;0;6862680.0;183602;45919049.0;2024-07-01
SP;2024;29;1608;23;6864288.0;183625;45919049.0;2024-07-08
SP;2024;30;1637;32;6865925.0;183657;45919049.0;2024-07-15
SP;2024;31;1914;0;6867839.0;183657;45919049.0;2024-07-22
SP;2024;32;2643;59;6870482.0;183716;45919049.0;2024-07-29
SP;2024;33;0;0;6870482.0;183716;45919049.0;2024-08-05
SP;2024;34;8327;55;6878809.0;183771;45919049.0;2024-08-12
SP;2024;35;1605;78;6880414.0;183849;45919049.0;2024-08-19
SP;2024;36;3138;0;6883552.0;183849;45919049.0;2024-08-26
SP;2024;37;0;0;6883552.0;183849;45919049.0;2024-09-02
SP;2024;38;9011;175;6892563.0;184024;45919049.0;2024-09-09
SP;2024;39;4098;39;6896661.0;184063;45919049.0;2024-09-16
SP;2024;40;0;0;6896661.0;184063;45919049.0;2024-09-23
SP;2024;41;6826;87;6903487.0;184150;45919049.0;2024-09-30
SP;2024;42;1856;35;6905343.0;184185;45919049.0;2024-10-07
SP;2024;43;0;0;6905343.0;184185;45919049.0;2024-10-14
SP;2024;44;2398;50;6907741.0;184235;45919049.0;2024-10-21
SP;2024;45;1919;9;6909660.0;184244;45919049.0;2024-10-28
SP;2024;46;0;0;6909660.0;184244;45919049.0;2024-11-04
SP;2024;47;0;0;6909660.0;184244;45919049.0;2024-11-11
SP;2024;48;0;0;6909660.0;184244;45919049.0;2024-11-18
SP;2024;49;4727;-32;6914387.0;184244;45919049.0;2024-11-25
SP;2024;50;992;36;6915379.0;184248;45919049.0;2024-12-02
SP;2024;51;0;0;6915379.0;184248;45919049.0;2024-12-09
SP;2024;52;1700;42;6917079.0;184290;45919049.0;2024-12-16
SP;2025;1;0;0;6917079.0;184290;45919049.0;2024-12-30
SP;2025;2;0;0;6917079.0;184290;45919049.0;2024-12-30
SP;2025;3;4738;99;6921817.0;184389;45919049.0;2025-01-06
SP;2025;4;0;0;6921817.0;184389;45919049.0;2025-01-13
SP;2025;5;3468;43;6925285.0;184432;45919049.0;2025-01-20
SP;2025;6;594;10;6925879.0;184442;45919049.0;2025-01-27
SP;2025;7;0;0;6925879.0;184442;45919049.0;2025-02-03
SP;2025;8;8874;110;6934753.0;184552;45919049.0;2025-02-10
SP;2025;9;0;0;6934753.0;184552;45919049.0;2025-02-17
SP;2025;10;4544;94;6939297.0;184646;45919049.0;2025-02-24
SP;2025;11;3159;72;6942456.0;184718;45919049.0;2025-03-03
SP;2025;12;0;0;6942456.0;184718;45919049.0;2025-03-10
SP;2025;13;0;0;6942456.0;184718;45919049.0;2025-03-17
SP;2025;14;5253;117;6947709.0;184835;45919049.0;2025-03-24
SP;2025;15;0;0;6947709.0;184835;45919049.0;2025-03-31
SP;2025;16;1781;156;6949490.0;184991;45919049.0;2025-04-07
SP;2025;17;0;0;6949490.0;184991;45919049.0;2025-04-14
SP;2025;18;1512;41;6951002.0;185032;45919049.0;2025-04-21
SP;2025;19;0;0;6951002.0;185032;45919049.0;2025-04-28
SP;2025;20;842;16;6951844.0;185048;45919049.0;2025-05-05
SP;2025;21;660;3;6952504.0;185051;45919049.0;2025-05-12
SP;2025;22;282;12;6952786.0;185063;45919049.0;2025-05-19
SP;2025;23;0;0;6952786.0;185063;45919049.0;2025-05-26
SP;2025;24;975;22;6953761.0;185085;45919049.0;2025-06-02
SP;2025;25;0;0;6953761.0;185085;45919049.0;2025-06-09
SP;2025;26;326;18;6954087.0;185103;45919049.0;2025-06-16
SP;2025;27;0;0;6954087.0;185103;45919049.0;2025-06-23
SP;2025;28;748;71;6954835.0;185174;45919049.0;2025-06-30
SP;2025;29;0;0;6954835.0;185174;45919049.0;2025-07-07
SP;2025;30;1864;22;6956699.0;185196;45919049.0;2025-07-14
SP;2025;31;273;16;6956972.0;185212;45919049.0;2025-07-21
SP;2025;32;0;0;6956972.0;185212;45919049.0;2025-07-28
SP;2025;33;1372;0;6958344.0;185212;45919049.0;2025-08-04
SP;2025;34;0;0;6958344.0;185212;45919049.0;2025-08-11
SP;2025;35;2293;0;6960637.0;185212;45919049.0;2025-08-18
SP;2025;36;0;0;6960637.0;185212;45919049.0;2025-08-25
TO;2020;9;0;0;0.0;0;1572866.0;2020-02-24
TO;2020;10;0;0;0.0;0;1572866.0;2020-02-24
TO;2020;11;0;0;0.0;0;1572866.0;2020-03-02
TO;2020;12;2;0;2.0;0;1572866.0;2020-03-09
TO;2020;13;7;0;9.0;0;1572866.0;2020-03-16
TO;2020;14;5;0;14.0;0;1572866.0;2020-03-23
TO;2020;15;9;0;23.0;0;1572866.0;2020-03-30
TO;2020;16;10;1;33.0;1;1572866.0;2020-04-06
TO;2020;17;17;1;50.0;2;1572866.0;2020-04-13
TO;2020;18;141;2;191.0;4;1572866.0;2020-04-20
TO;2020;19;381;5;572.0;9;1572866.0;2020-04-27
TO;2020;20;707;18;1279.0;27;1572866.0;2020-05-04
TO;2020;21;1151;24;2430.0;51;1572866.0;2020-05-11
TO;2020;22;1551;20;3981.0;71;1572866.0;2020-05-18
TO;2020;23;1524;25;5505.0;96;1572866.0;2020-05-25
TO;2020;24;1426;34;6931.0;130;1572866.0;2020-06-01
TO;2020;25;1272;37;8203.0;167;1572866.0;2020-06-08
TO;2020;26;1763;24;9966.0;191;1572866.0;2020-06-15
TO;2020;27;2316;24;12282.0;215;1572866.0;2020-06-22
TO;2020;28;2657;36;14939.0;251;1572866.0;2020-06-29
TO;2020;29;2270;37;17209.0;288;1572866.0;2020-07-06
TO;2020;30;3711;52;20920.0;340;1572866.0;2020-07-13
TO;2020;31;4426;50;25346.0;390;1572866.0;2020-07-20
TO;2020;32;5757;54;31103.0;444;1572866.0;2020-07-27
TO;2020;33;5375;62;36478.0;506;1572866.0;2020-08-03
TO;2020;34;6361;67;42839.0;573;1572866.0;2020-08-10
TO;2020;35;6812;85;49651.0;658;1572866.0;2020-08-17
TO;2020;36;5424;87;55075.0;745;1572866.0;2020-08-24
TO;2020;37;4320;54;59395.0;799;1572866.0;2020-08-31
TO;2020;38;3772;67;63167.0;866;1572866.0;2020-09-07
TO;2020;39;3349;51;66516.0;917;1572866.0;2020-09-14
TO;2020;40;2882;49;69398.0;966;1572866.0;2020-09-21
TO;2020;41;1650;43;71048.0;1009;1572866.0;2020-09-28
TO;2020;42;1523;33;72571.0;1042;1572866.0;2020-10-05
TO;2020;43;1547;40;74118.0;1082;1572866.0;2020-10-12
TO;2020;44;1451;15;75569.0;1097;1572866.0;2020-10-19
TO;2020;45;1170;15;76739.0;1112;1572866.0;2020-10-26
TO;2020;46;1233;21;77972.0;1133;1572866.0;2020-11-02
TO;2020;47;1448;15;79420.0;1148;1572866.0;2020-11-09
TO;2020;48;1846;12;81266.0;1160;1572866.0;2020-11-16
TO;2020;49;2034;19;83300.0;1179;1572866.0;2020-11-23
TO;2020;50;1972;19;85272.0;1198;1572866.0;2020-11-30
TO;2020;51;2023;16;87295.0;1214;1572866.0;2020-12-07
TO;2020;52;1845;10;89140.0;1224;1572866.0;2020-12-14
TO;2020;53;1218;10;90358.0;1234;1572866.0;2020-12-21
TO;2021;1;2324;28;92916.0;1267;1572866.0;2020-12-28
TO;2021;2;3142;41;96058.0;1308;1572866.0;2021-01-04
TO;2021;3;3232;36;99290.0;1344;1572866.0;2021-01-11
TO;2021;4;2818;32;102108.0;1376;1572866.0;2021-01-18
TO;2021;5;2294;38;104402.0;1414;1572866.0;2021-01-25
TO;2021;6;2572;37;106974.0;1451;1572866.0;2021-02-01
TO;2021;7;2544;25;109518.0;1476;1572866.0;2021-02-08
TO;2021;8;4223;45;113594.0;1517;1572866.0;2021-02-15
TO;2021;9;4503;53;118244.0;1574;1572866.0;2021-02-22
TO;2021;10;6478;86;124722.0;1660;1572866.0;2021-03-01
TO;2021;11;7043;131;131765.0;1791;1572866.0;2021-03-08
TO;2021;12;6441;151;138206.0;1942;1572866.0;2021-03-15
TO;2021;13;4866;159;143072.0;2101;1572866.0;2021-03-22
TO;2021;14;4680;126;147752.0;2227;1572866.0;2021-03-29
TO;2021;15;4932;130;152684.0;2357;1572866.0;2021-04-05
TO;2021;16;3758;95;156442.0;2452;1572866.0;2021-04-12
TO;2021;17;4007;107;160449.0;2559;1572866.0;2021-04-19
TO;2021;18;4011;91;164460.0;2650;1572866.0;2021-04-26
TO;2021;19;3808;61;168268.0;2711;1572866.0;2021-05-03
TO;2021;20;4473;62;172741.0;2773;1572866.0;2021-05-10
TO;2021;21;4723;79;177464.0;2852;1572866.0;2021-05-17
TO;2021;22;4674;84;182138.0;2936;1572866.0;2021-05-24
TO;2021;23;5244;73;187382.0;3009;1572866.0;2021-05-31
TO;2021;24;4783;75;192165.0;3084;1572866.0;2021-06-07
TO;2021;25;4109;82;196274.0;3166;1572866.0;2021-06-14
TO;2021;26;2948;82;199222.0;3248;1572866.0;2021-06-21
TO;2021;27;2993;67;202215.0;3315;1572866.0;2021-06-28
TO;2021;28;2617;81;204832.0;3396;1572866.0;2021-07-05
TO;2021;29;2679;63;207511.0;3459;1572866.0;2021-07-12
TO;2021;30;2664;53;210175.0;3512;1572866.0;2021-07-19
TO;2021;31;2400;48;212575.0;3560;1572866.0;2021-07-26
TO;2021;32;1907;45;214482.0;3605;1572866.0;2021-08-02
TO;2021;33;1910;41;216392.0;3646;1572866.0;2021-08-09
TO;2021;34;2004;27;218396.0;3673;1572866.0;2021-08-16
TO;2021;35;1552;25;219948.0;3698;1572866.0;2021-08-23
TO;2021;36;895;12;220843.0;3710;1572866.0;2021-08-30
TO;2021;37;1329;25;222172.0;3735;1572866.0;2021-09-06
TO;2021;38;1317;33;223489.0;3768;1572866.0;2021-09-13
TO;2021;39;1330;26;224819.0;3794;1572866.0;2021-09-20
TO;2021;40;960;15;225779.0;3809;1572866.0;2021-09-27
TO;2021;41;948;22;226727.0;3831;1572866.0;2021-10-04
TO;2021;42;996;29;227723.0;3860;1572866.0;2021-10-11
TO;2021;43;958;17;228681.0;3877;1572866.0;2021-10-18
TO;2021;44;775;10;229456.0;3887;1572866.0;2021-10-25
TO;2021;45;946;11;230402.0;3898;1572866.0;2021-11-01
TO;2021;46;890;10;231292.0;3908;1572866.0;2021-11-08
TO;2021;47;1043;8;232335.0;3916;1572866.0;2021-11-15
TO;2021;48;1017;6;233352.0;3922;1572866.0;2021-11-22
TO;2021;49;761;5;234113.0;3927;1572866.0;2021-11-29
TO;2021;50;0;0;234113.0;3927;1572866.0;2021-12-06
TO;2021;51;0;0;234113.0;3927;1572866.0;2021-12-13
TO;2021;52;1445;12;235558.0;3939;1572866.0;2021-12-20
TO;2021;53;234;5;90592.0;1239;1572866.0;2020-12-28
TO;2022;1;3188;12;238746.0;3951;1572866.0;2021-12-27
TO;2022;2;4411;16;243157.0;3967;1572866.0;2022-01-03
TO;2022;3;10987;16;254144.0;3983;1572866.0;2022-01-10
TO;2022;4;13393;14;267537.0;3997;1572866.0;2022-01-17
TO;2022;5;12845;21;280382.0;4018;1572866.0;2022-01-24
TO;2022;6;8798;28;289180.0;4046;1572866.0;2022-01-31
TO;2022;7;5666;40;294846.0;4086;1572866.0;2022-02-07
TO;2022;8;3543;20;298389.0;4106;1572866.0;2022-02-14
TO;2022;9;1002;6;299391.0;4112;1572866.0;2022-02-21
TO;2022;10;1552;19;300943.0;4131;1572866.0;2022-02-28
TO;2022;11;704;9;301647.0;4140;1572866.0;2022-03-07
TO;2022;12;855;2;302502.0;4142;1572866.0;2022-03-14
TO;2022;13;587;4;303089.0;4146;1572866.0;2022-03-21
TO;2022;14;526;1;303615.0;4147;1572866.0;2022-03-28
TO;2022;15;160;1;303775.0;4148;1572866.0;2022-04-04
TO;2022;16;431;1;304206.0;4149;1572866.0;2022-04-11
TO;2022;17;235;4;304441.0;4153;1572866.0;2022-04-18
TO;2022;18;240;0;304681.0;4153;1572866.0;2022-04-25
TO;2022;19;438;3;305119.0;4156;1572866.0;2022-05-02
TO;2022;20;368;0;305487.0;4156;1572866.0;2022-05-09
TO;2022;21;632;1;306119.0;4157;1572866.0;2022-05-16
TO;2022;22;902;0;307021.0;4157;1572866.0;2022-05-23
TO;2022;23;204;0;307225.0;4157;1572866.0;2022-05-30
TO;2022;24;1972;0;309197.0;4157;1572866.0;2022-06-06
TO;2022;25;2524;1;311721.0;4158;1572866.0;2022-06-13
TO;2022;26;10153;10;321874.0;4168;1572866.0;2022-06-20
TO;2022;27;6211;1;328085.0;4169;1572866.0;2022-06-27
TO;2022;28;4957;3;333042.0;4172;1572866.0;2022-07-04
TO;2022;29;3529;10;336571.0;4182;1572866.0;2022-07-11
TO;2022;30;2344;2;338915.0;4184;1572866.0;2022-07-18
TO;2022;31;1775;5;340690.0;4189;1572866.0;2022-07-25
TO;2022;32;1230;1;341920.0;4190;1572866.0;2022-08-01
TO;2022;33;856;3;342776.0;4193;1572866.0;2022-08-08
TO;2022;34;561;3;343337.0;4196;1572866.0;2022-08-15
TO;2022;35;495;3;343832.0;4199;1572866.0;2022-08-22
TO;2022;36;101;0;343933.0;4199;1572866.0;2022-08-29
TO;2022;37;251;5;344184.0;4204;1572866.0;2022-09-05
TO;2022;38;217;0;344401.0;4204;1572866.0;2022-09-12
TO;2022;39;75;0;344476.0;4204;1572866.0;2022-09-19
TO;2022;40;76;1;344552.0;4205;1572866.0;2022-09-26
TO;2022;41;42;0;344594.0;4205;1572866.0;2022-10-03
TO;2022;42;19;0;344613.0;4205;1572866.0;2022-10-10
TO;2022;43;55;0;344668.0;4205;1572866.0;2022-10-17
TO;2022;44;196;1;344864.0;4206;1572866.0;2022-10-24
TO;2022;45;28;1;344892.0;4207;1572866.0;2022-10-31
TO;2022;46;108;1;345000.0;4208;1572866.0;2022-11-07
TO;2022;47;317;0;345317.0;4208;1572866.0;2022-11-14
TO;2022;48;1458;0;346775.0;4208;1572866.0;2022-11-21
TO;2022;49;2210;0;348985.0;4208;1572866.0;2022-11-28
TO;2022;50;3550;0;352535.0;4208;1572866.0;2022-12-05
TO;2022;51;4505;0;357040.0;4208;1572866.0;2022-12-12
TO;2022;52;2527;0;359567.0;4208;1572866.0;2021-12-27
TO;2023;1;1434;4;372640.0;4252;1572866.0;2022-12-26
TO;2023;2;1363;4;362364.0;4216;1572866.0;2023-01-02
TO;2023;3;893;4;363257.0;4220;1572866.0;2023-01-09
TO;2023;4;745;5;364002.0;4225;1572866.0;2023-01-16
TO;2023;5;311;3;364313.0;4228;1572866.0;2023-01-23
TO;2023;6;294;3;364607.0;4231;1572866.0;2023-01-30
TO;2023;7;350;1;364957.0;4232;1572866.0;2023-02-06
TO;2023;8;373;0;365330.0;4232;1572866.0;2023-02-13
TO;2023;9;208;0;365538.0;4232;1572866.0;2023-02-20
TO;2023;10;505;3;366043.0;4235;1572866.0;2023-02-27
TO;2023;11;170;-1;366213.0;4235;1572866.0;2023-03-06
TO;2023;12;283;1;366496.0;4235;1572866.0;2023-03-13
TO;2023;13;236;0;366732.0;4235;1572866.0;2023-03-20
TO;2023;14;330;2;367062.0;4237;1572866.0;2023-03-27
TO;2023;15;296;0;367358.0;4237;1572866.0;2023-04-03
TO;2023;16;346;1;367704.0;4238;1572866.0;2023-04-10
TO;2023;17;277;1;367981.0;4239;1572866.0;2023-04-17
TO;2023;18;267;2;368248.0;4241;1572866.0;2023-04-24
TO;2023;19;403;1;368651.0;4242;1572866.0;2023-05-01
TO;2023;20;522;0;369173.0;4242;1572866.0;2023-05-08
TO;2023;21;613;0;369786.0;4242;1572866.0;2023-05-15
TO;2023;22;711;0;370497.0;4242;1572866.0;2023-05-22
TO;2023;23;253;0;370750.0;4242;1572866.0;2023-05-29
TO;2023;24;289;0;371039.0;4242;1572866.0;2023-06-05
TO;2023;25;240;0;371279.0;4242;1572866.0;2023-06-12
TO;2023;26;94;0;371373.0;4242;1572866.0;2023-06-19
TO;2023;27;98;3;371471.0;4245;1572866.0;2023-06-26
TO;2023;28;29;0;371500.0;4245;1572866.0;2023-07-03
TO;2023;29;36;0;371536.0;4245;1572866.0;2023-07-10
TO;2023;30;29;0;371565.0;4245;1572866.0;2023-07-17
TO;2023;31;41;0;371606.0;4245;1572866.0;2023-07-24
TO;2023;32;0;0;371606.0;4245;1572866.0;2023-07-31
TO;2023;33;43;1;371649.0;4246;1572866.0;2023-08-07
TO;2023;34;0;0;371649.0;4246;1572866.0;2023-08-14
TO;2023;35;61;2;371710.0;4248;1572866.0;2023-08-21
TO;2023;36;21;0;371731.0;4248;1572866.0;2023-08-28
TO;2023;37;0;0;371731.0;4248;1572866.0;2023-09-04
TO;2023;38;51;0;371782.0;4248;1572866.0;2023-09-11
TO;2023;39;67;0;371849.0;4248;1572866.0;2023-09-18
TO;2023;40;40;0;371889.0;4248;1572866.0;2023-09-25
TO;2023;41;32;0;371921.0;4248;1572866.0;2023-10-02
TO;2023;42;29;0;371950.0;4248;1572866.0;2023-10-09
TO;2023;43;53;0;372003.0;4248;1572866.0;2023-10-16
TO;2023;44;0;0;372003.0;4248;1572866.0;2023-10-23
TO;2023;45;121;0;372124.0;4248;1572866.0;2023-10-30
TO;2023;46;60;0;372184.0;4248;1572866.0;2023-11-06
TO;2023;47;97;0;372281.0;4248;1572866.0;2023-11-13
TO;2023;48;-48;0;372281.0;4248;1572866.0;2023-11-20
TO;2023;49;198;3;372431.0;4251;1572866.0;2023-11-27
TO;2023;50;74;1;372505.0;4252;1572866.0;2023-12-04
TO;2023;51;58;5;372563.0;4257;1572866.0;2023-12-11
TO;2023;52;77;-5;372640.0;4257;1572866.0;2023-12-18
TO;2024;1;124;5;382429.0;4307;1572866.0;2024-01-01
TO;2024;2;423;2;373187.0;4259;1572866.0;2024-01-01
TO;2024;3;0;0;373187.0;4259;1572866.0;2024-01-08
TO;2024;4;2033;3;375220.0;4262;1572866.0;2024-01-15
TO;2024;5;1109;4;376329.0;4266;1572866.0;2024-01-22
TO;2024;6;1242;1;377571.0;4267;1572866.0;2024-01-29
TO;2024;7;888;1;378459.0;4268;1572866.0;2024-02-05
TO;2024;8;962;0;379421.0;4268;1572866.0;2024-02-12
TO;2024;9;0;0;379421.0;4268;1572866.0;2024-02-19
TO;2024;10;1357;4;380778.0;4272;1572866.0;2024-02-26
TO;2024;11;231;0;381009.0;4272;1572866.0;2024-03-04
TO;2024;12;131;2;381140.0;4274;1572866.0;2024-03-11
TO;2024;13;65;3;381205.0;4277;1572866.0;2024-03-18
TO;2024;14;86;2;381291.0;4279;1572866.0;2024-03-25
TO;2024;15;9;0;381300.0;4279;1572866.0;2024-04-01
TO;2024;16;161;1;381461.0;4280;1572866.0;2024-04-08
TO;2024;17;33;3;381494.0;4283;1572866.0;2024-04-15
TO;2024;18;9;2;381503.0;4285;1572866.0;2024-04-22
TO;2024;19;20;0;381523.0;4285;1572866.0;2024-04-29
TO;2024;20;8;0;381531.0;4285;1572866.0;2024-05-06
TO;2024;21;0;0;381531.0;4285;1572866.0;2024-05-13
TO;2024;22;57;4;381588.0;4289;1572866.0;2024-05-20
TO;2024;23;3;2;381591.0;4291;1572866.0;2024-05-27
TO;2024;24;0;0;381591.0;4291;1572866.0;2024-06-03
TO;2024;25;53;0;381644.0;4291;1572866.0;2024-06-10
TO;2024;26;13;0;381657.0;4291;1572866.0;2024-06-17
TO;2024;27;15;0;381672.0;4291;1572866.0;2024-06-24
TO;2024;28;12;0;381684.0;4291;1572866.0;2024-07-01
TO;2024;29;33;0;381717.0;4291;1572866.0;2024-07-08
TO;2024;30;16;0;381733.0;4291;1572866.0;2024-07-15
TO;2024;31;29;0;381762.0;4291;1572866.0;2024-07-22
TO;2024;32;16;0;381778.0;4291;1572866.0;2024-07-29
TO;2024;33;43;4;381821.0;4295;1572866.0;2024-08-05
TO;2024;34;37;4;381858.0;4299;1572866.0;2024-08-12
TO;2024;35;51;0;381909.0;4299;1572866.0;2024-08-19
TO;2024;36;88;0;381997.0;4299;1572866.0;2024-08-26
TO;2024;37;44;0;382041.0;4299;1572866.0;2024-09-02
TO;2024;38;87;0;382128.0;4299;1572866.0;2024-09-09
TO;2024;39;51;1;382179.0;4300;1572866.0;2024-09-16
TO;2024;40;43;0;382222.0;4300;1572866.0;2024-09-23
TO;2024;41;48;2;382270.0;4302;1572866.0;2024-09-30
TO;2024;42;0;0;382270.0;4302;1572866.0;2024-10-07
TO;2024;43;39;3;382309.0;4305;1572866.0;2024-10-14
TO;2024;44;11;0;382320.0;4305;1572866.0;2024-10-21
TO;2024;45;57;1;382377.0;4306;1572866.0;2024-10-28
TO;2024;46;7;0;382384.0;4306;1572866.0;2024-11-04
TO;2024;47;16;1;382400.0;4307;1572866.0;2024-11-11
TO;2024;48;14;0;382414.0;4307;1572866.0;2024-11-18
TO;2024;49;15;0;382429.0;4307;1572866.0;2024-11-25
TO;2024;50;0;0;382429.0;4307;1572866.0;2024-12-02
TO;2024;51;0;0;382429.0;4307;1572866.0;2024-12-09
TO;2024;52;0;0;382429.0;4307;1572866.0;2024-12-16
TO;2025;1;0;0;382429.0;4307;1572866.0;2024-12-30
TO;2025;2;51;3;382480.0;4310;1572866.0;2024-12-30
TO;2025;3;0;0;382480.0;4310;1572866.0;2025-01-06
TO;2025;4;0;0;382480.0;4310;1572866.0;2025-01-13
TO;2025;5;298;2;382778.0;4312;1572866.0;2025-01-20
TO;2025;6;0;0;382778.0;4312;1572866.0;2025-01-27
TO;2025;7;0;0;382778.0;4312;1572866.0;2025-02-03
TO;2025;8;4255;1;387033.0;4313;1572866.0;2025-02-10
TO;2025;9;1158;3;388191.0;4316;1572866.0;2025-02-17
TO;2025;10;353;0;388544.0;4316;1572866.0;2025-02-24
TO;2025;11;354;0;388898.0;4316;1572866.0;2025-03-03
TO;2025;12;229;1;389127.0;4317;1572866.0;2025-03-10
TO;2025;13;61;2;389188.0;4319;1572866.0;2025-03-17
TO;2025;14;34;0;389222.0;4319;1572866.0;2025-03-24
TO;2025;15;0;0;389222.0;4319;1572866.0;2025-03-31
TO;2025;16;0;0;389222.0;4319;1572866.0;2025-04-07
TO;2025;17;75;1;389297.0;4320;1572866.0;2025-04-14
TO;2025;18;9;0;389306.0;4320;1572866.0;2025-04-21
TO;2025;19;0;0;389306.0;4320;1572866.0;2025-04-28
TO;2025;20;21;0;389327.0;4320;1572866.0;2025-05-05
TO;2025;21;0;0;389327.0;4320;1572866.0;2025-05-12
TO;2025;22;21;1;389348.0;4321;1572866.0;2025-05-19
TO;2025;23;0;0;389348.0;4321;1572866.0;2025-05-26
TO;2025;24;0;0;389348.0;4321;1572866.0;2025-06-02
TO;2025;25;0;0;389348.0;4321;1572866.0;2025-06-09
TO;2025;26;18;0;389366.0;4321;1572866.0;2025-06-16
TO;2025;27;0;0;389366.0;4321;1572866.0;2025-06-23
TO;2025;28;10;0;389376.0;4321;1572866.0;2025-06-30
TO;2025;29;0;0;389376.0;4321;1572866.0;2025-07-07
TO;2025;30;0;0;389376.0;4321;1572866.0;2025-07-14
TO;2025;31;0;0;389376.0;4321;1572866.0;2025-07-21
TO;2025;32;0;0;389376.0;4321;1572866.0;2025-07-28
TO;2025;33;0;0;389376.0;4321;1572866.0;2025-08-04
TO;2025;34;170;1;389546.0;4322;1572866.0;2025-08-11
TO;2025;35;0;0;389546.0;4322;1572866.0;2025-08-18
TO;2025;36;0;0;389546.0;4322;1572866.0;2025-08-25
